content_id,dandiset_id,asset_path,groups,datasets,cophenetic_index,mean_out_degree,max_out_degree,variance_out_degree,n_internal_nodes,size_bytes,number_of_requests,number_of_downloads,requests_censored
001366a1-3cd2-4ee0-a74b-b590d4694036,001169,sub-L011/sub-L011_ses-RWTautowait2-20220413-154040.nwb,32,117,3004,5.481481481481482,31,46.397805212620035,27,1112041,80.0,25.0,1
001c2f7e-225b-4641-927f-17465248a69c,001169,sub-G063/sub-G063_ses-RWTautowait2-20220218-134540.nwb,32,117,3004,5.481481481481482,31,46.397805212620035,27,1029074,100.0,25.0,1
0020f960-db55-42f8-b7cb-b8280ef1167c,001550,sub-P059/sub-P059_ses-TaskSwitch4-170525a.nwb,35,112,2625,4.709677419354839,38,47.36732570239335,31,1621665,120.0,25.0,1
00515545-104a-4df1-8c11-a4afdbb3f4dd,000336,sub-655042/sub-655042_ses-1241145430-acq-1241919401-raw-movies_ophys.nwb,66,257,14455,5.483333333333333,30,42.11638888888887,60,19775298038,1040.0,25.0,1
007193f7-bc30-4164-a138-db4acdf23cf2,000246,sub-AAV-CaMPARI1-C8/sub-AAV-CaMPARI1-C8_obj-thez1q_ophys.nwb,31,41,560,3.8421052631578947,13,14.027700831024932,19,8564888,25.0,25.0,1
0079d25c-9422-4152-bb99-14bb3cb9e20a,001550,sub-P049/sub-P049_ses-TaskSwitch4-160713a.nwb,35,112,2625,4.709677419354839,38,47.36732570239335,31,1035681,25.0,25.0,1
007a3748-335a-46ac-86e0-0f9f3a1e4d66,000773,sub-ant1-m1-d17-y2023/sub-ant1-m1-d17-y2023_ses-m1-d17-y2023-ant1-0-03x-4-methyl-3-heptanol-40-t143-z130um_ophys.nwb,22,48,624,4.176470588235294,13,14.615916955017303,17,84086336,640.0,160.0,0
0093bf82-b5b0-4277-8d64-e3a5c2def87a,000773,sub-ant1-m2-d24-y2023/sub-ant1-m2-d24-y2023_ses-m2-d24-y2023-ant1-0-48x-ethylyprazine-40-t135-z35um_ophys.nwb,22,48,624,4.176470588235294,13,14.615916955017303,17,84086336,620.0,160.0,0
00961224-5085-46bf-a144-e5dc53bb0fe6,001550,sub-P074/sub-P074_ses-TaskSwitch4-161015a.nwb,35,112,2625,4.709677419354839,38,47.36732570239335,31,1145742,100.0,25.0,1
0099c3fa-4002-44c0-b00d-23a7b843c91d,001169,sub-J008/sub-J008_ses-RWTautowait2-20201103-132444.nwb,32,117,3004,5.481481481481482,31,46.397805212620035,27,1554764,100.0,25.0,1
00be7e41-50ea-4363-8ddb-741956c26a7b,000467,sub-ant1-m4-d26-y2022/sub-ant1-m4-d26-y2022_ses-m4-d26-y2022-ant1-0-03x-4-methyl-3-heptanone-40-t139-z130um_ophys.nwb,22,48,624,4.176470588235294,13,14.615916955017303,17,84086336,680.0,160.0,0
00c2cc03-79a9-49fe-b0c0-229f6a52c39e,000773,sub-ant1-m1-d20-y2023/sub-ant1-m1-d20-y2023_ses-m1-d20-y2023-ant1-1x-paraffin-oil-40-t122-z50um_ophys.nwb,22,48,624,4.176470588235294,13,14.615916955017303,17,84086336,620.0,160.0,0
00c49d88-ac72-4a7b-9806-67f596410cf5,001634,sub-Frodo/sub-Frodo_ses-5_obj-skp253_ecephys.nwb,252,78,23436,3.139130434782609,36,25.389338374291118,115,887640,80.0,25.0,1
00d33c92-18ee-476a-b51c-99eecfc3db33,001169,sub-M038/sub-M038_ses-RWTautowait2-20211022-141622.nwb,32,116,2974,5.444444444444445,31,46.46913580246915,27,1415763,80.0,25.0,1
00d54796-39cd-4f73-a51e-93f3fd74f8aa,001526,sub-CHO-20250506-c1/sub-CHO-20250506-c1_ses-session-2025-05-06_obj-1p6kd4r_image.nwb,17,38,431,4.153846153846154,13,13.668639053254442,13,34637932,80.0,25.0,1
00da1128-d1ef-4d2e-8986-ebd9984e6533,000467,sub-ant3-m4-d21-y2022/sub-ant3-m4-d21-y2022_ses-m4-d21-y2022-ant3-0-48x-4-methyl-3-heptanol-40-t149-z35um_ophys.nwb,22,48,624,4.176470588235294,13,14.615916955017303,17,84086336,680.0,160.0,0
00db434a-0e94-4c79-9637-99499fc388ea,000467,sub-ant2-m4-d20-y2022/sub-ant2-m4-d20-y2022_ses-m4-d20-y2022-ant2-1x-isopropanol-40-t128-z160um_ophys.nwb,22,48,624,4.176470588235294,13,14.615916955017303,17,84086336,680.0,180.0,0
00ee6218-496b-44e2-85b8-e050c59a74d2,000570,sub-907501068/sub-907501068_ses-912063850_icephys.nwb,168,667,92969,5.751515151515152,57,52.84128558310377,165,25088223,26580.0,380.0,0
01065a42-572a-4bb7-b15c-70de91b038a9,001169,sub-G046/sub-G046_ses-RWTautowait2-20211109-133710.nwb,32,117,3004,5.481481481481482,31,46.397805212620035,27,892158,80.0,25.0,1
0107f200-3335-4458-9854-934806cd00e9,000773,sub-ant5-m1-d11-y2023/sub-ant5-m1-d11-y2023_ses-m1-d11-y2023-ant5-0-03x-propionic-acid-40-t227-z90um_ophys.nwb,22,48,624,4.176470588235294,13,14.615916955017303,17,84086336,640.0,160.0,0
011b1b66-c8bf-4dd7-93d8-1b65d09a08a1,000773,sub-ant2-m1-d20-y2023/sub-ant2-m1-d20-y2023_ses-m1-d20-y2023-ant2-0-48x-4-methyl-3-heptanone-40-t150-z65um_ophys.nwb,22,48,624,4.176470588235294,13,14.615916955017303,17,84086336,600.0,160.0,0
011c83b6-eb5b-433a-a488-d1bf7dcdee30,001550,sub-P120/sub-P120_ses-TaskSwitch4-180423a.nwb,35,112,2625,4.709677419354839,38,47.36732570239335,31,1574505,120.0,25.0,1
0123f79e-501a-4d70-9e9a-1b260eb0aa21,001552,sub-JF-dLight-ramp2-M3/sub-JF-dLight-ramp2-M3_ses-Day5.nwb,24,49,497,3.4285714285714284,13,9.863945578231291,21,1587864,80.0,25.0,1
01265702-bfa0-45f0-849c-11945a4205b8,000467,sub-ant3-m4-d26-y2022/sub-ant3-m4-d26-y2022_ses-m4-d26-y2022-ant3-0-03x-4-methyl-3-heptanol-40-t204-z25um_ophys.nwb,22,48,624,4.176470588235294,13,14.615916955017303,17,84086336,680.0,180.0,0
012b4e69-d846-4623-932f-bef239c2a9bc,000336,sub-634402/sub-634402_ses-1202394917-acq-1202533447-raw-movies_ophys.nwb,66,257,14455,5.483333333333333,30,42.11638888888887,60,23263683157,960.0,25.0,1
0131750d-2670-4250-9f8b-3e4b2b72185c,000971,sub-346-394/sub-346-394_ses-FP-DPR-2020-06-26T13-41-50.nwb,22,48,629,3.8333333333333335,13,16.02777777777777,18,216776,80.0,60.0,0
01406d97-ad91-428c-9eeb-2db19e614877,000020,sub-718922958/sub-718922958_ses-720313387_icephys.nwb,242,979,221908,5.853556485355648,89,74.82792668195583,239,51704505,43120.0,400.0,0
01476305-1b50-402b-b57c-0c38fc198f51,000246,sub-PHP-CaMPARI1-M5/sub-PHP-CaMPARI1-M5_obj-1l8c9py_ophys.nwb,31,41,560,3.8421052631578947,13,14.027700831024932,19,8564888,25.0,25.0,1
014b3430-7ca0-4456-99df-d23a9b9adaec,001550,sub-P013/sub-P013_ses-TaskSwitch4-160918a.nwb,33,110,2570,4.896551724137931,38,49.74791914387635,29,1915035,60.0,25.0,1
0163928a-e972-4ca1-85f1-288a59074340,001169,sub-S062/sub-S062_ses-RWTautowait2-20230721-094355.nwb,32,118,3087,5.518518518518518,32,48.32373113854595,27,1237165,80.0,25.0,1
0164374f-8b8b-4205-8db8-4a14757655db,000467,sub-ant3-m2-d10-y2023/sub-ant3-m2-d10-y2023_ses-m2-d10-y2023-ant3-0-48x-4-methyl-3-hexanol-40-t125-z120um_ophys.nwb,22,48,624,4.176470588235294,13,14.615916955017303,17,84086336,680.0,180.0,0
01711638-d44c-47e9-98fa-6fd8a5d3484e,000773,sub-ant3-m1-d17-y2023/sub-ant3-m1-d17-y2023_ses-m1-d17-y2023-ant3-0-03x-4-methyl-3-heptanone-40-t204-z90um_ophys.nwb,22,48,624,4.176470588235294,13,14.615916955017303,17,84086336,620.0,160.0,0
0176551e-f421-464c-891f-468ee82d63ee,001169,sub-J071/sub-J071_ses-RWTautowait2-20230516-125319.nwb,32,118,3087,5.518518518518518,32,48.32373113854595,27,1567552,80.0,25.0,1
01812b26-8ae4-45f9-ae4b-7a4a4c16f7ce,000773,sub-ant6-m1-d10-y2023/sub-ant6-m1-d10-y2023_ses-m1-d10-y2023-ant6-0-48x-4-methyl-3-heptanone-40-t198-z85um_ophys.nwb,22,48,624,4.176470588235294,13,14.615916955017303,17,84086336,640.0,180.0,0
01882761-9aec-4f41-92e5-5c81c5310c75,001201,sub-Monkey-N/sub-Monkey-N_ses-20220601_ecephys.nwb,31,71,972,4.16,13,14.454399999999998,25,40417202,480.0,200.0,0
018fb98e-152e-4af2-876c-0b435f048258,001611,sub-25273/sub-25273_ses-20250428T202916_ecephys.nwb,25,52,649,4.105263157894737,13,13.988919667590027,19,17298128,80.0,25.0,1
01914af3-3e47-4eb9-a959-d644710f7286,000467,sub-ant1-m4-d21-y2022/sub-ant1-m4-d21-y2022_ses-m4-d21-y2022-ant1-0-12x-4-methyl-3-hexanol-40-t136-z125um_ophys.nwb,22,48,624,4.176470588235294,13,14.615916955017303,17,84086336,700.0,180.0,0
0191a482-f572-4a5a-a711-016cd79e96cb,001550,sub-P127/sub-P127_ses-TaskSwitch4-171016a.nwb,35,112,2625,4.709677419354839,38,47.36732570239335,31,1240159,100.0,25.0,1
01aaf4c5-34d3-45e5-acc9-c29bc7951704,001169,sub-L001/sub-L001_ses-RWTautowait2-20220812-100953.nwb,32,117,3004,5.481481481481482,31,46.397805212620035,27,834095,60.0,25.0,1
01ac3a16-b372-47fb-945d-09543225e0e7,001550,sub-P135/sub-P135_ses-TaskSwitch4-190125a.nwb,35,112,2625,4.709677419354839,38,47.36732570239335,31,1469904,100.0,25.0,1
01ba9a69-fc3b-4a13-8cf9-fde0aba3ef2c,001518,sub-CHO-20250124-c5/sub-CHO-20250124-c5_obj-8v87oa_image.nwb,17,38,431,4.153846153846154,13,13.668639053254442,13,36729431,100.0,25.0,1
01be77d3-0d23-49c2-ab85-80a64751377e,000988,sub-132609Plate2-Cell2/sub-132609Plate2-Cell2_ses-20240920T132609_image.nwb,30,41,457,3.888888888888889,13,13.87654320987654,18,472241520,300.0,25.0,1
01ca36f9-1d6a-4853-bebf-66f9f516f001,001550,sub-P187/sub-P187_ses-TaskSwitch6-191216a.nwb,33,110,2570,4.896551724137931,38,49.74791914387635,29,1228430,60.0,25.0,1
01cb457f-530a-4eff-8500-5f19f2e4afba,001550,sub-P072/sub-P072_ses-TaskSwitch4-171003a.nwb,35,114,2779,4.774193548387097,40,51.78772112382935,31,627005,60.0,25.0,1
01d48a24-a104-4f46-9805-68dea5f9157c,000008,sub-mouse-LZMHR/sub-mouse-LZMHR_ses-20191010-sample-3_slice-20191010-slice-3_cell-20191010-sample-3_icephys.nwb,181,538,87573,4.96045197740113,80,65.58600657537744,177,9235446,15160.0,460.0,0
01e96c4e-d25e-4bd0-9d95-f9de9d582764,000020,sub-668456813/sub-668456813_ses-669825272_icephys.nwb,203,827,156455,5.9,75,65.08999999999997,200,48953919,39900.0,440.0,0
01f38a8b-f84d-4b86-a803-ac59ec7df034,000773,sub-ant3-m2-d24-y2023/sub-ant3-m2-d24-y2023_ses-m2-d24-y2023-ant3-0-48x-propionic-acid-40-t185-z40um_ophys.nwb,22,48,624,4.176470588235294,13,14.615916955017303,17,84086336,600.0,160.0,0
02074333-4162-4c2c-9e4d-ebebd4c4562c,000971,sub-414-405/sub-414-405_ses-Opto-DLS-Excitatory-ChR2-2020-09-02T12-55-08_ogen.nwb,30,56,729,3.3461538461538463,14,13.84171597633136,26,245538,80.0,60.0,0
020a306c-c95a-4f2f-a455-e9e99bc1dd7f,001550,sub-P187/sub-P187_ses-TaskSwitch6-200805a.nwb,33,110,2570,4.896551724137931,38,49.74791914387635,29,829559,25.0,25.0,1
020fff3e-fa5a-4cad-8873-80c57c7879a7,001841,sub-subject-ID-ST578/sub-subject-ID-ST578_ses-20210602T121758_icephys.nwb,509,1492,783058,4.918811881188119,240,220.1696461131262,505,14331448,320.0,25.0,1
0210e42f-7f5b-49a7-b82a-e3a02a6a0584,001181,sub-m1616/sub-m1616_ses-20220715T155120Z_photometry.nwb,18,54,762,5.461538461538462,19,29.940828402366858,13,218464,40.0,25.0,1
022a2e57-152b-4d1e-8ed2-ab19660a7ed8,000020,sub-639391289/sub-639391289_ses-640111829_icephys.nwb,112,424,32618,5.504587155963303,36,30.24997895800016,109,14527535,21900.0,480.0,0
022e38f8-ef79-4260-9710-7cb9e34cc2f0,000711,sub-451787/sub-451787_ses-20190614T130818_obj-171xu6y_image+ophys.nwb,78,229,9548,4.342465753424658,24,25.896415837868265,73,447739351,560.0,25.0,1
023825ff-a546-4909-b589-fde1e6dcbfe7,001169,sub-G047/sub-G047_ses-RWTautowait2-20210812-153630.nwb,32,117,3004,5.481481481481482,31,46.397805212620035,27,1158755,80.0,25.0,1
0239f415-f497-4e75-8f52-87a6f6219470,001169,sub-M025/sub-M025_ses-RWTautowait2-20200811-133056.nwb,32,116,2923,5.444444444444445,30,44.54320987654322,27,1397050,80.0,25.0,1
025c13c1-96df-47dd-913a-3149613afea7,001777,sub-6808/sub-6808_ses-20220531T181728_icephys.nwb,120,339,47115,4.860869565217391,100,81.12846880907372,115,48495544,540.0,25.0,1
02627a1c-e515-474c-96f3-c0f2e2d8fa0b,000711,sub-546605/sub-546605_ses-20201202T092834_image.nwb,50,156,5473,4.478260869565218,24,34.72778827977316,46,196051775,280.0,25.0,1
026f486d-f4c8-4290-8162-59734a236870,001607,sub-Frodo/sub-Frodo_ses-3_obj-1sl4jmk_ecephys.nwb,254,77,23866,3.1478260869565218,38,26.473799621928162,115,728808,80.0,25.0,1
0290c134-4f78-4fff-a971-344ff1e53804,000336,sub-647715/sub-647715_ses-1243073822-acq-1243181414_ophys.nwb,68,391,46939,7.349206349206349,30,55.052658100277164,63,89951579,1320.0,25.0,1
02a9f4ee-e09d-46bb-bf6b-fc8acf150f9e,001550,sub-P135/sub-P135_ses-TaskSwitch4-181211a.nwb,35,112,2625,4.709677419354839,38,47.36732570239335,31,1808943,100.0,25.0,1
02b1e084-3b62-4fd7-a573-2c3a026b903e,000467,sub-ant2-m4-d26-y2022/sub-ant2-m4-d26-y2022_ses-m4-d26-y2022-ant2-0-03x-4-methyl-3-heptanone-40-t173-z30um_ophys.nwb,22,48,624,4.176470588235294,13,14.615916955017303,17,84086336,680.0,180.0,0
02bc91a7-d200-45e6-86f9-024bac45fd10,000246,sub-phpV15-blind-02/sub-phpV15-blind-02_obj-12u71yw_ophys.nwb,33,46,581,3.5217391304347827,13,12.162570888468805,23,12760208,60.0,25.0,1
02c1320d-d9a9-4f6f-b0c0-a89a5bd77b13,001550,sub-P059/sub-P059_ses-TaskSwitch4-170926a.nwb,35,112,2625,4.709677419354839,38,47.36732570239335,31,2317141,80.0,25.0,1
02ca8fad-91a5-4d06-aa15-a1b64852c838,000020,sub-746220153/sub-746220153_ses-750783419_icephys.nwb,130,522,52133,5.7952755905511815,42,37.910843821687635,127,20794991,25040.0,380.0,0
02d96d32-7ff1-4415-844a-01c27d13dbea,000336,sub-644972/sub-644972_ses-1238698227-acq-1238864974_ophys.nwb,68,391,46939,7.349206349206349,30,55.052658100277164,63,89914127,1080.0,25.0,1
02dd8640-eed4-4641-a961-5e6141e39432,001634,sub-Bilbo/sub-Bilbo_ses-5_obj-n07ddr_ecephys.nwb,253,70,23224,3.0517241379310347,36,24.342152199762193,116,29761568,80.0,25.0,1
03287402-6187-4887-a381-8b3d788050be,000773,sub-ant1-m4-d6-y2023/sub-ant1-m4-d6-y2023_ses-m4-d6-y2023-ant1-1x-paraffin-oil-40-t124-z150um_ophys.nwb,22,48,624,4.176470588235294,13,14.615916955017303,17,84086336,600.0,160.0,0
03303da8-734b-4ce0-a799-f3a6b7eb8ce1,001550,sub-P187/sub-P187_ses-TaskSwitch6-191201a.nwb,33,110,2570,4.896551724137931,38,49.74791914387635,29,1159132,80.0,25.0,1
034a242c-f409-4c32-bdf3-32508e4c9cf3,000467,sub-ant1-m4-d27-y2022/sub-ant1-m4-d27-y2022_ses-m4-d27-y2022-ant1-0-12x-4-methyl-3-heptanone-40-t140-z70um_ophys.nwb,22,48,624,4.176470588235294,13,14.615916955017303,17,84086336,500.0,120.0,0
03672efd-c333-461e-9dc1-52ca310ee299,000773,sub-ant3-m2-d24-y2023/sub-ant3-m2-d24-y2023_ses-m2-d24-y2023-ant3-0-48x-ethylpyrazine-40-t182-z150um_ophys.nwb,22,48,624,4.176470588235294,13,14.615916955017303,17,84086336,600.0,160.0,0
037101e0-f36c-4af7-b58a-eb1517b2223e,001169,sub-G012/sub-G012_ses-RWTautowait2-20200701-102345.nwb,32,116,2923,5.444444444444445,30,44.54320987654322,27,770462,25.0,25.0,1
0371593f-582e-4cb8-95fa-d48a742ae445,001550,sub-P159/sub-P159_ses-TaskSwitch4-190724a.nwb,35,112,2625,4.709677419354839,38,47.36732570239335,31,991884,60.0,25.0,1
037195e3-3775-4b56-8240-6cf6ef00d2e5,000773,sub-ant2-m2-d24-y2023/sub-ant2-m2-d24-y2023_ses-m2-d24-y2023-ant2-0-48x-isopropanol-40-t161-z50um_ophys.nwb,22,48,624,4.176470588235294,13,14.615916955017303,17,84086336,600.0,160.0,0
037dd31d-8f42-40ac-816f-86843706ab8e,000713,sub-563497/sub-563497_ses-20210510T110224_image.nwb,48,114,2391,3.6818181818181817,23,23.762396694214885,44,188089627,320.0,25.0,1
03825d3d-15dd-44b9-a202-f20c6ec5b2bf,001550,sub-P189/sub-P189_ses-TaskSwitch6-201214a.nwb,33,110,2570,4.896551724137931,38,49.74791914387635,29,1375741,80.0,25.0,1
03837a74-e74b-4d75-8669-895452dbfbd6,001461,sub-740066/sub-740066_ses-multiplane-ophys-740066-2024-10-16-11-51-06_ophys.nwb,590,5681,14507294,11.04561403508772,448,348.45405971068027,570,1362865216,2040.0,25.0,1
03863f0b-00ab-4352-bd1a-128ab1aad288,000246,sub-C2-04-03/sub-C2-04-03_obj-1e2iiai_ophys.nwb,33,46,581,3.5217391304347827,13,12.162570888468805,23,12760176,60.0,25.0,1
0388bf1e-bcec-4dfc-a696-92d7141c1913,001708,sub-rat-32/sub-rat-32_ses-1.nwb,19,51,511,4.3125,13,15.21484375,16,333424,220.0,80.0,0
039752ba-2ab9-4ea7-beda-c2962b6115c3,000467,sub-ant2-m10-d11-y2022/sub-ant2-m10-d11-y2022_ses-m10-d11-y2022-ant2-0-48x-ethylpyrazine-40-t149-z10um_ophys.nwb,22,48,624,4.176470588235294,13,14.615916955017303,17,84086336,700.0,180.0,0
03a5475c-4e01-4b68-ab27-2599f8d94dfc,000773,sub-ant1-m1-d20-y2023/sub-ant1-m1-d20-y2023_ses-m1-d20-y2023-ant1-0-48x-isopropanol-40-t135-z35um_ophys.nwb,22,48,624,4.176470588235294,13,14.615916955017303,17,84086336,620.0,160.0,0
03a89c24-3aa0-4dfe-aa42-030c450f7223,000008,sub-mouse-OYWEJ/sub-mouse-OYWEJ_ses-20190628-sample-3_slice-20190628-slice-3_cell-20190628-sample-3_icephys.nwb,181,538,87573,4.96045197740113,80,65.58600657537744,177,9514200,16200.0,440.0,0
03b2ebd9-4df3-46c9-87be-d7737d93aca5,001640,sub-Adalberto/Adalberto2021-10-08_21-09-44.nwb,22,38,452,3.5294117647058822,13,11.307958477508649,17,2450688912,860.0,25.0,1
03b4298c-9dbe-4196-89c0-158bcfcb5dc2,000467,sub-ant1-m4-d26-y2022/sub-ant1-m4-d26-y2022_ses-m4-d26-y2022-ant1-0-48x-4-methyl-3-heptanol-40-t140-z50um_ophys.nwb,22,48,624,4.176470588235294,13,14.615916955017303,17,84086336,660.0,160.0,0
03b762f3-e97c-46a1-a5ea-21707c379dae,001550,sub-P049/sub-P049_ses-TaskSwitch4-171008a.nwb,35,112,2625,4.709677419354839,38,47.36732570239335,31,1283099,25.0,25.0,1
03ba189f-f95c-4a99-8bda-298c893a81fd,001063,sub-6963762826763198233/sub-6963762826763198233_ses-20221101T171440.nwb,18,21,164,6.333333333333333,13,21.555555555555557,6,693856,100.0,80.0,0
03bc4b8a-4c7e-4c96-9dde-5d4ca1a808d0,001634,sub-Frodo/sub-Frodo_ses-5_obj-1ijm5hs_ecephys.nwb,252,72,23379,3.0869565217391304,36,24.670699432892246,115,716392,25.0,25.0,1
03bc606e-19b4-4659-afaf-d51b88eea0a0,001847,sub-PB177/sub-PB177_ses-PB177-20240605-093731_behavior.nwb,30,114,2920,5.5,36,55.78846153846154,26,583616,25.0,25.0,1
03c5424b-b4c7-4ebe-9926-98909e35f04b,001032,sub-14-1/sub-14-1_ses-2kHz-sine-stimulation-2-5V_image.nwb,17,38,431,4.153846153846154,13,13.668639053254442,13,693262,100.0,60.0,0
03ceb78c-2c9f-432a-b343-c81db53dfd6d,000773,sub-ant1-m1-d20-y2023/sub-ant1-m1-d20-y2023_ses-m1-d20-y2023-ant1-0-48x-3-hexanone-40-t138-z80um_ophys.nwb,22,48,624,4.176470588235294,13,14.615916955017303,17,84086336,620.0,160.0,0
03ceb836-0126-4ef3-b1ab-7046156497bc,000165,sub-Riker/sub-Riker_ses-Riker08-HomeCage_behavior+ecephys.nwb,34,59,1006,4.0,14,20.0,24,248983080,1820.0,60.0,0
03d541e3-d3ad-4d5e-89f4-46e071185396,001634,sub-Frodo/sub-Frodo_ses-5_obj-ii9xi7_ecephys.nwb,251,65,23358,3.043859649122807,36,24.585795629424442,114,628000,80.0,25.0,1
03de4eab-e68f-4da6-bc76-5df98d7c70b7,001550,sub-P059/sub-P059_ses-TaskSwitch4-171204a.nwb,35,114,2779,4.774193548387097,40,51.78772112382935,31,652413,80.0,25.0,1
03e5527f-5988-422d-84f9-079f65976230,001339,sub-240910-Fish79-GCaMP-vglut-TG-5dpf-FlowExperiment-warner-temp-stim-Z-3-0/sub-240910-Fish79-GCaMP-vglut-TG-5dpf-FlowExperiment-warner-temp-stim-Z-3-0_ses-20250204T175453_ophys.nwb,34,56,809,3.064516129032258,13,8.4474505723205,31,53760108,180.0,25.0,1
03fa6596-8ad7-4003-b9a4-e13943fd796c,000008,sub-mouse-SGCMM/sub-mouse-SGCMM_ses-20190328-sample-4_slice-20190328-slice-4_cell-20190328-sample-4_icephys.nwb,181,538,87573,4.96045197740113,80,65.58600657537744,177,9000899,14700.0,440.0,0
040d9a73-5aa8-4370-b01d-a5ab60daf9d3,001701,sub-AppleBottom/sub-AppleBottom_ses-AppleBottom-DY07-g1_behavior+ecephys.nwb,30,61,788,3.64,13,12.150399999999998,25,36337400,460.0,80.0,0
041aea0f-f128-4bdb-b385-ee9c77befd78,001169,sub-S034/sub-S034_ses-RWTautowait2-20220315-140923.nwb,32,117,3004,5.481481481481482,31,46.397805212620035,27,1340740,120.0,25.0,1
041c6e64-6bc0-43f5-aec8-7285652f52a1,000690,sub-714626/sub-714626_ses-1327655771_probe-0_ecephys.nwb,27,55,937,3.772727272727273,14,15.08471074380165,22,2038957268,700.0,60.0,0
0446bbc8-0365-46fc-b310-081e93c376ed,001550,sub-P055/sub-P055_ses-TaskSwitch4-171203a.nwb,35,112,2625,4.709677419354839,38,47.36732570239335,31,1122569,60.0,25.0,1
0453823a-cde3-49db-984d-5b5b6151528e,001169,sub-L014/sub-L014_ses-RWTautowait2-20220606-102340.nwb,32,117,3004,5.481481481481482,31,46.397805212620035,27,1510593,60.0,25.0,1
0456a2c1-5935-4790-8b3c-eb92be92a8fb,001550,sub-P055/sub-P055_ses-TaskSwitch4-180123a.nwb,35,112,2625,4.709677419354839,38,47.36732570239335,31,1367819,80.0,25.0,1
0464c78d-f6b6-4fee-bb3a-de5c5521bcc0,001169,sub-G076/sub-G076_ses-RWTautowait2-20221101-132350.nwb,32,117,3004,5.481481481481482,31,46.397805212620035,27,999176,60.0,25.0,1
04734099-8488-4a47-9f81-d65d1eb16b6a,001169,sub-G075/sub-G075_ses-RWTautowait2-20220719-140016.nwb,32,117,3004,5.481481481481482,31,46.397805212620035,27,1313674,60.0,25.0,1
047646a4-63d3-42f4-af3a-a45fa38702d6,000773,sub-ant4-m1-d11-y2023/sub-ant4-m1-d11-y2023_ses-m1-d11-y2023-ant4-0-03x-3-hexanone-40-t188-z155um_ophys.nwb,22,48,624,4.176470588235294,13,14.615916955017303,17,84086336,640.0,160.0,0
04780829-483a-4738-ba4d-460002dc9152,000711,sub-485689/sub-485689_ses-20191125T084922_image.nwb,50,156,5473,4.478260869565218,24,34.72778827977316,46,196021111,420.0,25.0,1
0478cec1-6c3b-47a6-9065-213caa5c82d6,001550,sub-P100/sub-P100_ses-TaskSwitch4-181201a.nwb,35,112,2625,4.709677419354839,38,47.36732570239335,31,1400182,60.0,25.0,1
04804171-1fe7-499e-8876-6ff0853b5fec,000336,sub-655580/sub-655580_ses-1245510440-acq-1245934420-raw-movies_ophys.nwb,68,260,14699,5.403225806451613,30,41.30515088449531,62,19858147622,1340.0,25.0,1
048d9b37-d594-49ca-be1d-e51f3cadd246,001455,sub-914420066/sub-914420066_ses-920614862_icephys.nwb,120,452,42521,5.538461538461538,39,34.710059171597635,117,19292121,500.0,25.0,1
0494e2b3-94b1-4c37-a933-13bb2bce8942,000713,sub-577287/sub-577287_ses-20210812T094851_image.nwb,48,114,2391,3.6818181818181817,23,23.762396694214885,44,188170894,240.0,25.0,1
04975cfd-779a-44ab-96a5-95a44a95fd8c,000971,sub-272-396/sub-272-396_ses-FP-DPR-2020-07-17T12-55-28.nwb,25,51,641,3.5714285714285716,13,14.435374149659864,21,231992,100.0,60.0,0
04999264-5a61-47ff-a1dd-6c1b16fae5a7,000713,sub-585329/sub-585329_ses-20210907T104818_image.nwb,48,115,2402,3.7045454545454546,23,23.889979338842977,44,191396400,240.0,25.0,1
04a48632-2c0d-4750-814f-b0f90a18e1b6,001836,sub-julio/sub-julio_ses-julio-20230811_obj-1fc2c16_behavior.nwb,104,71,1614,2.6153846153846154,65,50.91800507185121,91,78103400,40.0,25.0,1
04aed0ba-fc35-4fbf-834d-d055e5df7379,001169,sub-J006/sub-J006_ses-RWTautowait2-20201204-123700.nwb,32,117,3004,5.481481481481482,31,46.397805212620035,27,1502162,80.0,25.0,1
04dc0b29-cecb-4c27-a967-07da9750ab5e,001425,sub-VG1-GC#48/sub-VG1-GC#48_ses-2023-09-12-sensory-stim-day16_widefield.nwb,62,129,3038,3.473684210526316,15,9.828254847645429,57,11109189440,6900.0,100.0,0
04e82ae7-fad9-4bb0-bdf5-11e03462123c,000467,sub-ant2-m4-d27-y2022/sub-ant2-m4-d27-y2022_ses-m4-d27-y2022-ant2-0-0075x-4-methyl-3-heptanone-40-t169-z115um_ophys.nwb,22,48,624,4.176470588235294,13,14.615916955017303,17,84086336,480.0,120.0,0
05129448-01e4-43c4-b3f6-e671138335f6,001620,sub-b519-8/sub-b519-8_ses-IBA1_ophys.nwb,24,49,608,3.8947368421052633,13,13.673130193905815,19,2408084,60.0,25.0,1
05270225-954a-433f-b2e0-a7c194f4c47b,000617,sub-688426/sub-688426_ses-1306568187-acq-1306743197_ophys.nwb,66,196,6715,4.344262295081967,17,20.75033593120128,61,639331381,1240.0,25.0,1
0531c2cd-b3f2-4919-bc20-88ce22f7a9c7,000711,sub-484627/sub-484627_ses-20191031T091109_obj-1hfeng5_image+ophys.nwb,78,229,9548,4.342465753424658,24,25.896415837868265,73,646657092,860.0,25.0,1
05381a10-0306-4bf1-9bf0-66e8677bc18b,000971,sub-115-273/sub-115-273_ses-FP-PS-2019-06-05T10-43-16_behavior.nwb,26,52,651,3.5,13,13.886363636363637,22,236016,80.0,60.0,0
053c77af-5cc9-4df7-9693-d4bd55c539de,001169,sub-G042/sub-G042_ses-RWTautowait2-20211020-153144.nwb,32,117,3004,5.481481481481482,31,46.397805212620035,27,1230477,60.0,25.0,1
05410304-e717-4b6e-8dbe-48b6e562275a,000467,sub-ant4-m4-d26-y2022/sub-ant4-m4-d26-y2022_ses-m4-d26-y2022-ant4-0-48x-4-methyl-3-heptanol-40-t261-z45um_ophys.nwb,22,48,624,4.176470588235294,13,14.615916955017303,17,84086336,500.0,120.0,0
054daca4-d915-4148-8471-36879b0e7f81,000728,sub-572401655/sub-572401655_ses-589098031-StimB_ophys.nwb,23,48,605,4.055555555555555,13,13.163580246913579,18,47421707228,18180.0,25.0,1
055fe63c-232a-4440-ae31-6585c2352b31,000341,Human_persistent_RAF/sub-160226/sub-160226_ses-1602262rm-1-3-3_icephys.nwb,2384,10673,37691006,6.48129466162253,1181,1163.0432608711399,2379,169067372,33860.0,180.0,0
056013e5-dc7c-4a88-954e-76d08ab18635,001169,sub-L011/sub-L011_ses-RWTautowait2-20220328-153133.nwb,32,117,3004,5.481481481481482,31,46.397805212620035,27,1421708,100.0,25.0,1
0560bac5-d79e-415f-973f-634ae0066be4,001607,sub-Frodo/sub-Frodo_ses-5_obj-176371y_ecephys.nwb,253,72,23400,3.0689655172413794,36,24.495243757431634,116,863336,100.0,25.0,1
057563c6-154e-4ae8-8641-172e71ebf76c,001550,sub-P078/sub-P078_ses-TaskSwitch4-161101a.nwb,35,112,2625,4.709677419354839,38,47.36732570239335,31,817174,25.0,25.0,1
0579b985-b6ab-406b-9627-b54b4462ab54,001550,sub-P187/sub-P187_ses-TaskSwitch6-190620a.nwb,33,110,2570,4.896551724137931,38,49.74791914387635,29,1158309,100.0,25.0,1
0579cd2e-1e2d-4220-a754-f89e11b17fb6,000711,sub-498972/sub-498972_ses-20200210T142415_image.nwb,50,156,5473,4.478260869565218,24,34.72778827977316,46,196097644,340.0,25.0,1
0587436e-be44-47a0-8615-9b329feefbac,000773,sub-ant4-m1-d18-y2023/sub-ant4-m1-d18-y2023_ses-m1-d18-y2023-ant4-0-48x-3-hexanone-40-t159-z95um_ophys.nwb,22,48,624,4.176470588235294,13,14.615916955017303,17,84086336,620.0,160.0,0
059e94d0-150c-48dd-9e60-bd592c99ee8e,001435,sub-Lalo/sub-Lalo_ses-20230215_ecephys.nwb,26,49,692,3.5714285714285716,13,11.959183673469388,21,15516307782,7240.0,80.0,0
05a1392d-f62f-4aba-b6ad-438a2e2deb27,001169,sub-M041/sub-M041_ses-RWTautowait2-20221121-115244.nwb,32,117,3057,5.481481481481482,32,48.397805212620035,27,1509664,80.0,25.0,1
05a43a52-9ecb-47bc-97aa-4854ffe83f24,001452,sub-25/sub-25_ses-20250516T215132_icephys.nwb,61,153,8258,4.553571428571429,41,27.46141581632653,56,3573376,180.0,25.0,1
05b4a94f-2f45-4852-bfe0-b23eaec6ae92,001550,sub-P072/sub-P072_ses-TaskSwitch4-160923a.nwb,35,112,2625,4.709677419354839,38,47.36732570239335,31,944345,100.0,25.0,1
05ba3c8f-7a76-485a-b753-5d8acb1616c8,000248,sub-637484/sub-637484_ses-1208667752_probe-2_ecephys.nwb,27,55,937,3.772727272727273,14,15.08471074380165,22,2325662767,1440.0,80.0,0
05bbdadd-12a7-4c64-ba81-fe772d17a985,000728,sub-558793503/sub-558793503_ses-569718097-StimA_behavior+image+ophys.nwb,53,92,2027,3.3617021276595747,13,6.954277953825259,47,313769644,480.0,25.0,1
05c270fc-4a5f-4ca1-97c4-2526deae0cb9,000947,sub-Isis/sub-Isis_ses-pre-MPTP-I-160701-2_ecephys.nwb,34,88,1378,4.241379310344827,16,18.321046373365043,29,5402503201,3220.0,200.0,0
05e8f776-2a84-42ae-98ac-6b4c49f3be2e,000020,sub-703285845/sub-703285845_ses-707147521_icephys.nwb,127,493,46621,5.629032258064516,49,40.943028095733624,124,44136203,27920.0,400.0,0
05f2c053-4b80-48a3-a6e4-b8a4a0230d22,000954,sub-HumanPitt-held-in-minival/sub-HumanPitt-held-in-minival_ses-19250115T110633.nwb,23,52,488,3.8947368421052633,13,12.199445983379503,19,1106836,400.0,300.0,0
06023059-ddc0-4a9b-881a-9f44c5d02bc9,000711,sub-513630/sub-513630_ses-20200731T125117_obj-126qpy2_image+ophys.nwb,73,223,9181,4.5,24,27.25,68,465038039,760.0,25.0,1
0602acfd-a8a9-4ac4-b238-b3edc2a15759,000773,sub-ant5-m1-d11-y2023/sub-ant5-m1-d11-y2023_ses-m1-d11-y2023-ant5-0-03x-3-hexanone-40-t221-z85um_ophys.nwb,22,48,624,4.176470588235294,13,14.615916955017303,17,84086336,640.0,160.0,0
060a6129-7e17-436e-9ba1-c039a856bfa3,001181,sub-m1618/sub-m1618_ses-20221013T142320Z_photometry.nwb,25,70,952,4.2727272727272725,21,23.289256198347097,22,675197,25.0,25.0,1
060b7386-b7a9-485d-9ca6-6955b273e5e9,001550,sub-P007/sub-P007_ses-TaskSwitch2-150922a.nwb,33,109,2496,4.862068965517241,37,47.49821640903686,29,875909,60.0,25.0,1
0611bed8-2462-41a1-8d29-3306fd5f965c,000467,sub-ant3-m4-d26-y2022/sub-ant3-m4-d26-y2022_ses-m4-d26-y2022-ant3-1x-paraffin-oil-40-t195-z75um_ophys.nwb,22,48,624,4.176470588235294,13,14.615916955017303,17,84086336,500.0,120.0,0
061a24a0-8772-42c4-8385-32dd5bfc8481,001550,sub-P074/sub-P074_ses-TaskSwitch4-171028a.nwb,35,112,2625,4.709677419354839,38,47.36732570239335,31,1339309,100.0,25.0,1
063a5840-c1c4-49b3-889c-9f14142415f8,000336,sub-698808/sub-698808_ses-1316155641-acq-1316301522-raw-movies_image+ophys.nwb,89,449,49996,6.488095238095238,30,46.368905895691604,84,23838601019,1320.0,25.0,1
065de941-1093-4483-97a2-09c361d0701c,000728,sub-491604967/sub-491604967_ses-501567645-StimA_ophys.nwb,23,48,605,4.055555555555555,13,13.163580246913579,18,38700209179,15700.0,25.0,1
065e67f0-bf12-4ba4-b2dc-47c542505227,000467,sub-ant3-m10-d6-y2022/sub-ant3-m10-d6-y2022_ses-m10-d6-y2022-ant3-0-48x-3-hexanone-40-t185-z160um_ophys.nwb,22,48,624,4.176470588235294,13,14.615916955017303,17,84086336,700.0,180.0,0
066c0640-d71e-4526-a330-3e8e5497e322,000713,sub-560770/sub-560770_ses-20210326T104636_image.nwb,48,114,2391,3.6818181818181817,23,23.762396694214885,44,188100837,240.0,25.0,1
067eb3da-42df-423e-8994-ed5893d7a4ff,001333,sub-parkinson-simulated-lfp/sub-parkinson-simulated-lfp_ses-111_ecephys.nwb,27,44,543,3.3636363636363638,13,11.59504132231405,22,822640,160.0,80.0,0
0691baf1-ccdb-4966-8740-83d11ac20f32,001359,sub-1346456435/sub-1346456435_ses-1346509818_icephys.nwb,174,666,102101,5.637426900584796,62,47.97380390547519,171,40602647,680.0,25.0,1
06a8f9bd-768e-4715-b5ac-66b93fe9353f,000008,sub-mouse-OKHZS/sub-mouse-OKHZS_ses-20190716-sample-1_slice-20190716-slice-1_cell-20190716-sample-1_icephys.nwb,181,534,87401,4.937853107344632,80,65.17692872418525,177,9565698,16260.0,440.0,0
06ce44e0-b0f5-4362-bf50-110fdb612e0b,000713,sub-553963/sub-553963_ses-20210330T145631_image.nwb,48,115,2402,3.7045454545454546,23,23.889979338842977,44,191421876,300.0,25.0,1
06d50a98-fd00-4d2d-b2fd-3b9218ef1c57,000773,sub-ant3-m1-d17-y2023/sub-ant3-m1-d17-y2023_ses-m1-d17-y2023-ant3-0-03x-ethylpyrazine-40-t195-z110um_ophys.nwb,22,48,624,4.176470588235294,13,14.615916955017303,17,84086336,620.0,160.0,0
06e6d589-6ec4-477f-bbf4-90b0d522812c,001169,sub-J022/sub-J022_ses-RWTautowait2-20211028-154333.nwb,32,116,2974,5.444444444444445,31,46.46913580246915,27,1409919,80.0,25.0,1
06ea3883-bb4f-4ef3-a882-09b1a111b0a4,000971,sub-121-280/sub-121-280_ses-Opto-DMS-Excitatory-ChR2-2019-07-03T10-58-07_behavior+ogen.nwb,31,56,745,3.3461538461538463,14,13.995562130177516,26,246032,80.0,60.0,0
06f3a9aa-295d-47c8-9c07-876b84e54294,000488,sub-439895/sub-439895_ses-826834709_behavior+image+ophys.nwb,110,2188,5879857,22.066037735849058,901,12293.174884300466,106,1317135476,84480.0,180.0,0
07145b2c-2855-43f8-b896-ae0a9f63577e,001445,sub-G3-10/sub-G3-10_obj-16vvftv_ecephys.nwb,22,45,579,3.9411764705882355,13,12.643598615916957,17,203556,25.0,25.0,1
071a38b7-6b39-4a13-973b-b1130521692a,001169,sub-J023/sub-J023_ses-RWTautowait2-20211025-161350.nwb,32,116,2974,5.444444444444445,31,46.46913580246915,27,1148488,60.0,25.0,1
0722ed35-4d41-45b6-88ad-6452a0f91987,000246,sub-PHP-V15-L11/sub-PHP-V15-L11_obj-2tf7n0_ophys.nwb,31,41,560,3.8421052631578947,13,14.027700831024932,19,8566968,60.0,25.0,1
072f9246-c39b-405e-baf7-680f3c22ff0b,000628,sub-Bo/sub-Bo_ses-20200712T165630_behavior.nwb,1209,3589,12617201,4.000834028356964,1184,1162.5112586872162,1199,37363399,860.0,120.0,0
0744ad6e-3793-4e1d-974c-e03a1934c8df,001455,sub-899526590/sub-899526590_ses-902323270_icephys.nwb,139,560,65575,5.830882352941177,47,43.31698745674742,136,20971032,220.0,25.0,1
07501b6d-774a-4863-868b-1be89c672fc4,000617,sub-703102/sub-703102_ses-1327386124-acq-1327903094_ophys.nwb,66,196,6715,4.344262295081967,17,20.75033593120128,61,624852363,940.0,25.0,1
07556bbf-7441-4514-aac2-aaafeb359484,000467,sub-ant2-m4-d27-y2022/sub-ant2-m4-d27-y2022_ses-m4-d27-y2022-ant2-0-12x-6-methyl-5-hepten-2-one-40-t183-z55um_ophys.nwb,22,48,624,4.176470588235294,13,14.615916955017303,17,84086336,500.0,120.0,0
079aebfe-e501-4ba1-b0f5-53076b2ed90d,001169,sub-J010/sub-J010_ses-RWTautowait2-20210426-115543.nwb,32,116,2974,5.444444444444445,31,46.46913580246915,27,1463942,120.0,25.0,1
079d1dca-ebe9-480d-a615-ae9069133298,000020,sub-853715134/sub-853715134_ses-855488126_icephys.nwb,124,494,44001,5.735537190082645,39,37.96311727341029,121,20046904,23760.0,340.0,0
079ed112-1543-4342-9799-663d8d1f5ac8,000713,sub-524761/sub-524761_ses-20200706T101019_image.nwb,48,118,2609,3.772727272727273,25,26.584710743801654,44,68085946,440.0,60.0,0
07a1c615-250a-4c08-ab4f-b16dff576174,000467,sub-ant2-m4-d21-y2022/sub-ant2-m4-d21-y2022_ses-m4-d21-y2022-ant2-0-12x-4-methyl-3-heptanol-40-t169-z145um_ophys.nwb,22,48,624,4.176470588235294,13,14.615916955017303,17,84086336,660.0,160.0,0
07b5af34-697c-4485-bb65-d5944deab5b5,000341,"In_vivo/sub-1705261og/sub-1705261og_ses-1705261og-1-15,17-1_icephys.nwb",414,1660,892689,6.029339853300733,243,190.01869907520884,409,1691015440,4000.0,25.0,1
07dbad50-0a99-4797-b56a-66365cb7be27,000971,sub-238-388/sub-238-388_ses-Opto-DLS-Excitatory-EYFP-2020-07-09T12-26-14_behavior+ogen.nwb,31,58,761,3.3333333333333335,15,14.22222222222222,27,253207,60.0,60.0,0
07e09157-9913-46ed-ac9d-d63b57444601,001035,sub-4-4/sub-4-4_ses-2kHz-sine-stimulation-4-6V_image.nwb,17,38,431,4.153846153846154,13,13.668639053254442,13,720794,100.0,60.0,0
07e7fef6-d880-4d4d-97c0-48872ad14036,001063,sub-13943393678744678364/sub-13943393678744678364_ses-20221101T153822.nwb,18,21,164,6.333333333333333,13,21.555555555555557,6,693856,80.0,60.0,0
08266912-7632-4494-8710-88ca7f72e099,001034,sub-11-3/sub-11-3_ses-20kHz-sine-stimulation-17V_image.nwb,17,38,431,4.153846153846154,13,13.668639053254442,13,701450,60.0,25.0,1
08309a0e-8d8c-43ec-88b2-1efc4279266a,001701,sub-Curie/sub-Curie_ses-Curie-DY13-g1_behavior+ecephys.nwb,35,64,850,3.4482758620689653,13,10.868014268727707,29,23769438,560.0,80.0,0
08328b12-9e01-4f67-a506-bfea24d53508,000728,sub-546734098/sub-546734098_ses-560806119-StimB_ophys.nwb,23,48,605,4.055555555555555,13,13.163580246913579,18,37708528828,15220.0,25.0,1
08404e44-7a85-4b9e-ad24-67d84b7b0f65,001550,sub-P127/sub-P127_ses-TaskSwitch4-181010a.nwb,35,112,2625,4.709677419354839,38,47.36732570239335,31,1276570,25.0,25.0,1
084a6a70-c5cc-4d92-bd6f-673c50793448,001550,sub-P059/sub-P059_ses-TaskSwitch4-170221a.nwb,35,112,2625,4.709677419354839,38,47.36732570239335,31,1619109,80.0,25.0,1
085df724-643a-47ce-a9e1-52ed35f59741,000773,sub-ant2-m1-d17-y2023/sub-ant2-m1-d17-y2023_ses-m1-d17-y2023-ant2-1x-paraffin-oil-40-t149-z145um_ophys.nwb,22,48,624,4.176470588235294,13,14.615916955017303,17,84086336,640.0,160.0,0
0860cbed-9c7d-4588-bc56-80216f4f5137,000467,sub-ant1-m4-d27-y2022/sub-ant1-m4-d27-y2022_ses-m4-d27-y2022-ant1-1x-isopropanol-40-t123-z130um_ophys.nwb,22,48,624,4.176470588235294,13,14.615916955017303,17,84086336,520.0,120.0,0
08691bd2-2b94-41b0-90da-682f356d5ef9,001640,sub-Adalberto/Adalberto2021-08-28_21-49-22.nwb,22,38,452,3.5294117647058822,13,11.307958477508649,17,9853839455,3420.0,25.0,1
086b9617-79a5-435b-a319-bf3a0e7ff51a,001836,sub-molly/sub-molly_ses-molly-20220418_obj-157rixz.nwb,103,83,1904,2.7666666666666666,65,53.6011111111111,90,1442032,60.0,25.0,1
087ecfc2-8efc-437c-a252-b0fbf48d9130,001169,sub-S023/sub-S023_ses-RWTautowait2-20210602-155742.nwb,32,117,3004,5.481481481481482,31,46.397805212620035,27,1210951,60.0,25.0,1
08908ca4-feb3-462f-a9db-50603c0ff524,001169,sub-L010/sub-L010_ses-RWTautowait2-20220525-101755.nwb,32,117,3004,5.481481481481482,31,46.397805212620035,27,1037092,60.0,25.0,1
089637ed-98fb-4915-9b1a-391dc3fa505a,000773,sub-ant4-m1-d18-y2023/sub-ant4-m1-d18-y2023_ses-m1-d18-y2023-ant4-0-48x-ethylpyrazine-40-t153-z120um_ophys.nwb,22,48,624,4.176470588235294,13,14.615916955017303,17,84086336,620.0,160.0,0
08cae412-5b09-4c5e-882f-0da833c13e8f,000728,sub-536313085/sub-536313085_ses-555749369-StimA_behavior+image+ophys.nwb,53,92,2027,3.3617021276595747,13,6.954277953825259,47,283551873,580.0,25.0,1
08cc65d1-4e06-4f60-b646-cf7cc7fae43c,001435,sub-Lalo/sub-Lalo_ses-20230210_ecephys.nwb,26,49,692,3.5714285714285716,13,11.959183673469388,21,48706902,360.0,80.0,0
08de8d2b-ca74-4d4a-9167-2e88c13ab2de,000773,sub-ant1-m1-d20-y2023/sub-ant1-m1-d20-y2023_ses-m1-d20-y2023-ant1-0-48x-ethanol-40-t144-z15um_ophys.nwb,22,48,624,4.176470588235294,13,14.615916955017303,17,84086336,620.0,160.0,0
08f062d8-24a9-4d9f-904a-fc135f724b91,000037,sub-433458/sub-433458_ses-827300090_obj-raw_behavior+image+ophys.nwb,46,109,2333,3.8372093023255816,33,26.55489453758788,43,46259158768,24240.0,80.0,0
08f17500-63ba-41e9-bd50-25c9ee67f59e,000773,sub-ant5-m1-d11-y2023/sub-ant5-m1-d11-y2023_ses-m1-d11-y2023-ant5-0-03x-propionic-acid-40-t213-z25um_ophys.nwb,22,48,624,4.176470588235294,13,14.615916955017303,17,84086336,640.0,160.0,0
0913aad9-3b6b-4ddb-83bc-95ba870531f5,001169,sub-L008/sub-L008_ses-RWTautowait2-20220112-162432.nwb,32,116,2974,5.444444444444445,31,46.46913580246915,27,1567997,100.0,25.0,1
091ab82b-d0ba-4a97-a0e9-04156b4d1f2c,001169,sub-M040/sub-M040_ses-RWTautowait2-20210623-151806.nwb,32,116,2974,5.444444444444445,31,46.46913580246915,27,1280302,100.0,25.0,1
092b825c-4896-43a8-99c0-c6eed82c538d,000579,sub-8/sub-8_ses-mouse-8-session-date-2017-08-07-area-visA-L23-multi-plane-imaging_behavior+ophys.nwb,85,193,12100,4.164383561643835,17,15.53462188027773,73,554927435,7120.0,180.0,0
093490cf-1939-44a0-a1fc-6cb5c6897942,000363,sub-479121/sub-479121_ses-20200922T135318_behavior+ecephys+ogen.nwb,54,146,3437,4.5777777777777775,32,32.86617283950618,45,99080084,150060.0,300.0,0
0942d9d8-e14e-4b2a-bca4-3e19333dde41,001169,sub-G069/sub-G069_ses-RWTautowait2-20220601-113221.nwb,32,117,3004,5.481481481481482,31,46.397805212620035,27,953305,80.0,25.0,1
09477140-f753-4d28-b4f1-1d83911f134d,000959,sub-L/sub-L_ses-20191213_obj-1g818uw_behavior.nwb,41,275,26986,8.513513513513514,16,33.330898466033595,37,17526816,240.0,60.0,0
0949bbf3-1c61-43c8-beee-78843c4e637c,000579,sub-5/sub-5_ses-mouse-5-session-date-2017-06-13-area-V1-L23-single-plane-imaging_behavior+ophys.nwb,66,141,4000,3.912280701754386,17,14.992305324715295,57,1022245304,5200.0,180.0,0
094f1728-bb6a-41b7-a0fd-c9a044de9987,000773,sub-ant2-m1-d17-y2023/sub-ant2-m1-d17-y2023_ses-m1-d17-y2023-ant2-0-03x-3-hexanone-40-t159-z105um_ophys.nwb,22,48,624,4.176470588235294,13,14.615916955017303,17,84086336,620.0,160.0,0
0957892d-f6c9-4a12-bfac-e9d0f11a9696,000628,sub-Re/sub-Re_ses-20201107T095044.nwb,26,39,494,4.266666666666667,13,17.662222222222226,15,5553557,240.0,120.0,0
095d3ee6-eee7-4f01-881a-ad34edbf3124,001200,sub-BH585/sub-BH585_ses-20240913T235900_ecephys+ogen.nwb,29,53,741,4.15,14,15.827499999999997,20,505848,100.0,25.0,1
096680fe-7eff-4e5b-abf0-6d8b5e93c340,001550,sub-P116/sub-P116_ses-TaskSwitch4double-190302a.nwb,33,112,2724,4.9655172413793105,40,54.44708680142688,29,1424546,80.0,25.0,1
096da8e9-f3e2-41e9-bf38-9af962658d33,000467,sub-ant5-m10-d11-y2022/sub-ant5-m10-d11-y2022_ses-m10-d11-y2022-ant5-0-48x-ethylpyrazine-40-t215-z115um_ophys.nwb,22,48,624,4.176470588235294,13,14.615916955017303,17,84086336,700.0,180.0,0
097465f1-62ee-4ec6-9b3a-461327eb9af0,000773,sub-ant4-m1-d20-y2023/sub-ant4-m1-d20-y2023_ses-m1-d20-y2023-ant4-0-48x-ethylpyrazine-40-t189-z0um_ophys.nwb,22,48,624,4.176470588235294,13,14.615916955017303,17,84086336,620.0,160.0,0
09818811-03cf-4957-937f-90426cb00b42,000020,sub-682365560/sub-682365560_ses-685707481_icephys.nwb,191,793,146162,6.0,72,63.87234042553192,188,58286653,39460.0,420.0,0
098a578b-8ec8-4737-ba11-5fbb7980e304,000336,sub-641331/sub-641331_ses-1232718580-acq-1232834784_ophys.nwb,57,231,12727,5.596153846153846,30,45.74075443786981,52,89673390,880.0,25.0,1
098bb8ee-ce8e-4889-9930-51365857abc6,001837,sub-G4-1/sub-G4-1_obj-ad2m03_ecephys.nwb,22,45,579,3.9411764705882355,13,12.643598615916957,17,198444,25.0,25.0,1
098ed073-b613-4d85-a787-4c9947df8c4f,000971,sub-432-420/sub-432-420_ses-Opto-DMS-Inhibitory-NpHRScrambled-2020-11-02T12-11-13_behavior+ogen.nwb,31,57,739,3.2962962962962963,14,13.393689986282581,27,248704,80.0,60.0,0
09d5ccc4-c8b1-4298-a9e3-718cfbbbda53,000467,sub-ant5-m4-d26-y2022/sub-ant5-m4-d26-y2022_ses-m4-d26-y2022-ant5-0-03x-6-methyl-5-hepten-2-one-40-t271-z65um_ophys.nwb,22,48,624,4.176470588235294,13,14.615916955017303,17,84086336,500.0,140.0,0
09de58b4-cf2d-41c1-8e1c-85183a948c13,001750,sub-Mfa-221206/sub-Mfa-221206_ses-sess-221206AS_obj-tq58al_icephys.nwb,91,240,16602,4.865853658536586,34,24.506395002974426,82,3941720,1000.0,120.0,0
09ebb0a7-5a29-40df-980d-4897d14a6ca1,000467,sub-ant1-m4-d27-y2022/sub-ant1-m4-d27-y2022_ses-m4-d27-y2022-ant1-0-12x-6-methyl-5-hepten-2-one-40-t153-z135um_ophys.nwb,22,48,624,4.176470588235294,13,14.615916955017303,17,84086336,480.0,120.0,0
09fb9928-dcd1-405a-8831-c972beefec73,000467,sub-ant1-m4-d21-y2022/sub-ant1-m4-d21-y2022_ses-m4-d21-y2022-ant1-0-12x-4-methyl-3-hexanol-40-t125-z25um_ophys.nwb,22,48,624,4.176470588235294,13,14.615916955017303,17,84086336,680.0,180.0,0
0a0b6f72-1bd1-41e1-b915-1cb64dea4aa2,001623,sub-20240828-15-51-58/sub-20240828-15-51-58_ses-20240828T155158.nwb,35,99,4586,4.6,16,13.24,30,13009442073,4400.0,25.0,1
0a0d857f-17d2-40d4-a9a6-5f75d951bc61,001169,sub-S033/sub-S033_ses-RWTautowait2-20211221-140022.nwb,32,117,3004,5.481481481481482,31,46.397805212620035,27,1037090,80.0,25.0,1
0a1725bc-b449-49af-b011-a954bd7fb476,000713,sub-540536/sub-540536_ses-20201119T083038_image.nwb,48,115,2402,3.7045454545454546,23,23.889979338842977,44,191438771,460.0,25.0,1
0a1ded9d-5a62-406c-b3f1-539765161756,000713,sub-574081/sub-574081_ses-20210707T085419_image.nwb,48,115,2402,3.7045454545454546,23,23.889979338842977,44,191391308,260.0,25.0,1
0a3796ca-8664-45eb-b9bf-265790142602,000951,sub-PDB-control-fly34/sub-PDB-control-fly34_ses-(-PDB-control-fly34-210727-1235--).nwb,18,33,433,3.8461538461538463,13,13.822485207100591,13,187360,420.0,160.0,0
0a3ee2b1-6f3d-4f5c-9830-39aa8446231a,001169,sub-J011/sub-J011_ses-RWTautowait2-20210208-110006.nwb,32,116,2974,5.444444444444445,31,46.46913580246915,27,1212467,60.0,25.0,1
0a418868-df73-4da7-8232-8a69a3d02b1b,000293,sub-1822-18o22001/sub-1822-18o22001_icephys.nwb,55,185,7866,5.333333333333333,16,10.653594771241833,51,1301596,3740.0,480.0,0
0a59f219-41a5-45c4-8b20-d705649a608f,000711,sub-459777/sub-459777_ses-20190627T121306_image.nwb,50,156,5473,4.478260869565218,24,34.72778827977316,46,196037660,440.0,25.0,1
0a6f3cb5-a895-464c-91b6-cd710845092b,001517,sub-CHO-20250122-c4/sub-CHO-20250122-c4_obj-14198ri_image.nwb,17,38,431,4.153846153846154,13,13.668639053254442,13,36607135,100.0,25.0,1
0a7d374f-e58f-4746-92d0-4caccfd20f3a,000467,sub-ant1-m4-d21-y2022/sub-ant1-m4-d21-y2022_ses-m4-d21-y2022-ant1-0-48x-4-methyl-3-heptanol-40-t145-z160um_ophys.nwb,22,48,624,4.176470588235294,13,14.615916955017303,17,84086336,680.0,180.0,0
0a814d87-af0d-4221-af9a-9de037457401,000728,sub-617884009/sub-617884009_ses-648389302-StimB_ophys.nwb,23,48,605,4.055555555555555,13,13.163580246913579,18,49591667297,21320.0,25.0,1
0a81eea7-4233-40be-936c-4d257cab0f15,001550,sub-P101/sub-P101_ses-TaskSwitch4-171031a.nwb,35,112,2625,4.709677419354839,38,47.36732570239335,31,1369161,60.0,25.0,1
0a926a46-4f7e-45d9-bede-97ba526f1ac6,001359,sub-1321888477/sub-1321888477_ses-1323286955_icephys.nwb,267,1066,278215,5.84469696969697,105,93.11603248393018,264,84008161,540.0,25.0,1
0a9d0ec9-4870-4293-b0bf-866d5036a66b,000628,sub-Pa/sub-Pa_ses-20200509T141750_behavior.nwb,2673,7981,63107633,4.000375516334961,2648,2626.23019137232,2663,136010303,3360.0,120.0,0
0aa665cb-676b-4430-9f01-8b6706fb32ea,001832,sub-mskd221230-005/sub-mskd221230-005_ses-20260508T193304_icephys.nwb,61,223,16373,5.578947368421052,34,19.927977839335178,57,20737608,100.0,25.0,1
0aab34c8-70c6-4969-a185-48b476370fa2,000232,sub-YT071/sub-YT071_ses-20190716T142642_behavior+ecephys.nwb,1314,2794,6795557,3.1382734912146675,160,152.04581550656235,1309,284248346,5160.0,220.0,0
0acc1af5-64e2-4766-95a8-697a4fe74e2c,001169,sub-M011/sub-M011_ses-RWTautowait2-20200113-102242.nwb,32,115,2844,5.407407407407407,29,42.7599451303155,27,1429468,1620.0,160.0,0
0ae0e802-4c6e-4919-a87e-59e0c8bb99b1,000728,sub-581739586/sub-581739586_ses-593438037-StimC2_ophys.nwb,23,48,605,4.055555555555555,13,13.163580246913579,18,53206018640,21960.0,60.0,0
0ae0f203-582c-4987-be74-cd5e76d9fd84,001266,sub-202041PP071-P15-Cell2-soma-10ms+EC-30V-interval--30-ms/sub-202041PP071-P15-Cell2-soma-10ms+EC-30V-interval--30-ms_ses-20230206T202041_image.nwb,32,50,612,4.05,13,14.3475,20,604573536,2420.0,25.0,1
0ae2efce-8294-43bb-9355-09c7e41d3ee4,000773,sub-ant3-m2-d24-y2023/sub-ant3-m2-d24-y2023_ses-m2-d24-y2023-ant3-0-48x-isopropanol-40-t170-z60um_ophys.nwb,22,48,624,4.176470588235294,13,14.615916955017303,17,84086336,620.0,160.0,0
0af4ce07-75fa-45e6-84d1-2b4cca635112,001765,derivatives/kilosort4-4.1.3/sub-NP06/sub-NP06_ses-20250910_ecephys.nwb,22,48,574,4.375,13,14.109375,16,347135328,80.0,25.0,1
0afdbe72-443b-4e70-8f87-73427c361154,000008,sub-mouse-XTXOH/sub-mouse-XTXOH_ses-20190924-sample-6_slice-20190924-slice-6_cell-20190924-sample-6_icephys.nwb,181,538,87573,4.96045197740113,80,65.58600657537744,177,9727433,15880.0,420.0,0
0b013191-fa07-4324-aed1-f3b597f8ee94,001777,sub-5667/sub-5667_ses-20221012T200351_icephys.nwb,120,339,47115,4.860869565217391,100,81.12846880907372,115,48495544,660.0,25.0,1
0b0753c4-bb57-4fce-92c8-014eb2d33ecd,000773,sub-ant1-m2-d24-y2023/sub-ant1-m2-d24-y2023_ses-m2-d24-y2023-ant1-0-48x-ethylyprazine-40-t135-z160um_ophys.nwb,22,48,624,4.176470588235294,13,14.615916955017303,17,84086336,620.0,160.0,0
0b5754be-2992-40b6-b850-ea2e80e3faef,000728,sub-603898619/sub-603898619_ses-638862121-StimA_ophys.nwb,23,48,605,4.055555555555555,13,13.163580246913579,18,40157403519,15440.0,25.0,1
0b59b0e7-cdf4-4fd0-a6fd-038d0912a06f,000246,sub-phpV14-01-H2/sub-phpV14-01-H2_ses-20241022_obj-1l7nvxu_ophys.nwb,33,46,581,3.5217391304347827,13,12.162570888468805,23,12760256,80.0,25.0,1
0b5f9d8a-8888-4a37-b9fc-e5bd2760dff3,000946,sub-BH513/sub-BH513_ses-20231007T191400_ecephys.nwb,28,50,690,4.333333333333333,14,17.0,18,10030888,80.0,25.0,1
0b6278a4-d8d9-4dc0-8023-7b5297ab0a9a,000246,sub-phpV14-01-H2/sub-phpV14-01-H2_ses-20241022_obj-qrzkbh_ophys.nwb,33,46,581,3.5217391304347827,13,12.162570888468805,23,12760256,60.0,25.0,1
0b7c973b-8b59-4454-815f-fafbebda4e71,001550,sub-P120/sub-P120_ses-TaskSwitch4-171107a.nwb,35,112,2625,4.709677419354839,38,47.36732570239335,31,1146733,80.0,25.0,1
0b84372a-8206-49ae-bd32-604b5f85903c,001550,sub-P013/sub-P013_ses-TaskSwitch3-151215a.nwb,33,109,2496,4.862068965517241,37,47.49821640903686,29,1622565,60.0,25.0,1
0b865174-4437-46e4-8ca4-3781c6ac7c11,000711,sub-453990/sub-453990_ses-20190816T144709_obj-rgjuak_image+ophys.nwb,78,229,9548,4.342465753424658,24,25.896415837868265,73,260835548,460.0,25.0,1
0b9360ee-f321-4402-b22f-970df6ad5218,001611,sub-25897/sub-25897_ses-20241113T135431_ecephys.nwb,25,52,649,4.105263157894737,13,13.988919667590027,19,15240116,80.0,25.0,1
0bc5bc8e-24f8-4540-a625-b647eb0e2e00,000713,sub-521466/sub-521466_ses-20200824T092307_image.nwb,48,115,2402,3.7045454545454546,23,23.889979338842977,44,191395456,440.0,25.0,1
0bc63bf7-48b5-4f32-9413-15f6c2af74dd,001841,sub-subject-ID-Z117/sub-subject-ID-Z117_ses-20240823T151053_icephys.nwb,63,158,5382,4.372881355932203,18,9.962654409652398,59,723604,60.0,25.0,1
0bd5cb3e-5c90-425a-89ac-77271ad47ea0,001607,sub-Frodo/sub-Frodo_ses-5_obj-11lu0h6_ecephys.nwb,252,77,23272,3.130434782608696,36,25.296030245746696,115,738888,60.0,25.0,1
0bd6a774-b823-4c89-8e32-26e5dea58d9c,001550,sub-P049/sub-P049_ses-TaskSwitch4-161107a.nwb,35,112,2625,4.709677419354839,38,47.36732570239335,31,1035019,60.0,25.0,1
0bdf7973-7c95-44a8-ab5d-730a5b93d1c4,001455,sub-959090045/sub-959090045_ses-961907691_icephys.nwb,146,553,66221,5.559440559440559,48,40.7499633233899,143,22036413,800.0,25.0,1
0bf2a5ca-3cb0-449f-be3c-25535824e35f,000773,sub-ant1-m1-d11-y2023/sub-ant1-m1-d11-y2023_ses-m1-d11-y2023-ant1-0-03x-3-hexanone-40-t131-z150um_ophys.nwb,22,48,624,4.176470588235294,13,14.615916955017303,17,84086336,660.0,160.0,0
0c0f8432-6891-492b-ba3e-9805722afc9e,000246,sub-C1-AAV1blind-02/sub-C1-AAV1blind-02_ses-20240916_obj-14w9yae_ophys.nwb,33,46,581,3.5217391304347827,13,12.162570888468805,23,12760208,80.0,25.0,1
0c1424a4-2eb8-4af2-8ae6-14a8df4440c4,000711,sub-546605/sub-546605_ses-20210209T083735_obj-qe05zk_image+ophys.nwb,78,229,9548,4.342465753424658,24,25.896415837868265,73,235714462,520.0,40.0,0
0c15ee44-6c06-493a-83aa-76df2c776fba,000467,sub-ant1-m4-d27-y2022/sub-ant1-m4-d27-y2022_ses-m4-d27-y2022-ant1-1x-paraffin-oil-40-t122-z90um_ophys.nwb,22,48,624,4.176470588235294,13,14.615916955017303,17,84086336,480.0,120.0,0
0c17c0f5-8410-4b40-9dfa-76b62d5756fe,000773,sub-ant3-m2-d24-y2023/sub-ant3-m2-d24-y2023_ses-m2-d24-y2023-ant3-0-48x-3-hexanone-40-t183-z60um_ophys.nwb,22,48,624,4.176470588235294,13,14.615916955017303,17,84086336,620.0,160.0,0
0c182fb1-787a-4705-b7da-5f3c5b879ba4,001169,sub-S042/sub-S042_ses-RWTautowait2-20230120-151434.nwb,32,117,3004,5.481481481481482,31,46.397805212620035,27,1041482,80.0,25.0,1
0c18c381-0a03-4c92-be06-b749731aa8ab,001455,sub-998968840/sub-998968840_ses-1000131439_icephys.nwb,246,987,243008,5.8559670781893,95,81.67061254212601,243,67011913,1020.0,25.0,1
0c25b97b-6e47-462f-b748-a917f44a46ca,000467,sub-ant1-m4-d21-y2022/sub-ant1-m4-d21-y2022_ses-m4-d21-y2022-ant1-0-12x-4-methyl-3-hexanol-40-t131-z35um_ophys.nwb,22,48,624,4.176470588235294,13,14.615916955017303,17,84086336,680.0,160.0,0
0c281097-f3eb-466c-b27e-6140eb9a45ad,000713,sub-531237/sub-531237_ses-20200901T143824_image.nwb,48,115,2402,3.7045454545454546,23,23.889979338842977,44,191394460,500.0,25.0,1
0c312b0c-88f2-4800-a7a4-b09fe0724fbd,001169,sub-J060/sub-J060_ses-RWTautowait2-20221219-142446.nwb,32,118,3087,5.518518518518518,32,48.32373113854595,27,1157491,100.0,25.0,1
0c5e328f-dca7-4e53-ac1e-bb996ad1cd15,000467,sub-ant3-m4-d27-y2022/sub-ant3-m4-d27-y2022_ses-m4-d27-y2022-ant3-0-12x-4-methyl-3-hexanol-40-t147-z130um_ophys.nwb,22,48,624,4.176470588235294,13,14.615916955017303,17,84086336,480.0,120.0,0
0c7376f5-15ca-496a-a0b5-65d1988f43fa,000713,sub-527749/sub-527749_ses-20200715T140254_image.nwb,48,118,2609,3.772727272727273,25,26.584710743801654,44,67965934,400.0,25.0,1
0c791960-8501-4006-af54-619463f95235,001169,sub-J061/sub-J061_ses-RWTautowait2-20230223-154427.nwb,32,118,3087,5.518518518518518,32,48.32373113854595,27,1432221,25.0,25.0,1
0c83b18a-5c0c-4b72-98e9-7a09391c32ec,001550,sub-P189/sub-P189_ses-TaskSwitch6-191115a.nwb,33,110,2570,4.896551724137931,38,49.74791914387635,29,1054854,100.0,25.0,1
0c86d1a1-f705-40ef-ac72-296a036a890e,000341,Human_persistent_RAF/sub-141212/sub-141212_ses-1412123rm-1-6-3_icephys.nwb,3476,15587,80575484,6.487179487179487,1727,1708.9510744705215,3471,584106012,90920.0,200.0,0
0c9b1ab8-5e65-4ec5-88f4-94d34ad93cac,000020,sub-652361194/sub-652361194_ses-653196344_icephys.nwb,82,305,15404,5.405063291139241,36,26.39288575548789,79,12824844,17560.0,440.0,0
0c9d01d4-9573-46ab-b282-0b68ff24e1a2,001281,sub-210609/sub-210609_ses-2106092si-5-1-1_icephys.nwb,46,152,4784,5.414634146341464,13,9.608566329565736,41,8286512,3280.0,160.0,0
0c9dd610-aab9-4121-bd56-da7eb373bfc6,001205,sub-15218638887915744219/sub-15218638887915744219_ses-20240531T195601_ophys.nwb,27,41,539,4.0588235294117645,13,14.878892733564015,17,242620984,240.0,25.0,1
0cb346b5-9905-4b06-88b4-a638e3191492,001550,sub-P187/sub-P187_ses-TaskSwitch6-190520a.nwb,33,109,2496,4.862068965517241,37,47.49821640903686,29,858623,60.0,25.0,1
0cc5118a-1f87-4451-a5e2-179bdfec4fb0,000485,sub-Plaid-warm-20-nachet/sub-Plaid-warm-20-nachet_ses-20230315T114600_behavior.nwb,30,48,515,2.8518518518518516,13,8.718792866941017,27,35226312,180.0,25.0,1
0cc6353a-5e1c-451c-9341-1a56bbd5c8f1,001169,sub-J052/sub-J052_ses-RWTautowait2-20220921-131953.nwb,32,117,3004,5.481481481481482,31,46.397805212620035,27,1181583,60.0,25.0,1
0cd51103-6da3-4828-870c-666cadc22bac,000467,sub-ant1-m4-d27-y2022/sub-ant1-m4-d27-y2022_ses-m4-d27-y2022-ant1-0-12x-6-methyl-5-hepten-2-one-40-t153-z155um_ophys.nwb,22,48,624,4.176470588235294,13,14.615916955017303,17,84086336,500.0,120.0,0
0ce7e14a-aad4-42c0-b41a-929a7be792ec,000773,sub-ant4-m1-d20-y2023/sub-ant4-m1-d20-y2023_ses-m1-d20-y2023-ant4-0-48x-3-hexanone-40-t182-z50um_ophys.nwb,22,48,624,4.176470588235294,13,14.615916955017303,17,84086336,600.0,160.0,0
0ced516d-3531-4aed-b8b0-4be5d1450cc7,000336,sub-621602/sub-621602_ses-1193555033-acq-1193675754-denoised-movies_ophys.nwb,61,254,14155,5.696428571428571,30,43.139987244897966,56,23225638161,1320.0,25.0,1
0d065e29-9a12-4d63-b552-0e79373e6b03,000773,sub-ant5-m1-d11-y2023/sub-ant5-m1-d11-y2023_ses-m1-d11-y2023-ant5-1x-paraffin-oil-40-t206-z0um_ophys.nwb,22,48,624,4.176470588235294,13,14.615916955017303,17,84086336,620.0,160.0,0
0d095f02-3532-42f4-9e68-cc0cef180eb3,000773,sub-ant2-m2-d24-y2023/sub-ant2-m2-d24-y2023_ses-m2-d24-y2023-ant2-0-48x-isopropanol-40-t154-z140um_ophys.nwb,22,48,624,4.176470588235294,13,14.615916955017303,17,84086336,620.0,160.0,0
0d1591df-f20a-459a-9268-46da4eb81251,000579,sub-3/sub-3_ses-mouse-3-session-date-2017-05-14-area-MM-L5-multi-plane-imaging_behavior+ophys.nwb,85,193,12100,4.164383561643835,17,15.53462188027773,73,1777821056,7800.0,180.0,0
0d23cfd7-f499-4216-835a-b7e29cd632f2,001169,sub-S043/sub-S043_ses-RWTautowait2-20220926-150157.nwb,32,117,3004,5.481481481481482,31,46.397805212620035,27,1196306,60.0,25.0,1
0d25361b-cc7c-4975-85de-890d355fc6b3,000467,sub-ant1-m4-d27-y2022/sub-ant1-m4-d27-y2022_ses-m4-d27-y2022-ant1-0-0075x-4-methyl-3-hexanol-40-t129-z30um_ophys.nwb,22,48,624,4.176470588235294,13,14.615916955017303,17,84086336,500.0,120.0,0
0d30bd6b-a236-40b9-9491-baacec19b507,000341,Human_persistent_RAF/sub-141118/sub-141118_ses-1411182rm-7-13-3_icephys.nwb,6642,29834,295904642,6.493295163477475,3310,3291.855198377998,6637,545293088,100100.0,220.0,0
0d36db83-6fde-4481-97b5-412ed180c867,001169,sub-L030/sub-L030_ses-RWTautowait2-20230531-094110.nwb,32,118,3087,5.518518518518518,32,48.32373113854595,27,1185838,60.0,25.0,1
0d46d626-39d3-4d1b-87d2-92703c35621f,001169,sub-J072/sub-J072_ses-RWTautowait2-20230501-150624.nwb,32,118,3087,5.518518518518518,32,48.32373113854595,27,1364669,100.0,25.0,1
0d4970e8-7cc4-49f2-ab51-68986143cb6e,001836,sub-eliot/sub-eliot_ses-eliot-20221019_obj-1hmzrnm.nwb,71,84,1949,3.206896551724138,33,30.370986920332943,58,563066,60.0,25.0,1
0d62c588-0ea4-4357-92ed-1d2888599db8,000773,sub-ant2-m1-d11-y2023/sub-ant2-m1-d11-y2023_ses-m1-d11-y2023-ant2-0-03x-ethanol-40-t163-z110um_ophys.nwb,22,48,624,4.176470588235294,13,14.615916955017303,17,84086336,640.0,160.0,0
0d726af0-e165-4d89-8cde-0f0743e6bfb3,001836,sub-klein/sub-klein_ses-klein-20231103_obj-bgc37h.nwb,103,84,1949,2.7777777777777777,65,53.68395061728392,90,1864734,60.0,25.0,1
0d78163f-d59a-4d47-be2b-778f3eb9788c,001710,sub-Ctrl-2/sub-Ctrl-2_ses-ymaze-day5-scan0-novel-arm1_behavior+ophys.nwb,62,111,4797,3.087719298245614,14,9.097568482610034,57,449972748,520.0,25.0,1
0d7c0f1a-e81a-4f84-9986-fd9c6ecb655b,001455,sub-740369880/sub-740369880_ses-743122753_icephys.nwb,183,759,129134,5.977777777777778,67,60.099506172839526,180,24723066,540.0,25.0,1
0da7d59a-49ce-4bf2-9b21-9a74c9aec615,000020,sub-721974378/sub-721974378_ses-723611854_icephys.nwb,207,844,162583,5.897058823529412,76,65.61195213379466,204,46609284,37380.0,400.0,0
0dbf42eb-6321-461a-95df-4deb2c172129,000773,sub-ant4-m1-d11-y2023/sub-ant4-m1-d11-y2023_ses-m1-d11-y2023-ant4-0-03x-4-methyl-3-heptanone-40-t190-z20um_ophys.nwb,22,48,624,4.176470588235294,13,14.615916955017303,17,84086336,620.0,160.0,0
0dcb2906-0962-4b62-8ea4-f2a69aa16042,000773,sub-ant2-m1-d17-y2023/sub-ant2-m1-d17-y2023_ses-m1-d17-y2023-ant2-0-03x-ethanol-40-t163-z115um_ophys.nwb,22,48,624,4.176470588235294,13,14.615916955017303,17,84086336,620.0,160.0,0
0dcfb712-78b3-4168-9809-2a0e43107153,000773,sub-ant1-m1-d17-y2023/sub-ant1-m1-d17-y2023_ses-m1-d17-y2023-ant1-1x-paraffin-oil-40-t122-z70um_ophys.nwb,22,48,624,4.176470588235294,13,14.615916955017303,17,84086336,640.0,160.0,0
0dd9a79f-b95b-4664-8919-6c29d1cf2708,000728,sub-539823009/sub-539823009_ses-555257822-StimB_behavior+image+ophys.nwb,53,208,33579,5.808510638297872,118,280.5803531009506,47,246927844,1100.0,25.0,1
0de90ea9-126f-4e75-b4d3-5fba90e5f063,001611,sub-29641/sub-29641_ses-20250331T202734_ecephys.nwb,25,52,649,4.105263157894737,13,13.988919667590027,19,14073140,100.0,25.0,1
0dfc73ea-c722-48df-ad6a-3d09c19f8d39,001366,sub-F15/sub-F15_ses-F15BC-19102023_image.nwb,24,38,502,4.6923076923076925,13,19.597633136094675,13,408092763,9860.0,260.0,0
0e073b24-8d43-4b1b-bd1f-8923e5725631,000959,sub-T/sub-T_ses-20220503_obj-j38iuu_behavior.nwb,29,116,3192,5.76,13,16.1824,25,9979032,260.0,40.0,0
0e0faf20-0f2d-4a18-83b9-a65dcafb0ca2,001550,sub-P116/sub-P116_ses-TaskSwitch4-170923a.nwb,35,112,2625,4.709677419354839,38,47.36732570239335,31,1062445,25.0,25.0,1
0e145d76-b8ba-4613-a145-488a3efe55fb,001837,sub-G4-1/sub-G4-1_obj-1stiqao_ecephys.nwb,22,45,579,3.9411764705882355,13,12.643598615916957,17,198444,25.0,25.0,1
0e23fc8b-9b17-4ad9-a9f7-3484f9a7ebe4,001445,sub-G3-10/sub-G3-10_obj-1sa4ohu_ecephys.nwb,22,45,579,3.9411764705882355,13,12.643598615916957,17,203556,25.0,25.0,1
0e256bfb-a2ca-4c8a-b138-b2002adbd095,000713,sub-536213/sub-536213_ses-20201026T101018_image.nwb,48,114,2391,3.6818181818181817,23,23.762396694214885,44,188077739,520.0,60.0,0
0e284a63-d87a-4442-be50-c622d9aab78a,000773,sub-ant4-m1-d20-y2023/sub-ant4-m1-d20-y2023_ses-m1-d20-y2023-ant4-0-48x-propionic-acid-40-t200-z50um_ophys.nwb,22,48,624,4.176470588235294,13,14.615916955017303,17,84086336,620.0,160.0,0
0e4e3361-91c5-44e5-948c-28d2be0bfc74,001169,sub-E007/sub-E007_ses-RWTautowait2-20221019-153700.nwb,32,116,2974,5.444444444444445,31,46.46913580246915,27,1369864,60.0,25.0,1
0e5b14c4-a027-47e2-9c05-954cb99b912d,000467,sub-ant2-m10-d11-y2022/sub-ant2-m10-d11-y2022_ses-m10-d11-y2022-ant2-0-48x-ethylpyrazine-40-t156-z60um_ophys.nwb,22,48,624,4.176470588235294,13,14.615916955017303,17,84086336,700.0,180.0,0
0e5f0496-911b-4e48-9164-bb1b61900f6f,000467,sub-ant1-m4-d27-y2022/sub-ant1-m4-d27-y2022_ses-m4-d27-y2022-ant1-0-12x-6-methyl-5-hepten-2-one-40-t141-z125um_ophys.nwb,22,48,624,4.176470588235294,13,14.615916955017303,17,84086336,500.0,140.0,0
0e6a3506-da9b-4700-b59b-d7e401c18127,000363,sub-480134/sub-480134_ses-20210111T122809_behavior+ecephys+ogen.nwb,58,173,4596,4.836734693877551,43,44.830487296959596,49,355483035187,175080.0,320.0,0
0e6d52f5-7768-4610-801d-c1f2c2b3c6bf,001169,sub-S057/sub-S057_ses-RWTautowait2-20230320-094833.nwb,32,118,3087,5.518518518518518,32,48.32373113854595,27,1045589,100.0,25.0,1
0e7a9047-7da8-4301-bd71-2f175cfe5f16,001359,sub-1321888477/sub-1321888477_ses-1322714661_icephys.nwb,193,719,114020,5.515789473684211,68,57.69185595567866,190,63654370,880.0,25.0,1
0e7e02a0-ff34-42a1-9b6a-cc2de5e21aa0,000773,sub-ant2-m1-d20-y2023/sub-ant2-m1-d20-y2023_ses-m1-d20-y2023-ant2-0-48x-4-methyl-3-heptanone-40-t157-z10um_ophys.nwb,22,48,624,4.176470588235294,13,14.615916955017303,17,84086336,600.0,160.0,0
0e85d047-ead7-4fef-b72f-9d469288cd51,000020,sub-761832074/sub-761832074_ses-766204258_icephys.nwb,165,666,87193,5.808641975308642,55,52.47572778539857,162,54961653,35520.0,360.0,0
0e8b8141-0d81-4caa-872a-4b5d5088f50c,000020,sub-750787667/sub-750787667_ses-754896261_icephys.nwb,114,462,39300,5.81981981981982,39,34.18375131888645,111,18810976,22180.0,360.0,0
0ea5ddcf-b919-434f-a248-6cdb7ddeec94,001169,sub-S022/sub-S022_ses-RWTautowait2-20220330-115436.nwb,32,117,3004,5.481481481481482,31,46.397805212620035,27,849803,60.0,25.0,1
0eb2e000-da35-4dcf-9562-50da6c8f9cd0,000699,sub-Temp-pref-F20-B20-5dpf-07-unsorted-nac/sub-Temp-pref-F20-B20-5dpf-07-unsorted-nac_ses-20230802T142700_behavior.nwb,33,53,613,3.0357142857142856,13,8.391581632653063,28,9173342,280.0,25.0,1
0ec32601-1246-4741-9912-041b47536fb3,001689,PO2_SU_NWB/sub-exp-36/sub-exp-36_ses-su.nwb,40,79,1542,3.2777777777777777,24,17.922839506172835,36,488792,60.0,25.0,1
0ec4b5c4-d999-44af-ba2a-599b7d4bd2d9,000399,sub-1-4/sub-1-4_ses-20210122_obj-xqm54w_ecephys.nwb,27,47,681,4.352941176470588,13,17.75778546712803,17,692256,120.0,60.0,0
0eea715e-6365-45f9-80fe-1b3629b866ae,001550,sub-P101/sub-P101_ses-TaskSwitch4-181206a.nwb,35,112,2625,4.709677419354839,38,47.36732570239335,31,1594843,25.0,25.0,1
0eebcdb4-287d-4a02-b344-235f7d1e5297,001634,sub-Bilbo/sub-Bilbo_ses-2_obj-k2qyo5_ecephys.nwb,252,77,23272,3.130434782608696,36,25.296030245746696,115,719488,60.0,25.0,1
0efde40f-5599-45e8-bec9-81084d097705,000773,sub-ant5-m4-d6-y2023/sub-ant5-m4-d6-y2023_ses-m4-d6-y2023-ant5-0-48x-3-hexanone-40-t178-z105um_ophys.nwb,22,48,624,4.176470588235294,13,14.615916955017303,17,84086336,600.0,160.0,0
0f07bf81-9a1f-4804-b82d-e8257e288bb1,000020,sub-699347605/sub-699347605_ses-700193649_icephys.nwb,129,499,46973,5.603174603174603,42,37.17586293776772,126,19962905,25380.0,400.0,0
0f109311-8cd7-4376-9964-da9ccc920103,000008,sub-mouse-OGLHO/sub-mouse-OGLHO_ses-20180118-sample-10_slice-20180118-slice-10_cell-20180118-sample-10_icephys.nwb,181,538,87573,4.96045197740113,80,65.58600657537744,177,8707880,14320.0,440.0,0
0f114e1f-1331-4bcc-87f8-487d2af23651,001349,sub-C57-C2-2-BL/sub-C57-C2-2-BL_ses-5_ophys.nwb,32,64,1380,3.923076923076923,13,11.07100591715976,26,32515534,100.0,25.0,1
0f3ceeb6-0965-47df-8a34-bf42367719b9,001550,sub-P013/sub-P013_ses-TaskSwitch4-160526a.nwb,33,110,2570,4.896551724137931,38,49.74791914387635,29,1102596,100.0,25.0,1
0f3ef693-227e-4399-88fb-63ef1608c035,000773,sub-ant5-m1-d10-y2023/sub-ant5-m1-d10-y2023_ses-m1-d10-y2023-ant5-0-48x-3-hexanone-40-t179-z10um_ophys.nwb,22,48,624,4.176470588235294,13,14.615916955017303,17,84086336,660.0,160.0,0
0f4b0e04-10dc-43f3-b3a0-241f759f4aed,000773,sub-ant1-m2-d24-y2023/sub-ant1-m2-d24-y2023_ses-m2-d24-y2023-ant1-0-48x-4-methyl-3-heptanone-40-t141-z35um_ophys.nwb,22,48,624,4.176470588235294,13,14.615916955017303,17,84086336,620.0,160.0,0
0f5d56ad-a0f2-438b-a38c-18c957a782d3,000467,sub-ant1-m4-d26-y2022/sub-ant1-m4-d26-y2022_ses-m4-d26-y2022-ant1-0-03x-4-methyl-3-heptanol-40-t130-z90um_ophys.nwb,22,48,624,4.176470588235294,13,14.615916955017303,17,84086336,660.0,180.0,0
0f662f92-6065-4eca-88e8-65227f9f6f2b,000351,sub-HJ-FP-M7/sub-HJ-FP-M7_ses-Day27.nwb,25,49,554,3.3181818181818183,13,9.489669421487603,22,8891480,200.0,60.0,0
0f8797b7-851b-4ffc-88d4-5c5328e96932,001169,sub-J008/sub-J008_ses-RWTautowait2-20210106-151731.nwb,32,117,3004,5.481481481481482,31,46.397805212620035,27,1214853,25.0,25.0,1
0f9465bf-8751-4117-9241-4325c76d52b3,001550,sub-P131/sub-P131_ses-TaskSwitch4-181019a.nwb,35,112,2625,4.709677419354839,38,47.36732570239335,31,1646886,60.0,25.0,1
0f96379f-7d68-4f13-93b3-75e0782f92d0,000711,sub-442709/sub-442709_ses-20190318T104846_image.nwb,50,156,5473,4.478260869565218,24,34.72778827977316,46,196076950,620.0,60.0,0
0f9748a4-92a6-4fa7-93ab-628e206e5aba,001169,sub-S035/sub-S035_ses-RWTautowait2-20220801-153414.nwb,32,117,3004,5.481481481481482,31,46.397805212620035,27,938023,80.0,25.0,1
0f9dea0f-1701-45fb-907b-03f70adc13e2,001634,sub-Bilbo/sub-Bilbo_ses-3_obj-1yvt21a_ecephys.nwb,254,78,24032,3.1565217391304348,38,26.56680529300567,115,725744,25.0,25.0,1
0fb37c9d-7dc4-4f8e-a1a8-7ca0925a8109,001611,sub-26303/sub-26303_ses-20250327T130045_ecephys.nwb,25,52,649,4.105263157894737,13,13.988919667590027,19,14438008,100.0,25.0,1
0fc4a3ee-b6cd-475f-8a77-232fa30dfd27,001751,sub-Mfa241105/sub-Mfa241105_ses-20241105HS5_obj-jzqqpu_icephys.nwb,191,1053,520159,7.758241758241758,160,129.87561888660784,182,23541328,920.0,80.0,0
0fc4db9f-8202-46aa-9264-567c7a344683,001169,sub-J063/sub-J063_ses-RWTautowait2-20230105-152438.nwb,32,118,3087,5.518518518518518,32,48.32373113854595,27,1360969,60.0,25.0,1
0fdac01f-11df-44fc-b618-4e38b3cc96e1,001836,sub-klein/sub-klein_ses-klein-20231106_obj-i3k84x.nwb,103,74,1739,2.6666666666666665,65,51.844444444444456,90,3534944,60.0,25.0,1
0fdbfb70-81a7-4b89-9498-b3bc723ef129,000773,sub-ant1-m1-d20-y2023/sub-ant1-m1-d20-y2023_ses-m1-d20-y2023-ant1-0-48x-4-methyl-3-heptanol-40-t131-z110um_ophys.nwb,22,48,624,4.176470588235294,13,14.615916955017303,17,84086336,620.0,160.0,0
0ffc3ca2-24df-402b-8903-c8aa6fe355c9,000959,sub-L/sub-L_ses-20191210_obj-5iyyh5_behavior.nwb,29,116,3192,5.76,13,16.1824,25,10024128,240.0,60.0,0
1000b908-55e3-4e50-b450-3b32da93c81d,001836,sub-klein/sub-klein_ses-klein-20231103_obj-17t51em.nwb,103,84,1949,2.7777777777777777,65,53.68395061728392,90,1053424,120.0,25.0,1
1016325e-b181-4b12-a946-cbc3df61627f,000728,sub-575188353/sub-575188353_ses-589441079-StimA_ophys.nwb,23,48,605,4.055555555555555,13,13.163580246913579,18,38939543503,15480.0,25.0,1
1028a29c-6180-4acc-be10-5826d151b7b4,000020,sub-740369796/sub-740369796_ses-744053362_icephys.nwb,131,526,52357,5.7890625,42,38.46331787109375,128,20321817,23040.0,380.0,0
10383fe5-f108-4235-8e50-92e532e70cd2,000563,sub-699846/sub-699846_ses-1314466742_probe-0_ecephys.nwb,27,55,937,3.772727272727273,14,15.08471074380165,22,2119143778,600.0,25.0,1
104a328b-18b1-4e51-81f5-22fe64b66b14,001169,sub-M014/sub-M014_ses-RWTautowait2-20200820-100900.nwb,32,116,2923,5.444444444444445,30,44.54320987654322,27,1177614,80.0,25.0,1
1052d7bb-3fd8-439e-b27a-4e4aecd9bbd7,000467,sub-ant1-m4-d27-y2022/sub-ant1-m4-d27-y2022_ses-m4-d27-y2022-ant1-0-0075x-4-methyl-3-heptanol-40-t138-z45um_ophys.nwb,22,48,624,4.176470588235294,13,14.615916955017303,17,84086336,500.0,120.0,0
10726910-c154-4cea-8ec9-6326af977c5a,000713,sub-560962/sub-560962_ses-20210408T103220_image.nwb,48,115,2402,3.7045454545454546,23,23.889979338842977,44,188099445,280.0,60.0,0
10736ace-c771-44fc-a0cb-330f073310dc,001169,sub-J074/sub-J074_ses-RWTautowait2-20230503-131947.nwb,32,118,3087,5.518518518518518,32,48.32373113854595,27,1541388,80.0,25.0,1
107634f1-d43e-4eb7-8e6b-670b3335bd72,000289,sub-50/sub-50_ses-20211229T143805_behavior+ophys.nwb,37,54,638,3.3214285714285716,13,10.646683673469388,28,14825963872,4240.0,25.0,1
1085cf5c-0124-4afe-8c64-4a5f0cf86ca5,000637,sub-BH446/sub-BH446_obj-ep7kdg_ecephys.nwb,28,46,627,4.111111111111111,14,15.654320987654321,18,2249880,140.0,80.0,0
10a0b46d-9031-4bb7-be8c-ef746f17caae,000020,sub-812386057/sub-812386057_ses-815416867_icephys.nwb,297,1300,390271,6.275510204081633,124,134.47851589615442,294,47572913,57960.0,360.0,0
10a66b91-0cf0-40c6-a550-1ce6ed948f01,000971,sub-61-207/sub-61-207_ses-FP-PR-2018-10-17T10-49-21_behavior.nwb,44,78,1514,3.903225806451613,14,14.409989594172735,31,323572886,280.0,25.0,1
10ad044f-99f0-4855-8848-2422dd1ae565,000165,sub-Cumin/sub-Cumin_ses-Cumin06-LinearTrack_behavior+ecephys.nwb,34,59,1006,4.0,14,20.0,24,115639184,1780.0,60.0,0
10b292c9-2210-46af-b035-de79371c444a,000728,sub-529204474/sub-529204474_ses-549855420-StimC2_ophys.nwb,23,48,605,4.055555555555555,13,13.163580246913579,18,36947191933,14200.0,25.0,1
10b44451-0aca-4b9f-8ca7-bb614096a24d,000165,sub-Fruitfly/sub-Fruitfly_ses-Fruitfly05-HomeCage_behavior+ecephys.nwb,31,59,1006,4.285714285714286,14,21.63265306122449,21,273216872,1700.0,80.0,0
10c6e45b-d943-4c4d-9de8-f0bff4a50471,000971,sub-448-419/sub-448-419_ses-Opto-DMS-Excitatory-ChR2-2020-12-08T11-43-00_ogen.nwb,28,53,719,3.5217391304347827,14,15.11909262759924,23,231944,60.0,60.0,0
10d58f14-1c8c-4967-9ca3-c015a340871c,001611,sub-26342/sub-26342_ses-20241120T193249_ecephys.nwb,25,52,649,4.105263157894737,13,13.988919667590027,19,11970876,80.0,25.0,1
10e7d4c8-0a3a-4519-a561-1069bc8fe937,001552,sub-JF-VR-FP-F6/sub-JF-VR-FP-F6_ses-Day4.nwb,20,42,448,3.8125,13,11.40234375,16,970014,60.0,25.0,1
10f8478e-ceee-4c50-b29b-0039ef950a7c,000336,sub-635489/sub-635489_ses-1219070517-acq-1219253460-denoised-movies_ophys.nwb,63,261,14296,5.672413793103448,30,41.77199762187871,58,19706141352,1340.0,25.0,1
10fafdfd-6cb1-4b9f-9054-3aee8508e889,001169,sub-L023/sub-L023_ses-RWTautowait2-20230516-125318.nwb,32,118,3087,5.518518518518518,32,48.32373113854595,27,1826645,60.0,25.0,1
10fc62ac-2948-4339-8c4c-cba12a61fa83,000246,sub-phpV14-3/sub-phpV14-3_ses-20230914_obj-141c7la_ophys.nwb,33,46,581,3.5217391304347827,13,12.162570888468805,23,5223902768,1840.0,25.0,1
11066a7c-b2d5-4b00-b98f-22ab1c245fed,000467,sub-ant3-m4-d21-y2022/sub-ant3-m4-d21-y2022_ses-m4-d21-y2022-ant3-0-48x-4-methyl-3-heptanol-40-t162-z70um_ophys.nwb,22,48,624,4.176470588235294,13,14.615916955017303,17,84086336,680.0,180.0,0
111980aa-d43e-4a57-8682-cd6eca7f5ca1,001611,sub-25897/sub-25897_ses-20241107T162634_ecephys.nwb,25,52,649,4.105263157894737,13,13.988919667590027,19,22376548,120.0,25.0,1
1137a5ee-3da4-434d-b892-3aadd0709f1c,001169,sub-S016/sub-S016_ses-RWTautowait2-20210203-105130.nwb,32,116,2974,5.444444444444445,31,46.46913580246915,27,1401686,60.0,25.0,1
1141cd97-db48-4327-8202-5f1ca133c5d2,001550,sub-P167/sub-P167_ses-TaskSwitch4-190321a.nwb,35,112,2625,4.709677419354839,38,47.36732570239335,31,1160788,100.0,25.0,1
115b063e-da11-4f7b-9237-213e3438dc4c,001550,sub-H113/sub-H113_ses-TaskSwitch4-180110a.nwb,33,110,2570,4.896551724137931,38,49.74791914387635,29,1601043,80.0,25.0,1
116633ee-4982-49aa-b5f2-a1ec326ae3c6,000563,sub-697303/sub-697303_ses-1309536438_probe-0_ecephys.nwb,27,55,937,3.772727272727273,14,15.08471074380165,22,1936762136,560.0,25.0,1
1183f978-0573-4a9c-8d78-088bd73222f4,001205,sub-3080465092053494711/sub-3080465092053494711_ses-20220729T155121_ophys.nwb,27,41,539,4.0588235294117645,13,14.878892733564015,17,685295903,380.0,25.0,1
1198014b-d859-4c7f-a592-bf2af236953f,001465,sub-1382207951/sub-1382207951_ses-1382320660_icephys.nwb,375,1536,640992,5.96505376344086,154,126.87781101861489,372,58371113,1860.0,80.0,0
119a43ae-ed15-43e7-ac3b-0cf771ababe2,001169,sub-S057/sub-S057_ses-RWTautowait2-20230307-105001.nwb,32,118,3087,5.518518518518518,32,48.32373113854595,27,1061498,60.0,25.0,1
119ca7ef-1ac8-491f-bb12-afbfd87d597c,000020,sub-645665144/sub-645665144_ses-647045665_icephys.nwb,109,398,27308,5.330188679245283,36,29.10795656817372,106,13940033,20200.0,460.0,0
11fa1cef-8d88-4bc9-99b1-0eeb320e588b,000336,sub-655580/sub-655580_ses-1245775426-acq-1245923074-denoised-movies_ophys.nwb,72,283,15946,5.5,30,39.43181818181818,66,39469895396,1380.0,25.0,1
11fb5c01-9fa3-4c15-9da9-fb554b6a3e13,001359,sub-1321888477/sub-1321888477_ses-1322759417_icephys.nwb,266,1060,276979,5.82509505703422,103,86.50933221529876,263,75934554,1360.0,25.0,1
11ff90f8-fca8-4a47-9d01-671086fa0474,001777,sub-4881/sub-4881_ses-20200729T162943_icephys.nwb,38,91,1496,4.264705882352941,13,7.42993079584775,34,29057952,140.0,25.0,1
122ff931-aad6-4114-a496-3c99f2f199eb,001349,sub-C57-C2-1-AL/sub-C57-C2-1-AL_ses-20_ophys.nwb,32,64,1380,3.923076923076923,13,11.07100591715976,26,33650346,80.0,25.0,1
1230428f-78b1-453a-842a-800fa972af18,000713,sub-553964/sub-553964_ses-None_probe-1087871894_ecephys.nwb,36,62,1087,3.3,14,12.343333333333334,30,4509397616,3340.0,240.0,0
1240e4bd-e175-46ff-beac-ecb12a32ec8a,000959,sub-L/sub-L_ses-20190809_obj-qgo60o_behavior.nwb,40,261,23864,8.333333333333334,15,33.00000000000001,36,17564560,280.0,60.0,0
124b75e8-b65f-4a49-81dc-06b027fddc2e,000707,sub-Temp-pref-F26-B18-5dpf-02-unsorted-nac/sub-Temp-pref-F26-B18-5dpf-02-unsorted-nac_ses-20231017T134400_behavior.nwb,33,53,613,3.0357142857142856,13,8.391581632653063,28,8975986,300.0,25.0,1
1255daee-adf0-4c31-bdab-7d3215af4b83,000711,sub-453991/sub-453991_ses-20190911T121754_image.nwb,50,156,5473,4.478260869565218,24,34.72778827977316,46,196054773,280.0,25.0,1
126ef7d1-575b-449a-aaa2-4b05e4b5bc27,000035,sub-mouse-UEQOU/sub-mouse-UEQOU_ses-20200413-sample-15_slice-20200413-slice-2_cell-20200413-sample-15_icephys.nwb,183,543,89959,4.955307262569832,81,66.57900814581316,179,9085859,10600.0,240.0,0
127c3d44-cd5b-4f42-bc49-ae1bed3322ce,000363,sub-484672/sub-484672_ses-20210318T171131_behavior+ecephys+ogen.nwb,54,157,3844,4.822222222222222,43,48.901728395061724,45,180847649,106340.0,280.0,0
1295af11-3c72-4800-a580-0481d737ac50,001550,sub-P131/sub-P131_ses-TaskSwitch4-180905a.nwb,35,112,2625,4.709677419354839,38,47.36732570239335,31,1509647,100.0,25.0,1
12b190cf-0b40-45fb-8aff-21f688d1175e,001469,sub-Chronic-Implant-1/sub-Chronic-Implant-1_obj-1mol3hx_ecephys.nwb,22,50,766,4.235294117647059,13,16.179930795847753,17,591268128,1140.0,160.0,0
12d89528-6aca-4386-a7b9-c3cce55a05a0,000773,sub-ant4-m1-d18-y2023/sub-ant4-m1-d18-y2023_ses-m1-d18-y2023-ant4-1x-paraffin-oil-40-t138-z5um_ophys.nwb,22,48,624,4.176470588235294,13,14.615916955017303,17,84086336,620.0,160.0,0
12d9733b-664f-4735-a9e3-e5f355392092,000728,sub-657880064/sub-657880064_ses-668528146-StimB_ophys.nwb,23,48,605,4.055555555555555,13,13.163580246913579,18,43841765015,15900.0,25.0,1
12ed0a50-a86e-49e6-b25f-e1dbc86cf563,000773,sub-ant4-m1-d18-y2023/sub-ant4-m1-d18-y2023_ses-m1-d18-y2023-ant4-0-48x-3-hexanone-40-t159-z65um_ophys.nwb,22,48,624,4.176470588235294,13,14.615916955017303,17,84086336,640.0,160.0,0
12fce8b2-f668-4427-ba81-cac4eacee58c,001747,sub-chip19894/sub-chip19894_ses-recording058_ecephys.nwb,22,44,569,3.8823529411764706,13,12.927335640138407,17,10676047207,1600.0,25.0,1
1321c20e-db14-405f-9591-0583bbc92e39,000552,sub-e13-1f1/sub-e13-1f1_ses-e13-1f1-200307_behavior+ecephys.nwb,22,60,943,4.5,16,19.805555555555557,18,13966186,1340.0,220.0,0
133693ad-2fcd-4d6f-adea-766bdf62e9cd,000773,sub-ant1-m1-d11-y2023/sub-ant1-m1-d11-y2023_ses-m1-d11-y2023-ant1-0-03x-3-hexanone-40-t131-z145um_ophys.nwb,22,48,624,4.176470588235294,13,14.615916955017303,17,84086336,680.0,180.0,0
133c5325-1462-4240-9039-9c3d9dcd72e8,000773,sub-ant2-m1-d11-y2023/sub-ant2-m1-d11-y2023_ses-m1-d11-y2023-ant2-0-03x-4-methyl-3-heptanone-40-t166-z130um_ophys.nwb,22,48,624,4.176470588235294,13,14.615916955017303,17,84086336,660.0,180.0,0
133d7083-7a89-4e2c-bc4e-4c4b6c772a1e,000773,sub-ant3-m1-d10-y2023/sub-ant3-m1-d10-y2023_ses-m1-d10-y2023-ant3-0-48x-propionic-acid-40-t136-z90um_ophys.nwb,22,48,624,4.176470588235294,13,14.615916955017303,17,84086336,660.0,180.0,0
133f9ac8-23f5-4070-bf82-5a4d94b2d331,001837,sub-G4-5/sub-G4-5_obj-1lbbdxb_ecephys.nwb,22,45,579,3.9411764705882355,13,12.643598615916957,17,198444,25.0,25.0,1
134f1caa-bdb4-4918-9132-2a94e947f90e,001634,sub-Frodo/sub-Frodo_ses-2_obj-pjmr7q_ecephys.nwb,253,64,23788,3.0526315789473686,38,25.681440443213305,114,617864,60.0,25.0,1
1350a827-f6c3-4c0a-9e5f-1b8e7ca01110,001474,sub-MPK184/sub-MPK184_ses-20240810T120000.nwb,21,45,466,3.823529411764706,13,11.321799307958477,17,11165696,100.0,25.0,1
13601baf-008e-45bf-ad68-94e33376ecb7,000020,sub-836127723/sub-836127723_ses-839522679_icephys.nwb,235,992,218843,6.047413793103448,88,78.95895882877527,232,60443932,44700.0,340.0,0
13633f74-1437-4675-b0c6-1aab9055179a,000959,sub-L/sub-L_ses-20200206_obj-vilicv_behavior.nwb,38,233,18208,7.9411764705882355,14,32.2318339100346,34,17523256,220.0,40.0,0
1370ce6d-4708-4783-aaaf-1d7bb79dff02,001337,sub-241023-Fish90-GCaMP-HB-5dpf-FlowExperiment-warner-temp-stim-Z-3-0/sub-241023-Fish90-GCaMP-HB-5dpf-FlowExperiment-warner-temp-stim-Z-3-0_ses-20241206T165537_ophys.nwb,34,56,809,3.064516129032258,13,8.4474505723205,31,132458386,200.0,25.0,1
13727199-b7df-42cb-bf08-e8d2e48b7594,001169,sub-J010/sub-J010_ses-RWTautowait2-20210324-114834.nwb,32,116,2974,5.444444444444445,31,46.46913580246915,27,1468315,100.0,25.0,1
138a075a-56b8-4152-a9ef-86156e3469e0,001565,sub-sub-29/sub-sub-29_ses-20250831T190843_ophys.nwb,26,60,958,4.45,13,13.547500000000003,20,76495280,80.0,25.0,1
138d05ea-d0d4-4efa-9998-4f063523c1ac,001169,sub-J031/sub-J031_ses-RWTautowait2-20220412-140203.nwb,32,117,3004,5.481481481481482,31,46.397805212620035,27,909507,80.0,25.0,1
13916053-c3c9-42e4-87a2-4f6722cc4a8f,001455,sub-1037942147/sub-1037942147_ses-1038773407_icephys.nwb,281,1481,617543,7.172661870503597,116,109.11407277056051,278,135065910,1580.0,25.0,1
1397600d-0128-4c3e-96d4-be6c54458f80,000409,sub-PL050/sub-PL050_ses-98e0074c-706a-40e5-bbb5-223f97585a99_desc-processed_behavior+ecephys.nwb,96,289,24155,4.651685393258427,32,22.294407271809117,89,1975032434,1620.0,25.0,1
13ae864a-b53e-4bfe-a8ee-1ffe46644723,001249,sub-Ejaculation-3/sub-Ejaculation-3_ses-20221207T222015_image.nwb,18,37,411,3.857142857142857,13,12.551020408163264,14,99850242888,24540.0,25.0,1
13b3be3d-aa68-4fbd-9678-7bc9faa9e6bb,001552,sub-JF-VR-FP-M2/sub-JF-VR-FP-M2_ses-Day8.nwb,20,42,448,3.8125,13,11.40234375,16,893484,60.0,25.0,1
13b5b884-57cc-43b6-ba2f-794617886e2a,000165,sub-Bashir/sub-Bashir_ses-Bashir05-HomeCage_behavior+ecephys.nwb,34,59,1006,4.0,14,20.0,24,259311456,2720.0,180.0,0
13ba3eef-ca5c-4b3d-b816-3110e85e396b,000713,sub-531237/sub-531237_ses-20201008T104616_image.nwb,48,114,2391,3.6818181818181817,23,23.762396694214885,44,188127751,600.0,60.0,0
13c186bf-fafb-4ef8-a5ec-101085b4098b,001550,sub-P150/sub-P150_ses-TaskSwitch4-190614a.nwb,35,112,2625,4.709677419354839,38,47.36732570239335,31,1369503,120.0,25.0,1
13cd5c47-8158-46c8-82ff-7e64915d37da,001865,sub-23332/sub-23332_ses-23332-2-1_behavior+ophys.nwb,38,77,1183,3.65625,13,11.4755859375,32,12767066,120.0,25.0,1
13d09544-3a58-4e30-9de7-685cc81c9de6,001550,sub-P078/sub-P078_ses-TaskSwitch4-180111a.nwb,35,112,2625,4.709677419354839,38,47.36732570239335,31,1848953,140.0,25.0,1
13e2f8d7-0279-4132-82db-f52eb4440d6c,000467,sub-ant3-m4-d27-y2022/sub-ant3-m4-d27-y2022_ses-m4-d27-y2022-ant3-1x-paraffin-oil-40-t122-z35um_ophys.nwb,22,48,624,4.176470588235294,13,14.615916955017303,17,84086336,480.0,120.0,0
13e9579e-e922-4255-b0e7-bb87d902ada9,001746,sub-Mfa220428/sub-Mfa220428_ses-sess-220428d1AS_obj-1l8p1j1_icephys.nwb,69,174,7889,4.816666666666666,23,16.18305555555555,60,9531712,780.0,80.0,0
13f12a49-75bd-43fb-83cf-1ad9cc55e6c2,000022,sub-813701555/sub-813701555_ses-835479236_probe-837761710_ecephys.nwb,26,52,791,3.590909090909091,14,14.878099173553721,22,2077208539,1760.0,60.0,0
13f3dffb-cf94-4b18-82eb-51c936ec83c7,000020,sub-679742038/sub-679742038_ses-679932370_icephys.nwb,226,864,154539,5.533632286995516,72,63.20851012487682,223,57942474,43180.0,420.0,0
13fa3c8f-7ebd-4710-8924-a355bca4462a,000711,sub-453989/sub-453989_ses-20190805T133136_image.nwb,50,156,5473,4.478260869565218,24,34.72778827977316,46,196127930,400.0,25.0,1
1409cee2-08ff-44ec-8643-8232787c4e77,001550,sub-P059/sub-P059_ses-TaskSwitch4-180323a.nwb,35,112,2625,4.709677419354839,38,47.36732570239335,31,1247230,120.0,25.0,1
1425fdf2-e973-43f0-bf47-4cf0c23361a2,001169,sub-S016/sub-S016_ses-RWTautowait2-20210325-102657.nwb,32,116,2974,5.444444444444445,31,46.46913580246915,27,1251201,60.0,25.0,1
142a7780-d6df-475c-a79c-213e5f0ac9df,000467,sub-ant1-m10-d11-y2022/sub-ant1-m10-d11-y2022_ses-m10-d11-y2022-ant1-0-48x-3-hexanone-40-t139-z110um_ophys.nwb,22,48,624,4.176470588235294,13,14.615916955017303,17,84086336,720.0,180.0,0
142da868-ca24-4090-ab5d-df3124ef3795,000232,sub-YT085/sub-YT085_ses-20191211T153227_behavior.nwb,2308,4635,22315081,3.0130208333333335,326,318.53542073567706,2304,29410519,820.0,60.0,0
1471b02e-8fdf-496b-9516-959c25a96850,000773,sub-ant3-m1-d10-y2023/sub-ant3-m1-d10-y2023_ses-m1-d10-y2023-ant3-0-48x-isopropanol-40-t126-z120um_ophys.nwb,22,48,624,4.176470588235294,13,14.615916955017303,17,84086336,660.0,180.0,0
14790c8b-e92b-4416-9ba9-b87f2434970a,001169,sub-S056/sub-S056_ses-RWTautowait2-20230623-112317.nwb,32,118,3087,5.518518518518518,32,48.32373113854595,27,1201206,80.0,25.0,1
1484b539-74b2-4252-bd75-c1bc895e41b4,000467,sub-ant2-m4-d20-y2022/sub-ant2-m4-d20-y2022_ses-m4-d20-y2022-ant2-0-03x-4-methyl-3-heptanone-40-t144-z145um_ophys.nwb,22,48,624,4.176470588235294,13,14.615916955017303,17,84086336,700.0,180.0,0
149832fd-8ffc-478a-912e-33c1bab4760f,001683,sub-BH642/sub-BH642_ses-20241217T183403_ecephys.nwb,28,52,725,4.2105263157894735,13,17.534626038781166,19,657917224,340.0,25.0,1
149e92a7-786f-4da6-bbc3-c3a5a76193c6,000688,sub-C/sub-C_ses-CO-20150713_behavior+ecephys.nwb,31,69,793,3.8461538461538463,13,14.053254437869821,26,75468072,3320.0,780.0,0
14ad2557-1fc8-4cba-b281-6d1028f26ec8,000405,sub-s2/sub-s2_ses-Cl-T3g-121118.nwb,21,65,1025,5.0,16,18.235294117647058,17,54635152,1120.0,180.0,0
14b5d2bd-710a-4c59-a9a1-11ac23a0da60,001550,sub-P007/sub-P007_ses-TaskSwitch4-161122a.nwb,33,110,2570,4.896551724137931,38,49.74791914387635,29,1476292,60.0,25.0,1
14bf8333-5a76-4933-ad77-58a703cf853a,001550,sub-P135/sub-P135_ses-TaskSwitch4-180822a.nwb,35,112,2625,4.709677419354839,38,47.36732570239335,31,1358890,60.0,25.0,1
14c9a373-8447-424c-884c-bc1de6ebc261,001169,sub-J048/sub-J048_ses-RWTautowait2-20220915-152306.nwb,32,117,3004,5.481481481481482,31,46.397805212620035,27,1507975,100.0,25.0,1
14ca57a3-bda1-4386-b40e-8adb5be8d856,001550,sub-P095/sub-P095_ses-TaskSwitch4-181202a.nwb,35,112,2625,4.709677419354839,38,47.36732570239335,31,1281830,25.0,25.0,1
14d10dd5-651b-48e1-9e76-8049480c8dec,000773,sub-ant5-m1-d10-y2023/sub-ant5-m1-d10-y2023_ses-m1-d10-y2023-ant5-0-48x-3-hexanone-40-t179-z115um_ophys.nwb,22,48,624,4.176470588235294,13,14.615916955017303,17,84086336,640.0,160.0,0
14e226d0-90ad-4a69-b4eb-82013dd2891d,000020,sub-666414077/sub-666414077_ses-667319610_icephys.nwb,84,308,15761,5.3580246913580245,36,26.377991159884168,81,13030922,17200.0,420.0,0
14e44f01-1ab6-4f2f-97a5-3176f1820da8,000341,"Human_persistent_RAF/sub-161202/sub-161202_ses-1612023rm-4-1,2,3-3_icephys.nwb",2242,10034,33297242,6.480107286544479,1110,1092.0618528271125,2237,244247888,8200.0,25.0,1
14e64cef-1e15-4540-a329-4dbc93789c12,001550,sub-P100/sub-P100_ses-TaskSwitch4-171202a.nwb,35,112,2625,4.709677419354839,38,47.36732570239335,31,1119143,80.0,25.0,1
1505905b-fa26-4932-8045-ab03b628da76,000773,sub-ant4-m4-d6-y2023/sub-ant4-m4-d6-y2023_ses-m4-d6-y2023-ant4-0-48x-ethanol-40-t165-z45um_ophys.nwb,22,48,624,4.176470588235294,13,14.615916955017303,17,84086336,600.0,160.0,0
1509aa15-0aa0-4e57-9173-934e1da39953,000773,sub-ant3-m2-d24-y2023/sub-ant3-m2-d24-y2023_ses-m2-d24-y2023-ant3-0-48x-ethanol-40-t188-z140um_ophys.nwb,22,48,624,4.176470588235294,13,14.615916955017303,17,84086336,620.0,160.0,0
1511c7a0-0bf6-4714-beb3-a1490528ee59,001455,sub-885375536/sub-885375536_ses-889486632_icephys.nwb,154,630,85430,5.9072847682119205,54,49.315907197052766,151,21121408,600.0,25.0,1
15127a03-898e-434e-8f0f-d63e7fbc1eab,000988,sub-123658cell1vsteady1-488on-really/sub-123658cell1vsteady1-488on-really_ses-20230117T123658_image.nwb,39,61,910,3.96,13,14.198399999999998,25,409009298,480.0,25.0,1
15178707-1039-42b2-82dc-b4989b33e00b,001552,sub-JF-dLight-ramp2-M2/sub-JF-dLight-ramp2-M2_ses-Day12.nwb,24,49,497,3.4285714285714284,13,9.863945578231291,21,1443446,60.0,25.0,1
152c8194-1369-416d-9046-01911efb3300,000020,sub-680831309/sub-680831309_ses-681837199_icephys.nwb,112,413,29725,5.36697247706422,36,29.700193586398456,109,13759725,20200.0,400.0,0
153dafce-cb19-4d56-b186-07611b5afbad,001169,sub-J064/sub-J064_ses-RWTautowait2-20230414-102132.nwb,32,118,3087,5.518518518518518,32,48.32373113854595,27,1228310,60.0,25.0,1
15416d46-8d5d-4404-a5af-2b55dee2f9e5,000232,sub-YT085/sub-YT085_ses-20191213T133401_behavior.nwb,1958,3935,15994781,3.015353121801433,276,268.6568778947525,1954,24681989,1060.0,25.0,1
154e48dc-277b-4276-bc1c-750e2f933674,000628,sub-Pa/sub-Pa_ses-20210209T183455_behavior.nwb,2418,7216,51538538,4.0004152823920265,2393,2371.254567933852,2408,85268407,980.0,100.0,0
154e9193-bac4-4122-a13b-38d78697c027,000711,sub-523922/sub-523922_ses-20200820T100000_image.nwb,50,156,5473,4.478260869565218,24,34.72778827977316,46,196063329,420.0,25.0,1
155883d2-5a92-48da-a518-149f2f737f7f,001281,sub-211214/sub-211214_ses-2112141lr-1-1-4_icephys.nwb,66,242,14234,5.770491803278689,22,14.668637463047572,61,32041592,5620.0,140.0,0
1560a3f6-6cc3-4c7a-b351-6fc46ecbc0f6,000008,sub-mouse-XECLH/sub-mouse-XECLH_ses-20180327-sample-6_slice-20180327-slice-6_cell-20180327-sample-6_icephys.nwb,181,538,87573,4.96045197740113,80,65.58600657537744,177,8651567,13480.0,440.0,0
156200f0-ae28-4787-9b27-c0768ddd4bf9,001550,sub-P101/sub-P101_ses-TaskSwitch4-180211a.nwb,35,114,2779,4.774193548387097,40,51.78772112382935,31,821214,25.0,25.0,1
15700823-31b5-4663-87ce-730740b1fb9a,000713,sub-536480/sub-536480_ses-20201119T233405.nwb,73,255,9592,5.419354838709677,32,43.53381893860562,62,3358358586,3700.0,60.0,0
15cab0eb-cca0-4d20-aecf-c23754de6ef7,000711,sub-476970/sub-476970_ses-20191101T132832_image.nwb,50,156,5473,4.478260869565218,24,34.72778827977316,46,196059408,280.0,25.0,1
15d8891d-5a34-47c3-a1cb-c79970d510b0,001611,sub-26265/sub-26265_ses-20241224T160129_ecephys.nwb,25,52,649,4.105263157894737,13,13.988919667590027,19,11940536,100.0,25.0,1
15d97611-b457-4f4e-98b0-3840bf043b4a,000946,sub-BH537/sub-BH537_ses-20240108T221542_ecephys.nwb,28,50,690,4.333333333333333,14,17.0,18,2001016,120.0,80.0,0
15e92cbd-9ca8-4d78-a99a-916a48f3ecb6,001169,sub-M015/sub-M015_ses-RWTautowait2-20201014-134359.nwb,32,117,3004,5.481481481481482,31,46.397805212620035,27,1327391,80.0,25.0,1
15f4dae7-d30f-48b4-88b9-d13c5d4fe863,001634,sub-Frodo/sub-Frodo_ses-5_obj-1y5rspx_ecephys.nwb,253,69,23370,3.043103448275862,36,24.368831747919153,116,725608,40.0,25.0,1
16081281-90b3-4e70-82ae-6cbdcaa34923,000728,sub-572569275/sub-572569275_ses-591430494-StimA_ophys.nwb,23,48,605,4.055555555555555,13,13.163580246913579,18,38902886646,15500.0,25.0,1
161606bd-2aed-4ccb-95b7-1ac411de7508,000467,sub-ant3-m10-d6-y2022/sub-ant3-m10-d6-y2022_ses-m10-d6-y2022-ant3-0-48x-isopropanol-40-t175-z90um_ophys.nwb,22,48,624,4.176470588235294,13,14.615916955017303,17,84086336,680.0,180.0,0
1638538f-1d2f-4358-acd7-19a058ae59ee,000467,sub-ant4-m4-d20-y2022/sub-ant4-m4-d20-y2022_ses-m4-d20-y2022-ant4-0-03x-4-methyl-3-heptanone-40-t203-z95um_ophys.nwb,22,48,624,4.176470588235294,13,14.615916955017303,17,84086336,680.0,180.0,0
163a9ec7-a9d3-4f10-8187-eb62d462d99c,001550,sub-P135/sub-P135_ses-TaskSwitch4-180821a.nwb,35,112,2625,4.709677419354839,38,47.36732570239335,31,1288248,25.0,25.0,1
1644ea9a-76e4-4d74-af97-81e5583c594e,000467,sub-ant2-m4-d26-y2022/sub-ant2-m4-d26-y2022_ses-m4-d26-y2022-ant2-0-48x-6-methyl-5-hepten-2-one-40-t181-z85um_ophys.nwb,22,48,624,4.176470588235294,13,14.615916955017303,17,84086336,660.0,160.0,0
165436be-560e-434a-841e-695acd428ecb,001475,sub-HSB-W20-17/sub-HSB-W20-17_ses-20250328_cell-as72_obj-1kc3n5a_icephys.nwb,54,138,4015,4.44,15,8.8864,50,5097176,560.0,80.0,0
1655aa60-daf4-4153-a1cb-998b4db169ec,001776,sub-M18G/sub-M18G_ses-20220426T111909_obj-1ik5ouw_icephys.nwb,160,573,94607,5.71523178807947,65,50.05797991316171,151,52025421,500.0,25.0,1
1657f46b-f443-4e76-b67e-154168919426,001550,sub-P189/sub-P189_ses-TaskSwitch6-190520a.nwb,33,111,2646,4.931034482758621,39,52.064209274673004,29,1398687,80.0,25.0,1
165fbc75-fe3b-4dcf-8ad2-e8f754be908e,000467,sub-ant3-m10-d11-y2022/sub-ant3-m10-d11-y2022_ses-m10-d11-y2022-ant3-1x-paraffin-oil-40-t167-z125um_ophys.nwb,22,48,624,4.176470588235294,13,14.615916955017303,17,84086336,680.0,180.0,0
1670382d-1a59-47b2-9e05-1d81cdf941f8,001184,sub-41/sub-41_ses-session-hheise-M041-2020-08-18-01_behavior+image+ophys.nwb,43,77,1114,3.1794871794871793,13,8.352399737015123,39,707663360,1840.0,160.0,0
169986e1-9aaa-47e6-a822-464c36b88c5d,000467,sub-ant3-m4-d21-y2022/sub-ant3-m4-d21-y2022_ses-m4-d21-y2022-ant3-0-12x-6-methyl-5-hepten-2-one-40-t142-z20um_ophys.nwb,22,48,624,4.176470588235294,13,14.615916955017303,17,84086336,660.0,160.0,0
169bd120-c7cb-45cf-8fe2-236f32d7fcc9,001169,sub-G071/sub-G071_ses-RWTautowait2-20220721-154258.nwb,32,117,3004,5.481481481481482,31,46.397805212620035,27,1329046,80.0,25.0,1
16a02a53-9746-45a3-a212-8081ce6b6834,001169,sub-L004/sub-L004_ses-RWTautowait2-20220919-112626.nwb,32,117,3004,5.481481481481482,31,46.397805212620035,27,783794,60.0,25.0,1
16b36d63-955f-4df3-a201-0fb3bfab382a,000773,sub-ant1-m4-d6-y2023/sub-ant1-m4-d6-y2023_ses-m4-d6-y2023-ant1-0-48x-propionic-acid-40-t143-z30um_ophys.nwb,22,48,624,4.176470588235294,13,14.615916955017303,17,84086336,620.0,160.0,0
16b7193d-b586-41d4-a08b-b49d432b4fbf,000570,sub-700619648/sub-700619648_ses-701071858_icephys.nwb,205,824,168770,5.866336633663367,78,59.68015390647974,202,15151172,16600.0,360.0,0
16e09d4a-0611-4043-9972-1b78bbf27167,001836,sub-eliot/sub-eliot_ses-eliot-20221022_obj-1j2k9zk_behavior.nwb,72,71,1614,2.9491525423728815,33,26.69232979029014,59,65297928,25.0,25.0,1
16e519cd-1a57-4692-9811-af49a30e3fbf,000535,sub-467422/sub-467422_ses-20190701T200429_behavior+ophys.nwb,32,49,593,3.1538461538461537,13,9.89940828402367,26,132350748,600.0,100.0,0
16f1d6ae-e039-49b4-b208-9e70e965116a,000773,sub-ant2-m1-d11-y2023/sub-ant2-m1-d11-y2023_ses-m1-d11-y2023-ant2-0-03x-ethanol-40-t154-z115um_ophys.nwb,22,48,624,4.176470588235294,13,14.615916955017303,17,84086336,660.0,180.0,0
16fd10ea-9e50-4f28-9f52-1eed6c1e76a4,001676,sub-A0667/sub-A0667_ses-20230118T100934_behavior+ophys.nwb,35,66,895,3.433333333333333,13,10.245555555555557,30,107576136,220.0,25.0,1
170aae38-c700-4e82-b63c-606642d8bdf5,001169,sub-G036/sub-G036_ses-RWTautowait2-20211209-115754.nwb,32,117,3004,5.481481481481482,31,46.397805212620035,27,967993,25.0,25.0,1
171d5b43-da47-408f-9d72-c5ad44d5ec29,000773,sub-ant1-m1-d17-y2023/sub-ant1-m1-d17-y2023_ses-m1-d17-y2023-ant1-0-03x-propionic-acid-40-t131-z60um_ophys.nwb,22,48,624,4.176470588235294,13,14.615916955017303,17,84086336,640.0,180.0,0
17321371-9eee-429b-905e-4f8f3889f88d,000728,sub-549890582/sub-549890582_ses-562122508-StimA_ophys.nwb,23,48,605,4.055555555555555,13,13.163580246913579,18,38514457832,15320.0,40.0,0
1746dde6-851a-4d4a-bfb5-f3e3ef043419,000020,sub-922885324/sub-922885324_ses-926828388_icephys.nwb,153,599,74129,5.693333333333333,51,42.73262222222221,150,24206587,25460.0,340.0,0
177547e1-b138-4298-9b6d-61b2964364b3,001169,sub-L008/sub-L008_ses-RWTautowait2-20211130-154722.nwb,32,116,2974,5.444444444444445,31,46.46913580246915,27,1029184,60.0,25.0,1
1786701c-de24-4251-a21f-1dc5daa4ab59,001348,sub-1343882723/sub-1343882723_ses-1343941361_icephys.nwb,344,1385,497767,5.914956011730205,144,131.03968834117356,341,69326877,1660.0,80.0,0
1793a8da-bb52-49ee-b4b5-73ddaec28df9,000711,sub-449441/sub-449441_ses-20190517T092832_image.nwb,50,156,5473,4.478260869565218,24,34.72778827977316,46,196135530,440.0,40.0,0
17a10162-9910-4847-a11a-3a5f52fabb2d,000246,sub-AAV-CaMPARI1-C8/sub-AAV-CaMPARI1-C8_obj-1ga96zq_ophys.nwb,31,41,560,3.8421052631578947,13,14.027700831024932,19,8564888,40.0,25.0,1
17b15c6a-0c0f-4dbf-b24a-a15d6814d535,001611,sub-26265/sub-26265_ses-20241223T061356_ecephys.nwb,25,52,649,4.105263157894737,13,13.988919667590027,19,15681852,80.0,25.0,1
17ceee96-42cd-4a0d-8b4b-1771e5e2596a,000467,sub-ant2-m10-d11-y2022/sub-ant2-m10-d11-y2022_ses-m10-d11-y2022-ant2-0-48x-ethanol-40-t155-z85um_ophys.nwb,22,48,624,4.176470588235294,13,14.615916955017303,17,84086336,680.0,180.0,0
17d5d88e-8fa9-48d1-b71b-9af4a99bd90b,001455,sub-640279015/sub-640279015_ses-642753100_icephys.nwb,85,293,15470,5.146341463414634,33,23.905413444378343,82,12130650,340.0,25.0,1
17e1b436-8ff4-40fb-89f3-c9c6ba515317,000467,sub-ant2-m4-d26-y2022/sub-ant2-m4-d26-y2022_ses-m4-d26-y2022-ant2-0-48x-4-methyl-3-heptanone-40-t189-z80um_ophys.nwb,22,48,624,4.176470588235294,13,14.615916955017303,17,84086336,660.0,180.0,0
17e57981-6b48-4865-a274-1789c7a41019,000713,sub-544838/sub-544838_ses-None_probe-1066004528_ecephys.nwb,36,62,1087,3.3,14,12.343333333333334,30,4584191996,3320.0,240.0,0
18051e63-2452-4e9d-8a71-3d41ceef71dd,000988,sub-144218Plate3-Cell1-0-1-0-25/sub-144218Plate3-Cell1-0-1-0-25_ses-20240924T144218_image.nwb,30,41,457,3.888888888888889,13,13.87654320987654,18,473601656,240.0,25.0,1
1829fcd4-5191-4b16-a89e-be6819c7f88c,000773,sub-ant6-m1-d10-y2023/sub-ant6-m1-d10-y2023_ses-m1-d10-y2023-ant6-0-48x-isopropanol-40-t208-z0um_ophys.nwb,22,48,624,4.176470588235294,13,14.615916955017303,17,84086336,640.0,160.0,0
183b685c-c1c9-44d9-8cb6-4787ab29023a,001625,sub-1439593019/sub-1439593019_ses-1439809167_icephys.nwb,247,952,211639,5.668032786885246,92,79.49225678581027,244,63653365,1220.0,25.0,1
1840adac-4efb-40c8-b143-3d6189c1d2b3,001832,sub-test-animal02-slice02-roi04/sub-test-animal02-slice02-roi04_ses-MB++AChFP++pan++PD++none++WT++20250424182242_ophys.nwb,41,92,1470,4.088235294117647,13,11.609861591695504,34,7183099,80.0,25.0,1
184362d0-5042-416f-8786-ac63cba6c9b0,000020,sub-729729920/sub-729729920_ses-732764684_icephys.nwb,119,450,36681,5.491379310344827,39,33.025787752675384,116,17158746,21520.0,380.0,0
1880f46b-77d0-4aa9-9c32-20923e00340d,000773,sub-ant6-m1-d10-y2023/sub-ant6-m1-d10-y2023_ses-m1-d10-y2023-ant6-0-48x-isopropanol-40-t208-z115um_ophys.nwb,22,48,624,4.176470588235294,13,14.615916955017303,17,84086336,660.0,180.0,0
18826628-71b4-49e4-9daf-30ed3c0fb61e,000467,sub-ant2-m4-d26-y2022/sub-ant2-m4-d26-y2022_ses-m4-d26-y2022-ant2-0-03x-6-methyl-5-hepten-2-one-40-t170-z120um_ophys.nwb,22,48,624,4.176470588235294,13,14.615916955017303,17,84086336,680.0,180.0,0
189342e5-95fa-46dc-a598-eaaebf5e5ada,000713,sub-560356/sub-560356_ses-None_probe-1094071978_ecephys.nwb,36,62,1087,3.3,14,12.343333333333334,30,4947587768,3980.0,260.0,0
18936886-71d4-40e3-849a-d51707e3ecbc,000971,sub-89-247/sub-89-247_ses-FP-PR-2019-02-21T09-35-32_behavior.nwb,26,52,651,3.5,13,13.886363636363637,22,236016,60.0,25.0,1
18a3297d-ecb6-4da1-a182-49b2ae242359,000711,sub-541329/sub-541329_ses-20201124T131427_image.nwb,50,156,5473,4.478260869565218,24,34.72778827977316,46,196096124,220.0,25.0,1
18ce4f3f-69e8-48fb-b186-1341bc6b34c4,001550,sub-P078/sub-P078_ses-TaskSwitch4-161103a.nwb,35,112,2625,4.709677419354839,38,47.36732570239335,31,883615,60.0,25.0,1
18d07e38-deaf-4882-adc2-0fda4c1f4ac1,001702,sub-FAD--L-CA2-20X-SF2/sub-FAD--L-CA2-20X-SF2_obj-d3rfus.nwb,16,37,446,4.7272727272727275,13,15.47107438016529,11,185480,60.0,25.0,1
18db7b69-9d84-4b00-b0c3-b3b7696bd8b1,000773,sub-ant1-m2-d24-y2023/sub-ant1-m2-d24-y2023_ses-m2-d24-y2023-ant1-0-48x-ethanol-40-t139-z110um_ophys.nwb,22,48,624,4.176470588235294,13,14.615916955017303,17,84086336,600.0,160.0,0
18e48898-db51-4d26-a1b4-7189c6ad0970,001475,sub-HSB-W20-17/sub-HSB-W20-17_ses-20250324_cell-ar69_obj-1bu12wv_icephys.nwb,64,168,6490,4.533333333333333,20,11.782222222222224,60,3526600,520.0,80.0,0
18e5059b-c1a5-48d6-8bbc-f1a20b02c11b,001169,sub-G070/sub-G070_ses-RWTautowait2-20220908-154839.nwb,32,117,3004,5.481481481481482,31,46.397805212620035,27,1082182,60.0,25.0,1
18ed975a-9a3e-41b0-9f28-94fe71e5216b,001169,sub-L024/sub-L024_ses-RWTautowait2-20230509-103651.nwb,32,118,3087,5.518518518518518,32,48.32373113854595,27,1007269,80.0,25.0,1
18efee01-0301-4f53-855d-e9a415d73289,001452,sub-61/sub-61_ses-20250516T215302_icephys.nwb,30,60,911,4.0,13,8.88,25,994872,60.0,25.0,1
18fc4d2d-d87c-48f4-abda-d5db15e2ed65,000713,sub-560356/sub-560356_ses-20210223T113253_image.nwb,48,115,2402,3.7045454545454546,23,23.889979338842977,44,188103619,280.0,25.0,1
190c3c13-38da-4eab-aa6e-814067cda32c,001169,sub-G031/sub-G031_ses-RWTautowait2-20210820-161215.nwb,32,117,3004,5.481481481481482,31,46.397805212620035,27,1011908,60.0,25.0,1
1930b135-3eff-404a-b180-2ce9ef801d34,000713,sub-544838/sub-544838_ses-20201124T220751.nwb,73,255,9592,5.419354838709677,32,43.53381893860562,62,2858388272,3360.0,25.0,1
19430f4b-9fda-4492-bac3-47c5ca072fa3,001455,sub-644988704/sub-644988704_ses-645530099_icephys.nwb,105,371,25904,5.235294117647059,36,28.532871972318333,102,13566788,480.0,25.0,1
19443051-093d-4b9d-96c4-a302fc2c1e44,000971,sub-112-283/sub-112-283_ses-FP-PS-2019-06-18T10-36-28_behavior.nwb,26,52,651,3.5,13,13.886363636363637,22,236016,60.0,60.0,0
195f275c-87fa-48eb-9297-1244507a24c8,001841,sub-subject-ID-ST408/sub-subject-ID-ST408_ses-20191009T162613_icephys.nwb,29,62,907,3.9166666666666665,13,9.409722222222223,24,1310435,25.0,25.0,1
196492eb-95a8-412a-b96f-76d8170258b2,000579,sub-10/sub-10_ses-mouse-10-session-date-2017-10-10-area-visA-L23-multi-plane-imaging_behavior+ophys.nwb,85,193,12100,4.164383561643835,17,15.53462188027773,73,410560147,7280.0,200.0,0
1968105b-d817-46b0-bcc6-0eb7e089ae75,001169,sub-J079/sub-J079_ses-RWTautowait2-20230623-112819.nwb,32,118,3087,5.518518518518518,32,48.32373113854595,27,948986,120.0,25.0,1
19726a55-fff7-48b8-a16a-d9f4c459b188,001169,sub-J048/sub-J048_ses-RWTautowait2-20221019-150915.nwb,32,118,3087,5.518518518518518,32,48.32373113854595,27,1426028,80.0,25.0,1
19829e38-5421-4cab-b918-11739964d4bf,001841,sub-subject-ID-ST438/sub-subject-ID-ST438_ses-20200228T145845_icephys.nwb,87,230,13320,4.554216867469879,30,18.4398316156191,83,1406743,25.0,25.0,1
1987b110-838d-4531-92b8-4b02f35fd126,000008,sub-mouse-SOYWW/sub-mouse-SOYWW_ses-20190606-sample-3_slice-20190606-slice-3_cell-20190606-sample-3_icephys.nwb,181,538,87573,4.96045197740113,80,65.58600657537744,177,8795642,14140.0,440.0,0
198e5281-a5ea-43e4-a92f-d5b8b7fdae8a,001550,sub-P167/sub-P167_ses-TaskSwitch4-180804a.nwb,35,111,2551,4.67741935483871,37,45.25078043704474,31,1204284,60.0,25.0,1
1995d964-1763-4c5e-9645-fc64f3b9282f,001550,sub-P100/sub-P100_ses-TaskSwitch4-181116a.nwb,35,112,2625,4.709677419354839,38,47.36732570239335,31,1504762,60.0,25.0,1
19ad8063-e009-4e10-9055-2151a16d32b4,001634,sub-Frodo/sub-Frodo_ses-4_obj-1d8dws6_ecephys.nwb,254,78,24032,3.1565217391304348,38,26.56680529300567,115,775448,80.0,25.0,1
19b0f7c0-9305-4db1-9e1f-6ae1a1b8eb1e,001550,sub-P013/sub-P013_ses-TaskSwitch3-151025a.nwb,33,109,2496,4.862068965517241,37,47.49821640903686,29,1518114,25.0,25.0,1
19b8a0b1-ba05-4ce1-bfd7-39f7b77152fc,001550,sub-P150/sub-P150_ses-TaskSwitch4-190323a.nwb,35,112,2625,4.709677419354839,38,47.36732570239335,31,1287280,25.0,25.0,1
19bb9fcd-0e21-4e1e-940e-79eef4a473c6,000971,sub-88-239/sub-88-239_ses-FP-DPR-2019-02-25T11-31-14_behavior.nwb,26,52,651,3.5,13,13.886363636363637,22,238064,520.0,160.0,0
19bc3c64-97de-47d7-8fed-583c276ddc7e,001611,sub-26303/sub-26303_ses-20250320T063306_ecephys.nwb,25,52,649,4.105263157894737,13,13.988919667590027,19,18562416,100.0,25.0,1
19d11ea9-09a2-46e5-bd37-391833568651,001550,sub-P135/sub-P135_ses-TaskSwitch4-180304a.nwb,35,112,2625,4.709677419354839,38,47.36732570239335,31,1305351,60.0,25.0,1
19e9c49a-cfc4-43e1-bb97-7e016ed0e1bb,001169,sub-S025/sub-S025_ses-RWTautowait2-20210603-132134.nwb,32,117,3004,5.481481481481482,31,46.397805212620035,27,946672,80.0,25.0,1
1a0a3fb8-b94f-45d7-ad87-dc3a9dec9690,000467,sub-ant2-m4-d20-y2022/sub-ant2-m4-d20-y2022_ses-m4-d20-y2022-ant2-1x-paraffin-oil-40-t127-z20um_ophys.nwb,22,48,624,4.176470588235294,13,14.615916955017303,17,84086336,660.0,180.0,0
1a181330-4336-4115-afa0-f5d25f67b1ce,000773,sub-ant1-m1-d11-y2023/sub-ant1-m1-d11-y2023_ses-m1-d11-y2023-ant1-0-03x-3-hexanone-40-t131-z155um_ophys.nwb,22,48,624,4.176470588235294,13,14.615916955017303,17,84086336,660.0,160.0,0
1a1e30fc-bd65-40dd-9db4-cea1d49e54a8,001634,sub-Bilbo/sub-Bilbo_ses-5_obj-1hjgrto_ecephys.nwb,251,64,23194,3.0350877192982457,36,24.48999692212988,114,614856,60.0,25.0,1
1a255089-d1d2-47a4-befb-dec71a9488fb,001550,sub-P187/sub-P187_ses-TaskSwitch6-200224b.nwb,33,110,2570,4.896551724137931,38,49.74791914387635,29,885406,60.0,25.0,1
1a2814ba-5e47-4f62-9123-b5abe01809aa,001169,sub-J001/sub-J001_ses-RWTautowait2-20201002-153957.nwb,32,117,3004,5.481481481481482,31,46.397805212620035,27,1005884,80.0,25.0,1
1a29a25b-fbd0-49fa-aff7-dc298b09b3bc,000773,sub-ant4-m1-d10-y2023/sub-ant4-m1-d10-y2023_ses-m1-d10-y2023-ant4-0-48x-ethanol-40-t155-z160um_ophys.nwb,22,48,624,4.176470588235294,13,14.615916955017303,17,84086336,660.0,180.0,0
1a2f2bbd-7ccc-4073-b817-3ea8606a0019,001414,sub-Ca7/sub-Ca7_ses-20250110-7-bPAC-awake-rec1_ophys.nwb,27,45,590,4.294117647058823,13,16.913494809688583,17,673687378,280.0,25.0,1
1a30adaa-5554-4717-812e-46cff1750805,001169,sub-J016/sub-J016_ses-RWTautowait2-20211005-141532.nwb,32,116,2974,5.444444444444445,31,46.46913580246915,27,1271997,60.0,25.0,1
1a3a32dd-c723-40df-a18d-2dfda8c78683,000713,sub-540536/sub-540536_ses-20201123T152808_image.nwb,48,115,2402,3.7045454545454546,23,23.889979338842977,44,191453129,520.0,25.0,1
1a40d1d8-8a5d-4a28-be07-847e925cae32,000628,sub-Ye/sub-Ye_ses-20191102T130104_behavior.nwb,9055,27127,733868597,4.000110558319514,9030,9008.067772237642,9045,317866746,5980.0,120.0,0
1a4a64fb-d17b-4b73-8f53-7980bd7087d3,001038,sub-Anxa-J079/sub-Anxa-J079_ses-20220419-0004.nwb,49,102,2105,4.108108108108108,16,14.258582907231554,37,14867431,120.0,25.0,1
1a4a94f8-0383-4e54-b7f0-47a2fbb000b0,001550,sub-P074/sub-P074_ses-TaskSwitch4-180129a.nwb,35,112,2625,4.709677419354839,38,47.36732570239335,31,963096,40.0,25.0,1
1a668378-2a82-4c06-b69e-ded04fd3dc99,000766,sub-Calcacre/sub-Calcacre_ses-20210405T153000_obj-1ty8laq.nwb,17,35,401,3.923076923076923,13,13.609467455621298,13,194824,100.0,60.0,0
1a826162-62b2-4b97-974e-e65f7d1daa5a,000971,sub-286-409/sub-286-409_ses-Opto-DMS-Inhibitory-NpHR-2020-10-07T10-39-21_ogen.nwb,31,57,737,3.2962962962962963,14,13.615912208504804,27,248424,80.0,60.0,0
1a8b727a-c169-4be9-a351-b3fd9944602c,001169,sub-G099/sub-G099_ses-RWTautowait2-20230323-151447.nwb,32,118,3087,5.518518518518518,32,48.32373113854595,27,1108447,60.0,25.0,1
1aa14262-39a3-4486-a16f-0250482215d1,001550,sub-P055/sub-P055_ses-TaskSwitch4-161116a.nwb,35,112,2625,4.709677419354839,38,47.36732570239335,31,919111,25.0,25.0,1
1aae0ecb-6733-4a44-b79e-6bc7e535305a,000728,sub-646855414/sub-646855414_ses-657391625-StimA_ophys.nwb,23,48,605,4.055555555555555,13,13.163580246913579,18,42831127601,16080.0,25.0,1
1aba8671-4bd7-478e-8e87-324d7698eb0c,001611,sub-25897/sub-25897_ses-20241109T024501_ecephys.nwb,25,52,649,4.105263157894737,13,13.988919667590027,19,31058688,100.0,25.0,1
1acac8fb-d810-4caf-81db-7d848d90674f,001169,sub-G088/sub-G088_ses-RWTautowait2-20221207-152725.nwb,32,118,3087,5.518518518518518,32,48.32373113854595,27,1560304,60.0,25.0,1
1acda188-eec2-493b-b27a-34a60b0a8be3,001051,sub-615048/sub-615048_ses-None_probe-210_ecephys.nwb,36,62,1087,3.3,14,12.343333333333334,30,3042167704,1360.0,25.0,1
1ad89777-a296-40d2-be59-3ee8297f5834,001518,sub-CHO-20250124-c10/sub-CHO-20250124-c10_obj-12ymrmm_image.nwb,17,38,431,4.153846153846154,13,13.668639053254442,13,36854237,100.0,25.0,1
1ae0fea6-9624-456d-a8bc-5734657e510d,000711,sub-453911/sub-453911_ses-20190605T085016_image.nwb,50,156,5473,4.478260869565218,24,34.72778827977316,46,196141644,320.0,60.0,0
1af48d44-db61-4c2d-a2c5-70413142e17e,000467,sub-ant2-m4-d26-y2022/sub-ant2-m4-d26-y2022_ses-m4-d26-y2022-ant2-0-48x-4-methyl-3-heptanol-40-t182-z100um_ophys.nwb,22,48,624,4.176470588235294,13,14.615916955017303,17,84086336,660.0,180.0,0
1af669f4-7d34-45ea-a096-327b737583e0,000773,sub-ant1-m1-d20-y2023/sub-ant1-m1-d20-y2023_ses-m1-d20-y2023-ant1-0-48x-ethylpyrazine-40-t134-z50um_ophys.nwb,22,48,624,4.176470588235294,13,14.615916955017303,17,84086336,620.0,160.0,0
1afb6161-1ffc-4d0b-8861-c21e0af04325,000467,sub-ant1-m10-d6-y2022/sub-ant1-m10-d6-y2022_ses-m10-d6-y2022-ant1-1x-paraffin-oil-40-t125-z95um_ophys.nwb,22,48,624,4.176470588235294,13,14.615916955017303,17,84086336,720.0,180.0,0
1b15e8c6-7b7a-45e0-82a6-8e138766e420,000253,sub-645495/sub-645495_ses-1224930300_probe-0_ecephys.nwb,27,55,937,3.772727272727273,14,15.08471074380165,22,6941975332,5900.0,80.0,0
1b1fe7aa-21ab-4b16-843e-75ec2e2227f9,001847,sub-PB179/sub-PB179_ses-PB179-20240516-140203_behavior.nwb,30,114,2920,5.5,36,55.78846153846154,26,573772,25.0,25.0,1
1b2f7406-b4be-4f36-8689-f36203adde9e,001550,sub-P131/sub-P131_ses-TaskSwitch4-181113a.nwb,35,112,2625,4.709677419354839,38,47.36732570239335,31,1582952,80.0,25.0,1
1b336290-142e-403a-9dc6-0b8060005cf3,000467,sub-ant2-m10-d11-y2022/sub-ant2-m10-d11-y2022_ses-m10-d11-y2022-ant2-0-48x-isopropanol-40-t160-z145um_ophys.nwb,22,48,624,4.176470588235294,13,14.615916955017303,17,84086336,680.0,180.0,0
1b360a4b-6dcb-4c42-81d2-8d7d0872e5b5,000467,sub-ant3-m4-d26-y2022/sub-ant3-m4-d26-y2022_ses-m4-d26-y2022-ant3-0-48x-4-methyl-3-hexanol-40-t212-z10um_ophys.nwb,22,48,624,4.176470588235294,13,14.615916955017303,17,84086336,580.0,140.0,0
1b3c1b31-618e-4ab1-9159-3e8dccbf808e,000467,sub-ant3-m4-d21-y2022/sub-ant3-m4-d21-y2022_ses-m4-d21-y2022-ant3-0-48x-4-methyl-3-heptanone-40-t161-z100um_ophys.nwb,22,48,624,4.176470588235294,13,14.615916955017303,17,84086336,660.0,160.0,0
1b3c6c72-583c-41a3-9da5-8a8673e9c42f,000711,sub-467302/sub-467302_ses-20190903T115840_image.nwb,50,156,5473,4.478260869565218,24,34.72778827977316,46,196131042,300.0,25.0,1
1b54919e-3b89-4c87-b577-6b8073e4dadb,001414,sub-whisk-alb2/sub-whisk-alb2_ses-20250123-2-ctrl-KX-ROI2-whisker2min_ophys.nwb,32,49,624,3.8181818181818183,13,14.148760330578511,22,652648640,280.0,25.0,1
1b589146-d737-4e72-9a32-57340d26bea1,001169,sub-S056/sub-S056_ses-RWTautowait2-20230421-135830.nwb,32,118,3087,5.518518518518518,32,48.32373113854595,27,1051133,60.0,25.0,1
1b74bf4b-5b8e-4a73-b2d2-0b121a43e320,000773,sub-ant1-m2-d24-y2023/sub-ant1-m2-d24-y2023_ses-m2-d24-y2023-ant1-0-48x-isopropanol-40-t130-z140um_ophys.nwb,22,48,624,4.176470588235294,13,14.615916955017303,17,84086336,620.0,160.0,0
1b75759c-434b-43b9-8982-9775a448764e,001550,sub-P189/sub-P189_ses-TaskSwitch6-190801a.nwb,33,110,2570,4.896551724137931,38,49.74791914387635,29,1630411,80.0,25.0,1
1b83cc76-0112-411d-a982-e985330dfaef,001550,sub-P120/sub-P120_ses-TaskSwitch4-190129a.nwb,35,112,2625,4.709677419354839,38,47.36732570239335,31,1144809,60.0,25.0,1
1b8dc946-e037-459d-a5df-fdac7b94bbad,000336,sub-644972/sub-644972_ses-1237558566-acq-1237712750_ophys.nwb,59,238,12973,5.574074074074074,30,44.17043895747597,54,89477736,660.0,25.0,1
1b90c365-3cb4-4e56-9541-a36296b9d94c,001847,sub-PB194/sub-PB194_ses-PB194-20241108-113401_behavior+image+ophys.nwb,37,124,3240,5.0625,36,48.74609375,32,40904574756,5700.0,25.0,1
1b9372d7-be36-4677-8ab3-08c7c5f0b03c,001550,sub-P189/sub-P189_ses-TaskSwitch6-190608a.nwb,33,110,2570,4.896551724137931,38,49.74791914387635,29,827290,60.0,25.0,1
1ba442a9-d263-4cd4-9a2e-66862f8f1222,000711,sub-477202/sub-477202_ses-20190913T151041_image.nwb,48,116,2469,3.727272727272727,23,24.743801652892568,44,188679525,240.0,25.0,1
1baae2bf-c66f-43b2-a1c2-4612acc9bc53,000239,sub-MX190401/sub-MX190401_ses-20191013T123453_behavior.nwb,2744,5479,30640842,3.000729927007299,226,218.9583936277906,2740,70107706,2120.0,80.0,0
1bac855e-957a-49f0-a194-e2773a2f3405,000971,sub-80-236/sub-80-236_ses-FP-PR-2019-01-22T13-15-56_behavior.nwb,27,53,661,3.4347826086956523,13,13.637051039697546,23,243456,60.0,60.0,0
1bafb0d4-c07c-418e-b0e4-ac0ca8ca89b9,000008,sub-mouse-XKIBL/sub-mouse-XKIBL_ses-20190731-sample-1_slice-20190731-slice-1_cell-20190731-sample-1_icephys.nwb,181,538,87573,4.96045197740113,80,65.58600657537744,177,9535281,14680.0,420.0,0
1bb2d68f-6e73-48a5-a9a9-06d3b52e2f07,001550,sub-P131/sub-P131_ses-TaskSwitch4-171027a.nwb,35,112,2625,4.709677419354839,38,47.36732570239335,31,1050748,60.0,25.0,1
1bdc9e60-c208-42d8-a112-ddf16df9a6cd,000713,sub-563323/sub-563323_ses-20210406T091957_image.nwb,48,114,2391,3.6818181818181817,23,23.762396694214885,44,188052138,320.0,25.0,1
1be54f26-a1fc-464e-96e4-ee9c095f0533,000711,sub-476970/sub-476970_ses-20190828T145057_image.nwb,48,119,2682,3.7954545454545454,26,27.571797520661153,44,66763175,120.0,25.0,1
1beda15c-3b78-4c90-8e45-113fdd773fc6,001550,sub-P116/sub-P116_ses-TaskSwitch4-171026a.nwb,35,112,2625,4.709677419354839,38,47.36732570239335,31,1011459,80.0,25.0,1
1bfb0457-e541-4b9d-bef7-606783ea0394,000713,sub-585326/sub-585326_ses-20210913T140923_image.nwb,48,114,2391,3.6818181818181817,23,23.762396694214885,44,188112578,260.0,25.0,1
1c137882-895f-44b4-a641-9f5f481b5c72,001636,sub-Leu/sub-Leu_ses-Leu++l6702++PreMPTP++Depth21690um++19921004_behavior+ecephys.nwb,49,153,6100,5.857142857142857,19,34.57959183673469,35,1087716,700.0,120.0,0
1c194393-5287-4f04-acee-69783e76370b,001832,sub-test-animal02-slice04-roi02/sub-test-animal02-slice04-roi02_ses-MB++AChFP++pan++PD++none++WT++20250424200507_ophys.nwb,41,92,1470,4.088235294117647,13,11.609861591695504,34,7846233,60.0,25.0,1
1c1ffc14-1324-471d-9c46-a63a8fbb532a,001361,sub-m12/sub-m12_ses-09_behavior+ophys.nwb,46,80,1970,3.119047619047619,13,8.200113378684808,42,402205612,980.0,60.0,0
1c304f18-ab5b-4ffd-b856-98360ff12855,000773,sub-ant1-m1-d20-y2023/sub-ant1-m1-d20-y2023_ses-m1-d20-y2023-ant1-0-48x-4-methyl-3-heptanone-40-t133-z155um_ophys.nwb,22,48,624,4.176470588235294,13,14.615916955017303,17,84086336,620.0,160.0,0
1c43cb87-bee7-4b54-b511-342782c1240a,000773,sub-ant3-m1-d17-y2023/sub-ant3-m1-d17-y2023_ses-m1-d17-y2023-ant3-0-03x-propionic-acid-40-t206-z150um_ophys.nwb,22,48,624,4.176470588235294,13,14.615916955017303,17,84086336,640.0,160.0,0
1c502cdb-dc3f-4a0f-9833-46884d06c30c,001789,sub-rat-08Aug23/sub-rat-08Aug23_ses-E_icephys.nwb,26,57,620,4.045454545454546,13,10.043388429752067,22,29023752,200.0,25.0,1
1c545ab5-310a-4c65-9379-eba16b348026,000246,sub-CaMPARI1-Q142V-C202A/sub-CaMPARI1-Q142V-C202A_ses-flourescence-recording_ophys.nwb,17,31,374,3.6153846153846154,13,13.775147928994084,13,188856,560.0,200.0,0
1c6218c1-e492-4368-9e27-1c596aab30db,001550,sub-P100/sub-P100_ses-TaskSwitch4-180411a.nwb,35,112,2625,4.709677419354839,38,47.36732570239335,31,1886918,120.0,25.0,1
1c64ee77-6f35-4eb6-a343-fdf5378fd073,000020,sub-721974688/sub-721974688_ses-726357241_icephys.nwb,212,858,166722,5.856459330143541,77,66.04638172203018,209,46346033,37160.0,380.0,0
1c6f3eb1-5ca5-4d29-b3f2-99e1b8567006,000467,sub-ant2-m4-d21-y2022/sub-ant2-m4-d21-y2022_ses-m4-d21-y2022-ant2-0-12x-4-methyl-3-heptanol-40-t169-z70um_ophys.nwb,22,48,624,4.176470588235294,13,14.615916955017303,17,84086336,680.0,160.0,0
1c896e0d-a8cc-459d-a1ea-c8ca7472915a,000688,sub-C/sub-C_ses-CO-20131204_behavior+ecephys.nwb,31,69,793,3.8461538461538463,13,14.053254437869821,26,30927952,4000.0,900.0,0
1c91898c-c45b-495e-a67d-959ad54b47c0,001181,sub-m1615/sub-m1615_ses-20220928T124616Z_photometry.nwb,25,70,952,4.2727272727272725,21,23.289256198347097,22,748943,60.0,25.0,1
1ca14608-507c-4192-ad23-f3b20b41a763,001465,sub-1382207951/sub-1382207951_ses-1382325115_icephys.nwb,212,842,162155,5.770334928229665,76,65.17213433758386,209,55843101,1440.0,100.0,0
1ca17ee7-c035-4b76-be00-5baf362aaff5,001455,sub-761832010/sub-761832010_ses-764495087_icephys.nwb,219,890,178499,5.875,80,70.33159722222223,216,26069930,540.0,25.0,1
1caefd2e-df13-49e2-ab2a-ebe50128fec0,001611,sub-25897/sub-25897_ses-20241111T110230_ecephys.nwb,25,52,649,4.105263157894737,13,13.988919667590027,19,12962588,100.0,25.0,1
1cb72a27-f7e0-48d9-85d7-893cc8d128fd,001169,sub-J066/sub-J066_ses-RWTautowait2-20230426-112521.nwb,32,118,3087,5.518518518518518,32,48.32373113854595,27,1298981,60.0,25.0,1
1cbe0d3a-10e5-4cbf-ab97-d464eea8e71b,000728,sub-518632289/sub-518632289_ses-531134090-StimA_behavior+image+ophys.nwb,47,84,1733,3.5121951219512195,13,7.61570493753718,41,344061600,580.0,25.0,1
1cc7c957-0a2e-4b85-8ea9-5f890a1ddd52,001611,sub-25897/sub-25897_ses-20241113T123653_ecephys.nwb,25,52,649,4.105263157894737,13,13.988919667590027,19,13989836,120.0,25.0,1
1ccac1eb-8580-4f3a-8480-61ad59d12bdc,000951,sub-LC10ad-fly11/sub-LC10ad-fly11_ses-(-LC10ad-fly11-210927-1335--).nwb,18,33,433,3.8461538461538463,13,13.822485207100591,13,187360,440.0,180.0,0
1cd740ef-1a07-48e2-9dc3-d661266e5778,000246,sub-PHP-V15-L13/sub-PHP-V15-L13_obj-1sdmyo6_ophys.nwb,31,41,560,3.8421052631578947,13,14.027700831024932,19,8564888,25.0,25.0,1
1d0d9ffe-87a9-40c6-b2f1-d9cd607db04f,001169,sub-J025/sub-J025_ses-RWTautowait2-20211220-140607.nwb,32,117,3004,5.481481481481482,31,46.397805212620035,27,1133403,80.0,25.0,1
1d1ca3b8-cb54-4657-b9bf-794f81b8b9af,000351,sub-HJ-FP-datHT-stGtACR-M7/sub-HJ-FP-datHT-stGtACR-M7_ses-Day13.nwb,25,49,554,3.3181818181818183,13,9.489669421487603,22,18752568,460.0,60.0,0
1d27587f-18e0-495f-bae3-ff53e078955f,001634,sub-Frodo/sub-Frodo_ses-5_obj-1rhvxsn_ecephys.nwb,252,78,23436,3.139130434782609,36,25.389338374291118,115,1025728,80.0,25.0,1
1d377593-51d4-4684-86d1-dc455c2434e5,000467,sub-ant1-m4-d26-y2022/sub-ant1-m4-d26-y2022_ses-m4-d26-y2022-ant1-0-48x-6-methyl-5-hepten-2-one-40-t143-z140um_ophys.nwb,22,48,624,4.176470588235294,13,14.615916955017303,17,84086336,660.0,160.0,0
1d3c9964-1101-4e46-a1c7-ad7abc8c1e85,001205,sub-13092894705007538170/sub-13092894705007538170_ses-20220710T223651_ophys.nwb,27,41,539,4.0588235294117645,13,14.878892733564015,17,316927799,280.0,25.0,1
1d559e84-eeee-4db9-ade7-1cb4df3cb2b1,001683,sub-BH648/sub-BH648_ses-20250213T162147_ecephys.nwb,28,52,725,4.2105263157894735,13,17.534626038781166,19,626590696,320.0,25.0,1
1d66b5cb-865d-40e7-8099-38dc9f4ec855,000773,sub-ant1-m1-d20-y2023/sub-ant1-m1-d20-y2023_ses-m1-d20-y2023-ant1-0-48x-ethanol-40-t144-z115um_ophys.nwb,22,48,624,4.176470588235294,13,14.615916955017303,17,84086336,600.0,160.0,0
1d6aa724-d56a-4753-9c9f-1f0e78281b09,000467,sub-ant3-m4-d26-y2022/sub-ant3-m4-d26-y2022_ses-m4-d26-y2022-ant3-0-48x-4-methyl-3-heptanone-40-t220-z90um_ophys.nwb,22,48,624,4.176470588235294,13,14.615916955017303,17,84086336,560.0,140.0,0
1d75de12-a1ea-46ff-a9ad-0045113b1fba,000959,sub-L/sub-L_ses-20190924_obj-q9d67h_behavior.nwb,41,275,26986,8.513513513513514,16,33.330898466033595,37,17641520,280.0,60.0,0
1d88e084-17cf-4f06-b424-05500b79aebf,000246,sub-phpV14-03-H5/sub-phpV14-03-H5_ses-20241118_obj-1ndflf7_ophys.nwb,33,46,581,3.5217391304347827,13,12.162570888468805,23,12760256,80.0,25.0,1
1d8c90e7-1101-4800-88b5-d4a6680ff313,000467,sub-ant3-m4-d27-y2022/sub-ant3-m4-d27-y2022_ses-m4-d27-y2022-ant3-0-0075x-4-methyl-3-hexanol-40-t132-z135um_ophys.nwb,22,48,624,4.176470588235294,13,14.615916955017303,17,84086336,480.0,120.0,0
1da2a4d8-f1fd-4cfe-968f-be50f43dec64,000467,sub-ant4-m4-d26-y2022/sub-ant4-m4-d26-y2022_ses-m4-d26-y2022-ant4-0-03x-6-methyl-5-hepten-2-one-40-t238-z25um_ophys.nwb,22,48,624,4.176470588235294,13,14.615916955017303,17,84086336,500.0,140.0,0
1daf99bf-e399-48ad-9704-5365870f0702,001515,sub-CHO-20230508-c3/sub-CHO-20230508-c3_obj-6hcs1l_image.nwb,17,38,431,4.153846153846154,13,13.668639053254442,13,26053076,60.0,25.0,1
1db17759-31b8-4aad-9fd0-ac608af8380b,000008,sub-mouse-PYCYR/sub-mouse-PYCYR_ses-20180718-sample-2_slice-20180718-slice-2_cell-20180718-sample-2_icephys.nwb,181,538,87573,4.96045197740113,80,65.58600657537744,177,9292294,15880.0,440.0,0
1dbd67c4-fd00-407f-90a2-6e4a10e2b5d4,000336,sub-634402/sub-634402_ses-1202621185-acq-1203058431_ophys.nwb,65,254,14137,5.491525423728813,30,42.86009767308244,59,120578036,1060.0,25.0,1
1dbf452d-f1d2-486a-b963-1b5a8afcc410,001169,sub-M046/sub-M046_ses-RWTautowait2-20230227-094332.nwb,32,117,3057,5.481481481481482,32,48.397805212620035,27,1079572,140.0,25.0,1
1dd338ea-77c8-4691-a648-b3ef96b10f88,000020,sub-656436840/sub-656436840_ses-656859134_icephys.nwb,215,867,170130,5.839622641509434,78,66.70069419722321,212,49849369,39940.0,420.0,0
1dd56c8c-3c7d-4a10-9562-27206e45ac08,001517,sub-CHO-20250228-c11/sub-CHO-20250228-c11_obj-4y6uf2_image.nwb,17,38,431,4.153846153846154,13,13.668639053254442,13,34147500,80.0,25.0,1
1e19f169-8ff3-4a0b-835f-c7d473b69a2f,000713,sub-576324/sub-576324_ses-None_probe-1118438794_ecephys.nwb,36,62,1087,3.3,14,12.343333333333334,30,4040622832,3060.0,240.0,0
1e2e714b-c8e2-4b64-8ad1-332fbc20d339,001169,sub-G040/sub-G040_ses-RWTautowait2-20210701-121328.nwb,32,117,3004,5.481481481481482,31,46.397805212620035,27,1415631,80.0,25.0,1
1e3a1457-4207-4680-85d8-fa31d3dce1a0,001611,sub-29641/sub-29641_ses-20250331T145126_ecephys.nwb,25,52,649,4.105263157894737,13,13.988919667590027,19,13328556,100.0,25.0,1
1e5d7c8a-9fc2-477e-8c93-11fc6a1ab2f6,001550,sub-P150/sub-P150_ses-TaskSwitch4-200110a.nwb,35,112,2625,4.709677419354839,38,47.36732570239335,31,1814530,25.0,25.0,1
1e600035-9cb4-4802-b1db-815ccb4baad2,001552,sub-JF-VR-FP-F8/sub-JF-VR-FP-F8_ses-Day14.nwb,20,42,448,3.8125,13,11.40234375,16,1753057,60.0,25.0,1
1e657bae-ba0e-4f8b-9d44-c0174cff9207,001611,sub-26271/sub-26271_ses-20250401T194127_ecephys.nwb,25,52,649,4.105263157894737,13,13.988919667590027,19,16309556,140.0,25.0,1
1e6d0e84-620f-43f9-b13a-9ba0ecf32a1e,000889,sub-la-replay-02-6dpf-0118-nac-het-#2024-1-18/sub-la-replay-02-6dpf-0118-nac-het-#2024-1-18_ses-20240118T172200_behavior.nwb,30,48,515,2.8518518518518516,13,8.718792866941017,27,34175446,220.0,25.0,1
1e6dbbe4-9834-46e5-a671-5040f561b687,000773,sub-ant2-m1-d11-y2023/sub-ant2-m1-d11-y2023_ses-m1-d11-y2023-ant2-0-03x-propionic-acid-40-t165-z60um_ophys.nwb,22,48,624,4.176470588235294,13,14.615916955017303,17,84086336,640.0,160.0,0
1e707aa5-df70-4611-9785-ef929a749761,001169,sub-S019/sub-S019_ses-RWTautowait2-20210519-115112.nwb,32,116,2974,5.444444444444445,31,46.46913580246915,27,1273534,25.0,25.0,1
1e726303-26eb-4e3c-b247-4b7749fdadd7,000020,sub-746220091/sub-746220091_ses-753677836_icephys.nwb,208,855,154866,5.897560975609756,73,61.80901844140396,205,31986204,34520.0,380.0,0
1e7b1830-7297-4353-9b2a-9373a78373be,001550,sub-P116/sub-P116_ses-TaskSwitch4-170830a.nwb,35,112,2625,4.709677419354839,38,47.36732570239335,31,1426969,60.0,25.0,1
1e9309c5-c8c7-4ee0-9dbe-4b7b777a89c5,000971,sub-260-478/sub-260-478_ses-Opto-DMS-Inhibitory-NpHRScrambled-2021-11-08T12-21-23_behavior+ogen.nwb,31,57,739,3.2962962962962963,14,13.393689986282581,27,250752,60.0,60.0,0
1e9727b4-fb83-4d70-a0a5-a5bca543e432,001169,sub-C035/sub-C035_ses-RWTautowait2-20200109-114027.nwb,32,115,2844,5.407407407407407,29,42.7599451303155,27,1581916,1920.0,160.0,0
1ea5212a-d511-46b2-9cda-7befbc1c8b5c,000773,sub-ant4-m1-d10-y2023/sub-ant4-m1-d10-y2023_ses-m1-d10-y2023-ant4-0-48x-4-methyl-3-heptanone-40-t158-z40um_ophys.nwb,22,48,624,4.176470588235294,13,14.615916955017303,17,84086336,660.0,160.0,0
1ea7670c-6167-4de0-b90e-bbdd63efef15,000467,sub-ant4-m4-d20-y2022/sub-ant4-m4-d20-y2022_ses-m4-d20-y2022-ant4-0-03x-6-methyl-5-hepten-2-one-40-t207-z5um_ophys.nwb,22,48,624,4.176470588235294,13,14.615916955017303,17,84086336,680.0,180.0,0
1ea8349e-3126-43a9-86b0-c4b5d3b3d672,000952,sub-161/sub-161_ses-20200923.nwb,18,33,385,3.5714285714285716,13,12.959183673469388,14,523524188,320.0,25.0,1
1eaad775-98fb-4575-b023-a3b1f129a534,000467,sub-ant2-m4-d20-y2022/sub-ant2-m4-d20-y2022_ses-m4-d20-y2022-ant2-0-12x-4-methyl-3-heptanone-40-t155-z80um_ophys.nwb,22,48,624,4.176470588235294,13,14.615916955017303,17,84086336,680.0,180.0,0
1eb07576-5c15-43c7-9345-66b608d3fa52,000773,sub-ant4-m1-d10-y2023/sub-ant4-m1-d10-y2023_ses-m1-d10-y2023-ant4-0-48x-4-methyl-3-heptanol-40-t161-z150um_ophys.nwb,22,48,624,4.176470588235294,13,14.615916955017303,17,84086336,640.0,160.0,0
1eeaa3a7-757c-4c2e-b27a-0360cfb4bc6d,000467,sub-ant1-m10-d6-y2022/sub-ant1-m10-d6-y2022_ses-m10-d6-y2022-ant1-0-48x-isopropanol-40-t138-z45um_ophys.nwb,22,48,624,4.176470588235294,13,14.615916955017303,17,84086336,700.0,180.0,0
1ef016aa-0fe3-44af-b2c3-fa1d5bd5cf1d,000773,sub-ant4-m1-d11-y2023/sub-ant4-m1-d11-y2023_ses-m1-d11-y2023-ant4-0-03x-propionic-acid-40-t187-z140um_ophys.nwb,22,48,624,4.176470588235294,13,14.615916955017303,17,84086336,660.0,160.0,0
1efe268e-8181-4afc-867c-3d86b1f0c574,000020,sub-868713220/sub-868713220_ses-874321329_icephys.nwb,283,1115,259105,5.671428571428572,95,84.36346938775509,280,63673117,50720.0,340.0,0
1f07010b-afc4-4e8f-9cbc-836edb517a40,000409,sub-ZFM-01592/sub-ZFM-01592_ses-746d1902-fa59-4cab-b0aa-013be36060d5_desc-processed_behavior+ecephys.nwb,87,263,16795,4.65,32,23.8275,80,2092582360,1880.0,25.0,1
1f0fa6b6-a102-44e7-b70b-ae5ab27ffe3a,000711,sub-544965/sub-544965_ses-20210120T095756_obj-1ak0doa_image+ophys.nwb,78,229,9548,4.342465753424658,24,25.896415837868265,73,232058344,400.0,25.0,1
1f2b0f5d-9ab9-4521-b713-3d8836e963ec,001550,sub-P120/sub-P120_ses-TaskSwitch4-171012a.nwb,35,112,2625,4.709677419354839,38,47.36732570239335,31,1369926,80.0,25.0,1
1f354bb3-3ca9-4fe4-92fb-90da459354fc,001169,sub-G082/sub-G082_ses-RWTautowait2-20221020-141431.nwb,32,117,3004,5.481481481481482,31,46.397805212620035,27,950127,100.0,25.0,1
1f39cca3-750b-4c6e-9b99-2aabdf262f5f,001169,sub-J062/sub-J062_ses-RWTautowait2-20230413-120315.nwb,32,117,3004,5.481481481481482,31,46.397805212620035,27,1443074,60.0,25.0,1
1f60f629-9769-4169-84c9-cb15233f4405,001169,sub-S023/sub-S023_ses-RWTautowait2-20210727-155636.nwb,32,117,3004,5.481481481481482,31,46.397805212620035,27,1319771,80.0,25.0,1
1f6a2896-528a-4864-9942-76d5826dd835,000971,sub-Male-DMS-DAT-DAT-IRES-Cre-het/sub-Male-DMS-DAT-DAT-IRES-Cre-het_ses-20220207T000000.nwb,21,44,567,3.764705882352941,13,13.591695501730104,17,226572,80.0,60.0,0
1f73c217-7e63-4667-abd5-8e6b3717a601,000617,sub-690567/sub-690567_ses-1309864499-acq-1309952303_ophys.nwb,71,219,7554,4.484848484848484,17,19.795224977043166,66,645381703,960.0,25.0,1
1f76d357-5419-49af-85ea-af396929e248,001474,sub-MPK181/sub-MPK181_ses-20240910T120000.nwb,21,45,466,3.823529411764706,13,11.321799307958477,17,11292408,120.0,25.0,1
1f7feb74-db2e-4936-b7cb-1ea66ea8c068,000631,sub-600ns-5kV-1HzUP-7-31-21-BPAE-18/sub-600ns-5kV-1HzUP-7-31-21-BPAE-18_ses-600ns-5kV-1Hz single pulse trains_image.nwb,17,36,413,4.0,13,13.692307692307692,13,1045946044,1040.0,60.0,0
1f80073c-d9b9-4289-aba0-938c0711dca5,000535,sub-465226/sub-465226_ses-20190625T201821_behavior+ophys.nwb,32,49,593,3.1538461538461537,13,9.89940828402367,26,90883636,460.0,100.0,0
1fa2527d-cacd-423b-90b4-a589d1e96e05,000467,sub-ant5-m4-d26-y2022/sub-ant5-m4-d26-y2022_ses-m4-d26-y2022-ant5-0-03x-4-methyl-3-heptanol-40-t282-z95um_ophys.nwb,22,48,624,4.176470588235294,13,14.615916955017303,17,84086336,520.0,140.0,0
1fb6600f-ff72-4252-b8b3-20ff807464bd,001169,sub-M011/sub-M011_ses-RWTautowait2-20200108-133149.nwb,32,115,2844,5.407407407407407,29,42.7599451303155,27,1293038,1580.0,160.0,0
1fcb6b1a-72a4-4134-a9ba-d38ace02d06b,001169,sub-L010/sub-L010_ses-RWTautowait2-20220823-103349.nwb,32,117,3004,5.481481481481482,31,46.397805212620035,27,883597,60.0,25.0,1
1fcca5be-efbb-46fc-83ab-9648831e1db9,001474,sub-MPK144/sub-MPK144_ses-20240318T120000.nwb,21,45,466,3.823529411764706,13,11.321799307958477,17,7540456,100.0,25.0,1
1fdce866-c263-4dd2-a0e1-800ab7705879,001748,sub-1404831086/sub-1404831086_ses-1410123885_icephys.nwb,286,1167,354923,5.939929328621908,114,92.25434204447554,283,69251128,1040.0,25.0,1
1fe1eb7c-c3c1-4cf8-a865-8bee35b053cb,001169,sub-L013/sub-L013_ses-RWTautowait2-20220915-112457.nwb,32,117,3004,5.481481481481482,31,46.397805212620035,27,805480,60.0,25.0,1
1fe79f61-396c-42e1-bf89-05ed10bbc3c8,000688,sub-C/sub-C_ses-CO-20150706_behavior+ecephys.nwb,31,69,793,3.8461538461538463,13,14.053254437869821,26,69291724,7300.0,1220.0,0
1ff35427-7c4b-4645-899e-d4486a4517af,000773,sub-ant2-m1-d17-y2023/sub-ant2-m1-d17-y2023_ses-m1-d17-y2023-ant2-0-03x-4-methyl-3-heptanone-40-t165-z70um_ophys.nwb,22,48,624,4.176470588235294,13,14.615916955017303,17,84086336,620.0,160.0,0
1ffe93a1-f400-44fe-98c0-214c803a8b2a,001607,sub-Frodo/sub-Frodo_ses-5_obj-1dy71fi_ecephys.nwb,252,72,23379,3.0869565217391304,36,24.670699432892246,115,1012416,60.0,25.0,1
200d744d-6ace-4645-84dd-16524f018f32,000711,sub-485152/sub-485152_ses-20191203T114746_obj-g6x00f_image+ophys.nwb,78,229,9548,4.342465753424658,24,25.896415837868265,73,486441831,440.0,25.0,1
2019fa70-1368-419b-97f6-f9b8a57e0cd6,000940,sub-2/sub-2_ecephys+image.nwb,112,104,4534,4.0,42,60.0625,64,202384120,200.0,25.0,1
202c9386-e809-4761-9e89-69cd7714ad18,001836,sub-lewis/sub-lewis_ses-lewis-20240106_obj-e05d8v.nwb,99,69,1602,2.686046511627907,65,53.93631692806921,86,49178080,100.0,25.0,1
2042ec5c-9065-436a-9a9d-eb718ebf8ee6,000020,sub-643830358/sub-643830358_ses-645016075_icephys.nwb,92,340,19272,5.370786516853933,36,26.952404999368767,89,14219898,18720.0,440.0,0
2049bc82-9046-41f8-8e96-1879d5a4c26e,000678,sub-BW041/sub-BW041_ses-20210913T130516.nwb,29,69,911,4.041666666666667,19,20.45659722222222,24,19500304,360.0,60.0,0
20579941-c421-4c26-979f-cc72b7eca74e,000728,sub-501228870/sub-501228870_ses-505696248-StimB_behavior+image+ophys.nwb,53,208,33579,5.808510638297872,118,280.5803531009506,47,535306485,1380.0,60.0,0
2065ee36-fd5a-4154-84a9-0ab2465cd0ca,001603,sub-MO8/sub-MO8_ses-20250924T002130.nwb,18,37,423,3.857142857142857,13,13.551020408163264,14,29024008,140.0,60.0,0
206b5b8f-3f95-42f8-9941-ef94295cc2c0,000773,sub-ant5-m4-d6-y2023/sub-ant5-m4-d6-y2023_ses-m4-d6-y2023-ant5-0-48x-propionic-acid-40-t191-z75um_ophys.nwb,22,48,624,4.176470588235294,13,14.615916955017303,17,84086336,600.0,160.0,0
20718af7-0691-43ad-a11e-a5c155d2bd95,000020,sub-856672395/sub-856672395_ses-861736156_icephys.nwb,151,620,75432,5.885135135135135,50,44.72329254930606,148,20644706,25680.0,360.0,0
2071f5f2-db1e-491e-9637-13773aa7b413,000336,sub-635489/sub-635489_ses-1223167548-acq-1223332316-raw-movies_ophys.nwb,69,394,47144,7.3125,30,54.24609375,64,19738315020,1980.0,25.0,1
207c8146-13f5-42b1-b15b-ae4dbc6dd151,001169,sub-G037/sub-G037_ses-RWTautowait2-20210413-131947.nwb,32,117,3004,5.481481481481482,31,46.397805212620035,27,1003958,80.0,25.0,1
20874fe9-1c4b-4dbb-8ba2-c49ad094faf2,000467,sub-ant1-m4-d27-y2022/sub-ant1-m4-d27-y2022_ses-m4-d27-y2022-ant1-0-12x-4-methyl-3-heptanol-40-t144-z140um_ophys.nwb,22,48,624,4.176470588235294,13,14.615916955017303,17,84086336,520.0,140.0,0
208b846d-ed47-4741-adfc-7ddfbd4ff855,000713,sub-560964/sub-560964_ses-20210510T102504_image.nwb,48,114,2391,3.6818181818181817,23,23.762396694214885,44,188108431,260.0,25.0,1
208d4f1e-3a43-4956-8fbe-adfc9a858a01,001751,sub-Mfa241105/sub-Mfa241105_ses-20241105HS15_obj-4tk5qe_icephys.nwb,183,1005,472399,7.747126436781609,152,122.18892852424368,174,22381352,640.0,80.0,0
20a34f70-b737-47d7-87f4-9a0653950ba0,000467,sub-ant1-m4-d26-y2022/sub-ant1-m4-d26-y2022_ses-m4-d26-y2022-ant1-0-03x-6-methyl-5-hepten-2-one-40-t138-z45um_ophys.nwb,22,48,624,4.176470588235294,13,14.615916955017303,17,84086336,640.0,160.0,0
20c8f8c4-c5be-4526-9777-39c26d214f55,000467,sub-ant3-m10-d6-y2022/sub-ant3-m10-d6-y2022_ses-m10-d6-y2022-ant3-1x-paraffin-oil-40-t159-z65um_ophys.nwb,22,48,624,4.176470588235294,13,14.615916955017303,17,84086336,680.0,180.0,0
20d33d02-1c81-4cd7-ba02-63cb78459031,000467,sub-ant4-m4-d20-y2022/sub-ant4-m4-d20-y2022_ses-m4-d20-y2022-ant4-0-03x-4-methyl-3-heptanol-40-t204-z40um_ophys.nwb,22,48,624,4.176470588235294,13,14.615916955017303,17,84086336,660.0,160.0,0
20dde48a-326b-441f-a670-0957e6f37dd5,000713,sub-553963/sub-553963_ses-20210329T152631_image.nwb,48,115,2402,3.7045454545454546,23,23.889979338842977,44,191378311,260.0,25.0,1
20df3241-ea75-411d-a4e0-2c527763dda6,000008,sub-mouse-NGMHT/sub-mouse-NGMHT_ses-20200225-sample-2_slice-20200225-slice-2_cell-20200225-sample-2_icephys.nwb,181,538,87573,4.96045197740113,80,65.58600657537744,177,9277808,15300.0,440.0,0
21029f3d-cf8d-4727-bf8d-6c01ea3b764e,000713,sub-562033/sub-562033_ses-20210604T103613_image.nwb,48,115,2402,3.7045454545454546,23,23.889979338842977,44,191348101,280.0,25.0,1
210a6aff-ff26-4e0a-8081-bb3219ccc165,001550,sub-P127/sub-P127_ses-TaskSwitch4-190307a.nwb,35,112,2625,4.709677419354839,38,47.36732570239335,31,1444301,100.0,25.0,1
211239bb-566d-4943-bbb5-289eae228dca,000711,sub-486737/sub-486737_ses-20200123T090546_image.nwb,50,156,5473,4.478260869565218,24,34.72778827977316,46,196077222,260.0,25.0,1
21123e46-57cc-4448-aa10-ce77299f9c70,001452,sub-27/sub-27_ses-20250516T214946_icephys.nwb,61,153,8258,4.553571428571429,41,27.46141581632653,56,3573376,200.0,25.0,1
21388057-3724-4b66-a113-a065629152f7,001635,sub-M052/sub-M052_ses-20230616T081803_behavior+ophys.nwb,105,208,20638,3.13,28,13.093100000000003,100,45016832,460.0,25.0,1
21393c97-0ade-4d9b-adc5-30bcad05df4a,000336,sub-634402/sub-634402_ses-1214189038-acq-1214286565-denoised-movies_ophys.nwb,69,277,15573,5.587301587301587,30,40.750314940791135,63,23256787640,1400.0,25.0,1
2146e18f-a605-4b3f-a521-690c478219c4,000773,sub-ant1-m1-d17-y2023/sub-ant1-m1-d17-y2023_ses-m1-d17-y2023-ant1-0-03x-4-methyl-3-heptanol-40-t128-z155um_ophys.nwb,22,48,624,4.176470588235294,13,14.615916955017303,17,84086336,640.0,160.0,0
21481805-243e-4980-b268-c7c13d041b9c,000773,sub-ant3-m2-d24-y2023/sub-ant3-m2-d24-y2023_ses-m2-d24-y2023-ant3-0-48x-ethanol-40-t174-z45um_ophys.nwb,22,48,624,4.176470588235294,13,14.615916955017303,17,84086336,600.0,160.0,0
2148ea23-68a8-446b-979c-f61f51589855,000467,sub-ant3-m4-d26-y2022/sub-ant3-m4-d26-y2022_ses-m4-d26-y2022-ant3-0-03x-4-methyl-3-hexanol-40-t207-z10um_ophys.nwb,22,48,624,4.176470588235294,13,14.615916955017303,17,84086336,580.0,160.0,0
214a1218-0f15-4e91-8f96-3d4d2e106a6f,001169,sub-J044/sub-J044_ses-RWTautowait2-20220929-102153.nwb,32,117,3004,5.481481481481482,31,46.397805212620035,27,1216043,80.0,25.0,1
216a827a-18d1-41a5-a6c2-ebe5d85b6790,001169,sub-G067/sub-G067_ses-RWTautowait2-20220613-151452.nwb,32,117,3004,5.481481481481482,31,46.397805212620035,27,1322225,80.0,25.0,1
216deb10-d164-42d4-8194-525ed3db0ac4,000713,sub-544838/sub-544838_ses-20201029T085820_image.nwb,48,115,2402,3.7045454545454546,23,23.889979338842977,44,191434463,220.0,25.0,1
21702bde-fa75-4cb4-b36a-1cd6732fe50e,001371,sub-S29/sub-S29_ses-S29-211119_behavior+ecephys.nwb,61,216,8488,5.035714285714286,35,35.570153061224495,56,235993304136,62740.0,140.0,0
2177cf38-4cfd-4aa0-b36b-bb20a835b036,000467,sub-ant4-m4-d20-y2022/sub-ant4-m4-d20-y2022_ses-m4-d20-y2022-ant4-0-12x-6-methyl-5-hepten-2-one-40-t222-z5um_ophys.nwb,22,48,624,4.176470588235294,13,14.615916955017303,17,84086336,680.0,180.0,0
2185ba56-9664-4cd8-a9d8-2adc54207c5c,000773,sub-ant4-m1-d20-y2023/sub-ant4-m1-d20-y2023_ses-m1-d20-y2023-ant4-0-48x-ethanol-40-t188-z105um_ophys.nwb,22,48,624,4.176470588235294,13,14.615916955017303,17,84086336,620.0,160.0,0
218d1a30-dd69-4e2b-a50c-bb2f4505c8af,001169,sub-G002/sub-G002_ses-RWTautowait2-20200710-100142.nwb,32,116,2923,5.444444444444445,30,44.54320987654322,27,1163882,80.0,25.0,1
21a0b7c4-d5d3-49dc-b3e9-b09631edc8c3,001359,sub-1373917715/sub-1373917715_ses-1373959343_icephys.nwb,342,1344,468077,5.817109144542773,143,128.86920580224677,339,60083636,740.0,25.0,1
21a79296-57c0-42e1-88ab-61f0310c7415,001348,sub-1340812489/sub-1340812489_ses-1342696931_icephys.nwb,216,799,148369,5.516431924882629,80,65.54550463973197,213,45369355,1300.0,80.0,0
21a8c61f-420e-4041-a18a-8e9e3203d2e3,001258,sub-BSD011/sub-BSD011_ses-p149.nwb,36,74,1456,5.190476190476191,21,27.011337868480723,21,6175960,380.0,80.0,0
21c66597-bb6d-4016-8a8b-a5779e1df259,001169,sub-L009/sub-L009_ses-RWTautowait2-20220310-101755.nwb,32,117,3004,5.481481481481482,31,46.397805212620035,27,767773,60.0,25.0,1
21cb8018-bfc9-40cd-8af0-26d524d73ca6,001169,sub-M015/sub-M015_ses-RWTautowait2-20200611-090833.nwb,32,116,2923,5.444444444444445,30,44.54320987654322,27,1351295,25.0,25.0,1
21d72cd1-0f58-4c80-bdcd-3d7460c52595,000020,sub-911032053/sub-911032053_ses-914436923_icephys.nwb,157,633,76210,5.779220779220779,50,46.016191600607186,154,23164225,25680.0,340.0,0
21f69ce3-b80d-4471-b5ef-5d50d80f9e1f,001634,sub-Bilbo/sub-Bilbo_ses-5_obj-10d4aow_ecephys.nwb,253,68,23206,3.0344827586206895,36,24.274673008323433,116,5677002,100.0,25.0,1
21f78012-3a9f-4ba5-b3d2-62af25f20980,000773,sub-ant5-m1-d11-y2023/sub-ant5-m1-d11-y2023_ses-m1-d11-y2023-ant5-0-03x-propionic-acid-40-t227-z160um_ophys.nwb,22,48,624,4.176470588235294,13,14.615916955017303,17,84086336,620.0,160.0,0
21f830ff-2f96-4bff-bda0-499ee8de795f,001169,sub-M041/sub-M041_ses-RWTautowait2-20220705-114249.nwb,32,116,2974,5.444444444444445,31,46.46913580246915,27,1133199,80.0,25.0,1
22185b51-1a19-4549-8c23-3f8d57601e3f,000773,sub-ant3-m2-d24-y2023/sub-ant3-m2-d24-y2023_ses-m2-d24-y2023-ant3-0-48x-4-methyl-3-heptanol-40-t172-z125um_ophys.nwb,22,48,624,4.176470588235294,13,14.615916955017303,17,84086336,600.0,160.0,0
22187f43-7976-4268-b10b-a38a58d3c5b1,001051,sub-642504/sub-642504_ses-None_probe-569_ecephys.nwb,36,62,1087,3.3,14,12.343333333333334,30,2694950936,1020.0,25.0,1
222110e8-6af3-4771-a4b4-63c4c25ea21e,001181,sub-m1636/sub-m1636_ses-20221005T133429Z_photometry.nwb,25,70,952,4.2727272727272725,21,23.289256198347097,22,850704,60.0,25.0,1
2253dc23-0f35-4f7d-9280-053213c8323d,001611,sub-26349/sub-26349_ses-20250321T230731_ecephys.nwb,25,52,649,4.105263157894737,13,13.988919667590027,19,13531200,80.0,25.0,1
226bc6f1-2629-47d9-9175-25aaa503ff46,001273,sub-2-20240311/sub-2-20240311_obj-11nu2xq_image.nwb,17,38,431,4.153846153846154,13,13.668639053254442,13,58261193,180.0,25.0,1
227617e4-25e5-4583-a170-7391c9c14b44,001550,sub-P102/sub-P102_ses-TaskSwitch4-190209a.nwb,35,112,2625,4.709677419354839,38,47.36732570239335,31,1461596,25.0,25.0,1
227970f1-95c2-46f8-b145-ca38339a8443,001169,sub-G042/sub-G042_ses-RWTautowait2-20210908-153739.nwb,32,117,3004,5.481481481481482,31,46.397805212620035,27,1204436,100.0,25.0,1
227c7a90-1787-4f0d-870d-3719294ceb45,001169,sub-G070/sub-G070_ses-RWTautowait2-20221010-150117.nwb,32,118,3087,5.518518518518518,32,48.32373113854595,27,1089352,60.0,25.0,1
227e046e-da4e-4e44-8a2c-766ccc02ad77,001836,sub-julio/sub-julio_ses-julio-20230802_behavior+ecephys+image.nwb,171,212,20345,3.013245033112583,65,34.71505635717731,151,295627276364,41360.0,25.0,1
22935ac7-5bfe-49ff-aead-a610b3e1d64f,001169,sub-S058/sub-S058_ses-RWTautowait2-20230524-113353.nwb,32,118,3087,5.518518518518518,32,48.32373113854595,27,933663,25.0,25.0,1
22ab1631-6e45-4f61-b014-fd96ea63368f,001169,sub-J051/sub-J051_ses-RWTautowait2-20221118-113555.nwb,32,118,3087,5.518518518518518,32,48.32373113854595,27,1430053,60.0,25.0,1
22ae8ec7-fcb7-450b-ba73-189b9a1c68b4,000773,sub-ant5-m1-d11-y2023/sub-ant5-m1-d11-y2023_ses-m1-d11-y2023-ant5-0-03x-3-hexanone-40-t221-z65um_ophys.nwb,22,48,624,4.176470588235294,13,14.615916955017303,17,84086336,640.0,160.0,0
22bdaf67-f83c-49e6-831a-c9570f90285e,000773,sub-ant6-m1-d10-y2023/sub-ant6-m1-d10-y2023_ses-m1-d10-y2023-ant6-0-48x-isopropanol-40-t208-z145um_ophys.nwb,22,48,624,4.176470588235294,13,14.615916955017303,17,84086336,660.0,180.0,0
22d2a94e-f459-46f0-80b4-670dfd6200f9,001169,sub-G095/sub-G095_ses-RWTautowait2-20230502-140832.nwb,32,118,3087,5.518518518518518,32,48.32373113854595,27,1358736,100.0,25.0,1
22ebcfbd-2098-4676-b547-8c3ac46ff397,000467,sub-ant1-m4-d21-y2022/sub-ant1-m4-d21-y2022_ses-m4-d21-y2022-ant1-0-48x-4-methyl-3-heptanone-40-t153-z55um_ophys.nwb,22,48,624,4.176470588235294,13,14.615916955017303,17,84086336,660.0,180.0,0
22ef51d4-c6b7-4b91-9631-495421f197c9,000971,sub-92-246/sub-92-246_ses-FP-PS-2019-02-08T14-21-13_behavior.nwb,27,53,661,3.4347826086956523,13,13.637051039697546,23,237712,60.0,25.0,1
22f06a0e-6826-4926-8942-444eebac41c5,000711,sub-495789/sub-495789_ses-20200217T090535_image+ophys.nwb,73,223,9181,4.5,24,27.25,68,279750235,320.0,25.0,1
22f44453-77c8-4c56-958e-6f78c01843a8,001836,sub-molly/sub-molly_ses-molly-20220418_obj-1h7kh9y.nwb,103,83,1904,2.7666666666666666,65,53.6011111111111,90,2310408,60.0,25.0,1
22f8c541-1bf2-45d5-8584-2aeef2cbfa66,001169,sub-S030/sub-S030_ses-RWTautowait2-20210830-100053.nwb,32,117,3004,5.481481481481482,31,46.397805212620035,27,1065299,120.0,25.0,1
2308a6a7-d364-44c0-81ff-7df1e07769f8,000773,sub-ant5-m1-d10-y2023/sub-ant5-m1-d10-y2023_ses-m1-d10-y2023-ant5-0-48x-ethylpyrazine-40-t185-z55um_ophys.nwb,22,48,624,4.176470588235294,13,14.615916955017303,17,84086336,640.0,160.0,0
2312517c-79ec-431c-bf59-9292c142d55b,001552,sub-JF-VR-FP-M2/sub-JF-VR-FP-M2_ses-Day11.nwb,20,42,448,3.8125,13,11.40234375,16,2199098,80.0,25.0,1
233ed3fc-b368-4ea5-9d2d-b08014938c41,000773,sub-ant1-m1-d17-y2023/sub-ant1-m1-d17-y2023_ses-m1-d17-y2023-ant1-1x-paraffin-oil-40-t122-z15um_ophys.nwb,22,48,624,4.176470588235294,13,14.615916955017303,17,84086336,640.0,160.0,0
235695f2-bf1f-4e7b-aa56-39cdc0ffb28e,001038,sub-VGlut-2064/sub-VGlut-2064_ses-20211129-0008.nwb,49,101,2056,4.081081081081081,16,14.128560993425856,37,13763042,80.0,25.0,1
235a272e-b9d8-4f23-936d-c0da6d702735,001748,sub-1427640793/sub-1427640793_ses-1428123041_icephys.nwb,177,685,104285,5.655172413793103,61,49.27189853349187,174,37980528,700.0,25.0,1
2361ac1b-ad85-431c-b53d-107e5cf6570f,001348,sub-1343882723/sub-1343882723_ses-1344715429_icephys.nwb,189,729,121233,5.655913978494624,67,53.68805642270783,186,41284823,1140.0,80.0,0
23730d99-f978-4064-bc41-92e60a3b477c,001626,sub-1431907338/sub-1431907338_ses-1433395969_icephys.nwb,263,1039,253054,5.7384615384615385,95,79.6162130177515,260,78994151,920.0,80.0,0
2390e723-dc0f-49e2-b89b-f366e860c49b,001475,sub-HSB-W20-17/sub-HSB-W20-17_ses-20250324_cell-ar70_obj-1ioks35_icephys.nwb,54,138,4015,4.44,15,8.8864,50,5097176,600.0,80.0,0
239d64fc-d0ee-4aa6-8d23-6b1f85d8bf9d,001273,sub-2-20240119/sub-2-20240119_obj-1b93kcw_image.nwb,17,38,431,4.153846153846154,13,13.668639053254442,13,58844924,120.0,25.0,1
23a6f83d-931a-4f03-8236-9509dd45da7d,000467,sub-ant2-m10-d11-y2022/sub-ant2-m10-d11-y2022_ses-m10-d11-y2022-ant2-0-48x-3-hexanone-40-t164-z80um_ophys.nwb,22,48,624,4.176470588235294,13,14.615916955017303,17,84086336,680.0,180.0,0
23c882fb-4fc1-4f6b-a1e2-6eac9250265e,000773,sub-ant5-m1-d11-y2023/sub-ant5-m1-d11-y2023_ses-m1-d11-y2023-ant5-0-03x-ethylpyrazine-40-t215-z60um_ophys.nwb,22,48,624,4.176470588235294,13,14.615916955017303,17,84086336,620.0,160.0,0
23dfaddc-4b3d-46c8-a68b-f64f2737a443,000467,sub-ant3-m4-d27-y2022/sub-ant3-m4-d27-y2022_ses-m4-d27-y2022-ant3-0-12x-6-methyl-5-hepten-2-one-40-t140-z60um_ophys.nwb,22,48,624,4.176470588235294,13,14.615916955017303,17,84086336,480.0,120.0,0
23e0cf64-e9ca-4137-b27c-73afaefa771e,001776,sub-M28G/sub-M28G_ses-20250709T124759_obj-18rat3i_icephys.nwb,112,381,38819,5.58252427184466,41,28.592704307663286,103,35913928,340.0,25.0,1
23fa85e9-8936-4d1c-b404-dbcc60311006,000989,sub-G2-36/sub-G2-36_obj-h0tto2_ecephys.nwb,22,45,579,3.9411764705882355,13,12.643598615916957,17,203596,60.0,25.0,1
240dd314-da02-4f0c-8dcf-b0b3211925fd,001169,sub-J053/sub-J053_ses-RWTautowait2-20220830-133241.nwb,32,117,3004,5.481481481481482,31,46.397805212620035,27,1071120,60.0,25.0,1
2415a921-dc9f-4140-95f4-f8b4e1b27f04,001181,sub-m1636/sub-m1636_ses-20220901T134423Z_photometry.nwb,25,70,952,4.2727272727272725,21,23.289256198347097,22,1213202,60.0,25.0,1
24372a77-b085-461d-bd80-c15dec41643c,001692,sub-UG27/sub-UG27_ses-240311_ophys.nwb,64,106,3243,4.333333333333333,18,15.079365079365083,42,3862927850,600.0,25.0,1
244b860a-b65d-4435-a95d-c919303188bb,000467,sub-ant5-m4-d26-y2022/sub-ant5-m4-d26-y2022_ses-m4-d26-y2022-ant5-0-48x-6-methyl-5-hepten-2-one-40-t287-z40um_ophys.nwb,22,48,624,4.176470588235294,13,14.615916955017303,17,84086336,520.0,120.0,0
24531b86-d8ab-4dfa-a7ba-460b4dcc5c0e,001169,sub-M024/sub-M024_ses-RWTautowait2-20200811-133022.nwb,32,116,2923,5.444444444444445,30,44.54320987654322,27,887223,80.0,25.0,1
2454f3fa-f863-43ea-bad8-63900314820a,001515,sub-CHO-20230925-c5/sub-CHO-20230925-c5_obj-asxb3e_image.nwb,17,38,431,4.153846153846154,13,13.668639053254442,13,25661495,80.0,25.0,1
2459d939-1ba1-42be-83a9-06e47b68d9a8,001051,sub-608672/sub-608672_ses-None_probe-70_ecephys.nwb,36,62,1087,3.3,14,12.343333333333334,30,2786331128,1080.0,25.0,1
245f7667-5931-4a76-8a34-5c785a37f2dc,000467,sub-ant2-m4-d20-y2022/sub-ant2-m4-d20-y2022_ses-m4-d20-y2022-ant2-0-12x-4-methyl-3-hexanol-40-t157-z40um_ophys.nwb,22,48,624,4.176470588235294,13,14.615916955017303,17,84086336,680.0,180.0,0
246c896a-9385-4f76-910a-9f5bb77785d5,000711,sub-550603/sub-550603_ses-20210308T120541_obj-1qnx7kl_image+ophys.nwb,78,229,9548,4.342465753424658,24,25.896415837868265,73,268048689,540.0,25.0,1
24724d8b-347e-466b-82c0-7cd940fff496,001676,sub-A0670/sub-A0670_ses-20221128T113741_behavior+ophys.nwb,35,66,895,3.433333333333333,13,10.245555555555557,30,59853560,140.0,25.0,1
2493e095-bba2-4adc-ac88-e37dacc47c84,001635,sub-M056/sub-M056_ses-20240203T111744_behavior+ophys.nwb,105,208,20638,3.13,28,13.093100000000003,100,44909840,440.0,25.0,1
24ae525e-8b37-4d7d-aa69-62245d6b43c7,001550,sub-P101/sub-P101_ses-TaskSwitch4-180520a.nwb,35,112,2625,4.709677419354839,38,47.36732570239335,31,1129038,120.0,25.0,1
24b9f44b-9501-49a8-a918-c9a6e2844285,001169,sub-G046/sub-G046_ses-RWTautowait2-20211012-132210.nwb,32,117,3004,5.481481481481482,31,46.397805212620035,27,1107959,25.0,25.0,1
24ba1275-a1d4-4cb6-8577-bb4b5327dafb,001836,sub-julio/sub-julio_ses-julio-20230811_obj-g8x8w1_behavior.nwb,104,71,1614,2.6153846153846154,65,50.91800507185121,91,40562456,80.0,25.0,1
24c27426-d4a1-4d6c-affb-895418ace6b4,001607,sub-Frodo/sub-Frodo_ses-5_obj-piasj2_behavior+ecephys.nwb,256,70,23376,3.0,36,23.798319327731093,119,1657080,120.0,25.0,1
24c4e321-3f41-4fff-b83a-bb397a2c888b,001064,sub-nosymm-2-4770077565933519794/sub-nosymm-2-4770077565933519794_ses-20240426T151526.nwb,18,21,164,6.333333333333333,13,21.555555555555557,6,679928,60.0,25.0,1
24e15b0b-e742-43e7-b08c-42b0b852e833,001169,sub-J052/sub-J052_ses-RWTautowait2-20230105-133214.nwb,32,118,3087,5.518518518518518,32,48.32373113854595,27,1387182,60.0,25.0,1
24e51879-10a8-4589-aba8-c5af6cd6dd27,000773,sub-ant3-m1-d17-y2023/sub-ant3-m1-d17-y2023_ses-m1-d17-y2023-ant3-0-03x-4-methyl-3-heptanol-40-t194-z40um_ophys.nwb,22,48,624,4.176470588235294,13,14.615916955017303,17,84086336,640.0,160.0,0
24ec2210-cdbf-4b8c-80fd-4dbf862eed62,001868,sub-ICMS48/sub-ICMS48_ses-2022-04-21_ecephys.nwb,25,74,991,5.2105263157894735,13,17.74515235457063,19,333040,25.0,25.0,1
25034132-8c98-4a19-8bf9-5beb91cf16bd,001469,sub-Chronic-Implant-2/sub-Chronic-Implant-2_obj-elludz_ecephys.nwb,22,49,722,4.176470588235294,13,15.321799307958479,17,3035328409,1880.0,160.0,0
2507f4e6-83e0-4463-8542-77c6bd7ef207,000971,sub-418-404/sub-418-404_ses-Opto-DLS-Excitatory-ChR2-2020-09-08T12-37-44_behavior+ogen.nwb,31,57,739,3.2962962962962963,14,13.393689986282581,27,253320,60.0,60.0,0
2509f455-e6af-4652-88ad-b9c73ba7cfaf,001550,sub-P100/sub-P100_ses-TaskSwitch4-180429a.nwb,35,112,2625,4.709677419354839,38,47.36732570239335,31,1871623,100.0,25.0,1
25278cab-a655-4a88-aa62-3c0d076d82d7,001832,sub-m24618001/sub-m24618001_ses-20240618T154839_icephys.nwb,36,98,1998,4.46875,13,9.2490234375,32,2404056,100.0,25.0,1
2531bf94-8ba8-44ed-8338-a1de0a9ea815,001414,sub-PF3/sub-PF3_ses-20240412-3-bPAC-awake-rec1_ophys.nwb,27,45,590,4.294117647058823,13,16.913494809688583,17,643591902,240.0,25.0,1
255e092f-344a-418b-b377-45af48f92d53,001634,sub-Frodo/sub-Frodo_ses-3_obj-14jhokb_ecephys.nwb,253,64,23788,3.0526315789473686,38,25.681440443213305,114,634248,120.0,25.0,1
256d0278-577f-4371-8df4-0421daf75729,000728,sub-580514822/sub-580514822_ses-601328878-StimB_behavior+image+ophys.nwb,47,200,33285,6.317073170731708,118,319.43604997025585,41,467778048,1100.0,25.0,1
257de432-e29c-428f-85aa-eb34656c66ba,001169,sub-J077/sub-J077_ses-RWTautowait2-20230410-153647.nwb,32,118,3087,5.518518518518518,32,48.32373113854595,27,1773037,100.0,25.0,1
2586a5f9-874f-495d-b287-2ad31ee19f52,000467,sub-ant1-m10-d11-y2022/sub-ant1-m10-d11-y2022_ses-m10-d11-y2022-ant1-1x-paraffin-oil-40-t122-z30um_ophys.nwb,22,48,624,4.176470588235294,13,14.615916955017303,17,84086336,720.0,180.0,0
2592183b-52f9-4e5b-b5f7-65b427437017,001856,sub-1484874777/sub-1484874777_ses-1486500988_icephys.nwb,270,1088,290494,5.865168539325842,104,88.25897403526496,267,53490640,460.0,25.0,1
2599bf2b-3c03-4115-8924-23dd0292d512,001169,sub-J047/sub-J047_ses-RWTautowait2-20220830-152042.nwb,32,117,3004,5.481481481481482,31,46.397805212620035,27,1495592,80.0,25.0,1
25a4bd6a-8d69-4ac6-a44f-e17fdb668b56,000246,sub-phpV14-01-H2/sub-phpV14-01-H2_ses-20241022_obj-15ucgjy_ophys.nwb,33,46,581,3.5217391304347827,13,12.162570888468805,23,12760256,60.0,25.0,1
25a748e2-983f-4364-8591-485619d04ce7,001550,sub-P150/sub-P150_ses-TaskSwitch4-190914a.nwb,35,112,2625,4.709677419354839,38,47.36732570239335,31,2165534,120.0,25.0,1
25a76a89-9e67-497c-b4c6-91c3e4aa4dad,001169,sub-G057/sub-G057_ses-RWTautowait2-20220314-135337.nwb,32,117,3004,5.481481481481482,31,46.397805212620035,27,1911815,100.0,25.0,1
25c48a5a-96ba-4bc5-91ac-c3d24d2b9458,000773,sub-ant2-m1-d17-y2023/sub-ant2-m1-d17-y2023_ses-m1-d17-y2023-ant2-0-03x-4-methyl-3-heptanol-40-t175-z0um_ophys.nwb,22,48,624,4.176470588235294,13,14.615916955017303,17,84086336,620.0,160.0,0
25ce02d0-6ee6-4ca3-97ba-163ae9ca5118,001611,sub-25897/sub-25897_ses-20241024T191330_ecephys.nwb,25,52,649,4.105263157894737,13,13.988919667590027,19,14812560,100.0,25.0,1
25ce8bb9-66bd-4c00-a9c4-ca2fc943bb6b,001550,sub-P135/sub-P135_ses-TaskSwitch4-180315a.nwb,35,112,2625,4.709677419354839,38,47.36732570239335,31,1217017,60.0,25.0,1
25ed9221-9723-46e7-bd8b-21f0e6c1783b,001169,sub-L011/sub-L011_ses-RWTautowait2-20220606-154406.nwb,32,117,3004,5.481481481481482,31,46.397805212620035,27,1046571,80.0,25.0,1
25fb8653-9fbf-49f6-be9a-06242c76a2c1,000891,sub-FB2315/sub-FB2315_ses-FB2315-baseline-awake_image.nwb,32,54,662,4.0476190476190474,13,14.712018140589569,21,625856355,1980.0,160.0,0
25ff6917-dd66-4475-9865-cce6879ede9c,000467,sub-ant3-m4-d26-y2022/sub-ant3-m4-d26-y2022_ses-m4-d26-y2022-ant3-1x-paraffin-oil-40-t195-z40um_ophys.nwb,22,48,624,4.176470588235294,13,14.615916955017303,17,84086336,500.0,140.0,0
26064a8d-5f43-4193-83c6-fb2d3d8f282b,000467,sub-ant3-m4-d26-y2022/sub-ant3-m4-d26-y2022_ses-m4-d26-y2022-ant3-0-48x-4-methyl-3-heptanol-40-t219-z95um_ophys.nwb,22,48,624,4.176470588235294,13,14.615916955017303,17,84086336,580.0,140.0,0
2606dae7-3704-4a5c-900c-4a89bd7c3b4c,001455,sub-948934207/sub-948934207_ses-961226116_icephys.nwb,144,595,79862,5.9361702127659575,49,46.58457824053116,141,24545022,380.0,25.0,1
26131536-0a04-493d-bbc1-6994bc5fb241,001634,sub-Frodo/sub-Frodo_ses-2_obj-1c0xxz3_ecephys.nwb,254,77,23866,3.1478260869565218,38,26.473799621928162,115,734344,60.0,25.0,1
2646547f-0468-409e-9299-dc4b2b263a54,001169,sub-L004/sub-L004_ses-RWTautowait2-20220824-121444.nwb,32,117,3004,5.481481481481482,31,46.397805212620035,27,834442,60.0,25.0,1
26490421-fa07-4664-a67b-eb753838da95,000952,sub-222/sub-222_ses-20201111.nwb,17,31,379,3.6153846153846154,13,14.082840236686392,13,217116,60.0,25.0,1
267b63e3-287f-4f52-a2e0-0eb405396ce2,001169,sub-J016/sub-J016_ses-RWTautowait2-20211011-141148.nwb,32,116,2974,5.444444444444445,31,46.46913580246915,27,1546862,80.0,25.0,1
2681f645-3295-4c7f-8c2b-7037af69a8b5,000467,sub-ant4-m4-d26-y2022/sub-ant4-m4-d26-y2022_ses-m4-d26-y2022-ant4-0-48x-4-methyl-3-heptanone-40-t262-z145um_ophys.nwb,22,48,624,4.176470588235294,13,14.615916955017303,17,84086336,520.0,140.0,0
2691fb0c-fd31-4e05-ad30-7db9c71207d2,000467,sub-ant2-m4-d20-y2022/sub-ant2-m4-d20-y2022_ses-m4-d20-y2022-ant2-0-12x-4-methyl-3-heptanol-40-t158-z150um_ophys.nwb,22,48,624,4.176470588235294,13,14.615916955017303,17,84086336,700.0,180.0,0
26b53a5f-8a4e-49cd-8d8e-060258496ca7,001169,sub-L009/sub-L009_ses-RWTautowait2-20220817-102302.nwb,32,117,3004,5.481481481481482,31,46.397805212620035,27,1023886,60.0,25.0,1
26b9e099-163c-42e2-9dc2-7b7e026b1bea,000711,sub-547266/sub-547266_ses-20210222T124937_obj-319y4a_image+ophys.nwb,78,229,9548,4.342465753424658,24,25.896415837868265,73,434448182,500.0,25.0,1
26c5ed80-965b-40eb-88b7-f53fa117c341,001776,sub-A33W/sub-A33W_ses-20230714T172242_icephys.nwb,128,446,54688,5.647058823529412,49,35.64013840830452,119,18691003,1980.0,25.0,1
26c61b2a-8572-450a-9ba9-64451305030c,001550,sub-P074/sub-P074_ses-TaskSwitch4-160808a.nwb,35,112,2625,4.709677419354839,38,47.36732570239335,31,976707,80.0,25.0,1
26ce303f-8bcd-4f50-82e5-531a81662af0,001683,sub-BH661/sub-BH661_ses-20250306T171645_ecephys.nwb,28,52,725,4.2105263157894735,13,17.534626038781166,19,626590696,320.0,25.0,1
26d1639f-c6ba-4e39-9592-08b2a2cab917,001184,sub-108/sub-108_ses-session-hheise-M108-2022-09-02-01_behavior+image+ophys.nwb,43,78,1130,3.2051282051282053,13,8.470742932281393,39,541777292,1760.0,140.0,0
26d1e3f2-7b7f-4144-a491-331404d47317,001550,sub-P135/sub-P135_ses-TaskSwitch4-180417a.nwb,35,112,2625,4.709677419354839,38,47.36732570239335,31,1774609,25.0,25.0,1
26ee9486-beeb-4125-8f2d-37b9378f38b4,000711,sub-489065/sub-489065_ses-20191219T083410_image.nwb,50,156,5473,4.478260869565218,24,34.72778827977316,46,196138163,300.0,25.0,1
26f20947-6f1a-4161-bcba-e5f71a6173d1,001550,sub-P049/sub-P049_ses-TaskSwitch4-180429a.nwb,35,112,2625,4.709677419354839,38,47.36732570239335,31,1249724,80.0,25.0,1
26f25d70-6ab5-43be-8785-742416585e31,000246,sub-AAV-CaMPARI1-C8/sub-AAV-CaMPARI1-C8_obj-1p670qv_ophys.nwb,31,41,560,3.8421052631578947,13,14.027700831024932,19,8564888,40.0,25.0,1
270232f2-40f0-4ba8-b56f-ec25c4dde728,000020,sub-743050332/sub-743050332_ses-746219574_icephys.nwb,126,503,49095,5.764227642276423,40,36.34278537907333,123,20404157,22800.0,380.0,0
2705a184-ac74-467f-9e28-24aa84cbcf5f,000711,sub-544261/sub-544261_ses-20201209T144707_image+ophys.nwb,75,225,9298,4.428571428571429,24,26.73061224489796,70,407178588,480.0,25.0,1
27161054-62a4-4174-a0e8-c11d26d9d78b,000971,sub-437-422/sub-437-422_ses-Opto-DMS-Inhibitory-NpHRScrambled-2020-11-02T14-08-39_ogen.nwb,30,56,729,3.3461538461538463,14,13.84171597633136,26,246728,60.0,25.0,1
271ffbeb-e143-42b9-aaf9-d15b15aeec11,000467,sub-ant4-m4-d20-y2022/sub-ant4-m4-d20-y2022_ses-m4-d20-y2022-ant4-0-03x-4-methyl-3-heptanol-40-t199-z130um_ophys.nwb,22,48,624,4.176470588235294,13,14.615916955017303,17,84086336,680.0,180.0,0
272c4d0b-54ef-4e48-8684-f3a014c68bbf,001836,sub-julio/sub-julio_ses-julio-20230801_obj-w65d1c.nwb,103,74,1739,2.6666666666666665,65,51.844444444444456,90,50992288,60.0,25.0,1
2731ae1f-bde6-4bfb-ac76-07aaa94ab496,001169,sub-S045/sub-S045_ses-RWTautowait2-20230120-102030.nwb,32,117,3004,5.481481481481482,31,46.397805212620035,27,965480,100.0,25.0,1
27438f7a-ccd1-4c17-bd08-970fff052dd1,001515,sub-CHO-20230925-c5/sub-CHO-20230925-c5_obj-neq4nq_image.nwb,17,38,431,4.153846153846154,13,13.668639053254442,13,25642660,80.0,25.0,1
27439747-2b72-4967-81c1-8368dba2b901,000989,sub-G1-12A5B/sub-G1-12A5B_obj-4akpaz_ecephys.nwb,22,45,579,3.9411764705882355,13,12.643598615916957,17,203596,40.0,25.0,1
274fe5da-829a-490e-aca4-3e3419d131ce,001191,sub-747829/sub-747829_ecephys.nwb,109,816,221768,9.424242424242424,57,65.51698806244262,99,17624059652,5480.0,25.0,1
27639560-a035-45af-9e91-0d2b7fd1c200,001034,sub-4-3/sub-4-3_ses-20Hz-sine-stimulation-5V_obj-ry1yd3_image.nwb,17,38,431,4.153846153846154,13,13.668639053254442,13,582883,80.0,25.0,1
276fb641-245c-4c4b-afc8-3b2a51bea7fd,001169,sub-M042/sub-M042_ses-RWTautowait2-20220929-134207.nwb,32,116,2974,5.444444444444445,31,46.46913580246915,27,1495841,120.0,25.0,1
2771bec4-0be2-474a-9cf5-c96748f64f2f,000971,sub-449-417/sub-449-417_ses-Opto-DLS-Excitatory-ChR2-2020-12-01T11-55-16_ogen.nwb,29,54,725,3.4583333333333335,14,14.748263888888888,24,235688,60.0,60.0,0
277d0f0b-14af-45ed-9ddb-9aa3c256b893,000232,sub-YT085/sub-YT085_ses-20191226T131922_behavior.nwb,2651,5321,29527685,3.011333585190782,375,367.44754816488285,2647,33422188,980.0,25.0,1
279e3975-4449-4bed-ac0f-b4e59ad77279,001169,sub-L021/sub-L021_ses-RWTautowait2-20230605-094613.nwb,32,118,3087,5.518518518518518,32,48.32373113854595,27,895588,60.0,25.0,1
27a03793-b471-4e0c-8910-5606210cd99c,000020,sub-775275481/sub-775275481_ses-777422704_icephys.nwb,199,824,148940,5.954081632653061,72,58.67646293211165,196,26520082,32160.0,360.0,0
27a71e82-8488-4b94-9550-ddcf3fb1007d,000773,sub-ant6-m1-d10-y2023/sub-ant6-m1-d10-y2023_ses-m1-d10-y2023-ant6-0-48x-3-hexanone-40-t217-z130um_ophys.nwb,22,48,624,4.176470588235294,13,14.615916955017303,17,84086336,640.0,180.0,0
27a7bae1-1ccc-497c-9995-22eba21e5b99,000570,sub-846404050/sub-846404050_ses-848629111_icephys.nwb,403,1786,796136,6.3175,169,169.34169375,400,43392946,41760.0,380.0,0
27b15676-9d1e-400a-9bb6-bea15b3de9ec,000971,sub-141-308/sub-141-308_ses-FP-PR-2019-08-27T09-50-34_behavior.nwb,26,52,651,3.5,13,13.886363636363637,22,238448,60.0,60.0,0
27b239cb-cea0-4401-a01e-fb72883759b9,000713,sub-540536/sub-540536_ses-20201027T090412_image.nwb,48,118,2609,3.772727272727273,25,26.584710743801654,44,68134962,320.0,25.0,1
27c04cee-3271-4478-a2ea-ae35255be776,000773,sub-ant4-m1-d18-y2023/sub-ant4-m1-d18-y2023_ses-m1-d18-y2023-ant4-0-48x-4-methyl-3-heptanol-40-t140-z85um_ophys.nwb,22,48,624,4.176470588235294,13,14.615916955017303,17,84086336,620.0,160.0,0
27ce8d8f-9577-442f-bb84-c4a28c9dc8e3,001550,sub-P150/sub-P150_ses-TaskSwitch4-181118a.nwb,35,112,2625,4.709677419354839,38,47.36732570239335,31,2042661,100.0,25.0,1
27cf92f6-d59d-412f-a52d-ce5a23a435d5,000467,sub-ant1-m4-d27-y2022/sub-ant1-m4-d27-y2022_ses-m4-d27-y2022-ant1-0-0075x-6-methyl-5-hepten-2-one-40-t136-z130um_ophys.nwb,22,48,624,4.176470588235294,13,14.615916955017303,17,84086336,500.0,120.0,0
27df2d64-5362-4eb6-93ae-a78fccc6009c,001169,sub-J040/sub-J040_ses-RWTautowait2-20220531-115915.nwb,32,117,3004,5.481481481481482,31,46.397805212620035,27,1307044,60.0,25.0,1
27dfcee3-32b4-4719-841f-70233628e268,000728,sub-497258322/sub-497258322_ses-506074436-StimC_ophys.nwb,23,48,605,4.055555555555555,13,13.163580246913579,18,37612035141,14020.0,25.0,1
27e469e1-6c6f-4727-b2b5-d14cfa9d1b95,001836,sub-julio/sub-julio_ses-julio-20230801_obj-1n9dgnq.nwb,103,84,1949,2.7777777777777777,65,53.68395061728392,90,688400,100.0,25.0,1
27e8f527-da8a-4a1f-89a8-d08b2074ab48,001753,sub-1467498546/sub-1467498546_ses-1467603218_icephys.nwb,338,1379,489737,5.937313432835821,136,116.06472711071505,335,60920170,3520.0,100.0,0
27fa9af0-f2cc-44a6-af1e-f786a0901260,000711,sub-489065/sub-489065_ses-20200224T144644_obj-yymlc7_image+ophys.nwb,78,229,9548,4.342465753424658,24,25.896415837868265,73,246328135,420.0,25.0,1
281c4366-4ebb-4e2b-b57a-890d328ce687,000773,sub-ant5-m4-d6-y2023/sub-ant5-m4-d6-y2023_ses-m4-d6-y2023-ant5-0-48x-isopropanol-40-t189-z155um_ophys.nwb,22,48,624,4.176470588235294,13,14.615916955017303,17,84086336,620.0,160.0,0
284a1b33-65f1-4ca8-a138-2c76b7679bfe,000713,sub-544837/sub-544837_ses-20201203T095554_image.nwb,48,114,2391,3.6818181818181817,23,23.762396694214885,44,188103411,460.0,25.0,1
285877b1-b7f9-4aae-b613-650f10eeeee2,001847,sub-RD059/sub-RD059_ses-RD059-20240815-165031_behavior.nwb,32,121,3215,5.428571428571429,36,51.530612244897966,28,609684,25.0,25.0,1
2860afc9-fe0f-4137-b8f5-de6095925988,001169,sub-L004/sub-L004_ses-RWTautowait2-20220204-141249.nwb,32,117,3004,5.481481481481482,31,46.397805212620035,27,773346,100.0,25.0,1
2869c6a3-70fe-42da-886e-6113cad96222,001836,sub-klein/sub-klein_ses-klein-20231101_obj-1xfqz4s.nwb,103,84,1949,2.7777777777777777,65,53.68395061728392,90,2125552,80.0,25.0,1
287ec80d-9c9a-4efe-ad8c-19ffb4ca5fae,001611,sub-25897/sub-25897_ses-20241113T190503_ecephys.nwb,25,52,649,4.105263157894737,13,13.988919667590027,19,17193476,80.0,25.0,1
2882223a-1351-4f9d-a2ed-7a081d1a816e,000020,sub-885375443/sub-885375443_ses-892414087_icephys.nwb,173,665,90101,5.6,57,51.969411764705875,170,58331093,33020.0,340.0,0
288c2026-53ba-434d-ae5e-4e8f30a98d3a,001169,sub-S026/sub-S026_ses-RWTautowait2-20211103-154737.nwb,32,117,3004,5.481481481481482,31,46.397805212620035,27,1531401,60.0,25.0,1
288cee6b-f8c7-4ff0-aceb-e5813d3676b9,001455,sub-977022362/sub-977022362_ses-983550449_icephys.nwb,136,521,55542,5.616541353383458,45,40.22138051896658,133,20235216,440.0,25.0,1
28cbc96c-ae3b-4f0f-bede-4f4fe165e7aa,000951,sub-LC22-fly4/sub-LC22-fly4_ses-(-LC22-fly4-161017-1643--).nwb,18,33,433,3.8461538461538463,13,13.822485207100591,13,187360,420.0,160.0,0
28e74af2-c2da-46a0-a560-dfe653a638b2,001349,sub-FGF9-Ncre-GAD37-5-AL/sub-FGF9-Ncre-GAD37-5-AL_ses-14_ophys.nwb,32,64,1380,3.923076923076923,13,11.07100591715976,26,22966430,80.0,25.0,1
28f16d3a-65e5-4ab9-9cb2-64de4d08795d,001455,sub-644988797/sub-644988797_ses-645435040_icephys.nwb,109,414,36970,5.613207547169812,36,32.369259522961904,106,15487128,500.0,25.0,1
28fb0458-3242-4a93-9e07-13181ea196ef,001611,sub-25273/sub-25273_ses-20250428T155330_ecephys.nwb,25,52,649,4.105263157894737,13,13.988919667590027,19,19572824,120.0,25.0,1
2900ee25-ae0d-4d6f-a1d2-0f789340f2b5,001038,sub-Calb-1790/sub-Calb-1790_ses-20210412-0001.nwb,53,117,2473,4.071428571428571,16,13.73299319727891,42,25059852,160.0,25.0,1
29070f7c-7faf-4d0f-9dd0-3acf84d102ae,000351,sub-HJ-FP-datHT-stGtACR-M8/sub-HJ-FP-datHT-stGtACR-M8_ses-Day3-Pavlovian.nwb,25,49,554,3.3181818181818183,13,9.489669421487603,22,1453090032,1140.0,60.0,0
293a9c6b-c5d5-4f35-92dc-63c95e33432c,001169,sub-S021/sub-S021_ses-RWTautowait2-20211018-105735.nwb,32,117,3004,5.481481481481482,31,46.397805212620035,27,1000163,80.0,25.0,1
29530398-0d71-498f-880d-2c165de84e1e,000970,sub-R155/sub-R155_ses-20240522.nwb,21,27,222,5.222222222222222,13,15.061728395061728,9,198984,60.0,25.0,1
2975c349-bb54-42cb-bcbc-27a9d017d9a8,001836,sub-julio/sub-julio_ses-julio-20230808_obj-3krqgc_behavior.nwb,108,76,1751,2.6,65,49.06105263157894,95,4407008,120.0,25.0,1
297deba0-0a2d-4aa8-b5a0-beac3fb051d5,000409,sub-ZM-1897/sub-ZM-1897_ses-dd4da095-4a99-4bf3-9727-f735077dba66_desc-processed_behavior+ecephys.nwb,49,170,5372,5.285714285714286,32,40.394557823129254,42,618874558,1220.0,25.0,1
298df424-f334-43e3-a5fd-6b93d19265b1,000713,sub-532246/sub-532246_ses-20200820T140102_image.nwb,48,118,2609,3.772727272727273,25,26.584710743801654,44,66526084,320.0,25.0,1
298f3c2b-3070-45a9-a7d9-03e4e6fee4e8,000467,sub-ant4-m4-d20-y2022/sub-ant4-m4-d20-y2022_ses-m4-d20-y2022-ant4-0-12x-4-methyl-3-heptanone-40-t213-z130um_ophys.nwb,22,48,624,4.176470588235294,13,14.615916955017303,17,84086336,660.0,160.0,0
29910680-ab37-4c35-84e5-d45f08ead335,001751,sub-Mfa241218/sub-Mfa241218_ses-20241218HS1_obj-qwcrzm_icephys.nwb,271,1533,1124479,7.8320610687022905,240,207.7885904084842,262,35140024,900.0,80.0,0
29959193-72ae-48f0-861e-d2b0d9e7e6d6,000483,sub-SKKS091/sub-SKKS091_ses-20210518T174412_behavior+ophys.nwb,33,58,718,3.357142857142857,13,9.443877551020407,28,6244874097,3000.0,25.0,1
29969a94-e272-4f4a-8918-65b341aba66f,001564,sub-dat-e1-f8/sub-dat-e1-f8_ses-20250303T110233.nwb,18,35,402,3.7142857142857144,13,13.204081632653061,14,2588136,60.0,25.0,1
2996fe38-d7b4-469f-9a2b-7a4b540bc3b7,001611,sub-29641/sub-29641_ses-20250321T205826_ecephys.nwb,25,52,649,4.105263157894737,13,13.988919667590027,19,14265040,100.0,25.0,1
29b88a79-2bd1-490e-8557-dab658830788,000246,sub-phpV14-03-H5/sub-phpV14-03-H5_ses-20241118_obj-xcgw9g_ophys.nwb,33,46,581,3.5217391304347827,13,12.162570888468805,23,12760256,60.0,25.0,1
29b9e8f7-f454-46ac-9a40-6cb7d1258889,000711,sub-453989/sub-453989_ses-20190701T091407_image.nwb,50,156,5473,4.478260869565218,24,34.72778827977316,46,196173456,280.0,25.0,1
29c590d6-2fea-41c8-90ac-2ccbd4028b87,000971,sub-282-402/sub-282-402_ses-Opto-DMS-Excitatory-ChR2Scrambled-2020-10-28T13-26-53_behavior+ogen.nwb,31,57,739,3.2962962962962963,14,13.393689986282581,27,255219,60.0,25.0,1
29c785f1-0e58-4841-bd1c-5e9bfac190cb,000773,sub-ant4-m4-d6-y2023/sub-ant4-m4-d6-y2023_ses-m4-d6-y2023-ant4-0-48x-4-methyl-3-heptanone-40-t159-z130um_ophys.nwb,22,48,624,4.176470588235294,13,14.615916955017303,17,84086336,600.0,160.0,0
29c973ae-dd2a-4686-bca1-5b4f29d072a2,001169,sub-G089/sub-G089_ses-RWTautowait2-20221020-160751.nwb,32,117,3004,5.481481481481482,31,46.397805212620035,27,1786341,80.0,25.0,1
29cf76f6-a57f-415a-941b-037a93610d36,001169,sub-M049/sub-M049_ses-RWTautowait2-20230623-094112.nwb,32,117,3057,5.481481481481482,32,48.397805212620035,27,1101298,120.0,25.0,1
29e73edd-904b-4bd4-93c3-8134657ded95,001038,sub-Anxa-2558/sub-Anxa-2558_ses-20221030-0001.nwb,54,118,2573,4.119047619047619,16,14.10487528344671,42,27195126,400.0,25.0,1
2a0157d5-75e0-45f0-925e-990bf99ef85d,000954,sub-HumanPitt-held-in-minival/sub-HumanPitt-held-in-minival_ses-19250113T121303.nwb,23,52,488,3.8947368421052633,13,12.199445983379503,19,922184,880.0,380.0,0
2a048836-2eb1-4158-a8a9-e90a49b88cba,000020,sub-740369784/sub-740369784_ses-743468025_icephys.nwb,212,886,169453,6.0,78,69.17703349282297,209,29844718,36640.0,380.0,0
2a0fa2ef-0e34-4ccb-9d54-6be599f83b1a,000552,sub-e13-1m1/sub-e13-1m1_ses-e13-1m1-200225_behavior+ecephys.nwb,22,60,943,4.5,16,19.805555555555557,18,86489157,2100.0,200.0,0
2a0fc746-2d7a-4f5e-8d34-0d43385f95a2,000773,sub-ant5-m1-d11-y2023/sub-ant5-m1-d11-y2023_ses-m1-d11-y2023-ant5-0-03x-propionic-acid-40-t227-z60um_ophys.nwb,22,48,624,4.176470588235294,13,14.615916955017303,17,84086336,620.0,160.0,0
2a185056-9d89-44ab-ae5b-257dccbd75f6,001169,sub-L012/sub-L012_ses-RWTautowait2-20221021-104224.nwb,32,118,3087,5.518518518518518,32,48.32373113854595,27,1038049,60.0,25.0,1
2a1df792-3c62-47e0-8b5d-18853d70a754,000535,sub-467422/sub-467422_ses-20190703T180758_behavior+ophys.nwb,32,49,593,3.1538461538461537,13,9.89940828402367,26,280655060,660.0,100.0,0
2a299e83-c880-48b0-961a-de2bdf66cbad,000535,sub-467950/sub-467950_ses-20190726T161008_behavior+ophys.nwb,32,49,593,3.1538461538461537,13,9.89940828402367,26,16738628,320.0,100.0,0
2a30cb3b-be1b-4790-aa06-ab0492a84eaa,001550,sub-P116/sub-P116_ses-TaskSwitch4-171012a.nwb,35,112,2625,4.709677419354839,38,47.36732570239335,31,1368529,100.0,25.0,1
2a33edc3-f34e-4049-bff2-30d6c84d4914,001550,sub-P189/sub-P189_ses-TaskSwitch6-190623a.nwb,33,110,2570,4.896551724137931,38,49.74791914387635,29,1221920,25.0,25.0,1
2a3f9ff3-5e9f-4f40-a7b3-cf4f13990b6a,001550,sub-P187/sub-P187_ses-TaskSwitch6-200913a.nwb,33,110,2570,4.896551724137931,38,49.74791914387635,29,1011247,80.0,25.0,1
2a5a186a-d434-4c46-b744-43432daf9483,001455,sub-815493627/sub-815493627_ses-818825701_icephys.nwb,244,1008,241140,5.966804979253112,93,81.7582341901827,241,60712011,1660.0,25.0,1
2a640983-3579-4eeb-a4ec-f129c0f3e702,000713,sub-568022/sub-568022_ses-20210428T131815_image.nwb,48,115,2402,3.7045454545454546,23,23.889979338842977,44,191375818,160.0,25.0,1
2a6db86c-113d-4d12-b79d-d694c86a0dd6,001841,sub-subject-ID-ST399/sub-subject-ID-ST399_ses-20190913T153246_icephys.nwb,87,230,13320,4.554216867469879,30,18.4398316156191,83,1391833,60.0,25.0,1
2a827bfe-3597-46ab-bda2-b60e81c214fb,001634,sub-Bilbo/sub-Bilbo_ses-5_obj-1f61xef_ecephys.nwb,256,79,23510,3.0756302521008405,36,24.08671703975707,119,2564504,100.0,25.0,1
2a886864-c96a-4548-874b-93ab9df30f74,000713,sub-542072/sub-542072_ses-20201016T140428_image.nwb,48,118,2609,3.772727272727273,25,26.584710743801654,44,68052175,240.0,25.0,1
2a89f626-b8a7-43a7-b8ba-63f793c609d5,001169,sub-L020/sub-L020_ses-RWTautowait2-20230202-153114.nwb,32,117,3004,5.481481481481482,31,46.397805212620035,27,1120836,80.0,25.0,1
2a8c284b-abd1-4b1f-9446-60c8c5ddc7b7,001550,sub-P049/sub-P049_ses-TaskSwitch4-160331a.nwb,35,111,2551,4.67741935483871,37,45.25078043704474,31,792478,100.0,25.0,1
2a8f7858-6553-4da7-8da0-906350a444ed,000020,sub-755664513/sub-755664513_ses-757322224_icephys.nwb,133,545,56484,5.876923076923077,43,40.3694674556213,130,20045987,23680.0,360.0,0
2a9cece1-c0d9-46a0-ac6a-e6a6c12aa330,000467,sub-ant1-m4-d27-y2022/sub-ant1-m4-d27-y2022_ses-m4-d27-y2022-ant1-0-0075x-4-methyl-3-heptanol-40-t128-z150um_ophys.nwb,22,48,624,4.176470588235294,13,14.615916955017303,17,84086336,480.0,120.0,0
2aa716f0-a236-4168-a6e6-f756c71f9428,000773,sub-ant4-m1-d10-y2023/sub-ant4-m1-d10-y2023_ses-m1-d10-y2023-ant4-0-48x-3-hexanone-40-t163-z50um_ophys.nwb,22,48,624,4.176470588235294,13,14.615916955017303,17,84086336,640.0,160.0,0
2aab7a35-3358-4c5b-a513-05a94719d84c,000773,sub-ant4-m4-d6-y2023/sub-ant4-m4-d6-y2023_ses-m4-d6-y2023-ant4-0-48x-4-methyl-3-heptanone-40-t159-z135um_ophys.nwb,22,48,624,4.176470588235294,13,14.615916955017303,17,84086336,600.0,160.0,0
2ab5683f-db1b-4b29-8dba-ed06e513677c,001169,sub-S062/sub-S062_ses-RWTautowait2-20230519-094218.nwb,32,118,3087,5.518518518518518,32,48.32373113854595,27,1235115,60.0,25.0,1
2abf30c7-673a-4691-b3fe-f7089a7852da,001169,sub-S049/sub-S049_ses-RWTautowait2-20221110-160213.nwb,32,117,3004,5.481481481481482,31,46.397805212620035,27,1268258,80.0,25.0,1
2ad776e8-9aca-45df-80f6-2759b94e4642,000773,sub-ant1-m1-d17-y2023/sub-ant1-m1-d17-y2023_ses-m1-d17-y2023-ant1-0-03x-ethanol-40-t139-z35um_ophys.nwb,22,48,624,4.176470588235294,13,14.615916955017303,17,84086336,640.0,160.0,0
2ae2fc03-d9f5-4e73-9da5-d11c2fbfe1a7,001169,sub-L029/sub-L029_ses-RWTautowait2-20230718-094035.nwb,32,118,3087,5.518518518518518,32,48.32373113854595,27,1514029,60.0,25.0,1
2b05cda5-8424-4c6e-a824-065528e3a51a,000637,sub-BH477/sub-BH477_obj-a46enh_ecephys.nwb,28,46,627,4.111111111111111,14,15.654320987654321,18,4524576,160.0,60.0,0
2b06372d-4fee-4e34-98ff-773acefea352,001169,sub-J071/sub-J071_ses-RWTautowait2-20230518-132125.nwb,32,118,3087,5.518518518518518,32,48.32373113854595,27,1322553,80.0,25.0,1
2b1a1b3e-9c90-4060-a71b-59a3306aebf3,000363,sub-456772/sub-456772_ses-20191123T135013_behavior+ecephys+image+ogen.nwb,477,1434,868347,4.085287846481877,426,385.3317451730081,469,301531861001,216780.0,60.0,0
2b2a08b7-30b6-430e-84bb-e57c2c176c25,001169,sub-J008/sub-J008_ses-RWTautowait2-20201110-153954.nwb,32,117,3004,5.481481481481482,31,46.397805212620035,27,1429016,25.0,25.0,1
2b692f1a-69ce-464c-ac49-a6d80e586d5c,001169,sub-J077/sub-J077_ses-RWTautowait2-20230418-160724.nwb,32,118,3087,5.518518518518518,32,48.32373113854595,27,2197045,120.0,25.0,1
2b6a4809-0c95-4ce1-afa0-94079205bf29,000773,sub-ant1-m4-d6-y2023/sub-ant1-m4-d6-y2023_ses-m4-d6-y2023-ant1-0-48x-4-methyl-3-heptanone-40-t142-z100um_ophys.nwb,22,48,624,4.176470588235294,13,14.615916955017303,17,84086336,580.0,160.0,0
2b6d4c69-1766-4bf8-8112-5e6ca3a957de,001550,sub-P095/sub-P095_ses-TaskSwitch4-170906a.nwb,35,112,2625,4.709677419354839,38,47.36732570239335,31,1682252,100.0,25.0,1
2b6e9b40-41af-4a06-b6b7-f101453dcab9,000773,sub-ant1-m4-d6-y2023/sub-ant1-m4-d6-y2023_ses-m4-d6-y2023-ant1-0-48x-4-methyl-3-heptanone-40-t128-z85um_ophys.nwb,22,48,624,4.176470588235294,13,14.615916955017303,17,84086336,580.0,160.0,0
2b6f1804-ea4a-42b2-903c-852f7e2899ca,000617,sub-677038/sub-677038_ses-1284580866-acq-1284751101-raw-movies_ophys.nwb,60,167,5466,4.277777777777778,17,22.12654320987654,54,21115722419,8360.0,25.0,1
2b725fb2-5bb2-4529-944c-39ae8c42f9a0,001169,sub-L024/sub-L024_ses-RWTautowait2-20230412-104548.nwb,32,118,3087,5.518518518518518,32,48.32373113854595,27,1090325,80.0,25.0,1
2b7c8e6b-064e-4975-89bd-c5a59d80cb0b,001169,sub-L021/sub-L021_ses-RWTautowait2-20230517-094748.nwb,32,118,3087,5.518518518518518,32,48.32373113854595,27,1228216,60.0,25.0,1
2b7d8116-19a6-452d-b911-55ac0d190918,001169,sub-M044/sub-M044_ses-RWTautowait2-20220623-153954.nwb,32,116,2974,5.444444444444445,31,46.46913580246915,27,1537180,100.0,25.0,1
2b89b037-5a52-4861-b319-937b291f7dea,001169,sub-S018/sub-S018_ses-RWTautowait2-20210324-114809.nwb,32,116,2974,5.444444444444445,31,46.46913580246915,27,1356629,25.0,25.0,1
2b8bedbc-6f45-452d-917d-7a9b928f417d,001607,sub-Bilbo/sub-Bilbo_ses-4_obj-ol21wc_ecephys.nwb,255,67,23794,3.043103448275862,38,25.43779726516053,116,33613716,80.0,25.0,1
2b95e566-87dd-457a-ab5a-ebfb2ada0f7e,001169,sub-S023/sub-S023_ses-RWTautowait2-20211118-102955.nwb,32,117,3004,5.481481481481482,31,46.397805212620035,27,1008647,60.0,25.0,1
2b975915-b973-4d2b-b595-daa8dc801fa9,000971,sub-62-207/sub-62-207_ses-FP-PR-2018-10-09T12-32-42_behavior.nwb,26,52,651,3.5,13,13.886363636363637,22,236053,60.0,25.0,1
2b9b35e1-893c-4725-be03-258d7ff43667,000728,sub-519772020/sub-519772020_ses-528972913-StimB_ophys.nwb,23,48,605,4.055555555555555,13,13.163580246913579,18,37485494514,13080.0,25.0,1
2b9d7e5c-9687-4cce-a9ba-979e8408ed4f,000711,sub-476970/sub-476970_ses-20191204T122543_image.nwb,50,156,5473,4.478260869565218,24,34.72778827977316,46,196144797,400.0,25.0,1
2ba3f64a-98ee-40ac-9377-4f48faf5734a,000728,sub-603221684/sub-603221684_ses-638754561-StimC2_ophys.nwb,23,48,605,4.055555555555555,13,13.163580246913579,18,40430861074,16060.0,25.0,1
2bb3bdec-b435-4992-b4d0-0833f02c9707,001847,sub-RD066/sub-RD066_ses-RD066-20241124-111604_behavior.nwb,32,121,3215,5.428571428571429,36,51.530612244897966,28,539996,25.0,25.0,1
2bb638f6-42c1-4e36-857a-29603a582b3b,000773,sub-ant2-m1-d17-y2023/sub-ant2-m1-d17-y2023_ses-m1-d17-y2023-ant2-0-03x-3-hexanone-40-t171-z115um_ophys.nwb,22,48,624,4.176470588235294,13,14.615916955017303,17,84086336,620.0,160.0,0
2bb75598-bc3c-451d-bc8c-ab45dd7b2800,001169,sub-J001/sub-J001_ses-RWTautowait2-20200827-095433.nwb,32,117,3004,5.481481481481482,31,46.397805212620035,27,1287371,60.0,25.0,1
2bd96b22-8461-42de-ba97-246218995cfb,001550,sub-P123/sub-P123_ses-TaskSwitch4-180411a.nwb,35,112,2625,4.709677419354839,38,47.36732570239335,31,1361750,100.0,25.0,1
2be309a3-c3cc-40d7-aeb7-a5be1a159545,001169,sub-M025/sub-M025_ses-RWTautowait2-20200806-111244.nwb,32,116,2923,5.444444444444445,30,44.54320987654322,27,1461653,60.0,25.0,1
2bf449b0-b943-4c55-b42f-204949599ca7,000773,sub-ant1-m1-d11-y2023/sub-ant1-m1-d11-y2023_ses-m1-d11-y2023-ant1-0-03x-ethylpyrazine-40-t142-z130um_ophys.nwb,22,48,624,4.176470588235294,13,14.615916955017303,17,84086336,640.0,160.0,0
2bfcfa82-b226-4504-87d1-58b3c4bcca7f,000773,sub-ant5-m1-d10-y2023/sub-ant5-m1-d10-y2023_ses-m1-d10-y2023-ant5-0-48x-4-methyl-3-heptanol-40-t181-z145um_ophys.nwb,22,48,624,4.176470588235294,13,14.615916955017303,17,84086336,640.0,160.0,0
2c120265-57f3-451e-8bbc-b17196ce6020,001634,sub-Frodo/sub-Frodo_ses-2_obj-1yjetcj_ecephys.nwb,254,77,23866,3.1478260869565218,38,26.473799621928162,115,741200,100.0,25.0,1
2c2615aa-fd57-4c5b-acc8-f5dcf8a720bb,000773,sub-ant2-m2-d24-y2023/sub-ant2-m2-d24-y2023_ses-m2-d24-y2023-ant2-0-48x-ethylpyrazine-40-t146-z140um_ophys.nwb,22,48,624,4.176470588235294,13,14.615916955017303,17,84086336,600.0,160.0,0
2c39cf36-0b94-4565-804b-bae998caa83d,001414,sub-PF7/sub-PF7_ses-20240412-7-ctrl-awake-rec4_ophys.nwb,27,45,590,4.294117647058823,13,16.913494809688583,17,624248754,260.0,25.0,1
2c3dfe29-e7da-4642-add7-ada570f3b627,001169,sub-M032/sub-M032_ses-RWTautowait2-20210104-143246.nwb,32,117,3004,5.481481481481482,31,46.397805212620035,27,1550625,80.0,25.0,1
2c470076-042d-4459-99b9-77ca18629a1f,001348,sub-1301204249/sub-1301204249_ses-1302775720_icephys.nwb,169,630,87025,5.524096385542169,59,48.839780809986955,166,53153100,1280.0,80.0,0
2c54e8e2-d63d-4677-8b4c-81f199b26382,001550,sub-P120/sub-P120_ses-TaskSwitch4-190103a.nwb,35,112,2625,4.709677419354839,38,47.36732570239335,31,961292,60.0,25.0,1
2c5f25ba-3152-4798-8a02-90d86583b7d7,001676,sub-A0662/sub-A0662_ses-20220902T104801_behavior+ophys.nwb,35,66,895,3.433333333333333,13,10.245555555555557,30,62324760,160.0,25.0,1
2c5ffa76-b83d-4209-9924-d561f5ebd2bf,000728,sub-652810246/sub-652810246_ses-664899825-StimC2_behavior+image+ophys.nwb,50,11477,195172714,262.3181818181818,5812,1407580.2623966942,44,155535901,940.0,25.0,1
2c6f10d3-26df-409a-bc8e-8db5457a8fd4,001550,sub-P120/sub-P120_ses-TaskSwitch4-190317a.nwb,35,112,2625,4.709677419354839,38,47.36732570239335,31,1337372,60.0,25.0,1
2c79e1e2-8291-4b5c-86f6-43d858abf81b,001169,sub-G073/sub-G073_ses-RWTautowait2-20220921-151357.nwb,32,117,3004,5.481481481481482,31,46.397805212620035,27,1154268,25.0,25.0,1
2c7c2319-7305-4168-bd47-41919b43e8c6,001281,sub-201202/sub-201202_ses-2012023si-3-1-1_icephys.nwb,62,224,11912,5.719298245614035,20,13.394890735610957,57,13681544,5320.0,160.0,0
2c8cacbd-3c4e-4fea-b73d-ef8aa87e5f52,001169,sub-G070/sub-G070_ses-RWTautowait2-20221026-103612.nwb,32,118,3087,5.518518518518518,32,48.32373113854595,27,804452,80.0,25.0,1
2ca2518a-dc37-4ccd-b1a9-048b9e997a24,001767,sub-S1214/sub-S1214_ses-20211005_behavior.nwb,72,123,4646,3.5272727272727273,20,13.231074380165294,55,7404136,200.0,25.0,1
2cb17443-a717-4861-b3e9-55926da01d9b,001776,sub-A23W/sub-A23W_ses-20220620T182359_icephys.nwb,126,438,52557,5.641025641025641,48,34.76002629848784,117,19056940,520.0,25.0,1
2cb3a223-0f7f-4656-8e1a-85d11d8c01b1,001550,sub-P078/sub-P078_ses-TaskSwitch4-170520a.nwb,35,112,2625,4.709677419354839,38,47.36732570239335,31,965431,25.0,25.0,1
2cc5cdd8-fa15-4453-b020-35949f455a3a,001348,sub-1253938349/sub-1253938349_ses-1254016621_icephys.nwb,141,526,56920,5.5,46,40.322463768115945,138,32479478,980.0,80.0,0
2cd1bcd5-e870-4675-a32c-c3b6dd84b395,000711,sub-533527/sub-533527_ses-20200904T143205_image.nwb,50,156,5473,4.478260869565218,24,34.72778827977316,46,196074867,260.0,25.0,1
2cdfc31a-2a68-4b53-b1cf-886c80db1d12,000341,Human_persistent_RAF/sub-160628/sub-160628_ses-1606281rm-6-14-3_icephys.nwb,1730,7730,19715162,6.4742028985507245,854,836.1542620457884,1725,379527528,84440.0,180.0,0
2ce07fff-df2e-465d-9bd0-00f658364c8f,001515,sub-CHO-20231010-c9/sub-CHO-20231010-c9_obj-1hkjy3z_image.nwb,17,38,431,4.153846153846154,13,13.668639053254442,13,25796108,80.0,25.0,1
2ce21ff0-8d84-4f18-9683-d3ab25dabf7c,001169,sub-J034/sub-J034_ses-RWTautowait2-20220222-155235.nwb,32,117,3004,5.481481481481482,31,46.397805212620035,27,1040864,60.0,25.0,1
2cfe6ac0-44d1-4213-a178-abac6ea2c880,001634,sub-Bilbo/sub-Bilbo_ses-2_obj-k5xf0r_ecephys.nwb,252,69,23364,3.0608695652173914,36,24.54412098298677,115,1988712,80.0,25.0,1
2d0d7814-269f-4d40-8e42-2517ce139e79,001271,sub-2-20240730/sub-2-20240730_obj-xu5n1j_image.nwb,17,38,431,4.153846153846154,13,13.668639053254442,13,725801,60.0,25.0,1
2d102046-2c3b-40c5-ac76-c5c161e12f0f,001051,sub-632295/sub-632295_ses-None_probe-391_ecephys.nwb,36,62,1087,3.3,14,12.343333333333334,30,3023254280,1220.0,25.0,1
2d157ca1-1578-48d6-b97b-8a3853f0b798,001550,sub-P059/sub-P059_ses-TaskSwitch4-160611a.nwb,35,111,2551,4.67741935483871,37,45.25078043704474,31,1260864,60.0,25.0,1
2d16c489-421d-4383-a1a4-87eeccca59f5,000773,sub-ant1-m1-d20-y2023/sub-ant1-m1-d20-y2023_ses-m1-d20-y2023-ant1-0-48x-propionic-acid-40-t143-z60um_ophys.nwb,22,48,624,4.176470588235294,13,14.615916955017303,17,84086336,600.0,160.0,0
2d173bb2-be97-4546-b278-df977b2353a1,001169,sub-S015/sub-S015_ses-RWTautowait2-20210216-103308.nwb,32,116,2974,5.444444444444445,31,46.46913580246915,27,953136,80.0,25.0,1
2d3e8c20-36c7-4533-9942-4904859a93c7,000246,sub-phpV14-03-H5/sub-phpV14-03-H5_ses-20241118_obj-1r95iqf_ophys.nwb,33,46,581,3.5217391304347827,13,12.162570888468805,23,12760256,60.0,25.0,1
2d502fb5-d59b-4de6-9139-2a93b1acfd76,000773,sub-ant2-m1-d11-y2023/sub-ant2-m1-d11-y2023_ses-m1-d11-y2023-ant2-0-03x-isopropanol-40-t152-z45um_ophys.nwb,22,48,624,4.176470588235294,13,14.615916955017303,17,84086336,640.0,160.0,0
2d56864c-9591-48a1-9f58-ab412b14891b,001183,sub-2020-02-15-0046/sub-2020-02-15-0046_ses-20200215T215531_slice-2020-02-15-0046-abf_cell-2020-02-15-0046-abf_icephys.nwb,30,60,926,3.64,13,9.270399999999999,25,2024347,60.0,25.0,1
2d586cb3-8b22-4dea-9526-af4e0bd9b5e5,001169,sub-M014/sub-M014_ses-RWTautowait2-20200903-101218.nwb,32,117,3004,5.481481481481482,31,46.397805212620035,27,1214122,60.0,25.0,1
2d68190b-1b63-4df4-84d9-5444036319dc,001607,sub-Bilbo/sub-Bilbo_ses-3_obj-1la3q0r_ecephys.nwb,254,78,24032,3.1565217391304348,38,26.56680529300567,115,980104,60.0,25.0,1
2d71afa9-3cea-413a-a72a-f907973e0631,000467,sub-ant3-m4-d26-y2022/sub-ant3-m4-d26-y2022_ses-m4-d26-y2022-ant3-0-48x-4-methyl-3-heptanol-40-t219-z115um_ophys.nwb,22,48,624,4.176470588235294,13,14.615916955017303,17,84086336,560.0,140.0,0
2d7c429e-1716-4aaa-8b51-607c98d84b52,000971,sub-276-405/sub-276-405_ses-Opto-DLS-Excitatory-ChR2Scrambled-2020-09-22T11-30-52_ogen.nwb,30,56,729,3.3461538461538463,14,13.84171597633136,26,252156,60.0,25.0,1
2d816429-7c9f-448f-85c2-e9abbb051c4c,001836,sub-julio/sub-julio_ses-julio-20230803_obj-1jfrh40.nwb,103,84,1949,2.7777777777777777,65,53.68395061728392,90,715560,60.0,25.0,1
2d9f37ec-0a1f-4ac5-ac75-0970eb9520f6,000713,sub-570299/sub-570299_ses-20210706T092824_image.nwb,48,114,2391,3.6818181818181817,23,23.762396694214885,44,188086019,260.0,25.0,1
2db21d3d-f77b-4ea9-8eb4-a51bf7bd19ec,000971,sub-140-306/sub-140-306_ses-FP-PS-2019-09-13T09-15-35_behavior.nwb,27,53,661,3.4347826086956523,13,13.637051039697546,23,239880,100.0,80.0,0
2db68dc4-d0ef-4610-9567-9ec03ddc7970,001550,sub-P187/sub-P187_ses-TaskSwitch6-210123a.nwb,33,110,2570,4.896551724137931,38,49.74791914387635,29,1408613,60.0,25.0,1
2dd43d28-720f-47e5-862c-b2d8ba38292a,000467,sub-ant2-m4-d20-y2022/sub-ant2-m4-d20-y2022_ses-m4-d20-y2022-ant2-1x-isopropanol-40-t128-z115um_ophys.nwb,22,48,624,4.176470588235294,13,14.615916955017303,17,84086336,660.0,180.0,0
2ddabfe8-e164-4763-97fe-8f73540e93e3,000773,sub-ant1-m1-d11-y2023/sub-ant1-m1-d11-y2023_ses-m1-d11-y2023-ant1-0-03x-3-hexanone-40-t131-z50um_ophys.nwb,22,48,624,4.176470588235294,13,14.615916955017303,17,84086336,640.0,160.0,0
2ddb16e4-ae51-4704-8b65-761d028aaacf,001550,sub-P072/sub-P072_ses-TaskSwitch4-171027a.nwb,35,112,2625,4.709677419354839,38,47.36732570239335,31,2502897,25.0,25.0,1
2ddce48f-3652-4255-94ca-bec0cce23e7f,000959,sub-L/sub-L_ses-20200131_obj-1gmfl8y_behavior.nwb,42,289,30304,8.68421052631579,17,33.63711911357342,38,17585456,220.0,25.0,1
2de02fc8-fe8e-4473-b9aa-ef7d85e85091,000467,sub-ant2-m10-d11-y2022/sub-ant2-m10-d11-y2022_ses-m10-d11-y2022-ant2-0-48x-isopropanol-40-t153-z75um_ophys.nwb,22,48,624,4.176470588235294,13,14.615916955017303,17,84086336,680.0,180.0,0
2de51805-d0df-4a95-ab71-5617dea11266,000711,sub-561443/sub-561443_ses-20210510T085048_image+ophys.nwb,75,225,9298,4.428571428571429,24,26.73061224489796,70,242452770,460.0,25.0,1
2df17413-b0fc-4d43-b002-e4d58a38fe4b,000020,sub-660204283/sub-660204283_ses-661496074_icephys.nwb,187,776,138944,5.994565217391305,70,62.38584002835538,184,55528925,37560.0,420.0,0
2dfa0a90-98a3-46f6-98e2-6b6aa9a7d0fe,000773,sub-ant2-m1-d11-y2023/sub-ant2-m1-d11-y2023_ses-m1-d11-y2023-ant2-0-03x-3-hexanone-40-t164-z140um_ophys.nwb,22,48,624,4.176470588235294,13,14.615916955017303,17,84086336,640.0,160.0,0
2dfc11ae-3de9-4dd2-bad1-adef93424663,000773,sub-ant1-m4-d6-y2023/sub-ant1-m4-d6-y2023_ses-m4-d6-y2023-ant1-0-48x-3-hexanone-40-t134-z160um_ophys.nwb,22,48,624,4.176470588235294,13,14.615916955017303,17,84086336,580.0,160.0,0
2dff9c99-9849-4b22-8173-43857cf9b1f7,001184,sub-111/sub-111_ses-session-hheise-M111-2022-08-30-01_behavior+image+ophys.nwb,43,78,1130,3.2051282051282053,13,8.470742932281393,39,409012960,1720.0,140.0,0
2e010a91-c524-4c46-a1d6-9509af4caab7,001184,sub-69/sub-69_ses-session-hheise-M069-2021-03-14-01_behavior+image+ophys.nwb,43,78,1130,3.2051282051282053,13,8.470742932281393,39,696611208,1660.0,140.0,0
2e1a9fc8-8b74-4606-942d-d4651067f935,000711,sub-438912/sub-438912_ses-20190410T121758_obj-13ppmi4_image+ophys.nwb,78,229,9548,4.342465753424658,24,25.896415837868265,73,251044797,800.0,25.0,1
2e1c0455-aa5b-4d30-8ee1-e26e5ae0326f,001607,sub-Frodo/sub-Frodo_ses-5_obj-1m6es5t_ecephys.nwb,252,77,23272,3.130434782608696,36,25.296030245746696,115,883712,60.0,25.0,1
2e26d12c-5751-49b5-bc5e-ea9ee4fddb3e,001348,sub-1223010848/sub-1223010848_ses-1223041284_icephys.nwb,162,583,72919,5.389937106918239,56,46.502037102962674,159,35824414,1060.0,80.0,0
2e43c044-878a-4647-a3e6-e46d11916ac6,001611,sub-29641/sub-29641_ses-20250331T210202_ecephys.nwb,25,52,649,4.105263157894737,13,13.988919667590027,19,13601388,25.0,25.0,1
2e5ee818-609f-460f-95cf-22768259dc7a,001836,sub-julio/sub-julio_ses-julio-20230804_obj-itslxo_behavior.nwb,108,76,1751,2.6,65,49.06105263157894,95,8513728,60.0,25.0,1
2e61e516-4c0d-4a99-9e4a-0c2e45ac3b4e,001054,sub-Dory/sub-Dory_ses-2021-02-03-010_ecephys.nwb,24,42,512,3.473684210526316,13,10.670360110803324,19,279408834,260.0,60.0,0
2e638490-3961-456c-a525-dc09dea81bc7,000773,sub-ant4-m4-d6-y2023/sub-ant4-m4-d6-y2023_ses-m4-d6-y2023-ant4-0-48x-4-methyl-3-heptanol-40-t157-z100um_ophys.nwb,22,48,624,4.176470588235294,13,14.615916955017303,17,84086336,580.0,160.0,0
2e656a55-1db9-4340-ba22-31921a50aeed,001635,sub-M068/sub-M068_ses-20240606T131518_behavior+ophys.nwb,105,208,20638,3.13,28,13.093100000000003,100,57218156,480.0,25.0,1
2e68bb64-8430-4fa7-9936-c759463b7646,000336,sub-621602/sub-621602_ses-1193555033-acq-1193675757-raw-movies_ophys.nwb,60,241,13178,5.5636363636363635,30,43.33685950413225,55,23256592521,1080.0,25.0,1
2e6f3768-2d81-4a13-bf32-2aae98169cc5,000467,sub-ant1-m4-d21-y2022/sub-ant1-m4-d21-y2022_ses-m4-d21-y2022-ant1-0-48x-4-methyl-3-heptanol-40-t145-z115um_ophys.nwb,22,48,624,4.176470588235294,13,14.615916955017303,17,84086336,660.0,160.0,0
2e70873a-ed1d-4cab-b0d4-2adcf4e5528b,000688,sub-M/sub-M_ses-CO-20150626_behavior+ecephys.nwb,33,69,815,3.814814814814815,13,13.55829903978052,27,47764096,4280.0,720.0,0
2e7cdad1-8d53-43b3-8a68-88347f5affd5,000773,sub-ant2-m1-d17-y2023/sub-ant2-m1-d17-y2023_ses-m1-d17-y2023-ant2-0-03x-isopropanol-40-t151-z130um_ophys.nwb,22,48,624,4.176470588235294,13,14.615916955017303,17,84086336,620.0,160.0,0
2e7effe9-9e60-46cd-9937-93ac8a9c44bd,001359,sub-1250755141/sub-1250755141_ses-1250813940_icephys.nwb,187,747,134711,5.836956521739131,70,55.72341682419662,184,30121375,640.0,25.0,1
2e884c0a-d491-48bb-84f9-b2b9420c6016,000563,sub-691524/sub-691524_ses-1298257492_probe-0_ecephys.nwb,27,55,937,3.772727272727273,14,15.08471074380165,22,1878616074,280.0,25.0,1
2e922259-8eb3-4d98-9c25-ded1edbb15f6,000773,sub-ant6-m1-d10-y2023/sub-ant6-m1-d10-y2023_ses-m1-d10-y2023-ant6-0-48x-3-hexanone-40-t217-z140um_ophys.nwb,22,48,624,4.176470588235294,13,14.615916955017303,17,84086336,640.0,160.0,0
2e929775-d159-4f25-96e9-a6c5916eebd7,001550,sub-P130/sub-P130_ses-TaskSwitch4-171021a.nwb,35,112,2625,4.709677419354839,38,47.36732570239335,31,1279638,25.0,25.0,1
2e97fd4d-89b4-4d84-86ea-cb0e1a8c6ff7,001169,sub-L014/sub-L014_ses-RWTautowait2-20220505-102408.nwb,32,117,3004,5.481481481481482,31,46.397805212620035,27,1672941,80.0,25.0,1
2e98d9d4-3200-4744-ad1f-9bd7ca53aef7,000713,sub-548717/sub-548717_ses-None_probe-1079399672_ecephys.nwb,36,62,1087,3.3,14,12.343333333333334,30,4639135040,3140.0,240.0,0
2ea45beb-d8d7-438d-a9bb-ff7bcaf07054,001550,sub-P101/sub-P101_ses-TaskSwitch4-171002a.nwb,35,112,2625,4.709677419354839,38,47.36732570239335,31,1155455,80.0,25.0,1
2ecf8113-1b27-454e-976e-7db834f9f5c2,001169,sub-M041/sub-M041_ses-RWTautowait2-20220829-121408.nwb,32,116,2974,5.444444444444445,31,46.46913580246915,27,1332740,25.0,25.0,1
2edb0713-d6a0-43f3-88fa-e7d834cceb7e,000467,sub-ant2-m4-d26-y2022/sub-ant2-m4-d26-y2022_ses-m4-d26-y2022-ant2-1x-paraffin-oil-40-t160-z140um_ophys.nwb,22,48,624,4.176470588235294,13,14.615916955017303,17,84086336,680.0,180.0,0
2efbdebf-b1c7-46bf-9ede-52162402e43e,001611,sub-25897/sub-25897_ses-20241107T144302_ecephys.nwb,25,52,649,4.105263157894737,13,13.988919667590027,19,22510932,60.0,25.0,1
2f5117e4-a310-4303-bfef-9320e16a8de6,000637,sub-BH470/sub-BH470_obj-1euzi7z_ecephys.nwb,28,46,627,4.111111111111111,14,15.654320987654321,18,3575592,140.0,60.0,0
2f7001fe-1bec-42b5-b6ee-5c88c80989f3,001836,sub-lewis/sub-lewis_ses-lewis-20240110_obj-10d4auj.nwb,103,84,1949,2.7777777777777777,65,53.68395061728392,90,3790394,80.0,25.0,1
2f73c388-4638-4777-97a9-98e47037ad00,001550,sub-P049/sub-P049_ses-TaskSwitch4-170529a.nwb,35,112,2625,4.709677419354839,38,47.36732570239335,31,1150696,60.0,25.0,1
2f903ece-41f5-4ada-b789-66af8f9d8c4f,000773,sub-ant1-m1-d20-y2023/sub-ant1-m1-d20-y2023_ses-m1-d20-y2023-ant1-0-48x-ethanol-40-t137-z155um_ophys.nwb,22,48,624,4.176470588235294,13,14.615916955017303,17,84086336,600.0,160.0,0
2f9cfb8f-e8b5-40b4-a61b-ef2333593627,000020,sub-626194774/sub-626194774_ses-637919731_icephys.nwb,191,723,106545,5.5,60,50.462765957446805,188,21636686,33480.0,480.0,0
2fa9e712-ebd6-4013-b4fb-c4019577526a,000773,sub-ant5-m1-d10-y2023/sub-ant5-m1-d10-y2023_ses-m1-d10-y2023-ant5-0-48x-4-methyl-3-heptanone-40-t177-z50um_ophys.nwb,22,48,624,4.176470588235294,13,14.615916955017303,17,84086336,620.0,160.0,0
2faa1629-63fa-4088-93d8-6144fc8792ab,001634,sub-Bilbo/sub-Bilbo_ses-5_obj-kjfff7_ecephys.nwb,256,79,23510,3.0756302521008405,36,24.08671703975707,119,2917168,80.0,25.0,1
2fafd2ca-ff00-448c-80d1-c702c9260def,000711,sub-549976/sub-549976_ses-20210127T095348_image.nwb,48,116,2469,3.727272727272727,23,24.743801652892568,44,188651246,220.0,25.0,1
2fc9c24a-7ed3-40c2-9174-02e4e0dde04f,001169,sub-M024/sub-M024_ses-RWTautowait2-20200804-105809.nwb,32,116,2923,5.444444444444445,30,44.54320987654322,27,904834,25.0,25.0,1
2fd2810d-2342-4913-b856-91cd83d0dacb,000467,sub-ant2-m4-d21-y2022/sub-ant2-m4-d21-y2022_ses-m4-d21-y2022-ant2-0-12x-4-methyl-3-heptanone-40-t160-z80um_ophys.nwb,22,48,624,4.176470588235294,13,14.615916955017303,17,84086336,660.0,160.0,0
2fd78107-bc0e-4098-89f4-10a1a700ea77,001748,sub-1400195706/sub-1400195706_ses-1401912928_icephys.nwb,228,928,216646,5.928888888888889,89,72.16383209876543,225,62686891,960.0,25.0,1
2fdbf7d6-2396-4fed-bd6b-f60c44d43f8d,000628,sub-Pa/sub-Pa_ses-20200128T101214.nwb,26,39,494,4.266666666666667,13,17.662222222222226,15,13419566,240.0,100.0,0
2fe397de-2419-46fb-a52d-f145b0d75126,001169,sub-J055/sub-J055_ses-RWTautowait2-20221111-091930.nwb,32,118,3087,5.518518518518518,32,48.32373113854595,27,938983,25.0,25.0,1
2ff3f70b-2f46-4974-b173-5b0df05a66b8,000563,sub-692984/sub-692984_ses-1303229472_probe-4_ecephys.nwb,27,55,937,3.772727272727273,14,15.08471074380165,22,1874338880,600.0,25.0,1
2ff4433b-7c7f-4599-bcec-a154c07f1712,001550,sub-P102/sub-P102_ses-TaskSwitch4-171126a.nwb,35,112,2625,4.709677419354839,38,47.36732570239335,31,1385063,60.0,25.0,1
2ff74b30-b4fb-4909-9ba4-fe6ec3a7189a,001169,sub-S057/sub-S057_ses-RWTautowait2-20230516-095351.nwb,32,118,3087,5.518518518518518,32,48.32373113854595,27,1143243,80.0,25.0,1
30024abc-e1d3-4499-8d94-878a1105b0ed,001538,sub-dSPN-mouse-dSPN++OnState++none++WT++20230802/sub-dSPN-mouse-dSPN++OnState++none++WT++20230802_ses-dSPN++OnState++none++WT++20230802_icephys+ogen.nwb,68,138,3334,3.7704918032786887,15,10.799785004031179,61,724857,140.0,25.0,1
300c6106-81c4-4b9b-bef1-28f6be168083,001832,sub-m23n14002/sub-m23n14002_ses-20231114T171815_icephys.nwb,31,73,998,4.0,13,9.555555555555555,27,1183240,80.0,25.0,1
30204dad-298e-41d9-9dc7-77c2661d6061,001169,sub-G041/sub-G041_ses-RWTautowait2-20210507-153839.nwb,32,117,3004,5.481481481481482,31,46.397805212620035,27,1201895,25.0,25.0,1
302862e5-cf08-41f3-9fb8-5c559b5685c1,000766,sub-Calcacre/sub-Calcacre_ses-20220224T153000_obj-1tuyxpf.nwb,17,35,401,3.923076923076923,13,13.609467455621298,13,192088,80.0,60.0,0
302aa029-b11d-4162-aba6-3556d4945b48,001455,sub-967547912/sub-967547912_ses-970760229_icephys.nwb,136,492,51837,5.413533834586466,46,40.6335010458477,133,24656182,360.0,25.0,1
302c807f-a42e-4b84-b232-985a045e6d72,000351,sub-HJ-FP-M4/sub-HJ-FP-M4_ses-Day72.nwb,25,49,554,3.3181818181818183,13,9.489669421487603,22,17579192,220.0,60.0,0
303833b8-3f77-4ed2-a332-665d44339313,000773,sub-ant1-m1-d11-y2023/sub-ant1-m1-d11-y2023_ses-m1-d11-y2023-ant1-0-03x-3-hexanone-40-t138-z160um_ophys.nwb,22,48,624,4.176470588235294,13,14.615916955017303,17,84086336,640.0,180.0,0
303b8829-c9e5-45ce-b094-296a3fe3ec3b,000351,sub-HJ-FP-M7/sub-HJ-FP-M7_ses-Day7.nwb,25,49,554,3.3181818181818183,13,9.489669421487603,22,9720536,2140.0,60.0,0
303e8287-7d9b-44ea-b0ce-93f3c3ae66e7,000773,sub-ant2-m1-d17-y2023/sub-ant2-m1-d17-y2023_ses-m1-d17-y2023-ant2-0-03x-ethanol-40-t154-z5um_ophys.nwb,22,48,624,4.176470588235294,13,14.615916955017303,17,84086336,620.0,160.0,0
30562603-addc-4315-a173-9ea313a397d2,000008,sub-mouse-XHGCQ/sub-mouse-XHGCQ_ses-20180726-sample-4_slice-20180726-slice-4_cell-20180726-sample-4_icephys.nwb,181,538,87573,4.96045197740113,80,65.58600657537744,177,9698155,14200.0,420.0,0
305d6387-d9e7-4fe3-b0db-b17e07f877e5,001169,sub-J055/sub-J055_ses-RWTautowait2-20221212-094412.nwb,32,118,3087,5.518518518518518,32,48.32373113854595,27,864231,80.0,25.0,1
3078f7c3-b0a7-4b80-b1da-0d026615200c,000773,sub-ant4-m1-d18-y2023/sub-ant4-m1-d18-y2023_ses-m1-d18-y2023-ant4-0-48x-ethanol-40-t157-z80um_ophys.nwb,22,48,624,4.176470588235294,13,14.615916955017303,17,84086336,600.0,160.0,0
308a77e3-a875-4750-8b0a-f1d19adc2690,000148,sub-20210728001/sub-20210728001_icephys.nwb,202,570,101864,4.7727272727272725,86,68.40794306703403,198,16278480,11940.0,80.0,0
30981dd5-8bad-4d1b-b53c-6cbdf121b682,000467,sub-ant4-m4-d20-y2022/sub-ant4-m4-d20-y2022_ses-m4-d20-y2022-ant4-0-03x-4-methyl-3-heptanol-40-t209-z50um_ophys.nwb,22,48,624,4.176470588235294,13,14.615916955017303,17,84086336,680.0,160.0,0
30b794cb-a227-4169-8209-d58e1206761d,000773,sub-ant4-m1-d18-y2023/sub-ant4-m1-d18-y2023_ses-m1-d18-y2023-ant4-0-48x-ethanol-40-t157-z30um_ophys.nwb,22,48,624,4.176470588235294,13,14.615916955017303,17,84086336,580.0,160.0,0
30b87a9d-d6d2-412a-8069-f11c4622c42e,001475,sub-HSB-w18-11/sub-HSB-w18-11_ses-20250407_cell-au17_obj-q7b9lf_icephys.nwb,54,138,4015,4.44,15,8.8864,50,5097176,600.0,80.0,0
30dc2f9d-fadb-46d7-bf7d-e21d6610ceaa,001550,sub-P127/sub-P127_ses-TaskSwitch4-180506a.nwb,35,112,2625,4.709677419354839,38,47.36732570239335,31,938166,25.0,25.0,1
30e5dd23-6899-4066-9910-58b7a1c90b1e,001534,sub-1398409326/sub-1398409326_ses-1402915053_icephys.nwb,306,1267,425224,6.016501650165017,125,103.77860558333062,303,65175946,780.0,25.0,1
30ed54b2-8a8a-4436-85d7-4f78813e5b9b,001374,sub-001/sub-001_ses-20250502_obj-Traceiii20240619iii11iii52iii51iii22150aiiiday46iiiventraliiic57_ecephys.nwb,22,49,722,4.176470588235294,13,15.321799307958479,17,8544921723,2940.0,25.0,1
311573b6-9df7-400f-be07-44369ec20fcc,001169,sub-J080/sub-J080_ses-RWTautowait2-20230605-125824.nwb,32,118,3087,5.518518518518518,32,48.32373113854595,27,1351924,80.0,25.0,1
312152f5-7bf0-4542-a6f1-19f6810e33f6,000728,sub-502185594/sub-502185594_ses-510524416-StimC_ophys.nwb,23,48,605,4.055555555555555,13,13.163580246913579,18,38737814216,14180.0,25.0,1
3123ea9d-661f-458c-8983-f1752ef681cc,001868,sub-ICMS83/sub-ICMS83_ses-2023-07-31_behavior+ecephys+ophys.nwb,63,204,18146,5.017857142857143,13,14.94610969387755,56,108753823,120.0,25.0,1
312efb35-67f0-4b06-a966-0ba629cd8ce1,001169,sub-G067/sub-G067_ses-RWTautowait2-20220525-153007.nwb,32,117,3004,5.481481481481482,31,46.397805212620035,27,1254936,80.0,25.0,1
312f3c28-5d4b-45c0-b13b-b38b1cadc92e,000959,sub-L/sub-L_ses-20190922_obj-10ekmzd_behavior.nwb,41,275,26986,8.513513513513514,16,33.330898466033595,37,17521992,280.0,60.0,0
313368f6-7b26-453a-993b-4171ab44bd86,000336,sub-621602/sub-621602_ses-1194336696-acq-1194499460-raw-movies_ophys.nwb,68,260,14699,5.403225806451613,30,41.30515088449531,62,23264507532,1480.0,25.0,1
313ce9e8-3df0-434c-b992-03a3c068915b,001634,sub-Bilbo/sub-Bilbo_ses-5_obj-16hx3s1_ecephys.nwb,253,68,23206,3.0344827586206895,36,24.274673008323433,116,904597,60.0,25.0,1
31425230-8ca0-41da-b634-ed13b248d793,001767,sub-S1455/sub-S1455_ses-20220707_behavior.nwb,66,111,4050,3.5918367346938775,20,14.200749687630152,49,5269448,220.0,25.0,1
3143883e-6cb4-47fd-a387-c52c00b2ef2d,001169,sub-M028/sub-M028_ses-RWTautowait2-20210219-114848.nwb,32,117,3004,5.481481481481482,31,46.397805212620035,27,1674569,80.0,25.0,1
31515d01-a7c8-412d-892a-75710e538ef4,001526,sub-CHO-20250501-c9/sub-CHO-20250501-c9_ses-session-2025-05-01_obj-1tc5bfy_image.nwb,17,38,431,4.153846153846154,13,13.668639053254442,13,33950007,100.0,25.0,1
31559cba-e8da-4386-804b-df983488636b,000022,sub-820866111/sub-820866111_ses-840012044_probe-868297129_ecephys.nwb,26,52,791,3.590909090909091,14,14.878099173553721,22,1760191472,1940.0,60.0,0
31646389-287b-4735-8fd8-68768f8ec883,000959,sub-L/sub-L_ses-20190720_obj-14mpmyn_behavior.nwb,42,289,30304,8.68421052631579,17,33.63711911357342,38,17524168,280.0,60.0,0
316757c2-02dd-486a-97c3-37087da26409,000773,sub-ant3-m1-d10-y2023/sub-ant3-m1-d10-y2023_ses-m1-d10-y2023-ant3-0-48x-isopropanol-40-t140-z35um_ophys.nwb,22,48,624,4.176470588235294,13,14.615916955017303,17,84086336,640.0,160.0,0
316fdcc4-a65e-425f-a421-756900026ce8,001550,sub-H113/sub-H113_ses-TaskSwitch4-170916a.nwb,33,110,2570,4.896551724137931,38,49.74791914387635,29,1394007,120.0,25.0,1
3190674a-4be7-4119-b0cf-901a69b293e9,001034,sub-3-3/sub-3-3_ses-2kHz-spindle-stimulation-7V_image.nwb,17,38,431,4.153846153846154,13,13.668639053254442,13,560934,60.0,25.0,1
31dbb122-4523-4fe5-8654-506e3a74e6b8,000246,sub-phpV13-4/sub-phpV13-4_ses-20230918_obj-q87t7v_ophys.nwb,33,46,581,3.5217391304347827,13,12.162570888468805,23,5163023152,2080.0,25.0,1
31e4efb7-ac1e-43ab-aede-5179bcdb9f67,000728,sub-651725139/sub-651725139_ses-662107986-StimC2_behavior+image+ophys.nwb,50,11477,195172714,262.3181818181818,5812,1407580.2623966942,44,382585271,760.0,25.0,1
320219c9-495e-4613-9e8f-35688821e983,000467,sub-ant4-m4-d26-y2022/sub-ant4-m4-d26-y2022_ses-m4-d26-y2022-ant4-0-48x-4-methyl-3-hexanol-40-t249-z120um_ophys.nwb,22,48,624,4.176470588235294,13,14.615916955017303,17,84086336,500.0,140.0,0
3203de58-16c0-4d75-b5cc-d8b2db64264a,001169,sub-L009/sub-L009_ses-RWTautowait2-20221018-102103.nwb,32,118,3087,5.518518518518518,32,48.32373113854595,27,992619,100.0,25.0,1
32186f50-f864-4ee2-97cf-60290c17c848,001169,sub-M047/sub-M047_ses-RWTautowait2-20230331-114234.nwb,32,117,3057,5.481481481481482,32,48.397805212620035,27,1220194,25.0,25.0,1
323e133a-2220-4447-ac89-89bea717a8b9,000773,sub-ant3-m1-d17-y2023/sub-ant3-m1-d17-y2023_ses-m1-d17-y2023-ant3-0-03x-isopropanol-40-t189-z10um_ophys.nwb,22,48,624,4.176470588235294,13,14.615916955017303,17,84086336,620.0,160.0,0
3244687a-e5c7-4cd1-8bef-6b077ae66e3b,000971,sub-347-393/sub-347-393_ses-FP-PS-2020-07-21T11-42-49.nwb,25,51,641,3.5714285714285716,13,14.435374149659864,21,231992,60.0,25.0,1
324c4cf0-baa9-4b72-8b9c-e48106c62835,001169,sub-S060/sub-S060_ses-RWTautowait2-20230710-145047.nwb,32,118,3087,5.518518518518518,32,48.32373113854595,27,932474,100.0,25.0,1
325de70c-9f98-476a-baf1-2f6c7c27425a,001169,sub-G081/sub-G081_ses-RWTautowait2-20230227-112744.nwb,32,118,3087,5.518518518518518,32,48.32373113854595,27,992924,25.0,25.0,1
3263610b-919c-40ca-9711-6bbb5cd83cc9,001035,sub-9-4/sub-9-4_ses-20kHz-sine-stimulation-7V_image.nwb,17,38,431,4.153846153846154,13,13.668639053254442,13,680139,80.0,25.0,1
3276516c-c97c-4424-9a13-51d72cedafcf,000020,sub-729731783/sub-729731783_ses-731917449_icephys.nwb,197,798,143832,5.871134020618556,72,62.83390902327558,194,46356345,35340.0,380.0,0
3276a136-674b-4ceb-9656-ecfe90bfe538,001273,sub-4-20240119/sub-4-20240119_obj-1lufvzn_image.nwb,17,38,431,4.153846153846154,13,13.668639053254442,13,58613116,100.0,25.0,1
32833bbb-a71f-4112-98ba-32cfa298ba33,000711,sub-435431/sub-435431_ses-20190619T104553_obj-127uq8z_image+ophys.nwb,75,225,9298,4.428571428571429,24,26.73061224489796,70,254419426,920.0,60.0,0
328e8a8a-1372-4ec8-a35b-49a9e6a53799,001169,sub-J045/sub-J045_ses-RWTautowait2-20220922-102752.nwb,32,117,3004,5.481481481481482,31,46.397805212620035,27,1109519,140.0,25.0,1
32a50bb6-54cd-4a3b-8cb3-ae3d4e08a65e,000773,sub-ant1-m4-d6-y2023/sub-ant1-m4-d6-y2023_ses-m4-d6-y2023-ant1-0-48x-propionic-acid-40-t136-z70um_ophys.nwb,22,48,624,4.176470588235294,13,14.615916955017303,17,84086336,600.0,160.0,0
32b1043b-a0cb-4595-be99-99f378134c8f,000020,sub-680823130/sub-680823130_ses-683859636_icephys.nwb,109,423,35111,5.660377358490566,42,34.90352438590247,106,30141697,25000.0,400.0,0
32b7d06d-8017-4a13-8892-e7fb6cb001cd,001550,sub-P055/sub-P055_ses-TaskSwitch4-160904a.nwb,35,112,2625,4.709677419354839,38,47.36732570239335,31,858070,25.0,25.0,1
32cd87c2-556d-4fbe-a77b-df709b519996,000341,In_vitro_Human_elevated_neuronal_activity/sub-161014/sub-161014_ses-1610141tm-1-1-4_icephys.nwb,72,269,18122,5.835820895522388,25,16.73423925150367,67,374798360,720.0,25.0,1
32d0fa92-e162-474b-bd1b-d6bccda46149,001169,sub-S043/sub-S043_ses-RWTautowait2-20220823-154521.nwb,32,117,3004,5.481481481481482,31,46.397805212620035,27,1351543,60.0,25.0,1
32db23b2-6a10-4132-809c-32dda83a6e13,000773,sub-ant2-m1-d20-y2023/sub-ant2-m1-d20-y2023_ses-m1-d20-y2023-ant2-0-48x-ethylpyrazine-40-t147-z10um_ophys.nwb,22,48,624,4.176470588235294,13,14.615916955017303,17,84086336,600.0,160.0,0
32dcca7c-24c9-41d9-9b5a-518266600575,001832,sub-metadata/sub-metadata_ses-figuremetadata.nwb,19,38,417,3.7333333333333334,13,13.66222222222222,15,320272,25.0,25.0,1
32ea6ee7-7c49-422f-a479-ad66852c9133,001169,sub-L026/sub-L026_ses-RWTautowait2-20230418-121349.nwb,32,118,3087,5.518518518518518,32,48.32373113854595,27,1313996,100.0,25.0,1
32f1a295-6084-4d22-8a81-dce088b5b879,001169,sub-S053/sub-S053_ses-RWTautowait2-20230711-125817.nwb,32,118,3087,5.518518518518518,32,48.32373113854595,27,917845,60.0,25.0,1
32f43307-e5cd-42e7-9fec-96bd7421133a,001550,sub-P100/sub-P100_ses-TaskSwitch4-170710a.nwb,35,112,2625,4.709677419354839,38,47.36732570239335,31,1605214,60.0,25.0,1
32f7dc75-aca4-41e6-9d53-57d2cecb6060,001414,sub-25ms-PF1/sub-25ms-PF1_ses-20250115-1-bPAC-KX-LED25ms-rec6_ophys.nwb,27,45,590,4.294117647058823,13,16.913494809688583,17,619907859,680.0,25.0,1
32fd67e9-fe06-4037-951c-d47333011f2e,000933,sub-1307828346/sub-1307828346_ses-1309476217_icephys.nwb,362,1448,538068,5.871866295264624,149,133.69945919103668,359,66153225,3760.0,80.0,0
32fe4e86-80fe-4e77-ae75-dc4be5f92b4f,001865,sub-27135/sub-27135_ses-27135-3-1_behavior+ophys.nwb,49,104,2331,3.6511627906976742,13,9.436452136289887,43,19397776,25.0,25.0,1
3308ca51-7960-428a-bd33-7d27612fb0e7,001634,sub-Frodo/sub-Frodo_ses-2_obj-1va5x8a_ecephys.nwb,254,68,23794,3.0695652173913044,38,25.629943289224943,115,718808,80.0,25.0,1
3319a69e-1c93-4b1c-a4ec-7ccae18ca210,001611,sub-29641/sub-29641_ses-20250331T125046_ecephys.nwb,25,52,649,4.105263157894737,13,13.988919667590027,19,13462740,80.0,25.0,1
331e2c20-0447-4122-bdfa-e8f85745173e,001169,sub-S022/sub-S022_ses-RWTautowait2-20210722-122341.nwb,32,117,3004,5.481481481481482,31,46.397805212620035,27,974476,60.0,25.0,1
3333952d-7d55-40cb-ac73-3273ebd78a8c,001414,sub-PF497-IP3R2-KO/sub-PF497-IP3R2-KO_ses-20240503-497-KO-awake-rec3_ophys.nwb,27,45,590,4.294117647058823,13,16.913494809688583,17,649069379,260.0,25.0,1
333b152f-552d-4074-8f71-76bfd5760d9b,001550,sub-P120/sub-P120_ses-TaskSwitch4-180513a.nwb,35,112,2625,4.709677419354839,38,47.36732570239335,31,1592133,60.0,25.0,1
3346f171-3917-4d36-a5f6-ead7a5598c90,001169,sub-S036/sub-S036_ses-RWTautowait2-20220919-150519.nwb,32,117,3004,5.481481481481482,31,46.397805212620035,27,1102441,80.0,25.0,1
3350b2fd-7a82-45f6-b491-a429e1a252de,001550,sub-P059/sub-P059_ses-TaskSwitch4-170127a.nwb,35,112,2625,4.709677419354839,38,47.36732570239335,31,1114251,80.0,25.0,1
3359b922-8d51-4157-bda9-a1314783aad0,001636,sub-Leu/sub-Leu_ses-Leu++l7401++PreMPTP++Depth24760um++19921012_behavior+ecephys.nwb,49,153,6100,5.857142857142857,19,34.57959183673469,35,1084082,640.0,120.0,0
33638254-6872-488c-b1d2-3b3f4c617f6a,001550,sub-P159/sub-P159_ses-TaskSwitch4-181113a.nwb,35,112,2625,4.709677419354839,38,47.36732570239335,31,1356138,80.0,25.0,1
33647ffe-3481-4eff-b872-15fbdc215e9f,000971,sub-108-411/sub-108-411_ses-Opto-DMS-Inhibitory-EYFP-2020-10-27T11-12-51_ogen.nwb,30,57,751,3.3846153846153846,15,14.698224852071005,26,249048,60.0,25.0,1
33672fd7-1bb2-49d0-8023-6602ce514de4,000409,sub-DY-011/sub-DY-011_ses-cf43dbb1-6992-40ec-a5f9-e8e838d0f643_desc-processed_behavior+ecephys.nwb,89,267,20749,4.602409638554217,32,23.372042386413124,83,345355377,1540.0,25.0,1
336e92bf-eec5-4c14-93dc-8456eb813818,001634,sub-Bilbo/sub-Bilbo_ses-5_obj-qqm7kz_ecephys.nwb,251,64,23194,3.0350877192982457,36,24.48999692212988,114,627144,80.0,25.0,1
337b81af-c965-4a71-9756-a02a817f46f2,001169,sub-M051/sub-M051_ses-RWTautowait2-20230605-130202.nwb,32,117,3057,5.481481481481482,32,48.397805212620035,27,1236855,60.0,25.0,1
3389be22-ce33-4a94-9789-ace0c04be96f,000462,sub-011/sub-011_ophys.nwb,24,47,597,3.736842105263158,13,12.614958448753464,19,787353287,1200.0,60.0,0
338a0883-4690-4bf4-8d57-955bd0b91cc5,001349,sub-FGF9-Ncre-GAD30-7-BL/sub-FGF9-Ncre-GAD30-7-BL_ses-3_ophys.nwb,32,64,1380,3.923076923076923,13,11.07100591715976,26,26100476,120.0,25.0,1
338ef1b1-0e72-43d1-983d-480e11b38af7,000467,sub-ant2-m4-d27-y2022/sub-ant2-m4-d27-y2022_ses-m4-d27-y2022-ant2-0-0075x-4-methyl-3-heptanone-40-t177-z100um_ophys.nwb,22,48,624,4.176470588235294,13,14.615916955017303,17,84086336,460.0,120.0,0
33992a6c-5463-4a53-a308-a8a9cac0bb07,001550,sub-P189/sub-P189_ses-TaskSwitch6-210323a.nwb,33,110,2570,4.896551724137931,38,49.74791914387635,29,1430404,80.0,25.0,1
339ec0bf-da28-48ce-9c57-4aaa5a7e74af,001607,sub-Bilbo/sub-Bilbo_ses-5_obj-7ku87a_ecephys.nwb,253,67,23200,3.0258620689655173,36,24.266572532699158,116,37999712,60.0,25.0,1
33a5dc34-d9a0-4428-a1e2-cb8966d5b385,001611,sub-29641/sub-29641_ses-20250319T181927_ecephys.nwb,25,52,649,4.105263157894737,13,13.988919667590027,19,11798576,100.0,25.0,1
33abefb9-51e8-4f9a-a499-ad27d0e1f368,000773,sub-ant1-m1-d17-y2023/sub-ant1-m1-d17-y2023_ses-m1-d17-y2023-ant1-0-03x-3-hexanone-40-t144-z20um_ophys.nwb,22,48,624,4.176470588235294,13,14.615916955017303,17,84086336,640.0,160.0,0
33b230b3-b441-424f-a5be-097e37f54031,000467,sub-ant2-m4-d21-y2022/sub-ant2-m4-d21-y2022_ses-m4-d21-y2022-ant2-0-48x-4-methyl-3-heptanol-40-t179-z65um_ophys.nwb,22,48,624,4.176470588235294,13,14.615916955017303,17,84086336,640.0,160.0,0
33cbbb64-4d98-4b44-bb76-1ef6b6310570,000773,sub-ant2-m1-d11-y2023/sub-ant2-m1-d11-y2023_ses-m1-d11-y2023-ant2-0-03x-ethanol-40-t170-z30um_ophys.nwb,22,48,624,4.176470588235294,13,14.615916955017303,17,84086336,640.0,160.0,0
33d7d86b-397a-441f-a02c-f289b31018fe,000713,sub-563495/sub-563495_ses-20210312T083633_image.nwb,48,118,2609,3.772727272727273,25,26.584710743801654,44,66628531,180.0,25.0,1
33daa32d-9121-4050-8f8c-9f2cf5cddd6b,000773,sub-ant2-m1-d20-y2023/sub-ant2-m1-d20-y2023_ses-m1-d20-y2023-ant2-0-48x-4-methyl-3-heptanol-40-t156-z95um_ophys.nwb,22,48,624,4.176470588235294,13,14.615916955017303,17,84086336,600.0,160.0,0
33dd33fc-692b-49ee-9fd8-3d541afde2d4,001550,sub-P150/sub-P150_ses-TaskSwitch4-191116a.nwb,35,112,2625,4.709677419354839,38,47.36732570239335,31,1384749,60.0,25.0,1
33edc79b-6d59-4a74-aa38-77227ead6f5a,001337,sub-240813-Fish72-GCaMP-vglut-HB-5dpf-FlowExperiment-warner-temp-stim-trial2-Z-6-0/sub-240813-Fish72-GCaMP-vglut-HB-5dpf-FlowExperiment-warner-temp-stim-trial2-Z-6-0_ses-20240917T110729_ophys.nwb,34,56,809,3.064516129032258,13,8.4474505723205,31,127682177,180.0,25.0,1
33ef334f-3cbd-496c-a952-bbdab639e1d4,001687,sub-Ephys87/sub-Ephys87_ses-20240724-sp-session-1.nwb,31,101,1993,4.851851851851852,14,16.79286694101509,27,1766576,25.0,25.0,1
33fd0cbe-e0a0-487e-9eeb-36a2aa3f2918,001550,sub-P135/sub-P135_ses-TaskSwitch4-180317a.nwb,35,112,2625,4.709677419354839,38,47.36732570239335,31,1574813,25.0,25.0,1
33fd7b85-9f98-44d1-b1e4-4c88f7f44730,001184,sub-95/sub-95_ses-session-hheise-M095-2021-07-14-01_behavior+image+ophys.nwb,43,78,1130,3.2051282051282053,13,8.470742932281393,39,326707460,1660.0,140.0,0
34020e2d-3755-4d87-b639-ea8f530858f1,001550,sub-P072/sub-P072_ses-TaskSwitch4-170518a.nwb,35,112,2625,4.709677419354839,38,47.36732570239335,31,1656024,100.0,25.0,1
340b6142-d9fe-4bad-86c1-6ca09eb7d187,001550,sub-P159/sub-P159_ses-TaskSwitch4-191007a.nwb,35,112,2625,4.709677419354839,38,47.36732570239335,31,1465969,80.0,25.0,1
341a393d-c4b1-4c15-b37d-b8b8467938f3,000773,sub-ant5-m1-d10-y2023/sub-ant5-m1-d10-y2023_ses-m1-d10-y2023-ant5-0-48x-ethylpyrazine-40-t178-z60um_ophys.nwb,22,48,624,4.176470588235294,13,14.615916955017303,17,84086336,620.0,160.0,0
341d465b-b4a8-40c3-9aa0-3ad7284360bf,000008,sub-mouse-PSDCQ/sub-mouse-PSDCQ_ses-20180829-sample-6_slice-20180829-slice-6_cell-20180829-sample-6_icephys.nwb,181,538,87573,4.96045197740113,80,65.58600657537744,177,9200871,15420.0,440.0,0
343e1091-c5bc-4e32-8772-1a5c400fa881,001550,sub-P049/sub-P049_ses-TaskSwitch4-170426a.nwb,35,112,2625,4.709677419354839,38,47.36732570239335,31,1160936,80.0,25.0,1
344a4918-0dbb-4499-a8dd-bf54488da18d,000773,sub-ant1-m1-d11-y2023/sub-ant1-m1-d11-y2023_ses-m1-d11-y2023-ant1-0-03x-isopropanol-40-t146-z85um_ophys.nwb,22,48,624,4.176470588235294,13,14.615916955017303,17,84086336,640.0,160.0,0
344c2240-54f2-4734-a66c-7e98fb3a3b69,001692,sub-AD2/sub-AD2_ses-240402_ophys.nwb,63,106,3045,4.365853658536586,18,14.963712076145148,41,21628837444,3120.0,25.0,1
34556866-1e2b-4e9b-ab7e-389ccb216377,001348,sub-1340812489/sub-1340812489_ses-1340971818_icephys.nwb,182,699,108392,5.625698324022347,63,51.83196529446647,179,53337050,1160.0,80.0,0
345d4810-3cec-400a-805f-810607b3cd30,000971,sub-97-257/sub-97-257_ses-FP-RR20-2019-04-18T14-01-29_behavior.nwb,27,53,661,3.4347826086956523,13,13.637051039697546,23,239784,25.0,25.0,1
3462c874-e7fd-4467-8f1c-9bb06c5d0f83,001550,sub-P150/sub-P150_ses-TaskSwitch4-190208a.nwb,35,112,2625,4.709677419354839,38,47.36732570239335,31,1819005,80.0,25.0,1
346c18df-9e05-4ecb-8268-082d6cdec254,001550,sub-P101/sub-P101_ses-TaskSwitch4-170506a.nwb,35,112,2625,4.709677419354839,38,47.36732570239335,31,1044988,80.0,25.0,1
3474d3f4-379a-4d6a-98f8-fea8f607107b,000773,sub-ant4-m1-d18-y2023/sub-ant4-m1-d18-y2023_ses-m1-d18-y2023-ant4-0-48x-isopropanol-40-t139-z15um_ophys.nwb,22,48,624,4.176470588235294,13,14.615916955017303,17,84086336,600.0,160.0,0
348ee5b8-d518-4e19-87c2-d054835e9e07,000628,sub-Lo/sub-Lo_ses-20220110T121445_behavior.nwb,1746,5200,26657066,4.000576036866359,1721,1699.35311026726,1736,89051163,5920.0,120.0,0
34a88bd0-bb4b-4ac8-b6be-12a9d89df8b3,001261,sub-M#19-29511/sub-M#19-29511_ses-Recordings-from-animal-M#19-29511-on-06-Mar-2023_obj-7553ja_icephys.nwb,50,163,6895,6.075,18,12.519375,40,12161256,460.0,80.0,0
34b495f2-4dc2-4d86-b2b9-530b429081c7,000467,sub-ant5-m4-d26-y2022/sub-ant5-m4-d26-y2022_ses-m4-d26-y2022-ant5-0-48x-6-methyl-5-hepten-2-one-40-t297-z15um_ophys.nwb,22,48,624,4.176470588235294,13,14.615916955017303,17,84086336,500.0,140.0,0
34b9e9ad-fc02-4495-9f6a-759849e48705,001550,sub-P095/sub-P095_ses-TaskSwitch4-180917a.nwb,35,112,2625,4.709677419354839,38,47.36732570239335,31,1044113,60.0,25.0,1
34beffcf-8a4d-4917-8507-aaf4d26ea9dd,001550,sub-P049/sub-P049_ses-TaskSwitch4-160611a.nwb,35,112,2625,4.709677419354839,38,47.36732570239335,31,894930,25.0,25.0,1
34c20433-bab9-4e45-8902-f16f925fdaa7,001518,sub-CHO-20250124-c2/sub-CHO-20250124-c2_obj-liyh4_image.nwb,17,38,431,4.153846153846154,13,13.668639053254442,13,36471615,80.0,25.0,1
34cf057b-a4ef-44eb-9f0d-d52ad1b47e86,001359,sub-1214619242/sub-1214619242_ses-1215881564_icephys.nwb,237,930,203476,5.730769230769231,87,72.24802761341225,234,62404393,840.0,25.0,1
34dd94bb-18a4-42d3-8b4a-e0ae3538cb4f,001552,sub-JF-dLight-ramp2-M3/sub-JF-dLight-ramp2-M3_ses-Day12.nwb,24,49,497,3.4285714285714284,13,9.863945578231291,21,1126421,25.0,25.0,1
34ebee55-dacc-44b7-8d85-96fc2ade44aa,000020,sub-718922659/sub-718922659_ses-722930841_icephys.nwb,86,318,16692,5.373493975903615,36,26.499056466831178,83,13248601,17120.0,400.0,0
34ec4e0e-117f-4a71-af5b-7fd1ad9bf3b6,000971,sub-124-280/sub-124-280_ses-Opto-DMS-Excitatory-ChR2Scrambled-2019-07-30T10-28-37_ogen.nwb,28,53,719,3.5217391304347827,14,15.11909262759924,23,234109,80.0,40.0,0
34f607ed-3b61-4829-898f-64f78658197a,000467,sub-ant4-m4-d26-y2022/sub-ant4-m4-d26-y2022_ses-m4-d26-y2022-ant4-0-48x-4-methyl-3-heptanol-40-t261-z15um_ophys.nwb,22,48,624,4.176470588235294,13,14.615916955017303,17,84086336,480.0,120.0,0
34f790bb-ef1b-40bb-a1d8-cf80b282dcd6,000246,sub-phpV15-blind-04/sub-phpV15-blind-04_ses-20240910_obj-qg4w63_ophys.nwb,33,46,581,3.5217391304347827,13,12.162570888468805,23,12760208,60.0,25.0,1
351fa8b7-f460-4604-9d50-07f3b40af5cc,001611,sub-26265/sub-26265_ses-20241224T171907_ecephys.nwb,25,52,649,4.105263157894737,13,13.988919667590027,19,12589040,25.0,25.0,1
352b2354-643a-44da-af2e-790e11e2dfe9,000951,sub-LC16-fly12/sub-LC16-fly12_ses-(-LC16-fly12-211012-1509--).nwb,18,33,433,3.8461538461538463,13,13.822485207100591,13,187360,440.0,160.0,0
353d726d-3666-492b-ae39-969216a25be4,000467,sub-ant3-m4-d21-y2022/sub-ant3-m4-d21-y2022_ses-m4-d21-y2022-ant3-0-12x-4-methyl-3-hexanol-40-t146-z80um_ophys.nwb,22,48,624,4.176470588235294,13,14.615916955017303,17,84086336,660.0,160.0,0
353dc949-5abf-4ee3-9bcf-ea980ec3f956,000341,Human_persistent_RAF/sub-151125/sub-151125_ses-1511252rm-2-1-4_icephys.nwb,2024,9053,27081626,6.477959385834572,1001,983.0954775595198,2019,146424508,33940.0,180.0,0
35405de5-638a-4d2a-ac2d-3196e7a3dc55,000773,sub-ant3-m1-d10-y2023/sub-ant3-m1-d10-y2023_ses-m1-d10-y2023-ant3-0-48x-ethanol-40-t134-z160um_ophys.nwb,22,48,624,4.176470588235294,13,14.615916955017303,17,84086336,640.0,160.0,0
3545f433-0fc1-42ec-8ff0-528e09ce2c92,001634,sub-Frodo/sub-Frodo_ses-5_obj-2t7j1g_ecephys.nwb,251,65,23358,3.043859649122807,36,24.585795629424442,114,640288,25.0,25.0,1
3554e473-c48f-4450-a5b7-90366d37713a,001065,sub-QM22-26-003/sub-QM22-26-003_ses-20220301T222313_icephys.nwb,133,532,72473,5.945736434108527,51,37.95829577549426,129,23581878,780.0,80.0,0
356a4d44-46cc-46b1-aecf-3c6ec5e5351f,000409,sub-SWC-054/sub-SWC-054_ses-56b57c38-2699-4091-90a8-aba35103155e_desc-processed_behavior+ecephys.nwb,74,227,9084,4.6716417910447765,32,26.96680775228336,67,1392300845,1360.0,25.0,1
357124e2-a725-4e90-a3c9-83bb206bf797,000467,sub-ant1-m4-d27-y2022/sub-ant1-m4-d27-y2022_ses-m4-d27-y2022-ant1-1x-isopropanol-40-t123-z155um_ophys.nwb,22,48,624,4.176470588235294,13,14.615916955017303,17,84086336,500.0,140.0,0
358c68fa-e386-4155-b8ba-404c72085d2e,001051,sub-615564/sub-615564_ses-None_probe-257_ecephys.nwb,36,62,1087,3.3,14,12.343333333333334,30,3040720832,1360.0,25.0,1
359f537c-4cea-48a4-bd77-b6e8b7611dc7,000951,sub-LC16-fly11/sub-LC16-fly11_ses-(-LC16-fly11-170905-1759--).nwb,18,33,433,3.8461538461538463,13,13.822485207100591,13,187360,420.0,160.0,0
35a0755c-9bfc-4952-90f7-18acb8f560b5,001425,sub-VG1-GC#73/sub-VG1-GC#73_ses-2023-09-12-sensory-stim-day16_widefield.nwb,62,129,3038,3.473684210526316,15,9.828254847645429,57,11139000857,6460.0,80.0,0
35a325fd-364a-41c3-8907-b753b0c4d346,001550,sub-P101/sub-P101_ses-TaskSwitch4-171213a.nwb,35,112,2625,4.709677419354839,38,47.36732570239335,31,786176,25.0,25.0,1
35c3e8d0-25b9-47c1-bbb6-a65f19e3a138,000971,sub-436-422/sub-436-422_ses-Opto-DMS-Inhibitory-NpHR-2020-11-21T12-09-46_behavior+ogen.nwb,31,57,739,3.2962962962962963,14,13.393689986282581,27,250800,60.0,25.0,1
35e1de18-06eb-44ec-bb63-74dcac23ad76,001847,sub-RD054/sub-RD054_ses-RD054-20240827-101107_behavior.nwb,32,121,3215,5.428571428571429,36,51.530612244897966,28,665748,25.0,25.0,1
35e67c82-3297-4500-acf6-9417e55797dc,000617,sub-688425/sub-688425_ses-1308420140-acq-1308519626-raw-movies_ophys.nwb,60,167,5466,4.277777777777778,17,22.12654320987654,54,21150738553,7840.0,25.0,1
35eb617b-f249-409c-9ea3-008eb8506a1a,001169,sub-G040/sub-G040_ses-RWTautowait2-20210830-140149.nwb,32,117,3004,5.481481481481482,31,46.397805212620035,27,1485774,25.0,25.0,1
35fdc564-1fc0-4128-a913-64fa76de1b37,000946,sub-BH551/sub-BH551_ses-20240312T163900_ecephys.nwb,28,50,690,4.333333333333333,14,17.0,18,1745360,100.0,60.0,0
36074c9c-ff16-4d22-a0fc-d972f712ec95,000617,sub-703100/sub-703100_ses-1326968266-acq-1327082630-raw-movies_ophys.nwb,60,167,5466,4.277777777777778,17,22.12654320987654,54,21178720353,8160.0,25.0,1
36081277-96ff-4c55-b12b-b3ce26852130,000773,sub-ant4-m4-d6-y2023/sub-ant4-m4-d6-y2023_ses-m4-d6-y2023-ant4-0-48x-ethanol-40-t172-z60um_ophys.nwb,22,48,624,4.176470588235294,13,14.615916955017303,17,84086336,580.0,140.0,0
360f1fc0-688d-4598-be05-2d7f583e09e0,000946,sub-BH539/sub-BH539_ses-20240126T163300_ecephys.nwb,28,50,690,4.333333333333333,14,17.0,18,3564440,100.0,80.0,0
362fe4b9-30d2-41e3-b6d5-b01ae715d69d,001169,sub-J026/sub-J026_ses-RWTautowait2-20220211-140527.nwb,32,117,3004,5.481481481481482,31,46.397805212620035,27,1110266,60.0,25.0,1
3645751e-4485-4f12-b0f1-32722391781c,000336,sub-621603/sub-621603_ses-1193163594-acq-1193401245_ophys.nwb,59,238,12973,5.574074074074074,30,44.17043895747597,54,89522668,480.0,25.0,1
3649989e-496e-45c0-9328-db35b713f52e,000570,sub-813352040/sub-813352040_ses-819177656_icephys.nwb,142,555,59040,5.64748201438849,44,38.746234666942705,139,20437188,20580.0,360.0,0
364a4d1e-0d69-4356-9c9b-6e26c8b8e879,000467,sub-ant4-m4-d26-y2022/sub-ant4-m4-d26-y2022_ses-m4-d26-y2022-ant4-0-48x-4-methyl-3-heptanol-40-t261-z125um_ophys.nwb,22,48,624,4.176470588235294,13,14.615916955017303,17,84086336,480.0,120.0,0
364be8f4-8bd4-4323-82cf-79f8de73cd82,000773,sub-ant4-m1-d18-y2023/sub-ant4-m1-d18-y2023_ses-m1-d18-y2023-ant4-0-48x-ethanol-40-t141-z0um_ophys.nwb,22,48,624,4.176470588235294,13,14.615916955017303,17,84086336,600.0,160.0,0
3656d7b9-2301-4d4a-9595-247643d9eb31,000773,sub-ant4-m1-d18-y2023/sub-ant4-m1-d18-y2023_ses-m1-d18-y2023-ant4-1x-paraffin-oil-40-t138-z40um_ophys.nwb,22,48,624,4.176470588235294,13,14.615916955017303,17,84086336,600.0,160.0,0
36620882-dcea-47a7-b38b-50b55efd5791,000547,sub-311/sub-311_ses-311-3rdrec-0_ophys.nwb,27,44,572,4.235294117647059,13,16.768166089965398,17,299419243,440.0,25.0,1
3662eb42-6fa5-423b-91fa-b121c77de96f,001836,sub-julio/sub-julio_ses-julio-20230805_obj-zf8zuo_behavior.nwb,108,76,1751,2.6,65,49.06105263157894,95,38132624,100.0,25.0,1
366a5a54-1b33-4505-9472-025005e32e03,001051,sub-637488/sub-637488_ses-None_probe-489_ecephys.nwb,36,62,1087,3.3,14,12.343333333333334,30,2758941104,1160.0,25.0,1
366e87c5-c10a-4249-937e-1421e550f37f,000467,sub-ant3-m4-d21-y2022/sub-ant3-m4-d21-y2022_ses-m4-d21-y2022-ant3-0-12x-4-methyl-3-heptanone-40-t138-z85um_ophys.nwb,22,48,624,4.176470588235294,13,14.615916955017303,17,84086336,660.0,160.0,0
36751b9d-f159-47f5-87a5-a15a6920057e,001465,sub-1409530413/sub-1409530413_ses-1410820797_icephys.nwb,212,844,171589,5.8086124401913874,79,63.3317918545821,209,56751099,800.0,60.0,0
36ad28ca-9e69-4614-87da-e71ba85e9f03,001634,sub-Frodo/sub-Frodo_ses-5_obj-1t13ii7_behavior+ecephys.nwb,254,68,23367,3.017094017094017,36,24.187741982613783,117,1083738,60.0,25.0,1
36b95d27-598d-465c-9243-d16616c5fa8b,000773,sub-ant6-m1-d10-y2023/sub-ant6-m1-d10-y2023_ses-m1-d10-y2023-ant6-0-48x-propionic-acid-40-t204-z125um_ophys.nwb,22,48,624,4.176470588235294,13,14.615916955017303,17,84086336,620.0,160.0,0
36ce1442-6396-4818-a94e-dd193aef2768,001611,sub-25897/sub-25897_ses-20241111T195719_ecephys.nwb,25,52,649,4.105263157894737,13,13.988919667590027,19,12170780,100.0,25.0,1
36d00dbf-62ad-448a-afcf-c0d74c4c42d7,000711,sub-453989/sub-453989_ses-20190604T125547_image.nwb,48,119,2682,3.7954545454545454,26,27.571797520661153,44,68565257,200.0,25.0,1
36d3289a-f0a0-47ec-8b68-d77538c27474,000947,sub-Isis/sub-Isis_ses-pre-MPTP-I-170317-2_ecephys.nwb,33,84,1310,4.214285714285714,16,19.66836734693877,28,1665820897,1820.0,200.0,0
36e5c072-ec8e-4a55-a420-1f24d7f4c16e,000711,sub-513626/sub-513626_ses-20200706T102209_image.nwb,48,116,2469,3.727272727272727,23,24.743801652892568,44,188724043,160.0,25.0,1
370b65ff-cc8e-43a7-ac9a-b2c0d3fb0e2b,001169,sub-J077/sub-J077_ses-RWTautowait2-20230620-150609.nwb,32,118,3087,5.518518518518518,32,48.32373113854595,27,1913317,60.0,25.0,1
370cce60-2d67-48ff-9bff-6d752af97399,000020,sub-643830459/sub-643830459_ses-645057866_icephys.nwb,127,466,38915,5.346774193548387,36,32.54910249739854,124,14717894,23200.0,460.0,0
371a82ab-031b-4c68-86eb-5f4b538ad292,000467,sub-ant2-m4-d21-y2022/sub-ant2-m4-d21-y2022_ses-m4-d21-y2022-ant2-0-48x-4-methyl-3-heptanol-40-t125-z10um_ophys.nwb,22,48,624,4.176470588235294,13,14.615916955017303,17,84086336,640.0,160.0,0
37385f29-bf8a-4538-9142-84977038da30,000971,sub-111-285/sub-111-285_ses-FP-PR-2019-07-11T10-17-28_behavior.nwb,26,52,651,3.5,13,13.886363636363637,22,234889,80.0,60.0,0
3743802e-2609-45c8-8e60-b31879348765,000575,sub-11/sub-11_ses-20190515T195800_behavior+ecephys.nwb,28,74,930,4.434782608695652,13,16.941398865784503,23,539976,220.0,80.0,0
37508c53-5729-48a9-b6bf-ba54639278a7,000239,sub-MX190103/sub-MX190103_ses-20190402T144916.nwb,18,63,1228,6.153846153846154,29,58.13017751479289,13,293616,100.0,60.0,0
3765e708-506f-4e71-958a-2cc26a452e1f,000467,sub-ant3-m4-d26-y2022/sub-ant3-m4-d26-y2022_ses-m4-d26-y2022-ant3-0-48x-4-methyl-3-heptanone-40-t215-z30um_ophys.nwb,22,48,624,4.176470588235294,13,14.615916955017303,17,84086336,560.0,140.0,0
3776171f-3f56-42bf-acb7-ae97aa10777c,000728,sub-575188353/sub-575188353_ses-591254266-StimC2_behavior+image+ophys.nwb,50,11477,195172714,262.3181818181818,5812,1407580.2623966942,44,129925363,780.0,25.0,1
3778886b-1724-44a4-b1e9-ed9e0eb90479,000728,sub-587049063/sub-587049063_ses-599420257-StimB_ophys.nwb,23,48,605,4.055555555555555,13,13.163580246913579,18,40923600504,16240.0,25.0,1
3781c57e-f9df-43b6-b1a4-900604ae530b,000713,sub-544358/sub-544358_ses-20201021T142625_image.nwb,48,118,2609,3.772727272727273,25,26.584710743801654,44,66587350,180.0,25.0,1
37952ead-b16e-484d-9e02-419b48da7fed,000336,sub-647715/sub-647715_ses-1242287850-acq-1242432614_ophys.nwb,59,238,12973,5.574074074074074,30,44.17043895747597,54,89363794,700.0,25.0,1
379905c7-269b-4cd9-a74f-ded4e64bdf33,000008,sub-mouse-UWILU/sub-mouse-UWILU_ses-20181114-sample-4_slice-20181114-slice-3_cell-20181114-sample-4_icephys.nwb,157,466,63579,4.954248366013072,68,54.22666495792217,153,8191249,14100.0,440.0,0
3799bffc-ed85-4304-be73-79ee63c62a6e,001169,sub-L009/sub-L009_ses-RWTautowait2-20221128-101207.nwb,32,118,3087,5.518518518518518,32,48.32373113854595,27,1146736,80.0,25.0,1
379e9ed2-5161-43fb-9d43-787a8cb7948a,000020,sub-839065526/sub-839065526_ses-843270474_icephys.nwb,146,598,70768,5.888111888111888,49,43.3720964350335,143,22278673,24780.0,340.0,0
37b50ee3-8078-4f4a-90e8-4c65321c9b74,001550,sub-P102/sub-P102_ses-TaskSwitch4-180522a.nwb,35,112,2625,4.709677419354839,38,47.36732570239335,31,2099122,80.0,25.0,1
37bb5f68-a035-40bc-884b-ca258e129f18,001550,sub-P007/sub-P007_ses-TaskSwitch4-160415a.nwb,33,110,2570,4.896551724137931,38,49.74791914387635,29,1226890,80.0,25.0,1
37bcfb24-fa7c-4f5a-88bf-3ba7f5a19bc7,001169,sub-J053/sub-J053_ses-RWTautowait2-20220930-131157.nwb,32,117,3004,5.481481481481482,31,46.397805212620035,27,1162217,60.0,25.0,1
37dce523-fa82-4053-9d31-506332e6b870,000637,sub-BH462/sub-BH462_obj-1urv839_ecephys.nwb,28,46,627,4.111111111111111,14,15.654320987654321,18,6771144,140.0,60.0,0
37f51ad3-b50d-453f-bcc9-e628c19c0d08,001611,sub-25876/sub-25876_ses-20241111T190534_ecephys.nwb,25,52,649,4.105263157894737,13,13.988919667590027,19,12843836,100.0,25.0,1
381846ef-f4a3-4978-a722-7c80596944a2,000617,sub-703100/sub-703100_ses-1325713091-acq-1325864449_ophys.nwb,66,196,6715,4.344262295081967,17,20.75033593120128,61,697427081,1260.0,25.0,1
38240ce3-019b-49db-8839-d4ce389caa46,000628,sub-Bf/sub-Bf_ses-20200918T151310.nwb,26,39,494,4.266666666666667,13,17.662222222222226,15,7527139,340.0,140.0,0
382ea46c-0963-4e47-966b-da02518f23cb,000467,sub-ant5-m4-d26-y2022/sub-ant5-m4-d26-y2022_ses-m4-d26-y2022-ant5-0-03x-4-methyl-3-hexanol-40-t275-z30um_ophys.nwb,22,48,624,4.176470588235294,13,14.615916955017303,17,84086336,500.0,140.0,0
3838003d-456a-4a98-b701-d33cbc2b885c,001777,sub-8600/sub-8600_ses-20241207T183206_icephys.nwb,85,234,20550,4.8,65,48.36,80,31602728,300.0,25.0,1
38429028-9351-45b3-b416-280ac7ded534,001550,sub-P055/sub-P055_ses-TaskSwitch4-160713a.nwb,35,112,2625,4.709677419354839,38,47.36732570239335,31,850407,60.0,25.0,1
38595008-8e55-413b-83bf-2fde3e7acada,000728,sub-657195968/sub-657195968_ses-671162628-StimC2_behavior+image+ophys.nwb,50,11477,195172714,262.3181818181818,5812,1407580.2623966942,44,186443238,660.0,25.0,1
385b9c28-3cdf-4ed8-8249-4df517c315c6,001550,sub-P167/sub-P167_ses-TaskSwitch4-190730a.nwb,35,112,2625,4.709677419354839,38,47.36732570239335,31,1049402,60.0,25.0,1
387f610c-fce0-4396-9d3e-2eff8dd0385b,001347,sub-mouse/sub-mouse_ses-342_behavior.nwb,17,36,413,4.0,13,13.692307692307692,13,5375088,60.0,25.0,1
389887ca-35fe-4054-b012-c83d0aa52a6a,001169,sub-L028/sub-L028_ses-RWTautowait2-20230627-112219.nwb,32,118,3087,5.518518518518518,32,48.32373113854595,27,895499,80.0,25.0,1
389c5d49-6d68-4932-a240-c6897cd11177,000773,sub-ant3-m1-d10-y2023/sub-ant3-m1-d10-y2023_ses-m1-d10-y2023-ant3-0-48x-ethanol-40-t134-z145um_ophys.nwb,22,48,624,4.176470588235294,13,14.615916955017303,17,84086336,640.0,160.0,0
38b90422-9a92-41a5-a6ed-d4e9ffd2de89,000579,sub-10/sub-10_ses-mouse-10-session-date-2017-11-04-area-visA-L23-multi-plane-imaging_behavior+ophys.nwb,85,193,12100,4.164383561643835,17,15.53462188027773,73,343421302,7220.0,180.0,0
38bfdfca-1634-48cd-b8e2-88344efdbd40,001181,sub-m1615/sub-m1615_ses-20220903T124547Z_photometry.nwb,18,54,762,5.461538461538462,19,29.940828402366858,13,207760,25.0,25.0,1
38c1f814-b9f5-4e05-824b-e75b2fee1e09,001169,sub-M035/sub-M035_ses-RWTautowait2-20210720-121458.nwb,32,116,2974,5.444444444444445,31,46.46913580246915,27,1226987,80.0,25.0,1
38c6e903-df72-4740-9e4d-6486a4ba870c,000020,sub-682365442/sub-682365442_ses-684907313_icephys.nwb,114,446,37494,5.657657657657658,49,39.36027919811702,111,45943635,27100.0,400.0,0
38d0c5e9-48f6-4ba0-9f94-93dd5f408f96,001169,sub-L031/sub-L031_ses-RWTautowait2-20230501-094446.nwb,32,118,3087,5.518518518518518,32,48.32373113854595,27,1216831,60.0,25.0,1
38e53e31-103c-4639-b611-4abc58675a29,000552,sub-e13-26m1/sub-e13-26m1_ses-e13-26m1-211019-raw_ecephys.nwb,32,46,574,3.0357142857142856,13,10.748724489795919,28,147353047025,69140.0,220.0,0
38ebeacf-9a57-4a6e-b40c-3f596ec68406,001169,sub-M055/sub-M055_ses-RWTautowait2-20230707-150116.nwb,32,117,3057,5.481481481481482,32,48.397805212620035,27,1057027,25.0,25.0,1
39008b25-7956-4b06-8d56-c18c00d9030e,000467,sub-ant2-m4-d21-y2022/sub-ant2-m4-d21-y2022_ses-m4-d21-y2022-ant2-0-12x-6-methyl-5-hepten-2-one-40-t161-z140um_ophys.nwb,22,48,624,4.176470588235294,13,14.615916955017303,17,84086336,660.0,160.0,0
3904da6a-f2fd-4ce8-9448-de1615a3318d,000467,sub-ant3-m4-d27-y2022/sub-ant3-m4-d27-y2022_ses-m4-d27-y2022-ant3-0-12x-4-methyl-3-heptanone-40-t154-z65um_ophys.nwb,22,48,624,4.176470588235294,13,14.615916955017303,17,84086336,480.0,120.0,0
391b653f-f065-415a-9ea4-5ccf0b88b703,000620,sub-Perle/sub-Perle_ses-2022-06-03_spikesorting.nwb,29,66,1271,4.409090909090909,17,19.514462809917354,22,127558424,440.0,80.0,0
39491b75-096e-4cc1-8030-51f3f22e64cf,001550,sub-H113/sub-H113_ses-TaskSwitch4-170627a.nwb,33,110,2570,4.896551724137931,38,49.74791914387635,29,1580667,80.0,25.0,1
39505302-9107-4254-83bd-80a6ccae0905,001550,sub-P127/sub-P127_ses-TaskSwitch4-190319a.nwb,35,112,2625,4.709677419354839,38,47.36732570239335,31,1424299,25.0,25.0,1
3950748f-c11d-42c1-8263-2ebd330c78d7,001752,sub-Mfa250904/sub-Mfa250904_ses-Sess250904HS_obj-kv91hc_icephys.nwb,25,43,479,4.375,13,18.984375,16,1899976,280.0,80.0,0
3951b5fc-4cca-4331-b68c-5db076a627dc,001550,sub-P135/sub-P135_ses-TaskSwitch4-181205a.nwb,35,112,2625,4.709677419354839,38,47.36732570239335,31,1613315,80.0,25.0,1
3960741d-683e-4e39-bd81-840a848d7dd2,000711,sub-476970/sub-476970_ses-20191030T140348_image.nwb,50,156,5473,4.478260869565218,24,34.72778827977316,46,196073356,260.0,25.0,1
396bf4c2-04a1-4dd1-9ac0-2301af5cb288,000989,sub-G1-12A5D/sub-G1-12A5D_obj-3lfur6_ecephys.nwb,22,45,579,3.9411764705882355,13,12.643598615916957,17,203596,60.0,25.0,1
397111a1-eb53-479f-8c1e-84c9aa5f46c1,000773,sub-ant1-m2-d24-y2023/sub-ant1-m2-d24-y2023_ses-m2-d24-y2023-ant1-0-48x-3-hexanone-40-t138-z90um_ophys.nwb,22,48,624,4.176470588235294,13,14.615916955017303,17,84086336,600.0,160.0,0
399691e6-c03a-40d6-9302-3b4df6f391fc,001359,sub-1369353330/sub-1369353330_ses-1370912249_icephys.nwb,179,649,90532,5.3977272727272725,61,50.00090392561984,176,66201791,680.0,25.0,1
39985d85-3048-4c4b-ae6c-6f0dd5d2752b,001414,sub-Mlc1-PF132/sub-Mlc1-PF132_ses-20220729-Mlc1PF132-awake-startle-rec1_ophys.nwb,27,45,590,4.294117647058823,13,16.913494809688583,17,3181010664,1120.0,25.0,1
39a3696f-1081-4cb4-89aa-9f06d855a33a,001281,sub-181109/sub-181109_ses-1811091lr-2-1-2_icephys.nwb,64,233,13046,5.745762711864407,21,14.020109164033324,59,33786536,5800.0,160.0,0
39a7c55f-3ba5-4209-9de2-49e5169b5b94,001195,sub-5014/sub-5014_ses-20190305T201336_slice-slice-5_cell-C25_icephys.nwb,51,137,3340,4.446808510638298,13,7.736532367587142,47,31172891,180.0,25.0,1
39d678d6-0bc5-4987-85aa-83555a958fe3,001611,sub-24846/sub-24846_ses-20241120T232613_ecephys.nwb,25,52,649,4.105263157894737,13,13.988919667590027,19,10397712,120.0,25.0,1
39d6fbe1-48c1-4055-accd-c907682e06a4,000690,sub-714612/sub-714612_ses-1325995398_probe-0_ecephys.nwb,27,55,937,3.772727272727273,14,15.08471074380165,22,1498713746,640.0,80.0,0
39d8f319-76ff-4254-998a-3bf32ebd012a,000773,sub-ant1-m1-d20-y2023/sub-ant1-m1-d20-y2023_ses-m1-d20-y2023-ant1-0-48x-ethanol-40-t129-z30um_ophys.nwb,22,48,624,4.176470588235294,13,14.615916955017303,17,84086336,600.0,160.0,0
39e49fe9-fea0-4159-b5dd-f086fea2df3b,001452,sub-12/sub-12_ses-20250516T215223_icephys.nwb,30,60,911,4.0,13,8.88,25,994872,120.0,25.0,1
39efcc67-c3a8-40d2-a1ac-212ef1b39410,001169,sub-S035/sub-S035_ses-RWTautowait2-20211110-153357.nwb,32,117,3004,5.481481481481482,31,46.397805212620035,27,1196489,60.0,25.0,1
39fed596-0fda-44de-8eaa-2e048b2d1158,001200,sub-BH597/sub-BH597_ses-20240906T212000_ecephys+ogen.nwb,29,53,741,4.15,14,15.827499999999997,20,298032,60.0,25.0,1
3a00b1f6-4ad6-4982-94bd-cb268f77bb80,001550,sub-P131/sub-P131_ses-TaskSwitch4-180726a.nwb,35,112,2625,4.709677419354839,38,47.36732570239335,31,1388199,100.0,25.0,1
3a0358ff-0080-4f4c-8ad2-c4914deedca5,000773,sub-ant6-m1-d10-y2023/sub-ant6-m1-d10-y2023_ses-m1-d10-y2023-ant6-0-48x-3-hexanone-40-t202-z55um_ophys.nwb,22,48,624,4.176470588235294,13,14.615916955017303,17,84086336,640.0,180.0,0
3a203df5-9e83-4f9e-8d05-c267d80e8488,000020,sub-642992296/sub-642992296_ses-644584663_icephys.nwb,104,389,26366,5.435643564356436,36,28.602293892755608,101,14105106,21020.0,440.0,0
3a34f6b3-db3f-479d-9159-7189dab4aa39,001038,sub-Anxa-A002/sub-Anxa-A002_ses-20220823-0003.nwb,49,102,2105,4.108108108108108,16,14.258582907231554,37,16159300,120.0,25.0,1
3a470988-e922-44e6-9613-e93038924e42,000713,sub-553253/sub-553253_ses-None_probe-1093750562_ecephys.nwb,36,62,1087,3.3,14,12.343333333333334,30,3263141708,6640.0,260.0,0
3a54e107-728c-417e-9bb6-f3bb2b1e73d5,000946,sub-BH538/sub-BH538_ses-20240108T223600_ecephys.nwb,28,50,690,4.333333333333333,14,17.0,18,1248160,100.0,60.0,0
3a5dbf50-8ae3-43f6-a647-67bc35350d0f,001550,sub-P102/sub-P102_ses-TaskSwitch4-170601a.nwb,35,112,2625,4.709677419354839,38,47.36732570239335,31,1367892,25.0,25.0,1
3a85276b-9e29-480e-aa9c-c97035a448b3,000467,sub-ant3-m4-d21-y2022/sub-ant3-m4-d21-y2022_ses-m4-d21-y2022-ant3-0-12x-6-methyl-5-hepten-2-one-40-t142-z10um_ophys.nwb,22,48,624,4.176470588235294,13,14.615916955017303,17,84086336,640.0,160.0,0
3a98396b-a089-4550-9e23-71615cee26e9,000773,sub-ant5-m1-d10-y2023/sub-ant5-m1-d10-y2023_ses-m1-d10-y2023-ant5-0-48x-propionic-acid-40-t180-z85um_ophys.nwb,22,48,624,4.176470588235294,13,14.615916955017303,17,84086336,620.0,160.0,0
3aa19cb6-0178-40ad-9305-19286fa37215,001169,sub-L026/sub-L026_ses-RWTautowait2-20230403-112056.nwb,32,118,3087,5.518518518518518,32,48.32373113854595,27,1128670,100.0,25.0,1
3ab3ed25-4a3a-4e20-9f28-c7e6d124b6e4,001461,sub-770966/sub-770966_ses-multiplane-ophys-770966-2025-04-30-14-46-30_ophys.nwb,148,331,30155,3.9375,18,10.44921875,128,1800291964,1900.0,25.0,1
3ab433f7-3720-4882-ae80-bb2262f94b43,000951,sub-LC22-fly20/sub-LC22-fly20_ses-(-LC22-fly20-211103-1414--).nwb,18,33,433,3.8461538461538463,13,13.822485207100591,13,187360,420.0,160.0,0
3ababc51-d849-463c-baa1-29811cf921ff,000773,sub-ant1-m1-d20-y2023/sub-ant1-m1-d20-y2023_ses-m1-d20-y2023-ant1-0-48x-3-hexanone-40-t138-z90um_ophys.nwb,22,48,624,4.176470588235294,13,14.615916955017303,17,84086336,600.0,160.0,0
3abe01b9-1d61-4fbf-8654-e08ec6da1c8c,001169,sub-S028/sub-S028_ses-RWTautowait2-20210709-103826.nwb,32,116,2974,5.444444444444445,31,46.46913580246915,27,1226535,60.0,25.0,1
3ac1a837-c0b0-44f5-bb52-461b13ff50ae,000988,sub-145809voltron1-JF608-cell4-vsteps-run2/sub-145809voltron1-JF608-cell4-vsteps-run2_ses-20230316T145809_image.nwb,38,59,854,4.0,13,14.0,24,1232967826,600.0,25.0,1
3ac8a3e3-e735-48ea-8c4b-39e4ffd8279a,001038,sub-Calb-C003/sub-Calb-C003_ses-20220913-0003.nwb,54,117,2524,4.095238095238095,16,13.990929705215418,42,26902261,160.0,25.0,1
3ad32a4e-6842-46f2-b387-3cc82fa87fe4,001865,sub-23331/sub-23331_ses-23331-11-1_behavior+ophys.nwb,43,87,1458,3.473684210526316,13,10.038781163434905,38,15495170,80.0,25.0,1
3ad6392c-62d1-4dd8-9f51-7912655e675f,001776,sub-M15G/sub-M15G_ses-20220419T154408_icephys.nwb,152,480,66197,5.2727272727272725,61,46.35219326128417,143,25397313,400.0,25.0,1
3ae7e027-f42d-41ee-a3e8-0c3f23881577,001541,sub-003/sub-003_ses-20240822_obj-mu4xn2_image.nwb,19,40,420,3.8666666666666667,13,12.382222222222222,15,370575466,60.0,25.0,1
3aedb026-c31f-4273-b76d-bbb16e9b8b26,001169,sub-G069/sub-G069_ses-RWTautowait2-20220928-151500.nwb,32,117,3004,5.481481481481482,31,46.397805212620035,27,892554,80.0,25.0,1
3af35e26-efdf-42fe-a9a0-6aed81579e5d,000020,sub-639391267/sub-639391267_ses-640006181_icephys.nwb,94,341,19549,5.3076923076923075,33,25.15807269653423,91,12901269,18300.0,460.0,0
3af9e06b-064a-497f-9555-bf43287e24c8,001832,sub-m24125011/sub-m24125011_ses-20240128T032918_icephys.nwb,39,113,2898,4.685714285714286,13,9.644081632653062,35,3147504,120.0,25.0,1
3b1cc8ea-9172-4cc8-9c60-1ac0b3cc7dab,001621,sub-b433-5/sub-b433-5_ses-Sciatic 1H9 2_ophys.nwb,22,43,523,3.8823529411764706,13,12.221453287197232,17,19217347,60.0,25.0,1
3b2165e2-0482-4b98-9fc3-a07e8ef1a938,000773,sub-ant5-m4-d6-y2023/sub-ant5-m4-d6-y2023_ses-m4-d6-y2023-ant5-0-48x-3-hexanone-40-t193-z85um_ophys.nwb,22,48,624,4.176470588235294,13,14.615916955017303,17,84086336,580.0,160.0,0
3b228ddc-00d9-4a89-b713-135895e62bc9,000773,sub-ant1-m1-d11-y2023/sub-ant1-m1-d11-y2023_ses-m1-d11-y2023-ant1-0-03x-4-methyl-3-heptanol-40-t127-z155um_ophys.nwb,22,48,624,4.176470588235294,13,14.615916955017303,17,84086336,660.0,180.0,0
3b2c10db-ea41-44bf-b7d1-67f8850e59c8,000959,sub-T/sub-T_ses-20220610_obj-168xd2r_behavior.nwb,29,116,3192,5.76,13,16.1824,25,9982256,220.0,25.0,1
3b2cd81a-86e8-4d06-85a1-2f68984ccbf7,000467,sub-ant3-m10-d6-y2022/sub-ant3-m10-d6-y2022_ses-m10-d6-y2022-ant3-0-48x-isopropanol-40-t175-z130um_ophys.nwb,22,48,624,4.176470588235294,13,14.615916955017303,17,84086336,660.0,160.0,0
3b2d8cba-2cb1-4ee7-8aec-bba6b42bc1db,000711,sub-412036/sub-412036_ses-20181214T123749_image+ophys.nwb,73,206,8709,4.205882352941177,24,27.163494809688576,68,364535687,1340.0,60.0,0
3b32dda5-91d2-40ea-93a8-4db2434070ca,000467,sub-ant1-m10-d11-y2022/sub-ant1-m10-d11-y2022_ses-m10-d11-y2022-ant1-0-48x-3-hexanone-40-t139-z30um_ophys.nwb,22,48,624,4.176470588235294,13,14.615916955017303,17,84086336,680.0,180.0,0
3b39fcb8-8e3f-445e-93c5-292fc95741bf,001333,sub-parkinson-simulated-beta/sub-parkinson-simulated-beta_ses-298_ecephys.nwb,27,44,543,3.3636363636363638,13,11.59504132231405,22,225936,100.0,60.0,0
3b42f2a3-aeb9-4726-b100-c18491ae185a,000336,sub-656228/sub-656228_ses-1246372987-acq-1246487567_ophys.nwb,76,410,48355,7.0285714285714285,30,52.82775510204082,70,97924157,1680.0,25.0,1
3b4c5576-c716-40d5-98fb-9d05dbe2f0ca,001526,sub-CHO-20250506-c5/sub-CHO-20250506-c5_ses-session-2025-05-06_obj-1j2grjc_image.nwb,17,38,431,4.153846153846154,13,13.668639053254442,13,34972849,80.0,25.0,1
3b59a7cf-c7f6-4968-92ee-43cd1a1812aa,001169,sub-G054/sub-G054_ses-RWTautowait2-20220224-115738.nwb,32,117,3004,5.481481481481482,31,46.397805212620035,27,1164016,80.0,25.0,1
3b6b53db-9867-4e43-9f19-0578fce02e36,001169,sub-L012/sub-L012_ses-RWTautowait2-20230111-095901.nwb,32,118,3087,5.518518518518518,32,48.32373113854595,27,1107074,80.0,25.0,1
3b781a39-852a-4ae7-8897-46b92e77e5c4,001474,sub-MPK119/sub-MPK119_ses-20240131T120000.nwb,21,45,466,3.823529411764706,13,11.321799307958477,17,7531816,60.0,25.0,1
3b957f19-92ac-45c3-a0dc-4546153774fe,001550,sub-P124/sub-P124_ses-TaskSwitch4double-190417b.nwb,33,112,2724,4.9655172413793105,40,54.44708680142688,29,1220744,80.0,25.0,1
3b9e3769-9cc6-4d9e-bb2f-6f0b98bbc9d9,001205,sub-15566814253778155746/sub-15566814253778155746_ses-20230728T112938_ophys.nwb,27,41,539,4.0588235294117645,13,14.878892733564015,17,223823367,200.0,25.0,1
3baba43e-94e7-47ec-85aa-86d158c5515c,001550,sub-P130/sub-P130_ses-TaskSwitch4-190513a.nwb,35,112,2625,4.709677419354839,38,47.36732570239335,31,1626981,60.0,25.0,1
3bbb1983-55e3-49cb-98e9-f70331d49e86,001832,sub-test-animal01-slice04-roi01/sub-test-animal01-slice04-roi01_ses-MB++AChFP++pan++PD++none++WT++20250423205023_ophys.nwb,41,92,1470,4.088235294117647,13,11.609861591695504,34,9389062,25.0,25.0,1
3be49520-2de7-4e5b-a828-a08471d6beef,001550,sub-P102/sub-P102_ses-TaskSwitch4-180407a.nwb,35,112,2625,4.709677419354839,38,47.36732570239335,31,1747144,100.0,25.0,1
3bfa5067-1481-4140-8fb4-5ed78fa2ac72,001550,sub-P123/sub-P123_ses-TaskSwitch4-180917a.nwb,35,112,2625,4.709677419354839,38,47.36732570239335,31,1262187,60.0,25.0,1
3c039be0-69d8-4fce-b04d-c8a43918f3f1,001517,sub-CHO-20250122-c5/sub-CHO-20250122-c5_obj-1imob1e_image.nwb,17,38,431,4.153846153846154,13,13.668639053254442,13,36575385,60.0,25.0,1
3c041459-bcad-439a-b352-ef566aa4194e,001550,sub-P150/sub-P150_ses-TaskSwitch4-180917a.nwb,35,112,2625,4.709677419354839,38,47.36732570239335,31,1524975,80.0,25.0,1
3c16ec0e-6802-4897-81be-6e67ee1f9b6c,001258,sub-BSD019/sub-BSD019_ses-p139.nwb,36,74,1456,5.190476190476191,21,27.011337868480723,21,4001944,140.0,25.0,1
3c348cd6-dcfe-4561-a1a6-1a2a92237725,000711,sub-484631/sub-484631_ses-20191206T141346_obj-gbhtkb_image+ophys.nwb,75,225,9298,4.428571428571429,24,26.73061224489796,70,467820458,660.0,25.0,1
3c44e4d4-f616-4b94-a5cb-09fbbec1e244,000773,sub-ant5-m4-d6-y2023/sub-ant5-m4-d6-y2023_ses-m4-d6-y2023-ant5-0-48x-4-methyl-3-heptanone-40-t192-z20um_ophys.nwb,22,48,624,4.176470588235294,13,14.615916955017303,17,84086336,580.0,140.0,0
3c4e96b7-c3fb-49c9-a133-4933c56065a1,001169,sub-G045/sub-G045_ses-RWTautowait2-20210901-134213.nwb,32,117,3004,5.481481481481482,31,46.397805212620035,27,1411285,40.0,25.0,1
3c562ddb-c86e-4f8b-bcf5-7810d8be5fc5,000467,sub-ant3-m4-d26-y2022/sub-ant3-m4-d26-y2022_ses-m4-d26-y2022-ant3-0-03x-4-methyl-3-heptanone-40-t210-z100um_ophys.nwb,22,48,624,4.176470588235294,13,14.615916955017303,17,84086336,540.0,140.0,0
3c5c25bf-a150-46a7-8305-913cd9a1f136,000020,sub-760005680/sub-760005680_ses-763385920_icephys.nwb,189,763,119984,5.817204301075269,65,54.9880911087987,186,24900994,28720.0,360.0,0
3c5ebfcb-95da-4ca7-bf04-2fdef8b50664,001032,sub-5-1/sub-5-1_ses-2kHz-spindle-stimulation-8V_image.nwb,17,38,431,4.153846153846154,13,13.668639053254442,13,716408,80.0,25.0,1
3c612722-8306-43f9-92c4-75cac8588a02,001169,sub-S017/sub-S017_ses-RWTautowait2-20210204-100704.nwb,32,116,2974,5.444444444444445,31,46.46913580246915,27,1119097,60.0,25.0,1
3c788636-b57f-4945-b52d-0d35eb2f6307,000773,sub-ant3-m1-d10-y2023/sub-ant3-m1-d10-y2023_ses-m1-d10-y2023-ant3-0-48x-isopropanol-40-t140-z140um_ophys.nwb,22,48,624,4.176470588235294,13,14.615916955017303,17,84086336,640.0,160.0,0
3c78aeb8-a15a-4390-a8ff-d0e73949ca50,001337,sub-240919-Fish85-GCaMP-HB-6dpf-FlowExperiment-warner-temp-stim-Z-11-0/sub-240919-Fish85-GCaMP-HB-6dpf-FlowExperiment-warner-temp-stim-Z-11-0_ses-20241206T122053_ophys.nwb,34,56,809,3.064516129032258,13,8.4474505723205,31,100483469,220.0,25.0,1
3c810668-cc93-4208-8d88-51a72c8d199e,000773,sub-ant1-m4-d6-y2023/sub-ant1-m4-d6-y2023_ses-m4-d6-y2023-ant1-0-48x-4-methyl-3-heptanol-40-t132-z100um_ophys.nwb,22,48,624,4.176470588235294,13,14.615916955017303,17,84086336,580.0,160.0,0
3c8382e6-7820-4e94-aa69-b505c8bafc8c,000971,sub-88-239/sub-88-239_ses-FP-DPR-2019-03-08T11-14-27_behavior.nwb,26,52,651,3.5,13,13.886363636363637,22,236678,500.0,160.0,0
3c8a6405-fa8f-4aa0-8979-0c7ad13bcad4,001611,sub-25897/sub-25897_ses-20241024T131944_ecephys.nwb,25,52,649,4.105263157894737,13,13.988919667590027,19,13075384,120.0,25.0,1
3cade8bb-c0f9-43c9-b25e-b56d52a8fe1f,001517,sub-CHO-20250228-c1/sub-CHO-20250228-c1_obj-1ofpf0v_image.nwb,17,38,431,4.153846153846154,13,13.668639053254442,13,34395690,80.0,25.0,1
3cb302b5-2944-4161-8c45-63a9f01771a6,001169,sub-S020/sub-S020_ses-RWTautowait2-20210618-122035.nwb,32,116,2974,5.444444444444445,31,46.46913580246915,27,1396404,60.0,25.0,1
3cb5d8d5-d748-4d9d-ab14-c5090c481420,000773,sub-ant3-m2-d24-y2023/sub-ant3-m2-d24-y2023_ses-m2-d24-y2023-ant3-0-48x-4-methyl-3-heptanol-40-t179-z5um_ophys.nwb,22,48,624,4.176470588235294,13,14.615916955017303,17,84086336,600.0,160.0,0
3cc022ed-e0ce-4e43-a640-e69453f8e54b,000226,sub-KSm8/sub-KSm8_ses-20160604T120000_behavior.nwb,3015,6007,36834145,2.9960146130853538,213,206.1587353621246,3011,65955361,4520.0,60.0,0
3cc05ae1-dce8-4c48-b3fe-171124ffa51b,000239,sub-MX181301/sub-MX181301_ses-20190127T131932.nwb,18,63,1228,6.153846153846154,29,58.13017751479289,13,342454,100.0,60.0,0
3cfc7afe-a850-4f17-b09e-bc06f6676ad8,000408,sub-RuOx/sub-RuOx_obj-ylibh7_ecephys.nwb,22,45,579,3.9411764705882355,13,12.643598615916957,17,195196,540.0,200.0,0
3cff4897-713c-4c9b-a82a-5fa37e497b96,000467,sub-ant1-m4-d21-y2022/sub-ant1-m4-d21-y2022_ses-m4-d21-y2022-ant1-0-48x-6-methyl-5-hepten-2-one-40-t147-z160um_ophys.nwb,22,48,624,4.176470588235294,13,14.615916955017303,17,84086336,660.0,180.0,0
3d21995f-7f6a-462a-b014-f1630acd7dc8,001607,sub-Frodo/sub-Frodo_ses-5_obj-lysbf1_ecephys.nwb,253,68,23206,3.0344827586206895,36,24.274673008323433,116,942335,40.0,25.0,1
3d294173-eff7-4072-b8eb-5101bf0d2a86,000467,sub-ant3-m4-d21-y2022/sub-ant3-m4-d21-y2022_ses-m4-d21-y2022-ant3-0-48x-4-methyl-3-heptanone-40-t166-z130um_ophys.nwb,22,48,624,4.176470588235294,13,14.615916955017303,17,84086336,640.0,160.0,0
3d47efe9-5dc3-4c5e-8764-9801c0d5b2c2,001258,sub-BSD015/sub-BSD015_ses-p105.nwb,36,74,1456,5.190476190476191,21,27.011337868480723,21,3625952,2440.0,280.0,0
3d64250a-9b59-4019-94d3-de5316fc0dd7,000773,sub-ant5-m1-d10-y2023/sub-ant5-m1-d10-y2023_ses-m1-d10-y2023-ant5-0-48x-3-hexanone-40-t172-z135um_ophys.nwb,22,48,624,4.176470588235294,13,14.615916955017303,17,84086336,620.0,160.0,0
3d68cd0f-cf2a-4c27-b4f4-94cb6a48d7c1,000773,sub-ant4-m1-d10-y2023/sub-ant4-m1-d10-y2023_ses-m1-d10-y2023-ant4-0-48x-isopropanol-40-t150-z35um_ophys.nwb,22,48,624,4.176470588235294,13,14.615916955017303,17,84086336,620.0,160.0,0
3d72a7d4-a8d7-47ec-aeff-b95242a64a38,001169,sub-S044/sub-S044_ses-RWTautowait2-20221130-115315.nwb,32,118,3087,5.518518518518518,32,48.32373113854595,27,1309933,60.0,25.0,1
3d7cd9a9-4db1-45ec-88e9-4e7ff0071314,000336,sub-661749/sub-661749_ses-1252346608-acq-1252421559-raw-movies_ophys.nwb,68,260,14699,5.403225806451613,30,41.30515088449531,62,19941256829,1440.0,25.0,1
3d8393b8-0b21-489d-98eb-66e69c4c143c,001683,sub-BH645/sub-BH645_ses-20250114T174451_ecephys.nwb,28,52,725,4.2105263157894735,13,17.534626038781166,19,625411016,300.0,25.0,1
3d9f76f0-db51-42cd-b027-0505db406f15,001550,sub-P131/sub-P131_ses-TaskSwitch4-171219a.nwb,35,112,2625,4.709677419354839,38,47.36732570239335,31,1211386,120.0,25.0,1
3da782de-c58e-4991-9de9-df55e39345ee,000773,sub-ant2-m1-d20-y2023/sub-ant2-m1-d20-y2023_ses-m1-d20-y2023-ant2-0-48x-4-methyl-3-heptanone-40-t157-z155um_ophys.nwb,22,48,624,4.176470588235294,13,14.615916955017303,17,84086336,600.0,160.0,0
3ddc8e08-56e3-431a-af1b-e4da4e2a2a78,001836,sub-julio/sub-julio_ses-julio-20230803_obj-116gcyi.nwb,103,84,1949,2.7777777777777777,65,53.68395061728392,90,625636,60.0,25.0,1
3de525e7-6888-4ab1-8f99-8aedc981eee3,000467,sub-ant2-m4-d27-y2022/sub-ant2-m4-d27-y2022_ses-m4-d27-y2022-ant2-0-0075x-6-methyl-5-hepten-2-one-40-t178-z105um_ophys.nwb,22,48,624,4.176470588235294,13,14.615916955017303,17,84086336,480.0,120.0,0
3df4bbc1-ff94-44a6-8b1a-8641f8b1716c,000971,sub-101-260/sub-101-260_ses-FP-RR20-2019-05-09T09-50-05_behavior.nwb,26,52,651,3.5,13,13.886363636363637,22,233968,60.0,40.0,0
3e05c983-7171-4218-a826-ef56b52eb2ca,000409,sub-PL033/sub-PL033_ses-a34b4013-414b-42ed-9318-e93fbbc71e7b_desc-processed_behavior+ecephys.nwb,89,268,20821,4.614457831325301,32,23.465815067498912,83,597618210,1020.0,25.0,1
3e0d89e5-b932-4267-9191-531d406b0b74,001550,sub-P167/sub-P167_ses-TaskSwitch4-190825a.nwb,35,112,2625,4.709677419354839,38,47.36732570239335,31,1284750,120.0,25.0,1
3e226a2c-0432-4df2-8dcc-a25d6595a64c,000773,sub-ant1-m2-d24-y2023/sub-ant1-m2-d24-y2023_ses-m2-d24-y2023-ant1-0-48x-4-methyl-3-heptanone-40-t134-z5um_ophys.nwb,22,48,624,4.176470588235294,13,14.615916955017303,17,84086336,600.0,160.0,0
3e26f31d-c62b-499f-9cff-ac7e73518d17,001637,sub-830794/sub-830794_ses-ecephys-830794-2026-01-28-11-01-44_ecephys.nwb,65,406,33609,8.385964912280702,58,109.99138196368114,57,11342181128,2800.0,25.0,1
3e28f0cb-d26e-46bd-9583-efbc310c2f92,000773,sub-ant4-m1-d10-y2023/sub-ant4-m1-d10-y2023_ses-m1-d10-y2023-ant4-0-48x-4-methyl-3-heptanone-40-t158-z100um_ophys.nwb,22,48,624,4.176470588235294,13,14.615916955017303,17,84086336,640.0,160.0,0
3e2ac72d-0686-410c-8f03-647782fe663d,000467,sub-ant1-m10-d6-y2022/sub-ant1-m10-d6-y2022_ses-m10-d6-y2022-ant1-0-48x-ethanol-40-t137-z125um_ophys.nwb,22,48,624,4.176470588235294,13,14.615916955017303,17,84086336,680.0,180.0,0
3e37773b-1047-44f5-8790-985b416604f7,000946,sub-BH513/sub-BH513_ses-20231016T133657_ecephys.nwb,28,50,690,4.333333333333333,14,17.0,18,1661992,100.0,60.0,0
3e53ae0c-1ca6-4ed1-a309-b7479329ab0b,000467,sub-ant2-m4-d26-y2022/sub-ant2-m4-d26-y2022_ses-m4-d26-y2022-ant2-0-48x-4-methyl-3-heptanol-40-t192-z20um_ophys.nwb,22,48,624,4.176470588235294,13,14.615916955017303,17,84086336,640.0,160.0,0
3e5a9f79-ebf4-4ae3-9ebc-fe74537baf97,001607,sub-Bilbo/sub-Bilbo_ses-5_obj-1wmdmwg_behavior+ecephys.nwb,259,74,23259,2.9836065573770494,36,23.13087879602257,122,4095168,80.0,25.0,1
3e6a2833-0405-48ef-b2aa-ccf0a1febb49,000713,sub-530862/sub-530862_ses-None_probe-1052445242_ecephys.nwb,36,62,1087,3.3,14,12.343333333333334,30,2940340192,7680.0,280.0,0
3e755f46-a929-48b4-a9a1-e14b89aff0dc,000946,sub-BH538/sub-BH538_ses-20240110T171200_ecephys.nwb,28,50,690,4.333333333333333,14,17.0,18,1496488,100.0,60.0,0
3e756172-0d0e-4a85-917e-3580ce280d11,001550,sub-P187/sub-P187_ses-TaskSwitch6-190914a.nwb,33,110,2570,4.896551724137931,38,49.74791914387635,29,1016131,25.0,25.0,1
3e7966b1-9ccc-4794-81d7-26bc2d479bf9,000239,sub-MX200101/sub-MX200101_ses-20201129T154911.nwb,18,63,1228,6.153846153846154,29,58.13017751479289,13,469168,80.0,60.0,0
3eab6da1-641e-4456-9047-7b153dbd575c,001169,sub-S047/sub-S047_ses-RWTautowait2-20221206-102219.nwb,32,117,3004,5.481481481481482,31,46.397805212620035,27,895453,60.0,25.0,1
3eaf28b9-b745-439b-a956-c1e3b6d137d5,000623,sub-CS56/sub-CS56_ses-P56CSR2_behavior+ecephys.nwb,228,96,1165,2.2622222222222224,187,155.98012839506157,225,1187278887,4000.0,400.0,0
3ebf8712-cb1a-439c-96a6-ed54d6b31fb5,001550,sub-P124/sub-P124_ses-TaskSwitch4-171211a.nwb,35,112,2625,4.709677419354839,38,47.36732570239335,31,1171930,80.0,25.0,1
3ec4501f-3b32-4382-b31e-0d5b57e3ec9f,001348,sub-1347447837/sub-1347447837_ses-1363496565_icephys.nwb,180,668,96056,5.468926553672317,60,48.47502314149829,177,43918889,1500.0,80.0,0
3ec68666-cca7-4f4d-9e65-05c908b24bf3,001261,sub-M22/sub-M22_ses-Recordings-from-animal-M22-on-08-May-2023_obj-1df1t3v_icephys.nwb,48,154,6079,6.052631578947368,18,12.155124653739609,38,4634880,340.0,80.0,0
3ed6c5db-2f58-4d74-b5a0-fd43059ab525,001169,sub-J061/sub-J061_ses-RWTautowait2-20221222-142650.nwb,32,118,3087,5.518518518518518,32,48.32373113854595,27,1466450,120.0,25.0,1
3eda2f27-7d98-4509-a952-0bbe6c2b6bd9,000711,sub-499478/sub-499478_ses-20200227T093918_obj-79z4ql_image+ophys.nwb,73,223,9181,4.5,24,27.25,68,235259633,380.0,25.0,1
3edd1786-d0e3-4cec-bfd1-a2257f4947e0,001550,sub-P049/sub-P049_ses-TaskSwitch4-170609a.nwb,35,112,2625,4.709677419354839,38,47.36732570239335,31,1112993,25.0,25.0,1
3ef08943-0218-410c-ae65-aa29e34806ad,000467,sub-ant3-m10-d6-y2022/sub-ant3-m10-d6-y2022_ses-m10-d6-y2022-ant3-0-48x-3-hexanone-40-t185-z95um_ophys.nwb,22,48,624,4.176470588235294,13,14.615916955017303,17,84086336,660.0,180.0,0
3efee7d7-90d3-481d-b58d-56c6f3f6f93a,001634,sub-Frodo/sub-Frodo_ses-5_obj-1hc5w9l_ecephys.nwb,256,79,23510,3.0756302521008405,36,24.08671703975707,119,2519928,80.0,25.0,1
3f00ab27-5f18-411c-81a0-631febda0588,000889,sub-la-replay-01-0124-nac-het-#2024-1-30/sub-la-replay-01-0124-nac-het-#2024-1-30_ses-20240130T122800_behavior.nwb,30,48,515,2.8518518518518516,13,8.718792866941017,27,35309227,260.0,25.0,1
3f133ded-2ba0-4744-b4a0-29bac6760e20,000008,sub-mouse-ZQHAI/sub-mouse-ZQHAI_ses-20180917-sample-2_slice-20180917-slice-2_cell-20180917-sample-2_icephys.nwb,181,538,87573,4.96045197740113,80,65.58600657537744,177,9404992,16240.0,420.0,0
3f13b505-d8f1-4ea1-b04e-eb9e4a7df455,001623,sub-20240917-20-52-20/sub-20240917-20-52-20_ses-20240917T205220.nwb,35,99,4586,4.6,16,13.24,30,12992078552,4400.0,25.0,1
3f19f8e9-4ae8-4bf3-884a-dbc838500d81,001464,sub-1421402613/sub-1421402613_ses-1421618159_icephys.nwb,361,1441,525070,5.849162011173185,146,130.32920320838923,358,57458945,1060.0,25.0,1
3f228443-5f5c-4e75-8687-efa8d114a582,001611,sub-26349/sub-26349_ses-20250322T011648_ecephys.nwb,25,52,649,4.105263157894737,13,13.988919667590027,19,13440864,80.0,25.0,1
3f2bd85d-364e-4495-a93d-f67b15cc9bd2,001337,sub-241029-Fish92-GCaMP-HB-5dpf-FlowExperiment-warner-temp-stim-Z-17-0/sub-241029-Fish92-GCaMP-HB-5dpf-FlowExperiment-warner-temp-stim-Z-17-0_ses-20241205T173409_ophys.nwb,34,56,809,3.064516129032258,13,8.4474505723205,31,97928373,140.0,25.0,1
3f34c320-e16c-4e48-9503-380788710a79,001455,sub-982382865/sub-982382865_ses-988957428_icephys.nwb,316,1636,756113,7.086261980830671,133,125.3951147812063,313,53597406,1160.0,25.0,1
3f37f184-d902-4aec-926b-4c87e0eb305a,000971,sub-238-388/sub-238-388_ses-Opto-DLS-Excitatory-EYFP-2020-07-27T12-12-09_behavior+ogen.nwb,31,58,761,3.3333333333333335,15,14.22222222222222,27,253535,60.0,25.0,1
3f3d96e3-e8df-42f3-9fdb-35bee72c1e5f,001550,sub-P130/sub-P130_ses-TaskSwitch4-190706a.nwb,35,111,2551,4.67741935483871,37,45.25078043704474,31,567097,25.0,25.0,1
3f46394b-5cbf-42e8-bbd6-6f424d40cc3e,001169,sub-J073/sub-J073_ses-RWTautowait2-20230314-131745.nwb,32,118,3087,5.518518518518518,32,48.32373113854595,27,1456576,80.0,25.0,1
3f5ebe12-6b5b-4e33-bf53-a9df9cc5e66f,001550,sub-P102/sub-P102_ses-TaskSwitch4-180201a.nwb,35,112,2625,4.709677419354839,38,47.36732570239335,31,1125218,80.0,25.0,1
3f7751d2-7922-4de4-89e0-56ad6d6d3344,001349,sub-Chrm3q-Ncre20-7-ALAR/sub-Chrm3q-Ncre20-7-ALAR_ses-4_ophys.nwb,32,64,1380,3.923076923076923,13,11.07100591715976,26,31120574,140.0,25.0,1
3f7a8ba5-ebb0-4769-9ba2-772c47ca3a96,001836,sub-eliot/sub-eliot_ses-eliot-20221025_obj-1fe6g1m.nwb,71,84,1949,3.206896551724138,33,30.370986920332943,58,3181134,80.0,25.0,1
3fa20a2a-1533-4a59-bdcb-586b438e99e1,000336,sub-655580/sub-655580_ses-1245207935-acq-1245409226-raw-movies_ophys.nwb,68,260,14699,5.403225806451613,30,41.30515088449531,62,19764659810,820.0,25.0,1
3fb0baf5-f589-42d1-be7b-6641c42c8e50,000467,sub-ant3-m4-d27-y2022/sub-ant3-m4-d27-y2022_ses-m4-d27-y2022-ant3-0-0075x-4-methyl-3-heptanone-40-t133-z85um_ophys.nwb,22,48,624,4.176470588235294,13,14.615916955017303,17,84086336,460.0,120.0,0
3fc17a58-71c2-4a1a-bc1e-680a144dcf72,001169,sub-J022/sub-J022_ses-RWTautowait2-20211201-155450.nwb,32,116,2974,5.444444444444445,31,46.46913580246915,27,1328422,80.0,25.0,1
3fc250f4-dfb8-458a-849d-788bdecea753,001550,sub-P131/sub-P131_ses-TaskSwitch4-180912a.nwb,35,112,2625,4.709677419354839,38,47.36732570239335,31,1481444,80.0,25.0,1
3fc3e701-a5fb-471c-8d41-0371867e1c1a,000769,sub-1219228309/sub-1219228309_ses-1219394738_icephys.nwb,256,1055,293852,6.003952569169961,104,84.89721757877803,253,38135701,16880.0,180.0,0
3fd3a119-33be-465f-b66a-78552c4abf36,001550,sub-P055/sub-P055_ses-TaskSwitch4-170712a.nwb,35,112,2625,4.709677419354839,38,47.36732570239335,31,1412827,100.0,25.0,1
3fd7afe5-6c74-4c90-8110-b53b62e06f8b,000467,sub-ant3-m10-d11-y2022/sub-ant3-m10-d11-y2022_ses-m10-d11-y2022-ant3-0-48x-ethanol-40-t175-z30um_ophys.nwb,22,48,624,4.176470588235294,13,14.615916955017303,17,84086336,660.0,160.0,0
3fdbecef-40ec-4156-ba85-f5b1d9c2b6e5,000946,sub-BH494/sub-BH494_ses-20230820T181200_ecephys.nwb,28,47,646,4.166666666666667,14,16.027777777777775,18,1938800,80.0,25.0,1
3fe2ac3c-7d26-4a6e-b17c-84f4d976298a,000773,sub-ant3-m1-d17-y2023/sub-ant3-m1-d17-y2023_ses-m1-d17-y2023-ant3-0-03x-4-methyl-3-heptanone-40-t204-z25um_ophys.nwb,22,48,624,4.176470588235294,13,14.615916955017303,17,84086336,600.0,160.0,0
400727e6-6fa5-4e81-a79f-b0d0fd78d8ab,000467,sub-ant5-m4-d26-y2022/sub-ant5-m4-d26-y2022_ses-m4-d26-y2022-ant5-0-48x-4-methyl-3-heptanone-40-t284-z30um_ophys.nwb,22,48,624,4.176470588235294,13,14.615916955017303,17,84086336,500.0,140.0,0
40142d41-0aad-4ed4-b600-04af380487dc,000020,sub-767487024/sub-767487024_ses-772128917_icephys.nwb,259,1072,257071,5.98046875,100,94.21446228027344,256,73754877,54660.0,360.0,0
4014e3cb-a74b-404f-a04e-c41ed988152a,001702,sub-J20-SF4/sub-J20-SF4_ses-20230101T120000_obj-ki1c7l.nwb,16,37,446,4.7272727272727275,13,15.47107438016529,11,185480,25.0,25.0,1
4025d794-1a81-40c5-8b23-0fe2d4d0c012,001169,sub-M015/sub-M015_ses-RWTautowait2-20200701-102153.nwb,32,116,2923,5.444444444444445,30,44.54320987654322,27,1439701,80.0,25.0,1
40268e7e-5e1d-4f2c-9072-fb8deb285883,000467,sub-ant5-m4-d26-y2022/sub-ant5-m4-d26-y2022_ses-m4-d26-y2022-ant5-1x-isopropanol-40-t267-z40um_ophys.nwb,22,48,624,4.176470588235294,13,14.615916955017303,17,84086336,520.0,140.0,0
4039dea7-2697-432b-a4c1-fa77d15de256,000165,sub-Mace/sub-Mace_ses-Mace02_HomeCage_behavior+ecephys.nwb,34,59,1006,4.0,14,20.0,24,99023304,1620.0,60.0,0
40669de1-1d18-47fd-b8e3-3fab507e7fb2,001169,sub-G061/sub-G061_ses-RWTautowait2-20220201-140640.nwb,32,117,3004,5.481481481481482,31,46.397805212620035,27,1212518,60.0,25.0,1
4069588d-90fa-4e13-8549-343ffee0d970,001169,sub-S015/sub-S015_ses-RWTautowait2-20201222-100147.nwb,32,116,2974,5.444444444444445,31,46.46913580246915,27,1176135,25.0,25.0,1
4079e8a5-3038-4d8e-a21f-8b9106e3dadc,000637,sub-BH467/sub-BH467_obj-1do9vt8_ecephys.nwb,28,46,627,4.111111111111111,14,15.654320987654321,18,6046800,140.0,60.0,0
408e52a3-ab84-42e8-9de2-51104a1b9f9e,000467,sub-ant2-m4-d26-y2022/sub-ant2-m4-d26-y2022_ses-m4-d26-y2022-ant2-0-03x-4-methyl-3-heptanol-40-t176-z0um_ophys.nwb,22,48,624,4.176470588235294,13,14.615916955017303,17,84086336,680.0,180.0,0
40a557ea-f3a3-4a5a-834c-8ac1cc2f9687,001611,sub-25897/sub-25897_ses-20241024T172958_ecephys.nwb,25,52,649,4.105263157894737,13,13.988919667590027,19,14118760,100.0,25.0,1
40cc087c-ed2e-4a96-90dd-9a987ec8e3c8,000467,sub-ant1-m4-d26-y2022/sub-ant1-m4-d26-y2022_ses-m4-d26-y2022-ant1-1x-isopropanol-40-t123-z120um_ophys.nwb,22,48,624,4.176470588235294,13,14.615916955017303,17,84086336,620.0,160.0,0
40d091b0-05d8-45f4-bbab-fd0d7087fa65,000946,sub-BH528/sub-BH528_ses-20231017T204700_ecephys.nwb,28,50,690,4.333333333333333,14,17.0,18,6641488,100.0,60.0,0
40dcd033-6bf9-4380-a9e4-5f37fed5d85c,000239,sub-MX181002/sub-MX181002_ses-20181024T152349_behavior.nwb,4027,8042,66526064,2.9997514292816305,333,325.9405915365225,4023,77103896,2420.0,80.0,0
40e24f28-f07d-4820-99e1-3906a77ac5f0,001205,sub-3719182503066230223/sub-3719182503066230223_ses-20240531T223201_ophys.nwb,27,41,539,4.0588235294117645,13,14.878892733564015,17,249431170,200.0,25.0,1
40ed9147-ec41-42eb-98de-1d72ae693f82,000239,sub-MX180602/sub-MX180602_ses-20180710T110124.nwb,18,63,1228,6.153846153846154,29,58.13017751479289,13,407456,100.0,60.0,0
41023a4f-d4b5-4785-8adb-f3b30e6f334b,000399,sub-28/sub-28_ses-20210913_obj-6iq7g7_ecephys.nwb,27,47,681,4.352941176470588,13,17.75778546712803,17,778256,120.0,60.0,0
4105efd4-2c48-401e-ac4f-ab087293c703,001182,sub-M2-session3/sub-M2-session3_behavior.nwb,23,39,441,3.388888888888889,13,11.904320987654321,18,5893608,60.0,25.0,1
4116717f-4f60-4c74-b00d-e6f7ee842859,000547,sub-310/sub-310_ses-10threc-100_ophys.nwb,29,44,572,3.8947368421052633,13,15.988919667590025,19,180769242,860.0,180.0,0
4118b56a-e806-4e7a-bb2a-cda77df8ac91,001752,sub-Mfa250904/sub-Mfa250904_ses-Sess250904HS_obj-1w51hrn_icephys.nwb,25,43,479,4.375,13,18.984375,16,2598424,280.0,80.0,0
412efff2-a3bc-4321-9743-218c59d419de,001169,sub-J019/sub-J019_ses-RWTautowait2-20210826-115116.nwb,32,116,2974,5.444444444444445,31,46.46913580246915,27,1007381,80.0,25.0,1
413f7967-196e-48c2-bd33-5c272e076d92,000467,sub-ant2-m4-d26-y2022/sub-ant2-m4-d26-y2022_ses-m4-d26-y2022-ant2-0-48x-4-methyl-3-heptanone-40-t189-z145um_ophys.nwb,22,48,624,4.176470588235294,13,14.615916955017303,17,84086336,660.0,160.0,0
4154ccbb-88bb-4c96-a2ba-c6341fdac346,001637,sub-832691/sub-832691_ses-ecephys-832691-2026-03-24-10-04-30_ecephys.nwb,68,406,33752,8.169491525423728,58,106.95432347026714,59,13286767186,5900.0,25.0,1
41570400-9f99-44b3-83d8-bab41a0f49b0,001051,sub-615048/sub-615048_ses-None_probe-217_ecephys.nwb,36,62,1087,3.3,14,12.343333333333334,30,3021701107,1280.0,25.0,1
4157c0ec-04f4-4f67-9ef0-bded63a34427,001169,sub-J014/sub-J014_ses-RWTautowait2-20210528-153926.nwb,32,116,2974,5.444444444444445,31,46.46913580246915,27,1032249,60.0,25.0,1
41615284-645f-4dc0-b6ae-0cc4657d365d,001414,sub-PF10/sub-PF10_ses-20240413-10-ctrl-awake-rec4_ophys.nwb,27,45,590,4.294117647058823,13,16.913494809688583,17,640673815,280.0,25.0,1
4178afc2-0a86-4456-bb4d-ad29bf11bf02,001169,sub-M039/sub-M039_ses-RWTautowait2-20211008-122223.nwb,32,116,2974,5.444444444444445,31,46.46913580246915,27,1106504,80.0,25.0,1
41898731-a995-4d0a-95d4-f8d303d81cbc,001455,sub-948346201/sub-948346201_ses-957038941_icephys.nwb,194,738,124610,5.5811518324607325,67,54.36906883035006,191,32119265,680.0,25.0,1
41a5c257-3535-416b-ad0d-d4d7bb1e253f,001607,sub-Bilbo/sub-Bilbo_ses-5_obj-1rik4zc_behavior+ecephys.nwb,256,70,23376,3.0,36,23.798319327731093,119,1990408,60.0,25.0,1
41ae7517-b1e0-47ba-af45-13b920fc5552,000020,sub-790588029/sub-790588029_ses-795607641_icephys.nwb,166,696,95398,5.975460122699387,56,54.30614626067973,163,29926073,32180.0,360.0,0
41b5e50d-03f0-4950-93bb-b0e4d3b8d81f,001847,sub-RD059/sub-RD059_ses-RD059-20240802-164652_behavior.nwb,32,121,3215,5.428571428571429,36,51.530612244897966,28,534256,25.0,25.0,1
41c5c968-54a5-4b81-833c-7f6c0865b52b,000467,sub-ant1-m4-d27-y2022/sub-ant1-m4-d27-y2022_ses-m4-d27-y2022-ant1-0-0075x-4-methyl-3-heptanone-40-t130-z75um_ophys.nwb,22,48,624,4.176470588235294,13,14.615916955017303,17,84086336,460.0,120.0,0
41da7f60-74f7-4bb8-abae-8b7b4e537d66,000959,sub-T/sub-T_ses-20220203_obj-1eghltm_behavior.nwb,42,289,30304,8.68421052631579,17,33.63711911357342,38,17633472,240.0,60.0,0
41dae7f4-23d1-41af-8e0e-55c88ebd1462,001195,sub-4481/sub-4481_ses-20190312T153556_slice-slice-2_cell-B15_icephys.nwb,75,207,8958,4.605633802816901,25,13.22475699266019,71,59763198,460.0,25.0,1
41f32e35-09c8-4823-a565-1d3615e37a57,001169,sub-G074/sub-G074_ses-RWTautowait2-20220914-150556.nwb,32,117,3004,5.481481481481482,31,46.397805212620035,27,1375794,60.0,25.0,1
41fbfbfa-3364-4343-b00a-08d0196f8e20,001847,sub-RD054/sub-RD054_ses-RD054-20240730-092703_behavior+image.nwb,32,121,3215,5.428571428571429,36,51.530612244897966,28,22457988,25.0,25.0,1
41fcb66f-7888-4838-8aac-d82b2a344ed4,000541,sub-20191030-07/sub-20191030-07_ses-20191030_ophys.nwb,3887,5868,73900473,5.954128440366972,960,929.0325543117389,1962,1454102180,3240.0,120.0,0
420151d8-3126-4a3e-ab97-22c8bdca99d3,001676,sub-A0667/sub-A0667_ses-20230127T094509_behavior+ophys.nwb,35,66,895,3.433333333333333,13,10.245555555555557,30,90686528,200.0,25.0,1
4202d35b-89e6-4879-a93e-e9a6ff696f36,000020,sub-829286777/sub-829286777_ses-834049943_icephys.nwb,290,1436,491990,6.83623693379791,118,130.9731816581481,287,41376697,55780.0,340.0,0
4204ce33-0668-4e1d-94ee-9e6ae9cce1b6,000020,sub-642979333/sub-642979333_ses-643754668_icephys.nwb,108,399,27666,5.380952380952381,36,29.13106575963719,105,13708591,20700.0,460.0,0
42071e7a-86cc-4f86-9b8d-01b4e7fdc766,000971,sub-332-393/sub-332-393_ses-FP-PS-2020-06-17T11-58-34.nwb,25,51,641,3.5714285714285716,13,14.435374149659864,21,232000,25.0,25.0,1
420dd368-0823-4581-8d79-59a5660639a4,001169,sub-M015/sub-M015_ses-RWTautowait2-20200831-130616.nwb,32,117,3004,5.481481481481482,31,46.397805212620035,27,1240842,25.0,25.0,1
4212c337-6d36-4b59-ada1-3d0d798c9d4b,000239,sub-MX190103/sub-MX190103_ses-20190423T162937_behavior.nwb,2455,4898,24478208,2.999592003263974,202,195.0628313308866,2451,71462624,2320.0,60.0,0
42130201-8caf-4d2b-924d-bd092cb267a7,001640,sub-Augustin/Augustin2021-10-03_20-45-48.nwb,22,38,452,3.5294117647058822,13,11.307958477508649,17,3484265604,1220.0,25.0,1
42190e80-3356-42c5-b93f-d68bbf59907d,000773,sub-ant3-m1-d17-y2023/sub-ant3-m1-d17-y2023_ses-m1-d17-y2023-ant3-0-03x-4-methyl-3-heptanol-40-t201-z90um_ophys.nwb,22,48,624,4.176470588235294,13,14.615916955017303,17,84086336,600.0,160.0,0
423ee608-2d16-4852-a050-4b8509f4c0d6,001550,sub-P007/sub-P007_ses-TaskSwitch4-160404a.nwb,33,110,2570,4.896551724137931,38,49.74791914387635,29,682912,80.0,25.0,1
424d8779-9a85-447e-91d0-5ae188b2af77,000363,sub-484673/sub-484673_ses-20210504T121957_behavior+ecephys+ogen.nwb,55,152,3662,4.630434782608695,36,37.36342155009452,46,335372442,168460.0,280.0,0
42567688-9be9-404f-a4fd-b36b3ecf37b4,000467,sub-ant3-m4-d27-y2022/sub-ant3-m4-d27-y2022_ses-m4-d27-y2022-ant3-0-0075x-4-methyl-3-hexanol-40-t137-z65um_ophys.nwb,22,48,624,4.176470588235294,13,14.615916955017303,17,84086336,480.0,120.0,0
42574521-6eb1-48f9-b701-e390a80dae55,000617,sub-686385/sub-686385_ses-1310107209-acq-1310217319_ophys.nwb,66,196,6715,4.344262295081967,17,20.75033593120128,61,608786937,1960.0,40.0,0
4269c077-b566-4770-b2b9-7eadd0a32623,001211,sub-Thy1-280/sub-Thy1-280_ses-20240416T090000_obj-1nm1zwb_behavior+ophys.nwb,39,62,1144,3.892857142857143,13,8.809948979591836,28,26527511794,8840.0,25.0,1
427675af-0f1d-4258-bead-d41a3a943b25,000713,sub-558306/sub-558306_ses-20210217T102413_image.nwb,48,115,2402,3.7045454545454546,23,23.889979338842977,44,191448053,300.0,25.0,1
4295f1cc-2b81-48e1-b8c4-b6309839a2c0,001258,sub-BSD015/sub-BSD015_ses-p114.nwb,22,59,909,5.0,21,30.875,16,475528,100.0,25.0,1
42987236-5eeb-46a6-84b6-cdf64e6ebd08,001349,sub-C57-C2-1-BR/sub-C57-C2-1-BR_ses-24_ophys.nwb,32,64,1380,3.923076923076923,13,11.07100591715976,26,30356638,100.0,25.0,1
42b9f9ad-a677-49f8-a887-21de353af178,000114,sub-V118/sub-V118_ses-03212018_ecephys.nwb,27,54,669,3.6818181818181817,13,9.853305785123966,22,48733037512,37680.0,100.0,0
42c11f85-f71a-4c5d-ac3b-3d42e4b835ad,001169,sub-S058/sub-S058_ses-RWTautowait2-20230510-115313.nwb,32,118,3087,5.518518518518518,32,48.32373113854595,27,996774,60.0,25.0,1
42e0821a-5314-4ff9-bbd2-2420527980fa,001550,sub-P189/sub-P189_ses-TaskSwitch6-190514a.nwb,33,111,2646,4.931034482758621,39,52.064209274673004,29,896138,60.0,25.0,1
42ebf73c-0c68-4cf4-9975-15e2c349a25d,000713,sub-570302/sub-570302_ses-None_probe-1123021157_ecephys.nwb,36,62,1087,3.3,14,12.343333333333334,30,3864353744,3020.0,240.0,0
42ed0678-7527-43db-8961-784feff43b91,000773,sub-ant2-m2-d24-y2023/sub-ant2-m2-d24-y2023_ses-m2-d24-y2023-ant2-0-48x-4-methyl-3-heptanol-40-t159-z5um_ophys.nwb,22,48,624,4.176470588235294,13,14.615916955017303,17,84086336,620.0,160.0,0
42eff8c6-9c9d-447b-b785-a72a31d788bf,001169,sub-M017/sub-M017_ses-RWTautowait2-20200803-135631.nwb,32,116,2923,5.444444444444445,30,44.54320987654322,27,1226069,25.0,25.0,1
42f71ec2-26a4-4e86-85c3-c20c5207529a,001640,sub-Albert/Albert2021-09-06_18-06-49.nwb,22,38,452,3.5294117647058822,13,11.307958477508649,17,6004614023,2040.0,25.0,1
430180f2-5100-46bd-993a-75df51f91667,001465,sub-1388178402/sub-1388178402_ses-1390380567_icephys.nwb,246,976,232366,5.7860082304526745,92,73.57560669952075,243,54453522,1220.0,80.0,0
430d87db-e2bd-4e08-9f0a-4ac41bd18300,000020,sub-679618558/sub-679618558_ses-682128141_icephys.nwb,125,456,37296,5.336065573770492,36,32.14115829078205,122,15900522,21500.0,400.0,0
4317bf21-16f2-4267-a129-4c3f8c1c3a10,000728,sub-568753123/sub-568753123_ses-583130100-StimC2_behavior+image+ophys.nwb,50,11477,195172714,262.3181818181818,5812,1407580.2623966942,44,133426179,940.0,25.0,1
431b78eb-91af-49b6-8808-8057e02b386b,001521,sub-CHO-20250502-c6/sub-CHO-20250502-c6_ses-session-2025-05-02_obj-k3sm1a_image.nwb,17,38,431,4.153846153846154,13,13.668639053254442,13,30015555,80.0,25.0,1
43244a96-6575-4ccc-a81f-e930af801636,000336,sub-661749/sub-661749_ses-1252346608-acq-1252421565-raw-movies_ophys.nwb,68,260,14699,5.403225806451613,30,41.30515088449531,62,19907421417,1220.0,25.0,1
432b5605-6e0d-4107-bc24-ee66840bf493,001348,sub-1347447837/sub-1347447837_ses-1347780625_icephys.nwb,279,1101,300775,5.760869565217392,105,83.5297731568998,276,60501413,1320.0,80.0,0
4334301f-2278-42e5-82ec-192dc68975a4,000537,sub-170507cell2q6a-900/sub-170507cell2q6a-900_ses-20220602T170507_image.nwb,32,47,573,3.9,13,12.69,20,51122512,280.0,60.0,0
43528522-57ca-4344-873e-630f7fa001cf,001169,sub-G057/sub-G057_ses-RWTautowait2-20220802-135208.nwb,32,117,3004,5.481481481481482,31,46.397805212620035,27,1164675,80.0,25.0,1
4361a61f-539f-491a-abd9-ba3dd48966e9,000246,sub-phpV15-blind-02/sub-phpV15-blind-02_obj-f3dx25_ophys.nwb,33,46,581,3.5217391304347827,13,12.162570888468805,23,12760208,25.0,25.0,1
437992c0-3681-4d19-b79b-229bf71d7494,001550,sub-P100/sub-P100_ses-TaskSwitch4-190109a.nwb,35,112,2625,4.709677419354839,38,47.36732570239335,31,1357063,60.0,25.0,1
437a662a-7669-444e-bdf3-8b33cea9aeaf,001550,sub-P059/sub-P059_ses-TaskSwitch4-171011a.nwb,35,112,2625,4.709677419354839,38,47.36732570239335,31,1536534,25.0,25.0,1
4383017f-315e-4140-a200-763673724491,000713,sub-567286/sub-567286_ses-20210414T125422_image.nwb,48,118,2609,3.772727272727273,25,26.584710743801654,44,66659602,260.0,25.0,1
4397a238-4b82-4c45-9b26-091a00a19e39,001550,sub-P130/sub-P130_ses-TaskSwitch4-171109a.nwb,35,112,2625,4.709677419354839,38,47.36732570239335,31,825701,80.0,25.0,1
439a62fd-3775-483a-8c79-1de72af447c2,001550,sub-P059/sub-P059_ses-TaskSwitch4-160806a.nwb,35,112,2625,4.709677419354839,38,47.36732570239335,31,1049878,25.0,25.0,1
43a2b205-af29-428e-9df1-2ef8f6dc7e5e,000020,sub-732239936/sub-732239936_ses-736490420_icephys.nwb,107,424,33069,5.721153846153846,39,33.37416789940828,104,18129495,20080.0,360.0,0
43a80990-99d4-41b0-9a4a-f7334af3af29,001552,sub-JF-dLight-ramp2-M2/sub-JF-dLight-ramp2-M2_ses-Day13.nwb,24,49,497,3.4285714285714284,13,9.863945578231291,21,1315348,25.0,25.0,1
43ac3d37-c969-4e67-bec9-f51af1af865e,001169,sub-M044/sub-M044_ses-RWTautowait2-20220819-155717.nwb,32,116,2974,5.444444444444445,31,46.46913580246915,27,1307874,80.0,25.0,1
43ada8af-4bde-468a-8466-20d2c9ed099c,000020,sub-729729920/sub-729729920_ses-732717959_icephys.nwb,139,569,61975,5.867647058823529,45,41.46777681660899,136,20250043,24240.0,380.0,0
43aed808-9daf-46b0-add1-efb5c84d0ea7,001281,sub-200925/sub-200925_ses-2009251mg-2-4-2_icephys.nwb,62,224,11912,5.719298245614035,20,13.394890735610957,57,32187784,5300.0,140.0,0
43b21aef-5d7f-4816-a494-0a1b4ae7523c,001607,sub-Frodo/sub-Frodo_ses-5_obj-ly6n1q_ecephys.nwb,253,70,23224,3.0517241379310347,36,24.342152199762193,116,22404664,60.0,25.0,1
43bd5768-344a-49a4-8456-3bf807b2b638,000690,sub-717441/sub-717441_ses-1332089263.nwb,65,446,65534,9.087719298245615,33,63.378270236996,57,2540301812,8540.0,80.0,0
43ce179a-2e10-4cbe-9560-037d8d0f2283,000711,sub-457766/sub-457766_ses-20190703T130544_image.nwb,48,116,2469,3.727272727272727,23,24.743801652892568,44,188694030,280.0,25.0,1
43d33b13-9c01-457a-b84d-5e96fb5a2145,001169,sub-J071/sub-J071_ses-RWTautowait2-20230612-133106.nwb,32,118,3087,5.518518518518518,32,48.32373113854595,27,1216763,80.0,25.0,1
43e2aae8-6fcf-4a1a-b55b-c3775df3342a,001169,sub-J004/sub-J004_ses-RWTautowait2-20201006-132824.nwb,32,117,3004,5.481481481481482,31,46.397805212620035,27,1199961,25.0,25.0,1
43fc0b12-1d69-4d38-9f65-c0beeee471f7,000008,sub-mouse-MHJIR/sub-mouse-MHJIR_ses-20190320-sample-4_slice-20190320-slice-3_cell-20190320-sample-4_icephys.nwb,181,538,87573,4.96045197740113,80,65.58600657537744,177,8558312,13840.0,440.0,0
440dd8fd-fe90-48ba-8350-cb27cea172ef,000959,sub-T/sub-T_ses-20220527_obj-1sjot2q_behavior.nwb,40,261,23864,8.333333333333334,15,33.00000000000001,36,17507640,220.0,25.0,1
440f6cb5-10e4-49fa-b18b-923ec212716c,000628,sub-Fr/sub-Fr_ses-20211017T180933.nwb,26,39,494,4.266666666666667,13,17.662222222222226,15,3031724,260.0,120.0,0
441d8de5-5c70-4fdd-8ccc-28f32c8cb510,000246,sub-AAV-V15-D6/sub-AAV-V15-D6_obj-1hyy1kj_ophys.nwb,31,41,560,3.8421052631578947,13,14.027700831024932,19,8566968,25.0,25.0,1
441ff9e8-858f-4a24-95cb-ca37614434ad,000351,sub-HJ-FP-F1/sub-HJ-FP-F1_ses-Day16.nwb,25,49,554,3.3181818181818183,13,9.489669421487603,22,21109304,1580.0,60.0,0
442b5a99-c380-466d-9a76-039e3cca66da,001747,sub-chip19894/sub-chip19894_ses-recording099_ecephys.nwb,22,44,569,3.8823529411764706,13,12.927335640138407,17,10376278781,1540.0,25.0,1
4440527d-913e-4b4f-90c0-7d150ce22648,001836,sub-julio/sub-julio_ses-julio-20230806_obj-rj6e5r.nwb,103,74,1739,2.6666666666666665,65,51.844444444444456,90,61583824,60.0,25.0,1
444d8580-a38a-4722-8d9c-aeb47e2dc2fd,000620,sub-Perle/sub-Perle_ses-2022-05-27_ecephys.nwb,31,62,991,3.9583333333333335,13,11.039930555555555,24,98756207136,12140.0,100.0,0
446a5f40-fb07-40e3-84ec-71d36fb9dacc,000035,sub-mouse-SCEAC/sub-mouse-SCEAC_ses-20200414-sample-18_slice-20200414-slice-3_cell-20200414-sample-18_icephys.nwb,181,537,87781,4.954802259887006,80,65.62507580835644,177,9007305,11340.0,240.0,0
447fd08c-8bdb-4359-b7e1-569e5043409e,001550,sub-P102/sub-P102_ses-TaskSwitch4-170817a.nwb,35,112,2625,4.709677419354839,38,47.36732570239335,31,1434929,60.0,25.0,1
4482c181-b317-4441-b2df-95522fca98ff,000617,sub-680787/sub-680787_ses-1287539392-acq-1287637449_ophys.nwb,66,196,6715,4.344262295081967,17,20.75033593120128,61,595291105,1800.0,25.0,1
448a1525-28bd-4ef9-be13-f4c703488670,000773,sub-ant1-m1-d17-y2023/sub-ant1-m1-d17-y2023_ses-m1-d17-y2023-ant1-0-03x-isopropanol-40-t141-z85um_ophys.nwb,22,48,624,4.176470588235294,13,14.615916955017303,17,84086336,600.0,160.0,0
44937012-aa0a-4d7a-ac22-9907d317d38f,000773,sub-ant1-m2-d24-y2023/sub-ant1-m2-d24-y2023_ses-m2-d24-y2023-ant1-0-48x-4-methyl-3-heptanone-40-t127-z75um_ophys.nwb,22,48,624,4.176470588235294,13,14.615916955017303,17,84086336,600.0,160.0,0
44996785-834f-42e0-a8ab-272b940ee1bc,000467,sub-ant2-m10-d11-y2022/sub-ant2-m10-d11-y2022_ses-m10-d11-y2022-ant2-0-48x-propionic-acid-40-t154-z75um_ophys.nwb,22,48,624,4.176470588235294,13,14.615916955017303,17,84086336,680.0,180.0,0
44a81fd3-da42-497a-9d98-fe162ddb5825,000336,sub-621603/sub-621603_ses-1194683535-acq-1194752576_ophys.nwb,67,257,14389,5.409836065573771,30,42.01236226820747,61,200812606,520.0,25.0,1
44b2d38a-c891-46bb-a160-d50f78386dca,000773,sub-ant3-m2-d24-y2023/sub-ant3-m2-d24-y2023_ses-m2-d24-y2023-ant3-0-48x-ethylpyrazine-40-t189-z150um_ophys.nwb,22,48,624,4.176470588235294,13,14.615916955017303,17,84086336,600.0,160.0,0
44ba79b9-9ce5-4360-a6c5-7b573753d9bc,001775,sub-Hisa/sub-Hisa_ses-Day1_ecephys.nwb,32,53,707,3.739130434782609,14,16.5406427221172,23,869190472,660.0,25.0,1
44c50288-e496-45d7-83dc-dd61fc75f0e2,000020,sub-676930727/sub-676930727_ses-678411671_icephys.nwb,115,424,31522,5.366071428571429,36,30.2320631377551,112,14054057,20620.0,400.0,0
44c5c8ef-bb1c-4f44-b3d6-20ee5feda34d,001837,sub-G4-5/sub-G4-5_obj-1qi8j75_ecephys.nwb,22,45,579,3.9411764705882355,13,12.643598615916957,17,198444,25.0,25.0,1
44f66095-f724-4878-8ecd-4ce64a9e98f3,001747,sub-chip19894/sub-chip19894_ses-recording067_ecephys.nwb,22,44,569,3.8823529411764706,13,12.927335640138407,17,8281120814,1260.0,25.0,1
4501491e-a797-48fc-99d7-23b468868788,000705,sub-Temp-pref-F32-B32-6dpf-20-unsorted-nac/sub-Temp-pref-F32-B32-6dpf-20-unsorted-nac_ses-20230712T153100_behavior.nwb,33,53,613,3.0357142857142856,13,8.391581632653063,28,9511347,160.0,25.0,1
45061f89-01a0-4bd4-8526-7cba443de23f,000773,sub-ant3-m1-d10-y2023/sub-ant3-m1-d10-y2023_ses-m1-d10-y2023-ant3-0-48x-ethylpyrazine-40-t124-z30um_ophys.nwb,22,48,624,4.176470588235294,13,14.615916955017303,17,84086336,640.0,180.0,0
45084ff1-d60a-4886-9bfa-e56633be5122,000773,sub-ant2-m1-d17-y2023/sub-ant2-m1-d17-y2023_ses-m1-d17-y2023-ant2-0-03x-isopropanol-40-t151-z105um_ophys.nwb,22,48,624,4.176470588235294,13,14.615916955017303,17,84086336,620.0,160.0,0
45088df3-c8eb-42dd-93c3-ff8900dbbf7c,001169,sub-G081/sub-G081_ses-RWTautowait2-20230109-134343.nwb,32,118,3087,5.518518518518518,32,48.32373113854595,27,1173197,80.0,25.0,1
4515f57c-ec64-4ead-89db-cea977fb0b4d,001550,sub-P100/sub-P100_ses-TaskSwitch4-180902a.nwb,35,112,2625,4.709677419354839,38,47.36732570239335,31,1403083,60.0,25.0,1
45177494-cd9f-441e-89f3-03db88732ee7,000467,sub-ant3-m4-d27-y2022/sub-ant3-m4-d27-y2022_ses-m4-d27-y2022-ant3-0-0075x-6-methyl-5-hepten-2-one-40-t135-z50um_ophys.nwb,22,48,624,4.176470588235294,13,14.615916955017303,17,84086336,480.0,120.0,0
451887d6-26a5-4c1d-9af3-518de0080b7e,000971,sub-150-425/sub-150-425_ses-Opto-DMS-Excitatory-ChR2-2020-11-25T14-42-29_ogen.nwb,30,56,729,3.3461538461538463,14,13.84171597633136,26,249408,60.0,40.0,0
452e66c6-4459-49ba-a777-b020ae3943b5,001847,sub-PB176/sub-PB176_ses-PB176-20240520-100515_behavior.nwb,30,114,2920,5.5,36,55.78846153846154,26,574376,25.0,25.0,1
454f1232-a0b3-4a78-a59b-37fd90ef25cc,000713,sub-570299/sub-570299_ses-20210608T104240_image.nwb,48,115,2402,3.7045454545454546,23,23.889979338842977,44,191328020,260.0,25.0,1
456a667d-1d94-4d83-985e-e776038168c8,000773,sub-ant3-m2-d24-y2023/sub-ant3-m2-d24-y2023_ses-m2-d24-y2023-ant3-0-48x-4-methyl-3-heptanone-40-t173-z110um_ophys.nwb,22,48,624,4.176470588235294,13,14.615916955017303,17,84086336,580.0,160.0,0
45826d41-bacf-44a1-b715-7a63ee1ce5db,001169,sub-J067/sub-J067_ses-RWTautowait2-20230707-102857.nwb,32,118,3087,5.518518518518518,32,48.32373113854595,27,1623356,80.0,25.0,1
4598656b-de69-496a-b352-2f684d54de70,000711,sub-570949/sub-570949_ses-20210616T083611_obj-1u5lrv8_image+ophys.nwb,78,229,9548,4.342465753424658,24,25.896415837868265,73,242532535,400.0,25.0,1
459aafeb-873f-4a14-a021-8cc2096677c6,000020,sub-689595099/sub-689595099_ses-693269506_icephys.nwb,200,815,151345,5.893401015228426,73,62.145997062537056,197,56750278,38880.0,400.0,0
45af9b43-9713-45b1-b3cc-d08edb3d9dd2,000467,sub-ant1-m4-d21-y2022/sub-ant1-m4-d21-y2022_ses-m4-d21-y2022-ant1-0-48x-6-methyl-5-hepten-2-one-40-t152-z70um_ophys.nwb,22,48,624,4.176470588235294,13,14.615916955017303,17,84086336,660.0,160.0,0
45c9ef0e-d70f-47ac-9880-91d882fa1548,000713,sub-558306/sub-558306_ses-20210406T133044_image.nwb,48,114,2391,3.6818181818181817,23,23.762396694214885,44,188124208,240.0,25.0,1
45ee5aba-c1c9-43fc-95ad-d6dc654da0a8,001634,sub-Bilbo/sub-Bilbo_ses-4_obj-1mgnhsg_ecephys.nwb,254,77,23866,3.1478260869565218,38,26.473799621928162,115,729616,25.0,25.0,1
45f3f2aa-1904-4374-9bc7-eab53ebbaa09,000773,sub-ant1-m2-d24-y2023/sub-ant1-m2-d24-y2023_ses-m2-d24-y2023-ant1-0-48x-4-methyl-3-heptanone-40-t127-z120um_ophys.nwb,22,48,624,4.176470588235294,13,14.615916955017303,17,84086336,600.0,160.0,0
45fc6247-4490-46d9-887d-ee112e23850d,000773,sub-ant1-m2-d24-y2023/sub-ant1-m2-d24-y2023_ses-m2-d24-y2023-ant1-0-48x-propionic-acid-40-t136-z145um_ophys.nwb,22,48,624,4.176470588235294,13,14.615916955017303,17,84086336,600.0,160.0,0
46091e79-3e0e-4081-b8d1-32f0d211ca86,000711,sub-533162/sub-533162_ses-20200810T103402_image.nwb,48,119,2682,3.7954545454545454,26,27.571797520661153,44,66779039,120.0,25.0,1
460a7734-e427-4b6b-b445-8508ec3a76b8,001550,sub-P013/sub-P013_ses-TaskSwitch2-150830a.nwb,33,109,2496,4.862068965517241,37,47.49821640903686,29,1232847,25.0,25.0,1
46231d5a-d3a6-4e6c-928b-ee67e63f7f0c,000467,sub-ant1-m4-d21-y2022/sub-ant1-m4-d21-y2022_ses-m4-d21-y2022-ant1-0-12x-4-methyl-3-hexanol-40-t131-z120um_ophys.nwb,22,48,624,4.176470588235294,13,14.615916955017303,17,84086336,680.0,180.0,0
4630209a-6746-4190-b939-b55262b9fed3,000341,In_vivo/sub-1810261rm/sub-1810261rm_ses-1810261rm-2-1-2_icephys+image.nwb,204,766,183522,5.78391959798995,121,85.15431428499282,199,3194255144,2820.0,25.0,1
46326377-87e4-49cc-86da-cfbf512251a5,001038,sub-Raldh-2071/sub-Raldh-2071_ses-20211203-0002.nwb,49,102,2105,4.108108108108108,16,14.258582907231554,37,15719087,80.0,25.0,1
46342a2a-8475-47fd-b2cd-71c6e17a884f,000773,sub-ant2-m1-d17-y2023/sub-ant2-m1-d17-y2023_ses-m1-d17-y2023-ant2-0-03x-3-hexanone-40-t159-z115um_ophys.nwb,22,48,624,4.176470588235294,13,14.615916955017303,17,84086336,600.0,160.0,0
46342c49-03ba-4943-9428-c0d1da89c3cd,001550,sub-P101/sub-P101_ses-TaskSwitch4-171205a.nwb,35,112,2625,4.709677419354839,38,47.36732570239335,31,961024,25.0,25.0,1
46492375-25db-40eb-8ec0-a1a9e8135aae,000713,sub-544838/sub-544838_ses-20201021T105548_image.nwb,48,118,2609,3.772727272727273,25,26.584710743801654,44,66526623,160.0,25.0,1
465edd09-4a52-47f4-bd1c-08d41b9b0bb1,001169,sub-J045/sub-J045_ses-RWTautowait2-20220831-100517.nwb,32,117,3004,5.481481481481482,31,46.397805212620035,27,986985,80.0,25.0,1
4667da43-8d74-4bc1-965d-f87b44e810a3,000467,sub-ant3-m4-d27-y2022/sub-ant3-m4-d27-y2022_ses-m4-d27-y2022-ant3-0-0075x-4-methyl-3-heptanol-40-t136-z25um_ophys.nwb,22,48,624,4.176470588235294,13,14.615916955017303,17,84086336,480.0,120.0,0
467c5073-c873-466c-9787-afa00fa4d45a,001169,sub-S019/sub-S019_ses-RWTautowait2-20210610-111853.nwb,32,116,2974,5.444444444444445,31,46.46913580246915,27,890724,60.0,25.0,1
468f6422-539c-461c-ac20-644a35a2305c,000773,sub-ant5-m1-d10-y2023/sub-ant5-m1-d10-y2023_ses-m1-d10-y2023-ant5-0-48x-isopropanol-40-t176-z0um_ophys.nwb,22,48,624,4.176470588235294,13,14.615916955017303,17,84086336,600.0,160.0,0
469566e6-2d54-4540-a816-3f8c6d2a7ad5,000020,sub-712195521/sub-712195521_ses-715082564_icephys.nwb,189,775,135612,5.924731182795699,69,60.96207654064055,186,47742275,35340.0,380.0,0
46b511f6-2213-4a0d-9891-27152bed15c6,000628,sub-Lo/sub-Lo_ses-20200428T115849_behavior.nwb,376,1090,1109306,4.002732240437158,351,330.6748559228404,366,16855898,940.0,100.0,0
46b550a0-ac62-4634-a95c-82bf22240f34,001274,sub-8-20240824/sub-8-20240824_obj-1064yy0_image.nwb,17,38,431,4.153846153846154,13,13.668639053254442,13,58754004,100.0,25.0,1
46c45fa2-f5c0-4162-be29-a17318255268,001169,sub-S021/sub-S021_ses-RWTautowait2-20210628-101806.nwb,32,117,3004,5.481481481481482,31,46.397805212620035,27,1093866,60.0,25.0,1
46d3873e-b69e-4e91-9b3d-936eab336b51,000467,sub-ant2-m4-d21-y2022/sub-ant2-m4-d21-y2022_ses-m4-d21-y2022-ant2-0-48x-4-methyl-3-heptanone-40-t180-z130um_ophys.nwb,22,48,624,4.176470588235294,13,14.615916955017303,17,84086336,660.0,160.0,0
46d8729a-f2e6-4115-b95d-c1c0ae4f244e,001169,sub-M024/sub-M024_ses-RWTautowait2-20201028-164408.nwb,32,117,3004,5.481481481481482,31,46.397805212620035,27,1023033,60.0,25.0,1
46daebf1-eafd-4563-9c86-20ebc2ac25e8,000946,sub-BH511/sub-BH511_ses-20231020T164400_ecephys.nwb,28,50,690,4.333333333333333,14,17.0,18,7181896,120.0,80.0,0
46e39e5e-748c-49c8-81ea-6bc8311194c2,001550,sub-P131/sub-P131_ses-TaskSwitch4-180902a.nwb,35,112,2625,4.709677419354839,38,47.36732570239335,31,1076011,60.0,25.0,1
46ea3ca6-81fc-46dc-a533-5a717874259f,001550,sub-P135/sub-P135_ses-TaskSwitch4-190128a.nwb,35,112,2625,4.709677419354839,38,47.36732570239335,31,1703710,25.0,25.0,1
46faa1d4-6db6-4b0c-a288-ed740adfb494,001169,sub-S056/sub-S056_ses-RWTautowait2-20230508-131452.nwb,32,118,3087,5.518518518518518,32,48.32373113854595,27,1443031,100.0,25.0,1
46fb42ff-b900-4309-b00e-c5dfbbaa819d,000020,sub-839065476/sub-839065476_ses-841852342_icephys.nwb,150,622,76003,5.931972789115647,50,45.62802535980378,147,21282985,25820.0,340.0,0
470f1a59-2c0c-47ce-a730-569714ed5e16,000020,sub-650040638/sub-650040638_ses-650179147_icephys.nwb,196,799,144979,5.901554404145077,72,62.99030846465681,193,48367542,38400.0,440.0,0
4710ae62-ab19-40d3-9871-a72cef58b37a,001169,sub-L026/sub-L026_ses-RWTautowait2-20230420-120649.nwb,32,118,3087,5.518518518518518,32,48.32373113854595,27,1318259,60.0,25.0,1
472e8d57-e30a-4e2f-8459-f077a8db46e3,001550,sub-P116/sub-P116_ses-TaskSwitch4-180922a.nwb,35,112,2625,4.709677419354839,38,47.36732570239335,31,1924675,60.0,25.0,1
47400fd3-35ed-4c80-9bf6-7b6e246babea,000711,sub-528097/sub-528097_ses-20201005T130520_image.nwb,50,156,5473,4.478260869565218,24,34.72778827977316,46,196166286,280.0,25.0,1
475eb702-354a-44f8-bc4d-ddbcaa887aa1,000891,sub-FB2311/sub-FB2311_ses-FB2311-baseline_image.nwb,32,54,662,4.0476190476190474,13,14.712018140589569,21,611178155,2540.0,180.0,0
475fe7d7-49ac-41f1-b98d-05bd4d7fe438,000971,sub-343-483/sub-343-483_ses-Opto-DMS-Inhibitory-NpHRScrambled-2021-10-14T13-07-45_ogen.nwb,30,56,729,3.3461538461538463,14,13.84171597633136,26,246728,60.0,25.0,1
47688694-a0d4-4ada-9df8-5308f8d32dac,000773,sub-ant2-m1-d20-y2023/sub-ant2-m1-d20-y2023_ses-m1-d20-y2023-ant2-0-48x-ethanol-40-t168-z20um_ophys.nwb,22,48,624,4.176470588235294,13,14.615916955017303,17,84086336,580.0,160.0,0
476c47be-4535-4a86-bc0e-2bce02acb411,001169,sub-S020/sub-S020_ses-RWTautowait2-20201223-105805.nwb,32,116,2974,5.444444444444445,31,46.46913580246915,27,1221774,80.0,25.0,1
4782ec13-4388-425f-a4b5-aaf34a245909,001692,sub-AD1/sub-AD1_ses-240408_ophys.nwb,63,106,3045,4.365853658536586,18,14.963712076145148,41,13334395010,1980.0,25.0,1
4783c4e5-c669-41fc-87e7-1358bae9b1ed,001169,sub-S018/sub-S018_ses-RWTautowait2-20210319-111349.nwb,32,116,2974,5.444444444444445,31,46.46913580246915,27,1234130,100.0,25.0,1
47910126-1bfe-474a-88f6-8b789f5b1685,001634,sub-Bilbo/sub-Bilbo_ses-2_obj-1ieqivk_behavior+ecephys.nwb,259,74,23259,2.9836065573770494,36,23.13087879602257,122,47242640,80.0,25.0,1
47b12468-c487-4eb0-8fd9-83f1d2111a47,000570,sub-601901227/sub-601901227_ses-602196772_icephys.nwb,314,1166,317370,5.427652733118971,104,87.57595558358575,311,29584740,31520.0,340.0,0
47b3e1d4-447e-48fa-bbdf-6d35842584e5,001603,sub-MO11/sub-MO11_ses-20250924T002143.nwb,19,43,443,4.066666666666666,13,14.062222222222221,15,11840582,140.0,60.0,0
47b6f952-9630-4546-a124-9d7b9b9777e6,000239,sub-MX200102/sub-MX200102_ses-20201011T131121.nwb,18,63,1228,6.153846153846154,29,58.13017751479289,13,421744,100.0,60.0,0
47b8064b-0fe3-4bf3-b79a-d65e34396b2a,000467,sub-ant5-m4-d26-y2022/sub-ant5-m4-d26-y2022_ses-m4-d26-y2022-ant5-0-03x-4-methyl-3-heptanone-40-t269-z50um_ophys.nwb,22,48,624,4.176470588235294,13,14.615916955017303,17,84086336,520.0,140.0,0
47baaf7c-995e-42bf-86fa-2a00720afc55,000467,sub-ant3-m4-d21-y2022/sub-ant3-m4-d21-y2022_ses-m4-d21-y2022-ant3-0-12x-4-methyl-3-hexanol-40-t146-z60um_ophys.nwb,22,48,624,4.176470588235294,13,14.615916955017303,17,84086336,660.0,180.0,0
47c38811-5375-412b-94d8-d2d10cadad74,000246,sub-phpV12-3/sub-phpV12-3_ses-20230510_obj-u3pq2o_ophys.nwb,33,46,581,3.5217391304347827,13,12.162570888468805,23,5637014448,2340.0,25.0,1
47c4a8ee-9ff1-47bb-90a2-1298bea627ec,001349,sub-Chrm3q-Ncre20-7-AR/sub-Chrm3q-Ncre20-7-AR_ses-10_ophys.nwb,32,64,1380,3.923076923076923,13,11.07100591715976,26,27651144,80.0,25.0,1
47c6ca4b-2569-4fbd-8df5-6925923b0ebd,000467,sub-ant3-m4-d21-y2022/sub-ant3-m4-d21-y2022_ses-m4-d21-y2022-ant3-0-48x-4-methyl-3-heptanone-40-t166-z100um_ophys.nwb,22,48,624,4.176470588235294,13,14.615916955017303,17,84086336,640.0,160.0,0
47d958bb-26af-47be-8ffe-44acfc58cff5,001550,sub-P131/sub-P131_ses-TaskSwitch6-190601a.nwb,33,112,2724,4.9655172413793105,40,54.44708680142688,29,1197943,60.0,25.0,1
47e1c75a-cbac-462d-ab0e-c6e15c2b3a17,000467,sub-ant2-m10-d11-y2022/sub-ant2-m10-d11-y2022_ses-m10-d11-y2022-ant2-0-48x-ethylpyrazine-40-t163-z110um_ophys.nwb,22,48,624,4.176470588235294,13,14.615916955017303,17,84086336,680.0,180.0,0
47ee0b6c-1804-4589-92c3-19aba8236022,001169,sub-J076/sub-J076_ses-RWTautowait2-20230522-131136.nwb,32,118,3087,5.518518518518518,32,48.32373113854595,27,1564990,60.0,25.0,1
4815ea17-6184-467a-86d5-497017d63587,000971,sub-111-285/sub-111-285_ses-FP-PR-2019-05-24T13-15-32_behavior.nwb,27,53,661,3.4347826086956523,13,13.637051039697546,23,237712,80.0,60.0,0
483761ec-9be2-4e6e-ab29-74932db244dc,001181,sub-m1616/sub-m1616_ses-20220708T150957Z_photometry.nwb,18,54,762,5.461538461538462,19,29.940828402366858,13,205680,25.0,25.0,1
4846c218-70c6-4ca6-bb2e-90545418f991,000246,sub-PHP-CaMPARI1-M5/sub-PHP-CaMPARI1-M5_obj-1u2ptap_ophys.nwb,31,41,560,3.8421052631578947,13,14.027700831024932,19,8564888,60.0,25.0,1
48484d7e-764a-4b65-85cf-8d03d15bad2f,000988,sub-162645voltron2-s2cell3-vsteady/sub-162645voltron2-s2cell3-vsteady_ses-20230328T162645_image.nwb,39,61,910,3.96,13,14.198399999999998,25,468306110,440.0,25.0,1
4850f4f2-81f7-428a-928c-2adece83ae15,001169,sub-G041/sub-G041_ses-RWTautowait2-20210622-154416.nwb,32,117,3004,5.481481481481482,31,46.397805212620035,27,996181,25.0,25.0,1
485f75d0-c993-43ee-993c-3b24e47fb1e8,000711,sub-457841/sub-457841_ses-20190705T095559_image.nwb,50,156,5473,4.478260869565218,24,34.72778827977316,46,196125367,360.0,25.0,1
486a1797-a3d7-446d-b646-0675ee1b6c02,001169,sub-S034/sub-S034_ses-RWTautowait2-20210826-133700.nwb,32,117,3004,5.481481481481482,31,46.397805212620035,27,841220,60.0,25.0,1
486accf9-7f0a-4d2c-bf2f-d7ebee47a2d4,000946,sub-BH530/sub-BH530_ses-20231126T162000_ecephys.nwb,28,50,690,4.333333333333333,14,17.0,18,1269112,100.0,60.0,0
48a60024-1081-4af1-9091-bf608ee8b2be,000239,sub-MX181002/sub-MX181002_ses-20181011T153936.nwb,18,63,1228,6.153846153846154,29,58.13017751479289,13,407168,100.0,60.0,0
48b670e1-f14c-4833-a63f-a87c3047a38e,000773,sub-ant4-m1-d11-y2023/sub-ant4-m1-d11-y2023_ses-m1-d11-y2023-ant4-0-03x-isopropanol-40-t193-z90um_ophys.nwb,22,48,624,4.176470588235294,13,14.615916955017303,17,84086336,620.0,160.0,0
48c690aa-709d-489b-b488-f3964f3c04a9,001065,sub-Q21-26-019/sub-Q21-26-019_ses-20210623T213311_icephys.nwb,277,1327,515192,6.7765567765567765,123,109.41161158743574,273,37244109,820.0,80.0,0
48cb1845-c528-4a3f-a78b-a583f0e05707,000020,sub-761831950/sub-761831950_ses-765793402_icephys.nwb,130,532,54214,5.874015748031496,42,38.58255316510634,127,20863978,25180.0,360.0,0
48d0fe17-79f2-4a5a-bcd1-cd06ea6fcb42,001169,sub-G062/sub-G062_ses-RWTautowait2-20220204-140121.nwb,32,117,3004,5.481481481481482,31,46.397805212620035,27,849160,100.0,25.0,1
48d928b6-31d7-47ac-9626-4ee47eb9469e,001184,sub-86/sub-86_ses-session-hheise-M086-2021-07-16-01_behavior+image+ophys.nwb,43,78,1130,3.2051282051282053,13,8.470742932281393,39,439035132,1720.0,140.0,0
48e64580-9b35-44cd-aa45-d85fa8397743,000773,sub-ant2-m1-d17-y2023/sub-ant2-m1-d17-y2023_ses-m1-d17-y2023-ant2-0-03x-3-hexanone-40-t181-z145um_ophys.nwb,22,48,624,4.176470588235294,13,14.615916955017303,17,84086336,600.0,160.0,0
48e70101-c620-4898-bd6a-f18b67f533c1,000773,sub-ant4-m1-d10-y2023/sub-ant4-m1-d10-y2023_ses-m1-d10-y2023-ant4-0-48x-4-methyl-3-heptanol-40-t154-z95um_ophys.nwb,22,48,624,4.176470588235294,13,14.615916955017303,17,84086336,620.0,160.0,0
48ec672f-699f-44c7-95f0-fea9dfdfd82f,001515,sub-CHO-20230925-c4/sub-CHO-20230925-c4_obj-qghu10_image.nwb,17,38,431,4.153846153846154,13,13.668639053254442,13,25229742,80.0,25.0,1
48eca108-66d2-4806-b2af-4561e4eb2a68,001169,sub-M031/sub-M031_ses-RWTautowait2-20210112-154330.nwb,32,117,3004,5.481481481481482,31,46.397805212620035,27,1441310,100.0,25.0,1
48f40aac-a5c7-4cc3-995e-a2646a982a9e,001475,sub-HSB-w19-16/sub-HSB-w19-16_ses-20250404_cell-at89_obj-2s72ox_icephys.nwb,64,168,6490,4.533333333333333,20,11.782222222222224,60,3526600,500.0,60.0,0
48f5d241-99f5-4cd6-b6f0-400da2968243,000467,sub-ant2-m4-d26-y2022/sub-ant2-m4-d26-y2022_ses-m4-d26-y2022-ant2-0-03x-4-methyl-3-heptanol-40-t166-z90um_ophys.nwb,22,48,624,4.176470588235294,13,14.615916955017303,17,84086336,660.0,180.0,0
48f5d61a-5047-43b4-9f11-c0d3c71b210a,001611,sub-24846/sub-24846_ses-20241125T103811_ecephys.nwb,25,52,649,4.105263157894737,13,13.988919667590027,19,11052476,100.0,25.0,1
48f9a2e5-73e9-4434-9174-6afbf40adb76,000711,sub-547486/sub-547486_ses-20210224T095741_obj-1y6ymqs_image+ophys.nwb,78,229,9548,4.342465753424658,24,25.896415837868265,73,320564928,380.0,25.0,1
490de33a-8cc4-4fee-b859-ee2a49fb0ce4,000951,sub-LC20-fly5/sub-LC20-fly5_ses-(-LC20-fly5-170711-1600--).nwb,18,33,433,3.8461538461538463,13,13.822485207100591,13,187360,420.0,160.0,0
4910229f-8304-4fc0-916c-2480d78d869e,001550,sub-P102/sub-P102_ses-TaskSwitch4-170701a.nwb,35,112,2625,4.709677419354839,38,47.36732570239335,31,1321120,120.0,25.0,1
4913587d-b634-465a-b2db-99e11a359012,001348,sub-1314202834/sub-1314202834_ses-1316423320_icephys.nwb,208,831,165972,5.829268292682927,78,63.683045806067824,205,57091282,1340.0,80.0,0
49325399-0f07-429a-b56e-a298be270244,001455,sub-902290737/sub-902290737_ses-907464950_icephys.nwb,135,538,58661,5.765151515151516,44,41.80090679522498,132,20206429,480.0,25.0,1
4932fcab-30ba-4367-8847-f73d2620db1a,000711,sub-412036/sub-412036_ses-20181115T095433_image.nwb,48,116,2469,3.727272727272727,23,24.743801652892568,44,188619790,640.0,60.0,0
493e7025-eda3-4adf-ac8f-832d54245b44,001550,sub-P167/sub-P167_ses-TaskSwitch4-191003a.nwb,35,112,2625,4.709677419354839,38,47.36732570239335,31,1025478,80.0,25.0,1
494a30e9-c3cb-46e2-ae5f-ca9ac2aa6476,001550,sub-P100/sub-P100_ses-TaskSwitch4-171031a.nwb,35,112,2625,4.709677419354839,38,47.36732570239335,31,1494358,25.0,25.0,1
495ba399-cb47-45f5-8e60-af6a53423581,001169,sub-G063/sub-G063_ses-RWTautowait2-20220801-153311.nwb,32,117,3004,5.481481481481482,31,46.397805212620035,27,1482165,80.0,25.0,1
495e57c7-d6d7-4f4f-adbf-a51a5f564c78,000336,sub-621603/sub-621603_ses-1192492959-acq-1192574016-raw-movies_ophys.nwb,60,241,13178,5.5636363636363635,30,43.33685950413225,55,22288680155,1220.0,25.0,1
495fd673-0b8d-4e41-b9b5-97e40cc5ced4,001169,sub-S037/sub-S037_ses-RWTautowait2-20220512-100724.nwb,32,117,3004,5.481481481481482,31,46.397805212620035,27,1159779,60.0,25.0,1
496a83e3-9cb8-42ea-af3c-7b10a1074e02,001199,sub-BH615/sub-BH615_ses-20240911T204400_ecephys.nwb,28,50,690,4.333333333333333,14,17.0,18,1926752,100.0,25.0,1
49739568-b9e4-421b-a9d7-8b2aedc2d345,001550,sub-P124/sub-P124_ses-TaskSwitch6-190715a.nwb,33,112,2724,4.9655172413793105,40,54.44708680142688,29,1478603,60.0,25.0,1
497e9863-171f-43df-affd-ae5c220a945f,001169,sub-S050/sub-S050_ses-RWTautowait2-20221201-161302.nwb,32,117,3004,5.481481481481482,31,46.397805212620035,27,1231277,60.0,25.0,1
49844c56-23aa-4dad-9d9d-2a11bbfd3680,001747,sub-chip19894/sub-chip19894_ses-recording117_ecephys.nwb,22,44,569,3.8823529411764706,13,12.927335640138407,17,10415751444,1560.0,25.0,1
498abb08-4ba4-40d1-9579-f8c30a66b943,001625,sub-1439593019/sub-1439593019_ses-1441879508_icephys.nwb,217,841,161392,5.654205607476635,76,61.68416455585641,214,40907745,600.0,25.0,1
4995647e-ce3a-4fe2-8366-1c5d3ef3fa4b,001767,sub-S1399/sub-S1399_ses-20220518_behavior.nwb,71,123,4617,3.5090909090909093,20,13.049917355371903,55,6094440,180.0,25.0,1
49958431-6428-4b16-b91d-cb22d1c93080,000971,sub-140-306/sub-140-306_ses-FP-PS-2019-08-28T09-37-53_behavior.nwb,26,52,651,3.5,13,13.886363636363637,22,236016,80.0,80.0,0
4996d831-70bf-467b-88fc-fdb4703c60f8,001169,sub-L010/sub-L010_ses-RWTautowait2-20220908-103641.nwb,32,117,3004,5.481481481481482,31,46.397805212620035,27,896754,60.0,25.0,1
499f916b-43bf-473b-925a-59b1002249d5,001550,sub-P167/sub-P167_ses-TaskSwitch4-181105a.nwb,35,112,2625,4.709677419354839,38,47.36732570239335,31,936400,60.0,25.0,1
49a94945-f4dc-4b41-a571-775dbe2fd4e6,001361,sub-m15/sub-m15_ses-06_behavior+ophys.nwb,46,80,1970,3.119047619047619,13,8.200113378684808,42,371004472,960.0,60.0,0
49adbc7f-845f-4e97-b542-1a6f1aa8d209,001169,sub-G053/sub-G053_ses-RWTautowait2-20211116-115727.nwb,32,117,3004,5.481481481481482,31,46.397805212620035,27,1305890,100.0,25.0,1
49b4552b-9b87-43f7-aca5-e33fe9e94f3d,000773,sub-ant2-m1-d17-y2023/sub-ant2-m1-d17-y2023_ses-m1-d17-y2023-ant2-0-03x-4-methyl-3-heptanol-40-t162-z95um_ophys.nwb,22,48,624,4.176470588235294,13,14.615916955017303,17,84086336,620.0,160.0,0
49d0b37a-bf52-4bab-b51a-8abf3d8f3178,001611,sub-26265/sub-26265_ses-20241224T210324_ecephys.nwb,25,52,649,4.105263157894737,13,13.988919667590027,19,12562008,80.0,25.0,1
49d7be07-2633-4765-b1ce-653482eefc11,001276,sub-P1-20240827-B3/sub-P1-20240827-B3_obj-1lnk4f0_image.nwb,17,38,431,4.153846153846154,13,13.668639053254442,13,320546463,160.0,25.0,1
49e77ab0-587b-43db-aa2b-824999281612,000773,sub-ant6-m1-d10-y2023/sub-ant6-m1-d10-y2023_ses-m1-d10-y2023-ant6-0-48x-4-methyl-3-heptanol-40-t196-z25um_ophys.nwb,22,48,624,4.176470588235294,13,14.615916955017303,17,84086336,640.0,160.0,0
49e7b6af-a045-4946-bcc1-74675c9a6d5d,001746,sub-Mfa220428/sub-Mfa220428_ses-sess-220428d3HS_obj-1jkehf9_icephys.nwb,125,342,36239,4.905172413793103,51,39.75824910820449,116,20913176,760.0,80.0,0
49ece662-caee-45f5-88a9-189c4faaf94f,001181,sub-m1618/sub-m1618_ses-20220914T143642Z_photometry.nwb,18,54,762,5.461538461538462,19,29.940828402366858,13,215880,25.0,25.0,1
49f48b56-aa0b-4531-b194-2b2b414fde69,000467,sub-ant4-m4-d20-y2022/sub-ant4-m4-d20-y2022_ses-m4-d20-y2022-ant4-0-12x-4-methyl-3-heptanol-40-t224-z25um_ophys.nwb,22,48,624,4.176470588235294,13,14.615916955017303,17,84086336,660.0,160.0,0
4a099baa-cbdd-446f-989d-2310ebdcb7a2,001841,sub-subject-ID-ST448/sub-subject-ID-ST448_ses-20200319T140042_icephys.nwb,29,62,907,3.9166666666666665,13,9.409722222222223,24,992384,40.0,25.0,1
4a0d3111-7020-4163-bf78-0ecee551a6d3,001374,sub-001/sub-001_ses-20250502_obj-22710iiiKH2iiid48iii06iii21iii2024iiidorsaliiipasca_ecephys.nwb,22,49,722,4.176470588235294,13,15.321799307958479,17,2041565817,800.0,25.0,1
4a16bdcd-6e10-4962-8a4a-dfd3c9bf0e7d,001517,sub-CHO-20250228-c6/sub-CHO-20250228-c6_obj-ukdzjm_image.nwb,17,38,431,4.153846153846154,13,13.668639053254442,13,34355489,80.0,25.0,1
4a22fa05-9f4e-4222-8956-7798ccc66cd4,000020,sub-657609943/sub-657609943_ses-657982813_icephys.nwb,109,401,27818,5.3584905660377355,36,29.173371306514767,106,13907265,19360.0,420.0,0
4a4aff47-be6e-43be-a990-986ccc1a2862,000467,sub-ant3-m10-d6-y2022/sub-ant3-m10-d6-y2022_ses-m10-d6-y2022-ant3-0-48x-3-hexanone-40-t166-z130um_ophys.nwb,22,48,624,4.176470588235294,13,14.615916955017303,17,84086336,660.0,180.0,0
4a542c97-61f6-440f-9ba6-378b38e12f9c,000773,sub-ant4-m1-d20-y2023/sub-ant4-m1-d20-y2023_ses-m1-d20-y2023-ant4-0-48x-4-methyl-3-heptanol-40-t199-z10um_ophys.nwb,22,48,624,4.176470588235294,13,14.615916955017303,17,84086336,600.0,160.0,0
4a725694-3351-49d7-9cc1-f02c87c8115e,000713,sub-563326/sub-563326_ses-20210302T144657_image.nwb,48,118,2609,3.772727272727273,25,26.584710743801654,44,66613852,160.0,25.0,1
4a79e384-6e19-4d48-838a-70963e75dd43,001169,sub-M054/sub-M054_ses-RWTautowait2-20230612-150801.nwb,32,117,3057,5.481481481481482,32,48.397805212620035,27,1457324,80.0,25.0,1
4a95bc59-8c91-49c2-bcb0-a0ff77138a4b,001550,sub-P013/sub-P013_ses-TaskSwitch4-170317a.nwb,33,110,2570,4.896551724137931,38,49.74791914387635,29,2039681,60.0,25.0,1
4a99301d-0a62-4c2f-8f6f-cd94a6f9cbb8,001035,sub-20-4/sub-20-4_ses-2560Hz-sine-stimulation-5-4V_image.nwb,17,38,431,4.153846153846154,13,13.668639053254442,13,706013,60.0,25.0,1
4aad8fcb-6507-4afa-8aca-4357595149ca,000363,sub-480928/sub-480928_ses-20210121T153333_behavior+ecephys+ogen.nwb,54,154,3721,4.7555555555555555,40,44.006913580246916,45,479679855,204500.0,300.0,0
4ac3b123-fc05-4015-bb18-41725c4c13e4,001169,sub-S020/sub-S020_ses-RWTautowait2-20210623-115626.nwb,32,116,2974,5.444444444444445,31,46.46913580246915,27,1254659,25.0,25.0,1
4adc907d-558a-48b3-ad2d-19094498f523,001848,sub-SM537/sub-SM537_ses-SM537-20241227-ALM_ecephys+ogen.nwb,28,72,1265,5.611111111111111,16,29.01543209876543,18,40354628,25.0,25.0,1
4b0b9f8f-7896-4670-a608-2ead2cc233c6,001349,sub-C57-C2-1-BL/sub-C57-C2-1-BL_ses-31_ophys.nwb,32,64,1380,3.923076923076923,13,11.07100591715976,26,11297504,100.0,25.0,1
4b11e53e-c2ea-49b0-afbb-10ae7e910066,001550,sub-P049/sub-P049_ses-TaskSwitch4-170409a.nwb,35,112,2625,4.709677419354839,38,47.36732570239335,31,898505,25.0,25.0,1
4b145323-587c-419a-9c44-00748cb789f7,001611,sub-25897/sub-25897_ses-20241119T235707_ecephys.nwb,25,52,649,4.105263157894737,13,13.988919667590027,19,14564024,80.0,25.0,1
4b154b39-d45d-4244-9c69-dfd4931bba87,001414,sub-PF-GCaMP1/sub-PF-GCaMP1_ses-PF-GCaMP1-bPAC-region1_ophys.nwb,32,50,636,3.8636363636363638,13,14.208677685950414,22,120475727,80.0,25.0,1
4b16dac8-7c43-45b5-8cae-47460813f651,001550,sub-P159/sub-P159_ses-ProAnti3Marino-180520a.nwb,33,89,1436,4.172413793103448,17,16.487514863258028,29,1502449,80.0,25.0,1
4b1c45b8-f01b-412d-b737-19973999fe09,001169,sub-S026/sub-S026_ses-RWTautowait2-20220519-134956.nwb,32,117,3004,5.481481481481482,31,46.397805212620035,27,1346814,80.0,25.0,1
4b2763de-9b42-48cc-b22a-20b9e8573b29,001550,sub-P100/sub-P100_ses-TaskSwitch4-180419a.nwb,35,112,2625,4.709677419354839,38,47.36732570239335,31,2072027,80.0,25.0,1
4b2f9e51-661d-41fc-88c9-9e354b15564b,001550,sub-P072/sub-P072_ses-TaskSwitch4-161108a.nwb,35,112,2625,4.709677419354839,38,47.36732570239335,31,1099867,80.0,25.0,1
4b4a7583-f4e2-466f-99af-19257dfff749,000871,sub-644972/sub-644972_ses-1238455470-acq-1238610274-denoised-movies_image+ophys.nwb,85,453,49974,6.716049382716049,30,45.931717725956396,81,43320462952,17400.0,25.0,1
4b4b2bad-cb3f-46a1-86d2-cc85d76f4f3c,000336,sub-656228/sub-656228_ses-1246372987-acq-1246487560-raw-movies_ophys.nwb,77,413,48665,7.0,30,52.11267605633803,71,19766884455,1140.0,25.0,1
4b595690-ae18-463c-8eda-b5bb06a8181f,001848,sub-SM166/sub-SM166_ses-SM166-20221027-ALM_ecephys+ogen.nwb,28,72,1265,5.611111111111111,16,29.01543209876543,18,103509632,25.0,25.0,1
4b7518e4-1003-4978-a2c9-78050de4aaf4,001414,sub-Ca13/sub-Ca13_ses-20250327-13-bPAC-KX-LED25ms-rec3_ophys.nwb,27,45,590,4.294117647058823,13,16.913494809688583,17,646418499,260.0,25.0,1
4b784bd6-01cd-414f-b0ca-d4a1c574cb55,000711,sub-467954/sub-467954_ses-20190909T103304_image.nwb,48,116,2469,3.727272727272727,23,24.743801652892568,44,188651285,160.0,25.0,1
4b9c3634-fd9b-4786-a1c3-a70b09050dab,000711,sub-547266/sub-547266_ses-20210111T091217_image.nwb,50,156,5473,4.478260869565218,24,34.72778827977316,46,196062872,220.0,25.0,1
4ba37ea6-4dff-418d-a6ed-d0f8fb402ecc,000711,sub-453991/sub-453991_ses-20190508T120536_image.nwb,48,119,2682,3.7954545454545454,26,27.571797520661153,44,66704666,120.0,25.0,1
4bb3b2e1-c451-4d63-b6e4-c9c3f184fe0c,000773,sub-ant5-m1-d10-y2023/sub-ant5-m1-d10-y2023_ses-m1-d10-y2023-ant5-0-48x-4-methyl-3-heptanone-40-t184-z155um_ophys.nwb,22,48,624,4.176470588235294,13,14.615916955017303,17,84086336,600.0,160.0,0
4bccf9b1-3097-4e82-bd6a-d7b12c88eb11,001455,sub-809076415/sub-809076415_ses-813003020_icephys.nwb,137,538,59879,5.708955223880597,45,39.9824571173981,134,19790275,460.0,25.0,1
4bef87ce-9978-4ca8-aa8d-6434ed707cfd,000363,sub-480928/sub-480928_ses-20210122T131850_behavior+ecephys+ogen.nwb,54,146,3437,4.5777777777777775,32,32.86617283950618,45,117117714,223480.0,320.0,0
4c0209bb-6570-4eab-9773-11165f5a9f81,000405,sub-s3/sub-s3_ses-Al-OF-101718.nwb,19,42,447,4.0,13,11.6,15,2597848,720.0,180.0,0
4c0a3b1c-4b90-4cea-b899-4a86b9683b88,000336,sub-644972/sub-644972_ses-1237081845-acq-1237345893_ophys.nwb,59,238,12973,5.574074074074074,30,44.17043895747597,54,89430732,500.0,25.0,1
4c41a72e-107a-4ae5-a2e7-5f0fe2a2dd7a,000951,sub-LC10d-fly5/sub-LC10d-fly5_ses-(-LC10d-fly5-170808-1604--).nwb,18,33,433,3.8461538461538463,13,13.822485207100591,13,187360,440.0,160.0,0
4c43ca9f-2a71-4de2-8551-83d049d06415,000773,sub-ant1-m1-d20-y2023/sub-ant1-m1-d20-y2023_ses-m1-d20-y2023-ant1-0-48x-4-methyl-3-heptanol-40-t124-z90um_ophys.nwb,22,48,624,4.176470588235294,13,14.615916955017303,17,84086336,600.0,160.0,0
4c5794e4-b2a8-4f27-96f6-fd25092a5f77,001169,sub-S048/sub-S048_ses-RWTautowait2-20221114-132256.nwb,32,118,3087,5.518518518518518,32,48.32373113854595,27,1349696,80.0,25.0,1
4c62483f-7383-4381-a8bb-96380b9a8d66,001184,sub-115/sub-115_ses-session-hheise-M115-2022-08-24-01_behavior+image+ophys.nwb,43,77,1114,3.1794871794871793,13,8.352399737015123,39,217796400,1500.0,140.0,0
4c6b5ef3-ecf4-400c-9cc1-5f4c3e216389,000773,sub-ant4-m1-d20-y2023/sub-ant4-m1-d20-y2023_ses-m1-d20-y2023-ant4-0-48x-4-methyl-3-heptanol-40-t184-z155um_ophys.nwb,22,48,624,4.176470588235294,13,14.615916955017303,17,84086336,600.0,160.0,0
4cb43b1d-fd44-447a-9b04-ac6728bc3eec,000773,sub-ant6-m1-d10-y2023/sub-ant6-m1-d10-y2023_ses-m1-d10-y2023-ant6-0-48x-4-methyl-3-heptanone-40-t198-z105um_ophys.nwb,22,48,624,4.176470588235294,13,14.615916955017303,17,84086336,640.0,160.0,0
4cbf2cf5-8352-43de-96ee-ba7be5aaac68,000713,sub-545996/sub-545996_ses-20201211T151042_image.nwb,48,115,2402,3.7045454545454546,23,23.889979338842977,44,191414593,240.0,25.0,1
4cbf6af6-224b-44dd-aac3-e440cef95b06,001169,sub-G028/sub-G028_ses-RWTautowait2-20210505-121224.nwb,32,117,3004,5.481481481481482,31,46.397805212620035,27,1470079,80.0,25.0,1
4cc33f7c-1eaf-408d-97dd-83f07251b600,001169,sub-J046/sub-J046_ses-RWTautowait2-20220919-095028.nwb,32,117,3004,5.481481481481482,31,46.397805212620035,27,997131,100.0,25.0,1
4cdf473b-ac7d-4bf8-8d39-237d29116838,001169,sub-C035/sub-C035_ses-RWTautowait-20191007-123346.nwb,32,114,2767,5.37037037037037,28,41.0480109739369,27,1302151,1600.0,160.0,0
4ce407ab-0b3b-44e7-9092-fdc92b31304c,001348,sub-1376316470/sub-1376316470_ses-1379202936_icephys.nwb,379,1564,670201,6.002659574468085,157,129.97073760751468,376,62707289,1120.0,60.0,0
4cf3225a-9150-41ca-b907-35f3a2e3fb29,000711,sub-453989/sub-453989_ses-20190729T131807_image.nwb,50,156,5473,4.478260869565218,24,34.72778827977316,46,196117076,280.0,25.0,1
4d1f1a50-4cd6-491c-b216-352a1bc8fa51,000773,sub-ant1-m1-d17-y2023/sub-ant1-m1-d17-y2023_ses-m1-d17-y2023-ant1-0-03x-3-hexanone-40-t144-z80um_ophys.nwb,22,48,624,4.176470588235294,13,14.615916955017303,17,84086336,620.0,160.0,0
4d21dcd0-22fb-435d-bf27-68ab328ee561,000951,sub-LC10a-fly1/sub-LC10a-fly1_ses-(-LC10a-fly1-170905-1156--).nwb,18,33,433,3.8461538461538463,13,13.822485207100591,13,187360,440.0,180.0,0
4d372e97-58b8-4bbc-9dce-1acef706198b,001169,sub-M037/sub-M037_ses-RWTautowait2-20210621-133317.nwb,32,116,2974,5.444444444444445,31,46.46913580246915,27,1322831,60.0,25.0,1
4d441675-ecb5-45f3-80ae-45d52721449c,001032,sub-2-1/sub-2-1_ses-2kHz-spindle-stimulation-9V_image.nwb,17,38,431,4.153846153846154,13,13.668639053254442,13,580725,60.0,25.0,1
4d46c8fd-aa7f-4733-8267-0dfb44f86935,001550,sub-P159/sub-P159_ses-TaskSwitch4-190820a.nwb,35,112,2625,4.709677419354839,38,47.36732570239335,31,2126512,100.0,25.0,1
4d4a1d95-de2c-41e5-ab91-61162a45fdcd,000467,sub-ant1-m4-d26-y2022/sub-ant1-m4-d26-y2022_ses-m4-d26-y2022-ant1-0-48x-6-methyl-5-hepten-2-one-40-t143-z10um_ophys.nwb,22,48,624,4.176470588235294,13,14.615916955017303,17,84086336,640.0,160.0,0
4d4f42c1-2e43-4415-a93e-6f0fce3fd051,000773,sub-ant3-m2-d24-y2023/sub-ant3-m2-d24-y2023_ses-m2-d24-y2023-ant3-0-48x-isopropanol-40-t177-z145um_ophys.nwb,22,48,624,4.176470588235294,13,14.615916955017303,17,84086336,580.0,160.0,0
4d79b725-05bc-4ec4-8102-995dfd95bb88,000773,sub-ant2-m1-d20-y2023/sub-ant2-m1-d20-y2023_ses-m1-d20-y2023-ant2-0-48x-4-methyl-3-heptanone-40-t157-z40um_ophys.nwb,22,48,624,4.176470588235294,13,14.615916955017303,17,84086336,600.0,160.0,0
4d8a9de8-1481-455c-b371-5577796d14fc,001348,sub-1223010848/sub-1223010848_ses-1223249380_icephys.nwb,166,626,85116,5.558282208588957,57,47.498136926493295,163,36923373,1020.0,80.0,0
4d8aea12-5a06-412c-9666-b91934c60049,000678,sub-BW064/sub-BW064_ses-20220710T103848.nwb,29,70,949,4.083333333333333,20,21.743055555555557,24,9750892,260.0,60.0,0
4d8c3949-10d9-49f8-ab59-6813053bb3d9,000951,sub-LC22-fly13/sub-LC22-fly13_ses-(-LC22-fly13-161020-1507--).nwb,18,33,433,3.8461538461538463,13,13.822485207100591,13,187360,420.0,160.0,0
4d8f847f-6fb9-4253-8181-58f8c7919dc2,000678,sub-BW048/sub-BW048_ses-20220102T150855.nwb,29,70,949,4.083333333333333,20,21.743055555555557,24,21920984,260.0,25.0,1
4d9c9f54-19bd-4f2d-ab4e-daee7324b605,000637,sub-BH444/sub-BH444_obj-1omgc8h_ecephys.nwb,28,46,627,4.111111111111111,14,15.654320987654321,18,1145816,160.0,60.0,0
4dbf110e-b625-4636-885c-3edc6302a209,000246,sub-phpV14-blind-02/sub-phpV14-blind-02_ses-20240904_obj-tztzus_ophys.nwb,33,46,581,3.5217391304347827,13,12.162570888468805,23,12760208,40.0,25.0,1
4dc20f52-f2ed-45c2-aaea-4ca7e954e4a2,000467,sub-ant2-m10-d11-y2022/sub-ant2-m10-d11-y2022_ses-m10-d11-y2022-ant2-0-48x-propionic-acid-40-t154-z145um_ophys.nwb,22,48,624,4.176470588235294,13,14.615916955017303,17,84086336,680.0,180.0,0
4dd36002-a197-4ad8-b5d1-c6c4071b198d,000713,sub-533539/sub-533539_ses-20200915T095315_image.nwb,48,118,2609,3.772727272727273,25,26.584710743801654,44,68080660,400.0,25.0,1
4dd7b18b-f75c-4b6f-bd42-9ec5cc5c3270,001455,sub-964727585/sub-964727585_ses-966849265_icephys.nwb,160,616,85583,5.643312101910828,55,45.50334699176435,157,22406187,320.0,25.0,1
4e203a6d-d5a1-42ca-bdd0-89421854fab2,000008,sub-mouse-IAHGR/sub-mouse-IAHGR_ses-20180621-sample-7_slice-20180621-slice-7_cell-20180621-sample-7_icephys.nwb,181,538,87573,4.96045197740113,80,65.58600657537744,177,9054511,16400.0,440.0,0
4e2a2b04-bed5-46b7-860c-1a32b4b2687d,001169,sub-G101/sub-G101_ses-RWTautowait2-20230411-153851.nwb,32,118,3087,5.518518518518518,32,48.32373113854595,27,1134959,60.0,25.0,1
4e372bd7-06de-4dde-8931-85839afa597a,000773,sub-ant4-m1-d11-y2023/sub-ant4-m1-d11-y2023_ses-m1-d11-y2023-ant4-0-03x-4-methyl-3-heptanol-40-t199-z125um_ophys.nwb,22,48,624,4.176470588235294,13,14.615916955017303,17,84086336,600.0,160.0,0
4e4596a4-ee74-4b3c-8c52-3689d3802f17,000467,sub-ant4-m4-d20-y2022/sub-ant4-m4-d20-y2022_ses-m4-d20-y2022-ant4-1x-paraffin-oil-40-t195-z65um_ophys.nwb,22,48,624,4.176470588235294,13,14.615916955017303,17,84086336,640.0,160.0,0
4e49b654-fc87-4ef9-b7bc-51c6ed4ecffb,000773,sub-ant1-m4-d6-y2023/sub-ant1-m4-d6-y2023_ses-m4-d6-y2023-ant1-0-48x-4-methyl-3-heptanol-40-t125-z35um_ophys.nwb,22,48,624,4.176470588235294,13,14.615916955017303,17,84086336,580.0,160.0,0
4e54a25b-fd0e-4a1d-992d-fc096136d0d4,001475,sub-HSB-W20-17/sub-HSB-W20-17_ses-20250325_cell-ar88_obj-kxwvwg_icephys.nwb,64,168,6490,4.533333333333333,20,11.782222222222224,60,3526600,560.0,80.0,0
4e67b94d-74bc-4fea-9287-e62a15bb6a03,000711,sub-541329/sub-541329_ses-20201109T123853_image.nwb,50,156,5473,4.478260869565218,24,34.72778827977316,46,196054286,300.0,25.0,1
4e7446b6-2d3f-4788-9a49-9e6d49aa308f,001515,sub-CHO-20231010-c7/sub-CHO-20231010-c7_obj-1huocpe_image.nwb,17,38,431,4.153846153846154,13,13.668639053254442,13,25660846,80.0,25.0,1
4e7d9a94-bd37-4126-977f-3bef5474d59e,001445,sub-G3-8/sub-G3-8_obj-1vqyiat_ecephys.nwb,22,45,579,3.9411764705882355,13,12.643598615916957,17,203556,60.0,25.0,1
4e8a4985-474c-4831-b8b0-879ac7bfd079,000773,sub-ant4-m4-d6-y2023/sub-ant4-m4-d6-y2023_ses-m4-d6-y2023-ant4-0-48x-4-methyl-3-heptanone-40-t151-z155um_ophys.nwb,22,48,624,4.176470588235294,13,14.615916955017303,17,84086336,600.0,160.0,0
4e98f772-254d-4003-a273-441405e91585,001847,sub-PB176/sub-PB176_ses-PB176-20240531-090634_behavior.nwb,30,114,2920,5.5,36,55.78846153846154,26,575632,25.0,25.0,1
4ec0461b-4115-411b-a212-044947433966,000773,sub-ant4-m1-d18-y2023/sub-ant4-m1-d18-y2023_ses-m1-d18-y2023-ant4-0-48x-isopropanol-40-t148-z25um_ophys.nwb,22,48,624,4.176470588235294,13,14.615916955017303,17,84086336,580.0,160.0,0
4ec7899a-2522-40a6-8649-c7da92b4a517,000773,sub-ant1-m1-d17-y2023/sub-ant1-m1-d17-y2023_ses-m1-d17-y2023-ant1-0-03x-isopropanol-40-t141-z145um_ophys.nwb,22,48,624,4.176470588235294,13,14.615916955017303,17,84086336,620.0,160.0,0
4eca05ae-3589-423e-82bf-921a407ec0e0,000246,sub-AAV-V15-D5/sub-AAV-V15-D5_obj-x1tuqy_ophys.nwb,31,41,560,3.8421052631578947,13,14.027700831024932,19,8564888,60.0,25.0,1
4ed2a07d-26ac-4195-b1eb-c6401fc2dd57,000773,sub-ant6-m1-d10-y2023/sub-ant6-m1-d10-y2023_ses-m1-d10-y2023-ant6-0-48x-ethanol-40-t215-z5um_ophys.nwb,22,48,624,4.176470588235294,13,14.615916955017303,17,84086336,600.0,160.0,0
4ed2b76c-456c-4f4f-a69b-b0710136a8ef,000971,sub-124-280/sub-124-280_ses-Opto-DMS-Excitatory-ChR2Scrambled-2019-07-03T09-17-44_behavior+ogen.nwb,31,57,739,3.2962962962962963,14,13.393689986282581,27,250447,80.0,60.0,0
4ed75516-4298-468c-b386-ad6711fd0751,001455,sub-933577236/sub-933577236_ses-940649492_icephys.nwb,249,1025,235780,5.926829268292683,92,87.9296053936149,246,57402683,580.0,25.0,1
4edd00f4-284a-4bbd-80e5-2f9963a0e5ec,000766,sub-PC12-cell/sub-PC12-cell_ses-20210221T153000_obj-lcp4zg.nwb,17,35,401,3.923076923076923,13,13.609467455621298,13,192088,100.0,60.0,0
4ee3ab1e-97f6-4dd6-bf80-50dc1ee0acd5,001169,sub-M033/sub-M033_ses-RWTautowait2-20210721-124130.nwb,32,117,3004,5.481481481481482,31,46.397805212620035,27,1014930,80.0,25.0,1
4f152c5b-6de0-44a3-8f40-826e45d4e2e5,001550,sub-H113/sub-H113_ses-TaskSwitch4-190217a.nwb,33,110,2570,4.896551724137931,38,49.74791914387635,29,1126682,25.0,25.0,1
4f184eab-bb47-40c4-9217-e38e3873ae35,000773,sub-ant1-m1-d17-y2023/sub-ant1-m1-d17-y2023_ses-m1-d17-y2023-ant1-1x-paraffin-oil-40-t122-z80um_ophys.nwb,22,48,624,4.176470588235294,13,14.615916955017303,17,84086336,620.0,160.0,0
4f2a6794-b859-400a-9b43-ce537397f2a0,001169,sub-G028/sub-G028_ses-RWTautowait2-20210602-121642.nwb,32,117,3004,5.481481481481482,31,46.397805212620035,27,1632250,80.0,25.0,1
4f30f313-bab9-4220-ba17-7752b5977618,000467,sub-ant3-m4-d21-y2022/sub-ant3-m4-d21-y2022_ses-m4-d21-y2022-ant3-0-48x-4-methyl-3-hexanol-40-t151-z130um_ophys.nwb,22,48,624,4.176470588235294,13,14.615916955017303,17,84086336,640.0,160.0,0
4f323753-5cab-474e-98c0-349d5ee04c84,000773,sub-ant4-m1-d18-y2023/sub-ant4-m1-d18-y2023_ses-m1-d18-y2023-ant4-0-48x-4-methyl-3-heptanone-40-t147-z125um_ophys.nwb,22,48,624,4.176470588235294,13,14.615916955017303,17,84086336,600.0,160.0,0
4f4010d5-4951-47e9-bd29-7eb743e52be1,001169,sub-M038/sub-M038_ses-RWTautowait2-20211101-134312.nwb,32,116,2974,5.444444444444445,31,46.46913580246915,27,1596047,25.0,25.0,1
4f4816c5-15f5-435b-b483-e2ad42d9d006,001836,sub-klein/sub-klein_ses-klein-20231106_obj-9vtrxv_behavior.nwb,108,76,1751,2.6,65,49.06105263157894,95,6030328,80.0,25.0,1
4f547be3-90c7-43c6-aaba-fbed3364b80c,001169,sub-E007/sub-E007_ses-RWTautowait2-20220923-131953.nwb,32,116,2974,5.444444444444445,31,46.46913580246915,27,913118,60.0,25.0,1
4f558b47-367e-487e-80e1-3966ad114779,001550,sub-P078/sub-P078_ses-TaskSwitch4-161025a.nwb,35,112,2625,4.709677419354839,38,47.36732570239335,31,1042911,80.0,25.0,1
4f5cb757-d7a1-40f7-9d4a-c879b4884528,000773,sub-ant1-m2-d24-y2023/sub-ant1-m2-d24-y2023_ses-m2-d24-y2023-ant1-0-48x-4-methyl-3-heptanone-40-t141-z25um_ophys.nwb,22,48,624,4.176470588235294,13,14.615916955017303,17,84086336,600.0,160.0,0
4f6414eb-9245-42c2-b8de-e42f1200523f,001550,sub-P120/sub-P120_ses-TaskSwitch4-180219a.nwb,35,112,2625,4.709677419354839,38,47.36732570239335,31,1006639,80.0,25.0,1
4f67e3c0-47e7-404d-815f-7159715fb391,001607,sub-Bilbo/sub-Bilbo_ses-5_obj-1wd5up3_ecephys.nwb,256,79,23510,3.0756302521008405,36,24.08671703975707,119,1791456,80.0,25.0,1
4f7a6cfe-40aa-4cd7-b098-a74564761dd3,000467,sub-ant5-m10-d11-y2022/sub-ant5-m10-d11-y2022_ses-m10-d11-y2022-ant5-0-48x-ethanol-40-t205-z20um_ophys.nwb,22,48,624,4.176470588235294,13,14.615916955017303,17,84086336,660.0,180.0,0
4f868dc0-d1a4-4873-b638-695715f3be73,001169,sub-G077/sub-G077_ses-RWTautowait2-20221010-134002.nwb,32,118,3087,5.518518518518518,32,48.32373113854595,27,1620687,60.0,25.0,1
4f976166-a64a-4e36-ba01-3e3dfc2f42f1,000467,sub-ant3-m4-d26-y2022/sub-ant3-m4-d26-y2022_ses-m4-d26-y2022-ant3-0-48x-4-methyl-3-heptanol-40-t219-z35um_ophys.nwb,22,48,624,4.176470588235294,13,14.615916955017303,17,84086336,540.0,140.0,0
4fb8e204-64b3-4c5a-a6ff-a029d0b36631,000959,sub-T/sub-T_ses-20220721_obj-13twhp5_behavior.nwb,40,261,23864,8.333333333333334,15,33.00000000000001,36,17492776,240.0,60.0,0
4fc0591e-b55d-4494-acd0-007537b7e604,001550,sub-P095/sub-P095_ses-TaskSwitch4-170927a.nwb,35,112,2625,4.709677419354839,38,47.36732570239335,31,1486561,60.0,25.0,1
4fd04a37-e265-4973-9f87-a6b4a59e01ee,000713,sub-568963/sub-568963_ses-20210422T141041_image.nwb,48,115,2402,3.7045454545454546,23,23.889979338842977,44,191413507,200.0,25.0,1
4fd7f93e-dbde-4764-b5e2-24465665f37c,000773,sub-ant4-m4-d6-y2023/sub-ant4-m4-d6-y2023_ses-m4-d6-y2023-ant4-0-48x-4-methyl-3-heptanone-40-t151-z15um_ophys.nwb,22,48,624,4.176470588235294,13,14.615916955017303,17,84086336,580.0,140.0,0
5012d160-becd-4706-b43d-c30aaabd9b76,000773,sub-ant1-m2-d24-y2023/sub-ant1-m2-d24-y2023_ses-m2-d24-y2023-ant1-0-48x-isopropanol-40-t123-z105um_ophys.nwb,22,48,624,4.176470588235294,13,14.615916955017303,17,84086336,580.0,160.0,0
502a3b08-4c1f-468c-97be-14024812f349,001038,sub-Calb-2319/sub-Calb-2319_ses-20220515-0001.nwb,47,94,2026,4.176470588235294,16,15.204152249134953,34,15948144,120.0,25.0,1
502a54f3-9094-4bb8-8992-42230ff04df5,000467,sub-ant5-m10-d11-y2022/sub-ant5-m10-d11-y2022_ses-m10-d11-y2022-ant5-0-48x-3-hexanone-40-t197-z130um_ophys.nwb,22,48,624,4.176470588235294,13,14.615916955017303,17,84086336,700.0,180.0,0
5033e472-f56a-4e67-ba9f-63e77307cb45,001550,sub-P123/sub-P123_ses-TaskSwitch4-171216a.nwb,35,112,2625,4.709677419354839,38,47.36732570239335,31,931845,60.0,25.0,1
503a572d-5f4a-459e-ac38-d596f9c1aa4e,001084,sub-DL15/sub-DL15_ses-211005_ophys.nwb,52,86,2088,4.363636363636363,15,15.867768595041323,33,16789217856,7660.0,140.0,0
5062ea85-5dbc-43f4-98aa-100704852faf,001038,sub-Dat-D095/sub-Dat-D095_ses-20200717-0001.nwb,49,101,2056,4.081081081081081,16,14.128560993425856,37,2432142,80.0,25.0,1
506fd442-b290-4e3c-a29e-bbcc8f9db253,001064,sub-TX-12355080459242074107/sub-TX-12355080459242074107_ses-20221101T171518.nwb,18,21,164,6.333333333333333,13,21.555555555555557,6,679928,25.0,25.0,1
507d1276-164f-4b46-b66c-a45ec73cc25c,000711,sub-451787/sub-451787_ses-20190604T124918_obj-1tdqcp2_image+ophys.nwb,78,229,9548,4.342465753424658,24,25.896415837868265,73,311495283,320.0,25.0,1
50be09b0-eaa8-40e6-a5cb-138a1e9f261b,001550,sub-P135/sub-P135_ses-TaskSwitch4-190515a.nwb,35,112,2625,4.709677419354839,38,47.36732570239335,31,1410387,60.0,25.0,1
50cb5585-4af4-473e-95e9-754190c2155f,000165,sub-Caraway/sub-Caraway_ses-Caraway04-HomeCage_behavior+ecephys.nwb,34,59,1006,4.0,14,20.0,24,99806296,2580.0,180.0,0
50e2e962-abd6-4ba4-8ead-4462d7653bd8,001461,sub-770962/sub-770962_ses-multiplane-ophys-770962-2025-03-05-14-31-14_ophys.nwb,148,331,30155,3.9375,18,10.44921875,128,1085643476,1840.0,25.0,1
50ee6b83-8b62-4082-adb9-db1e8c81474f,000711,sub-541329/sub-541329_ses-20201202T125304_image.nwb,50,156,5473,4.478260869565218,24,34.72778827977316,46,196051030,240.0,25.0,1
51146a09-7c67-4403-9d61-1e36961a5494,001683,sub-BH648/sub-BH648_ses-20250213T165801_ecephys.nwb,28,52,725,4.2105263157894735,13,17.534626038781166,19,626197480,300.0,25.0,1
5114aae0-18ab-4c82-94b2-748cd60367df,000713,sub-576323/sub-576323_ses-20210722T215815.nwb,73,255,9592,5.419354838709677,32,43.53381893860562,62,2394560648,1340.0,25.0,1
5114f990-627e-43d5-b709-e4b6145f673d,001274,sub-5-20240824/sub-5-20240824_obj-kpqu3h_image.nwb,17,38,431,4.153846153846154,13,13.668639053254442,13,116675825,140.0,25.0,1
512b8fe4-ef2c-47ad-bf22-99c026392aae,001538,sub-iSPN-optical-mouse-iSPN++OffState++none++WT++20230222/sub-iSPN-optical-mouse-iSPN++OffState++none++WT++20230222_ses-iSPN++OffState++none++WT++20230222_icephys+ogen.nwb,68,138,3334,3.7704918032786887,15,10.799785004031179,61,883929,25.0,25.0,1
512dcfa8-9b64-4a07-a85d-56838effd019,000773,sub-ant3-m1-d10-y2023/sub-ant3-m1-d10-y2023_ses-m1-d10-y2023-ant3-0-48x-ethanol-40-t127-z40um_ophys.nwb,22,48,624,4.176470588235294,13,14.615916955017303,17,84086336,640.0,180.0,0
513c407e-16df-47bd-ba01-bde8567b9f02,001097,sub-m931_ses-WT_7d_mating_d4_ecephys+behavior.nwb,30,56,657,3.625,13,10.817708333333334,24,2785024,60.0,25.0,1
51446aa0-3e14-4881-a3b0-a7a0d14685c2,001550,sub-P049/sub-P049_ses-TaskSwitch4-170920a.nwb,35,112,2625,4.709677419354839,38,47.36732570239335,31,1208828,60.0,25.0,1
514b995a-86e2-4d0a-8d40-ebb5cba9cf29,000711,sub-482853/sub-482853_ses-20191115T142057_obj-1v7wek5_image+ophys.nwb,78,229,9548,4.342465753424658,24,25.896415837868265,73,254296625,520.0,25.0,1
515629d6-af18-45f5-9b6b-d8114dc838e2,001550,sub-P127/sub-P127_ses-TaskSwitch4-181214a.nwb,35,112,2625,4.709677419354839,38,47.36732570239335,31,1276083,80.0,25.0,1
515bd165-6cfc-45ec-a726-d5a128f5a5fa,001832,sub-test-animal01-slice03-roi01/sub-test-animal01-slice03-roi01_ses-MB++AChFP++pan++PD++none++WT++20250423183719_ophys.nwb,41,92,1470,4.088235294117647,13,11.609861591695504,34,8889245,80.0,25.0,1
515f15a1-f6dd-45df-8789-a08843e7e74e,001550,sub-P123/sub-P123_ses-TaskSwitch4-181014a.nwb,35,112,2625,4.709677419354839,38,47.36732570239335,31,1224533,100.0,25.0,1
51754b08-1d50-459e-a8f3-ff16aee609ce,000467,sub-ant1-m4-d21-y2022/sub-ant1-m4-d21-y2022_ses-m4-d21-y2022-ant1-0-12x-4-methyl-3-heptanol-40-t135-z65um_ophys.nwb,22,48,624,4.176470588235294,13,14.615916955017303,17,84086336,680.0,180.0,0
5178bb76-ccdc-4c9c-b059-26cd8c535e78,001455,sub-645665082/sub-645665082_ses-646854381_icephys.nwb,94,349,24818,5.5054945054945055,36,28.953266513706076,91,13957462,580.0,25.0,1
51900b5b-fa4f-4523-a503-8c8f0b7f680e,000467,sub-ant2-m4-d26-y2022/sub-ant2-m4-d26-y2022_ses-m4-d26-y2022-ant2-1x-isopropanol-40-t161-z135um_ophys.nwb,22,48,624,4.176470588235294,13,14.615916955017303,17,84086336,660.0,160.0,0
519fc5a8-6d43-4ea1-b31a-2d0c693777a0,000351,sub-HJ-FP-datHT-stGtACR-M7/sub-HJ-FP-datHT-stGtACR-M7_ses-Day11.nwb,25,49,554,3.3181818181818183,13,9.489669421487603,22,18860232,480.0,60.0,0
51a56696-d91a-4f7b-861b-af81a3309792,000773,sub-ant3-m1-d17-y2023/sub-ant3-m1-d17-y2023_ses-m1-d17-y2023-ant3-1x-paraffin-oil-40-t184-z10um_ophys.nwb,22,48,624,4.176470588235294,13,14.615916955017303,17,84086336,600.0,160.0,0
51a9610f-15fc-40fd-9a0c-1fe1497bb1ed,001550,sub-P055/sub-P055_ses-TaskSwitch4-161211a.nwb,35,112,2625,4.709677419354839,38,47.36732570239335,31,769316,25.0,25.0,1
51b3de99-0a79-4cab-a4bb-5969476607ee,000959,sub-L/sub-L_ses-20190917_obj-jkbdtr_behavior.nwb,39,247,20938,8.142857142857142,14,32.63673469387756,35,17494232,240.0,40.0,0
51c32407-db51-4df9-8806-84e0d931e750,001169,sub-G008/sub-G008_ses-RWTautowait2-20200629-142455.nwb,32,116,2923,5.444444444444445,30,44.54320987654322,27,955764,60.0,25.0,1
51ca53a2-6617-494a-8462-72dd5f1f32fe,001455,sub-1034878374/sub-1034878374_ses-1034908700_icephys.nwb,207,872,185697,6.063725490196078,79,72.0008410226836,204,39591888,1060.0,25.0,1
51cf8d62-15be-4789-85c0-31556ce507a9,001550,sub-P055/sub-P055_ses-TaskSwitch4-171109c.nwb,35,112,2625,4.709677419354839,38,47.36732570239335,31,620865,25.0,25.0,1
521d5746-8621-4076-9538-c47cde5832b6,000409,sub-SWC-054/sub-SWC-054_ses-eebacd5a-7dcd-4ba6-9dff-ec2a4d2f19e0_desc-processed_behavior+ecephys.nwb,80,244,12573,4.671232876712328,32,25.727528617001315,73,1101466405,1400.0,25.0,1
52269b5a-934a-41d0-a7e1-2ea3c5752056,000467,sub-ant4-m4-d26-y2022/sub-ant4-m4-d26-y2022_ses-m4-d26-y2022-ant4-0-48x-4-methyl-3-hexanol-40-t259-z55um_ophys.nwb,22,48,624,4.176470588235294,13,14.615916955017303,17,84086336,480.0,120.0,0
522cf3fc-2646-4772-b3d9-9f1f1f4a1257,001611,sub-26342/sub-26342_ses-20241121T014332_ecephys.nwb,25,52,649,4.105263157894737,13,13.988919667590027,19,13403356,25.0,25.0,1
523054a6-0fa5-4cba-8937-4c780ec1954d,001550,sub-P101/sub-P101_ses-TaskSwitch4-190111a.nwb,35,112,2625,4.709677419354839,38,47.36732570239335,31,1360040,60.0,25.0,1
523a7bb2-d453-44d1-977e-a50a6c2391e3,001550,sub-P127/sub-P127_ses-TaskSwitch4-180427a.nwb,35,112,2625,4.709677419354839,38,47.36732570239335,31,1081826,60.0,25.0,1
523cd5d1-c36a-4923-b4f7-7ec838f76c42,000773,sub-ant1-m4-d6-y2023/sub-ant1-m4-d6-y2023_ses-m4-d6-y2023-ant1-0-48x-isopropanol-40-t140-z45um_ophys.nwb,22,48,624,4.176470588235294,13,14.615916955017303,17,84086336,600.0,160.0,0
52506155-f5fd-4778-9d45-3e47bf96bccf,001746,sub-Mfa220428/sub-Mfa220428_ses-sess-220428d1AS_obj-drur1q_icephys.nwb,83,216,12992,4.851351351351352,30,21.450876552227903,74,12377464,540.0,80.0,0
52577e98-1bab-4cf0-b3dd-50cf3450ebbd,001169,sub-G072/sub-G072_ses-RWTautowait2-20230126-162909.nwb,32,118,3087,5.518518518518518,32,48.32373113854595,27,1365382,40.0,25.0,1
52714790-af2d-441d-9c66-e045a8e30b8f,000336,sub-655042/sub-655042_ses-1241145430-acq-1241919410_ophys.nwb,67,256,14371,5.39344262295082,30,41.94356355818329,61,104357821,980.0,25.0,1
527b3d3b-2ffc-432c-969a-45336dfa588f,000467,sub-ant3-m4-d26-y2022/sub-ant3-m4-d26-y2022_ses-m4-d26-y2022-ant3-0-48x-4-methyl-3-heptanone-40-t225-z65um_ophys.nwb,22,48,624,4.176470588235294,13,14.615916955017303,17,84086336,540.0,140.0,0
52838fe8-3006-4b37-95fa-30059c5b0566,001348,sub-1301204249/sub-1301204249_ses-1303018476_icephys.nwb,402,1635,710556,5.9523809523809526,169,149.28344671201813,399,68980621,1520.0,60.0,0
52902cde-0fbc-4849-91a8-b0fe69090ec4,001550,sub-P123/sub-P123_ses-TaskSwitch4-180729a.nwb,35,112,2625,4.709677419354839,38,47.36732570239335,31,1079153,80.0,25.0,1
52b546b6-6cf1-4e40-88bf-9b80291d695c,000713,sub-510589/sub-510589_ses-20200810T121225_image.nwb,48,114,2391,3.6818181818181817,23,23.762396694214885,44,188158436,660.0,25.0,1
52b6e471-0964-4006-9df9-904bda490d48,001847,sub-PB205/sub-PB205_ses-PB205-20250715-151308_behavior+ophys.nwb,46,140,3917,4.658536585365853,36,39.68828078524688,41,26296593500,3700.0,25.0,1
52b7a75e-dab8-4539-ac08-968c0406ded2,000035,sub-mouse-SCEAC/sub-mouse-SCEAC_ses-20200414-sample-10_slice-20200414-slice-2_cell-20200414-sample-10_icephys.nwb,181,537,87781,4.954802259887006,80,65.62507580835644,177,9369386,12120.0,240.0,0
52ce9d0d-7dcd-4936-8670-1d4e27b38269,000773,sub-ant5-m1-d10-y2023/sub-ant5-m1-d10-y2023_ses-m1-d10-y2023-ant5-0-48x-4-methyl-3-heptanol-40-t188-z135um_ophys.nwb,22,48,624,4.176470588235294,13,14.615916955017303,17,84086336,640.0,160.0,0
52e10fcd-f3a5-4843-96c7-5c5a0075cfe7,000946,sub-BH511/sub-BH511_ses-20231019T115200_ecephys.nwb,28,50,690,4.333333333333333,14,17.0,18,4657256,120.0,60.0,0
5312e9ac-9f81-4d69-a5a9-3545db543d54,000293,sub-X2019-01-22-19122026/sub-X2019-01-22-19122026_icephys.nwb,55,185,7866,5.333333333333333,16,10.653594771241833,51,2595091,7360.0,500.0,0
5316cd75-93bc-468f-b665-a08f1f066ab4,001169,sub-G081/sub-G081_ses-RWTautowait2-20230419-124903.nwb,32,118,3087,5.518518518518518,32,48.32373113854595,27,1027958,60.0,25.0,1
53316beb-f855-4e23-ad0f-a1248fd5c3d0,001169,sub-M016/sub-M016_ses-RWTautowait2-20200225-115739.nwb,32,116,2923,5.444444444444445,30,44.54320987654322,27,1644752,80.0,25.0,1
5334f260-f7f9-4c7c-8d5d-d5edec3b143b,000239,sub-MX181101/sub-MX181101_ses-20190114T132032.nwb,18,63,1228,6.153846153846154,29,58.13017751479289,13,404432,120.0,60.0,0
53351ce9-7ae9-4aaf-8c89-6068470243a6,000351,sub-DB-longITI-C1-F2/sub-DB-longITI-C1-F2_ses-Day6-30.nwb,22,44,527,3.611111111111111,13,10.904320987654321,18,334432,120.0,80.0,0
5360bb05-bafb-48f1-9b68-37ae0345375c,001271,sub-4-20240730/sub-4-20240730_obj-1d7le0j_image.nwb,17,38,431,4.153846153846154,13,13.668639053254442,13,724719,60.0,25.0,1
53657d85-dca6-4b04-b13e-e698c9d7af8b,000467,sub-ant1-m4-d21-y2022/sub-ant1-m4-d21-y2022_ses-m4-d21-y2022-ant1-0-48x-6-methyl-5-hepten-2-one-40-t152-z135um_ophys.nwb,22,48,624,4.176470588235294,13,14.615916955017303,17,84086336,680.0,180.0,0
53677fb3-85a6-49f3-b524-2fbf3c785f21,001747,sub-chip19894/sub-chip19894_ses-recording116_ecephys.nwb,22,44,569,3.8823529411764706,13,12.927335640138407,17,10666205821,1580.0,25.0,1
536b05bf-1c42-4242-aa24-6bbbd157affa,000711,sub-467953/sub-467953_ses-20190904T141456_image.nwb,48,116,2469,3.727272727272727,23,24.743801652892568,44,188618726,280.0,25.0,1
53700d07-edf8-46e0-926f-d329d348b60c,001692,sub-AD3/sub-AD3_ses-240502_ophys.nwb,63,106,3045,4.365853658536586,18,14.963712076145148,41,23312084845,3380.0,25.0,1
5381a41c-c2d0-45a6-85e0-fbadde53535e,001169,sub-L011/sub-L011_ses-RWTautowait2-20220527-153801.nwb,32,117,3004,5.481481481481482,31,46.397805212620035,27,1068575,25.0,25.0,1
538917f7-e52c-4865-97f6-335098e97f82,000713,sub-524925/sub-524925_ses-20200709T084407_image.nwb,48,115,2402,3.7045454545454546,23,23.889979338842977,44,191336864,440.0,25.0,1
53a8ac22-eeaa-492e-8b82-bbc10d7bd440,000773,sub-ant4-m1-d20-y2023/sub-ant4-m1-d20-y2023_ses-m1-d20-y2023-ant4-0-48x-propionic-acid-40-t200-z65um_ophys.nwb,22,48,624,4.176470588235294,13,14.615916955017303,17,84086336,600.0,160.0,0
53af524d-800d-41cf-8d8f-2c10aaa2ef81,000713,sub-510589/sub-510589_ses-None_probe-1044520062_ecephys.nwb,36,62,1087,3.3,14,12.343333333333334,30,4492416616,3860.0,320.0,0
53b605b6-788d-40d2-9efc-d668c14ba020,001636,sub-Venus/sub-Venus_ses-Venus++v5401++PostMPTP++Depth17200um++20000223_behavior+ecephys.nwb,60,186,6636,5.297872340425532,19,28.294250792213678,47,20709120,900.0,120.0,0
53c2d3c7-e48e-4e44-a346-f48357ed1929,001169,sub-S052/sub-S052_ses-RWTautowait2-20221207-113556.nwb,32,117,3004,5.481481481481482,31,46.397805212620035,27,965566,80.0,25.0,1
53c91869-ea73-44ad-916a-2eecb5a658e6,000766,sub-PC12-cell/sub-PC12-cell_ses-20210126T153000_obj-wwb4v5.nwb,17,35,401,3.923076923076923,13,13.609467455621298,13,183256,80.0,60.0,0
53dc8728-8666-42a6-901e-3709022ad485,001550,sub-P055/sub-P055_ses-TaskSwitch4-170730a.nwb,35,112,2625,4.709677419354839,38,47.36732570239335,31,1435902,80.0,25.0,1
53e24dca-5e07-4a21-8e4d-633648cfd491,000020,sub-660204570/sub-660204570_ses-661222753_icephys.nwb,215,853,160890,5.754716981132075,76,64.93983624065501,212,47850044,38640.0,420.0,0
53e86840-ecca-497d-948a-0a5cac9e91a5,001169,sub-G081/sub-G081_ses-RWTautowait2-20230426-112138.nwb,32,118,3087,5.518518518518518,32,48.32373113854595,27,1126358,80.0,25.0,1
53f459ed-c6c8-497b-b864-b2610985bd82,000336,sub-655580/sub-655580_ses-1245510440-acq-1245934428-raw-movies_ophys.nwb,68,260,14699,5.403225806451613,30,41.30515088449531,62,19798523280,980.0,25.0,1
541b08ca-0a94-4f99-90aa-bee2472cc808,000711,sub-456917/sub-456917_ses-20190517T093228_image.nwb,48,119,2682,3.7954545454545454,26,27.571797520661153,44,66760918,180.0,25.0,1
542866ec-1a3d-4ff0-9652-0d05b7c2eaf9,001611,sub-24846/sub-24846_ses-20241120T164039_ecephys.nwb,25,52,649,4.105263157894737,13,13.988919667590027,19,9881360,80.0,25.0,1
5434ab71-231c-4af5-bae8-1e68f2c23f5b,001751,sub-Mfa241105/sub-Mfa241105_ses-20241105HS13_obj-oqtxil_icephys.nwb,231,1293,793519,7.801801801801802,200,168.64540215891572,222,29335040,1160.0,80.0,0
5455a546-aaad-49e1-b440-4a8c37ea98c1,000690,sub-717437/sub-717437_ses-1333971345_probe-1_ecephys.nwb,27,55,937,3.772727272727273,14,15.08471074380165,22,2065260863,640.0,60.0,0
545c5d92-98e6-4b84-98b7-cf6e6aa72d15,001169,sub-M037/sub-M037_ses-RWTautowait2-20210607-140124.nwb,32,116,2974,5.444444444444445,31,46.46913580246915,27,1086567,25.0,25.0,1
545ed7e5-ade5-44d5-81ce-45a48f3bffa8,000467,sub-ant5-m4-d26-y2022/sub-ant5-m4-d26-y2022_ses-m4-d26-y2022-ant5-0-03x-4-methyl-3-heptanol-40-t282-z5um_ophys.nwb,22,48,624,4.176470588235294,13,14.615916955017303,17,84086336,520.0,140.0,0
547bd532-f247-47ce-a616-0888a9767cb2,001550,sub-P101/sub-P101_ses-TaskSwitch4-180508a.nwb,35,112,2625,4.709677419354839,38,47.36732570239335,31,1388379,60.0,25.0,1
54839311-8587-471d-91ff-9ac2dbab97f5,001827,sub-240606/sub-240606_ses-6_ecephys.nwb,24,61,1192,4.473684210526316,17,22.986149584487535,19,17577031,25.0,25.0,1
548b8af8-2cbf-4bd1-bc0c-ed1b4b5a5cb4,001550,sub-P130/sub-P130_ses-TaskSwitch4-190716a.nwb,35,112,2625,4.709677419354839,38,47.36732570239335,31,1910840,60.0,25.0,1
54b27821-3dae-4a19-9863-e395ae3a6a8c,000467,sub-ant2-m4-d27-y2022/sub-ant2-m4-d27-y2022_ses-m4-d27-y2022-ant2-0-12x-4-methyl-3-heptanone-40-t193-z40um_ophys.nwb,22,48,624,4.176470588235294,13,14.615916955017303,17,84086336,480.0,120.0,0
54c24bda-3588-43eb-a28b-b194099506aa,000728,sub-503292439/sub-503292439_ses-512164988-StimA_behavior+image+ophys.nwb,53,92,2027,3.3617021276595747,13,6.954277953825259,47,729678300,700.0,25.0,1
54cfd558-9290-4e64-8279-e285b2919674,001169,sub-G041/sub-G041_ses-RWTautowait2-20210727-154830.nwb,32,117,3004,5.481481481481482,31,46.397805212620035,27,1201616,25.0,25.0,1
54de8503-13d9-48a3-b585-b319fb491e81,001611,sub-24846/sub-24846_ses-20241120T142234_ecephys.nwb,25,52,649,4.105263157894737,13,13.988919667590027,19,8880136,100.0,25.0,1
54efbc91-c4eb-479e-9b05-6c7b6fe25456,001169,sub-G037/sub-G037_ses-RWTautowait2-20210720-152728.nwb,32,117,3004,5.481481481481482,31,46.397805212620035,27,876740,60.0,25.0,1
54fcc782-798f-428d-aa4f-a89da0a3ea7c,001611,sub-25876/sub-25876_ses-20241108T143149_ecephys.nwb,25,52,649,4.105263157894737,13,13.988919667590027,19,12791972,80.0,25.0,1
551d3f05-07c7-4ccd-934b-049df9fc0d44,001455,sub-902290661/sub-902290661_ses-908628328_icephys.nwb,151,551,64517,5.405405405405405,49,41.26807888970052,148,21537340,460.0,25.0,1
552d336c-5758-450e-96f5-1e26a07267c2,001634,sub-Bilbo/sub-Bilbo_ses-5_obj-1soddil_ecephys.nwb,252,72,23379,3.0869565217391304,36,24.670699432892246,115,779120,25.0,25.0,1
553c6f57-d1d7-4d8b-9047-25d725085650,000467,sub-ant3-m4-d26-y2022/sub-ant3-m4-d26-y2022_ses-m4-d26-y2022-ant3-0-48x-4-methyl-3-heptanol-40-t224-z100um_ophys.nwb,22,48,624,4.176470588235294,13,14.615916955017303,17,84086336,560.0,140.0,0
5540e665-c67f-450c-acbd-7a5a446477f0,000467,sub-ant5-m4-d26-y2022/sub-ant5-m4-d26-y2022_ses-m4-d26-y2022-ant5-0-03x-4-methyl-3-heptanone-40-t279-z0um_ophys.nwb,22,48,624,4.176470588235294,13,14.615916955017303,17,84086336,540.0,140.0,0
5543e666-020a-416e-a02d-9bb8a490ed59,000773,sub-ant1-m1-d20-y2023/sub-ant1-m1-d20-y2023_ses-m1-d20-y2023-ant1-0-48x-4-methyl-3-heptanone-40-t133-z40um_ophys.nwb,22,48,624,4.176470588235294,13,14.615916955017303,17,84086336,600.0,160.0,0
555e045d-dd82-41c2-925a-5b7865646c66,001455,sub-794242456/sub-794242456_ses-796802039_icephys.nwb,224,924,195051,5.9457013574660635,83,75.44501545832394,221,60659660,1160.0,25.0,1
55600cf3-e439-4b89-9b35-b03e9571863c,001607,sub-Bilbo/sub-Bilbo_ses-5_obj-bqkcrg_ecephys.nwb,256,79,23510,3.0756302521008405,36,24.08671703975707,119,1791456,80.0,25.0,1
55619bbc-3d45-4402-ab0f-b26f148dad5a,000339,sub-BH280/sub-BH280_ses-20210925T195658_ecephys.nwb,29,43,630,3.789473684210526,13,14.69252077562327,19,1410012928,760.0,25.0,1
556a6670-885e-47d5-9764-2ddd21dbe257,000336,sub-655042/sub-655042_ses-1242603364-acq-1242704962-denoised-movies_ophys.nwb,64,264,14677,5.661016949152542,30,41.07153116920425,59,39275134167,1360.0,25.0,1
556de254-0620-48fa-b2d8-298c8c9f8a5a,000959,sub-T/sub-T_ses-20211217_obj-13sxpng_behavior.nwb,41,275,26986,8.513513513513514,16,33.330898466033595,37,17570368,220.0,25.0,1
5587c3c9-9f44-4b3e-b62b-3d930ae113ef,001836,sub-eliot/sub-eliot_ses-eliot-20221022_obj-8zv9l1.nwb,67,69,1602,3.0925925925925926,33,29.158093278463646,54,2898680,40.0,25.0,1
55a117e5-2dfb-4099-8b10-aa91b952840a,000773,sub-ant4-m1-d10-y2023/sub-ant4-m1-d10-y2023_ses-m1-d10-y2023-ant4-0-48x-ethanol-40-t148-z140um_ophys.nwb,22,48,624,4.176470588235294,13,14.615916955017303,17,84086336,640.0,160.0,0
55bf36aa-cdfd-44ae-b6b2-fc845bb2afb3,000713,sub-578003/sub-578003_ses-20210722T105748_image.nwb,48,115,2402,3.7045454545454546,23,23.889979338842977,44,191371248,300.0,25.0,1
55d3e2e2-ec80-480c-874a-1a2c4f816c09,001169,sub-J077/sub-J077_ses-RWTautowait2-20230525-145252.nwb,32,118,3087,5.518518518518518,32,48.32373113854595,27,2048174,80.0,25.0,1
55e86151-04e6-4120-b189-bf67c5313138,000020,sub-782818501/sub-782818501_ses-786024769_icephys.nwb,269,1108,293850,6.003759398496241,110,99.79321894962969,266,45512431,53320.0,360.0,0
55e98e3a-491e-4175-923c-d3e8b8e084b7,001363,sub-BH589/sub-BH589_ses-20241118T201615_ecephys.nwb,28,46,630,3.8947368421052633,13,14.304709141274236,19,3982155192,1440.0,25.0,1
55f3d85f-293f-4525-aa46-60df8e93fb14,000239,sub-MX190103/sub-MX190103_ses-20190507T114742.nwb,18,63,1228,6.153846153846154,29,58.13017751479289,13,403864,100.0,60.0,0
55f5e58b-92a8-47c9-93ac-6bf63112e97b,000363,sub-484672/sub-484672_ses-20210321T131204_behavior+ecephys+ogen.nwb,54,157,3844,4.822222222222222,43,48.901728395061724,45,167601053,104260.0,300.0,0
55f6ed7c-ba26-4453-bbc6-30b4d1a4cc8d,000773,sub-ant2-m1-d11-y2023/sub-ant2-m1-d11-y2023_ses-m1-d11-y2023-ant2-0-03x-ethylpyrazine-40-t169-z5um_ophys.nwb,22,48,624,4.176470588235294,13,14.615916955017303,17,84086336,620.0,160.0,0
55fdc99e-8976-4ee5-a974-670898e35852,001847,sub-PB195/sub-PB195_ses-PB195-20241205-141713_behavior+image+ophys.nwb,116,278,38147,3.5945945945945947,65,50.853664475286095,111,23838956513,3600.0,25.0,1
560a44b2-c769-46dc-960c-b611439efb5f,001676,sub-A0670/sub-A0670_ses-20230220T101012_behavior+ophys.nwb,35,66,895,3.433333333333333,13,10.245555555555557,30,102694624,200.0,25.0,1
561a9fa7-945d-4b22-bca4-2bd6ac323c79,001281,sub-131113/sub-131113_ses-1311133ls-2-1-1_icephys.nwb,64,233,13046,5.745762711864407,21,14.020109164033324,59,12786872,5920.0,160.0,0
561c1618-520d-4d3b-a2df-94ac8a1dbc2c,000226,sub-KSt107/sub-KSt107_ses-20150515T120000_obj-1yadv1x_behavior.nwb,6161,12284,152962727,2.995614747441936,266,259.48820555435765,6157,140086280,8600.0,60.0,0
561cee07-29b3-409d-bc3d-cb02678624aa,001169,sub-L009/sub-L009_ses-RWTautowait2-20221109-104740.nwb,32,118,3087,5.518518518518518,32,48.32373113854595,27,951489,100.0,25.0,1
562afd80-933f-42c3-b60a-5c4571cb1a5d,000020,sub-743050366/sub-743050366_ses-746108432_icephys.nwb,186,769,131483,5.994535519125683,71,66.98904117770013,183,33726165,37980.0,360.0,0
5646d309-987c-4b3b-83ca-c90a07c384ad,001611,sub-25897/sub-25897_ses-20241113T182155_ecephys.nwb,25,52,649,4.105263157894737,13,13.988919667590027,19,16778356,60.0,25.0,1
564c8607-7c53-4823-a357-895c6c1a58c8,000467,sub-ant3-m4-d21-y2022/sub-ant3-m4-d21-y2022_ses-m4-d21-y2022-ant3-0-12x-4-methyl-3-heptanone-40-t143-z25um_ophys.nwb,22,48,624,4.176470588235294,13,14.615916955017303,17,84086336,640.0,160.0,0
5652b355-b6ed-4275-b509-bc00eec96f1b,001169,sub-G096/sub-G096_ses-RWTautowait2-20230417-152530.nwb,32,118,3087,5.518518518518518,32,48.32373113854595,27,1320407,80.0,25.0,1
5655e585-97b3-48da-9855-fda479e3c011,001634,sub-Frodo/sub-Frodo_ses-2_obj-mgqt3q_ecephys.nwb,254,68,23794,3.0695652173913044,38,25.629943289224943,115,729616,25.0,25.0,1
566e0aee-0c5b-474e-80ed-d3de56dcd6eb,001348,sub-1368329315/sub-1368329315_ses-1369520940_icephys.nwb,222,889,192280,5.840182648401827,84,68.38998352828342,219,41888773,1320.0,80.0,0
566f221d-e87b-47a5-bf95-639ccb9ec514,001169,sub-L005/sub-L005_ses-RWTautowait2-20211122-100833.nwb,32,117,3004,5.481481481481482,31,46.397805212620035,27,1073785,80.0,25.0,1
567342fa-5aac-4413-8596-57a18b5bcebb,000246,sub-PHP-CaMPARI1-M5/sub-PHP-CaMPARI1-M5_obj-zhvasx_ophys.nwb,31,41,560,3.8421052631578947,13,14.027700831024932,19,8566968,25.0,25.0,1
56b4449d-5ef8-4b75-a6ca-17f4a657418c,001169,sub-G072/sub-G072_ses-RWTautowait2-20220919-133117.nwb,32,117,3004,5.481481481481482,31,46.397805212620035,27,1393323,25.0,25.0,1
56c0d6c2-f58f-4120-bbca-e01b435adcf8,001445,sub-G3-13/sub-G3-13_obj-1p7m4wm_ecephys.nwb,22,45,579,3.9411764705882355,13,12.643598615916957,17,203556,25.0,25.0,1
56c1c155-c820-4335-9ce3-b146275fd5fd,001550,sub-P167/sub-P167_ses-TaskSwitch4-191105a.nwb,35,112,2625,4.709677419354839,38,47.36732570239335,31,1489946,60.0,25.0,1
56c2dbe8-3ca3-4ef1-bc38-bb164d6daede,000467,sub-ant3-m4-d26-y2022/sub-ant3-m4-d26-y2022_ses-m4-d26-y2022-ant3-0-03x-6-methyl-5-hepten-2-one-40-t206-z50um_ophys.nwb,22,48,624,4.176470588235294,13,14.615916955017303,17,84086336,560.0,140.0,0
56d14e33-b6a0-42fd-9b0f-afc65b9b2506,001169,sub-J052/sub-J052_ses-RWTautowait2-20230104-132457.nwb,32,118,3087,5.518518518518518,32,48.32373113854595,27,1271109,25.0,25.0,1
56d5cbb2-69ed-420d-8f89-24bbb613e339,000713,sub-553960/sub-553960_ses-20210208T093233_image.nwb,48,115,2402,3.7045454545454546,23,23.889979338842977,44,191385797,280.0,25.0,1
56dcee99-4f92-4731-bfba-c3d6ce978bdd,001634,sub-Bilbo/sub-Bilbo_ses-5_obj-1juac1g_ecephys.nwb,256,79,23510,3.0756302521008405,36,24.08671703975707,119,1747560,60.0,25.0,1
56e3f9d3-7d99-4df8-b3cd-387e8d801c10,000946,sub-BH500/sub-BH500_ses-20230810T135500_ecephys.nwb,28,47,646,4.166666666666667,14,16.027777777777775,18,1787728,60.0,25.0,1
56e61a0c-065f-43ac-b2a9-d2056baf6ca3,001455,sub-790588085/sub-790588085_ses-792687510_icephys.nwb,172,674,95424,5.6923076923076925,58,54.8284023668639,169,54814397,1000.0,25.0,1
56ed30f6-2c20-4d85-a7c0-8084cd0d6bc3,000773,sub-ant3-m1-d17-y2023/sub-ant3-m1-d17-y2023_ses-m1-d17-y2023-ant3-0-03x-ethylpyrazine-40-t202-z155um_ophys.nwb,22,48,624,4.176470588235294,13,14.615916955017303,17,84086336,580.0,140.0,0
56ff05eb-a5c9-4244-aadb-9856e5f95596,000768,sub-1285385365/sub-1285385365_ses-1286123944_icephys.nwb,212,828,157490,5.69377990430622,75,60.88230580801721,209,62349523,19100.0,220.0,0
57048114-c762-4e52-ab66-be61bd268146,001363,sub-BH694/sub-BH694_ses-20250912T232038.nwb,24,37,469,5.0,14,20.0,12,3965592,80.0,25.0,1
5725df6a-06fd-4a78-9ef5-bb8c07a6394c,001550,sub-P049/sub-P049_ses-TaskSwitch4-161109a.nwb,35,112,2625,4.709677419354839,38,47.36732570239335,31,881092,60.0,25.0,1
574290bb-ca7f-4ed8-9794-d320848dd1d9,001465,sub-1388178402/sub-1388178402_ses-1391886142_icephys.nwb,297,1146,311926,5.642857142857143,108,89.04591836734693,294,69014815,1540.0,80.0,0
57470351-de93-427f-9c72-4f3dc582cbb8,001029,sub-mouse-1/sub-mouse-1_ses-20230114T151241_image.nwb,33,48,620,4.2105263157894735,13,13.534626038781164,19,194905088,200.0,25.0,1
5765eaa1-f855-4454-9b93-aafcee6b4f22,001347,sub-mouse/sub-mouse_ses-289_behavior.nwb,17,36,413,4.0,13,13.692307692307692,13,5375088,60.0,25.0,1
5774e7a6-f27a-4a28-aecd-ed1b3bc0656a,000713,sub-554013/sub-554013_ses-None_probe-1086751593_ecephys.nwb,36,62,1087,3.3,14,12.343333333333334,30,4618988664,3620.0,240.0,0
5777fe66-499e-4aa3-ac8a-8b5875e7c427,001169,sub-G021/sub-G021_ses-RWTautowait2-20201015-103337.nwb,32,117,3004,5.481481481481482,31,46.397805212620035,27,977965,60.0,25.0,1
57882081-2d86-4100-bbb1-e5702086b4bd,000773,sub-ant2-m1-d11-y2023/sub-ant2-m1-d11-y2023_ses-m1-d11-y2023-ant2-0-03x-propionic-acid-40-t165-z120um_ophys.nwb,22,48,624,4.176470588235294,13,14.615916955017303,17,84086336,620.0,160.0,0
5798375f-5eb9-4ff4-a896-c6c51f04e4da,000467,sub-ant2-m2-d10-y2023/sub-ant2-m2-d10-y2023_ses-m2-d10-y2023-ant2-1x-paraffin-oil-40-t126-z135um_ophys.nwb,22,48,624,4.176470588235294,13,14.615916955017303,17,84086336,660.0,160.0,0
57a9ff67-3153-4302-9a1b-6b5c7c4b0c6b,001836,sub-julio/sub-julio_ses-julio-20230804_obj-i5yrb4_behavior.nwb,108,76,1751,2.6,65,49.06105263157894,95,90853240,80.0,25.0,1
57e546ee-1110-4b72-8007-b35354987676,001169,sub-G033/sub-G033_ses-RWTautowait2-20210610-101413.nwb,32,117,3004,5.481481481481482,31,46.397805212620035,27,818297,80.0,25.0,1
57eb8883-b37b-4b24-9b36-3658304c6d64,001169,sub-M020/sub-M020_ses-RWTautowait2-20201015-155643.nwb,32,117,3004,5.481481481481482,31,46.397805212620035,27,1259552,60.0,25.0,1
57fe732c-a4b3-4ad4-a484-bc52144adb1d,001550,sub-P124/sub-P124_ses-TaskSwitch4-171208a.nwb,35,112,2625,4.709677419354839,38,47.36732570239335,31,1095801,80.0,25.0,1
582b2078-af4a-41ab-9409-0133f39008f8,000467,sub-ant5-m10-d11-y2022/sub-ant5-m10-d11-y2022_ses-m10-d11-y2022-ant5-0-48x-ethylpyrazine-40-t208-z5um_ophys.nwb,22,48,624,4.176470588235294,13,14.615916955017303,17,84086336,680.0,160.0,0
582d55b0-c068-4f21-9b8f-d90873944bd8,000628,sub-Pa/sub-Pa_ses-20210209T183455.nwb,26,39,494,4.266666666666667,13,17.662222222222226,15,4753057,220.0,100.0,0
5846ab87-f1dc-4471-8686-320c41f1249f,000728,sub-602213820/sub-602213820_ses-613974486-StimC2_ophys.nwb,23,48,605,4.055555555555555,13,13.163580246913579,18,38952928755,13680.0,25.0,1
584aa7ca-269c-47f9-bd48-94bdd061f0f8,001455,sub-603513301/sub-603513301_ses-603902826_icephys.nwb,191,680,96326,5.23936170212766,57,50.15015278406519,188,20349657,560.0,25.0,1
58586982-a398-4318-8916-946c40c1bc87,001836,sub-julio/sub-julio_ses-julio-20230803_obj-joabs3_behavior.nwb,108,76,1751,2.6,65,49.06105263157894,95,36329152,80.0,25.0,1
585f1267-6ff0-4b15-b14c-c6e219ee9839,000239,sub-MX200101/sub-MX200101_ses-20200928T133528.nwb,18,63,1228,6.153846153846154,29,58.13017751479289,13,428272,100.0,60.0,0
586359fe-e1dc-4e0e-b7c9-3b7c4f064597,001550,sub-P101/sub-P101_ses-TaskSwitch4-170831a.nwb,35,112,2625,4.709677419354839,38,47.36732570239335,31,1244617,60.0,25.0,1
586b87f9-3943-4224-8b9c-440faffeefce,001550,sub-P007/sub-P007_ses-TaskSwitch2-150829a.nwb,33,109,2496,4.862068965517241,37,47.49821640903686,29,1740408,25.0,25.0,1
586bc938-de1c-4630-96a9-ccb95d90ac6e,000773,sub-ant1-m1-d20-y2023/sub-ant1-m1-d20-y2023_ses-m1-d20-y2023-ant1-0-48x-3-hexanone-40-t138-z5um_ophys.nwb,22,48,624,4.176470588235294,13,14.615916955017303,17,84086336,580.0,140.0,0
5875177b-46aa-4161-a0c5-1eea3a8eb963,000467,sub-ant2-m4-d20-y2022/sub-ant2-m4-d20-y2022_ses-m4-d20-y2022-ant2-0-12x-6-methyl-5-hepten-2-one-40-t145-z50um_ophys.nwb,22,48,624,4.176470588235294,13,14.615916955017303,17,84086336,660.0,160.0,0
588a3e1d-b1ec-478e-b2a4-9851ff932ccf,000341,Human_persistent_RAF/sub-160909/sub-160909_ses-1609093rm-7-1-4_icephys.nwb,5730,25730,220001162,6.4922270742358075,2854,2835.8719483152486,5725,1779239832,363540.0,180.0,0
588d72d0-394a-4203-a5a5-f9de149dae2e,001702,sub-5XFAD--Veh-H-Fig5/sub-5XFAD--Veh-H-Fig5_obj-ayalpa.nwb,16,37,446,4.7272727272727275,13,15.47107438016529,11,185480,25.0,25.0,1
588f57da-b20c-43bf-8258-1624c2f6c8eb,001361,sub-m14/sub-m14_ses-14_behavior+ophys.nwb,46,80,1970,3.119047619047619,13,8.200113378684808,42,370050636,900.0,25.0,1
58991602-a5b3-4ad1-af90-723623870ceb,001169,sub-G027/sub-G027_ses-RWTautowait2-20210107-100131.nwb,32,117,3004,5.481481481481482,31,46.397805212620035,27,1092517,100.0,25.0,1
58996706-db5c-49ce-a1ff-be7b6eb32ddc,000773,sub-ant4-m1-d20-y2023/sub-ant4-m1-d20-y2023_ses-m1-d20-y2023-ant4-0-48x-ethylpyrazine-40-t189-z40um_ophys.nwb,22,48,624,4.176470588235294,13,14.615916955017303,17,84086336,580.0,140.0,0
58a981bf-5bba-4df8-9e39-bc624af63b2b,000773,sub-ant5-m4-d6-y2023/sub-ant5-m4-d6-y2023_ses-m4-d6-y2023-ant5-0-48x-ethanol-40-t179-z95um_ophys.nwb,22,48,624,4.176470588235294,13,14.615916955017303,17,84086336,580.0,140.0,0
58b17c37-5598-4581-b249-08ea78825b28,000766,sub-PC12-cell/sub-PC12-cell_ses-20210302T153000_obj-ebvyag.nwb,17,35,401,3.923076923076923,13,13.609467455621298,13,183224,80.0,25.0,1
58b7dd7a-8a56-4d27-9818-b59c6fb37b5d,000773,sub-ant1-m4-d6-y2023/sub-ant1-m4-d6-y2023_ses-m4-d6-y2023-ant1-0-48x-3-hexanone-40-t127-z10um_ophys.nwb,22,48,624,4.176470588235294,13,14.615916955017303,17,84086336,600.0,140.0,0
58da58b3-3a6b-42c4-abca-d9d44b9d0a48,001281,sub-160304/sub-160304_ses-1603041oa-5-2-1_icephys.nwb,84,323,27356,5.936708860759493,31,21.27447524435186,79,28826640,8280.0,160.0,0
58e804eb-a6bd-4744-bb53-bc2e5372dd01,001550,sub-P130/sub-P130_ses-TaskSwitch4-180803a.nwb,35,112,2625,4.709677419354839,38,47.36732570239335,31,1278199,40.0,25.0,1
58eceee6-d746-47f0-a98d-a56a328ff9de,000766,sub-Calcacre/sub-Calcacre_ses-20210511T153000_obj-ctf7x5.nwb,17,35,401,3.923076923076923,13,13.609467455621298,13,194824,80.0,25.0,1
58f262f3-ee8d-4c9d-b1e2-1a87e08d13e6,000467,sub-ant2-m4-d20-y2022/sub-ant2-m4-d20-y2022_ses-m4-d20-y2022-ant2-1x-paraffin-oil-40-t127-z40um_ophys.nwb,22,48,624,4.176470588235294,13,14.615916955017303,17,84086336,660.0,160.0,0
58f5cc94-4d75-4c9f-9f7a-be643376e978,000939,sub-A9701/sub-A9701_ses-210805_behavior+ecephys+ogen.nwb,41,92,1299,3.7777777777777777,13,13.172839506172838,36,23072413263,3340.0,25.0,1
58f7c033-464f-438f-9368-cbcdfab9f6e8,001550,sub-P049/sub-P049_ses-TaskSwitch4-170925a.nwb,35,112,2625,4.709677419354839,38,47.36732570239335,31,1329748,80.0,25.0,1
58fd71e0-2e7c-4b44-87c5-c182a321d435,001169,sub-G006/sub-G006_ses-RWTautowait2-20200211-121215.nwb,32,115,2844,5.407407407407407,29,42.7599451303155,27,1127068,1400.0,160.0,0
59055471-b26e-4166-9ec4-a8729d2acbd5,000711,sub-484408/sub-484408_ses-20191106T090204_obj-132yyj4_image+ophys.nwb,78,229,9548,4.342465753424658,24,25.896415837868265,73,397656017,460.0,25.0,1
59072cde-40e8-4f72-961c-4404989194b7,001612,sub-480483/sub-480483_ses-3_ophys.nwb,49,99,3510,4.05,13,9.8475,40,1248731328,520.0,25.0,1
59372cdf-489d-4eb1-b1f0-9ebc621c6648,000336,sub-698808/sub-698808_ses-1315607900-acq-1315851725-raw-movies_image+ophys.nwb,89,449,49996,6.488095238095238,30,46.368905895691604,84,23802888123,1680.0,25.0,1
59394eeb-29a8-4beb-9464-ff243b355f2f,000773,sub-ant4-m1-d11-y2023/sub-ant4-m1-d11-y2023_ses-m1-d11-y2023-ant4-0-03x-ethanol-40-t198-z115um_ophys.nwb,22,48,624,4.176470588235294,13,14.615916955017303,17,84086336,600.0,160.0,0
5942d857-e338-4cfb-84c4-67422d6587cb,000711,sub-550603/sub-550603_ses-20210315T111146_obj-l73f9v_image+ophys.nwb,78,229,9548,4.342465753424658,24,25.896415837868265,73,240866079,500.0,25.0,1
595ef0c7-36ec-45bc-b236-6df0cbc46b2d,000467,sub-ant2-m4-d21-y2022/sub-ant2-m4-d21-y2022_ses-m4-d21-y2022-ant2-0-48x-4-methyl-3-heptanone-40-t126-z120um_ophys.nwb,22,48,624,4.176470588235294,13,14.615916955017303,17,84086336,620.0,160.0,0
5970e011-6c6d-405e-adf8-a01531497802,001169,sub-L019/sub-L019_ses-RWTautowait2-20230426-112620.nwb,32,118,3087,5.518518518518518,32,48.32373113854595,27,761969,25.0,25.0,1
5975bdde-80d6-405c-a31a-a4b9170c458d,000467,sub-ant1-m4-d21-y2022/sub-ant1-m4-d21-y2022_ses-m4-d21-y2022-ant1-0-48x-4-methyl-3-heptanone-40-t153-z80um_ophys.nwb,22,48,624,4.176470588235294,13,14.615916955017303,17,84086336,640.0,160.0,0
5980f27d-bbe7-49a0-9f8a-2a1d81aff38c,001033,sub-10-2/sub-10-2_ses-20kHz-sine-stimulation-11V_obj-1vc34o7_image.nwb,17,38,431,4.153846153846154,13,13.668639053254442,13,700607,60.0,25.0,1
5989e8d7-dafb-4e4a-86a5-4143c82c721b,000467,sub-ant2-m10-d11-y2022/sub-ant2-m10-d11-y2022_ses-m10-d11-y2022-ant2-0-48x-ethylpyrazine-40-t149-z160um_ophys.nwb,22,48,624,4.176470588235294,13,14.615916955017303,17,84086336,660.0,160.0,0
5990b098-acc2-407e-a107-331506c62bc4,001552,sub-JF-VR-FP-M6/sub-JF-VR-FP-M6_ses-Day6.nwb,20,42,448,3.8125,13,11.40234375,16,800734,40.0,25.0,1
59934d72-ce8f-4d78-b6ce-a1d6225bd79d,001515,sub-CHO-20230926-c10/sub-CHO-20230926-c10_obj-1hixpkj_image.nwb,17,38,431,4.153846153846154,13,13.668639053254442,13,25594279,60.0,25.0,1
599f9357-a5af-42a4-b8c6-dd56020acc90,001169,sub-G051/sub-G051_ses-RWTautowait2-20220413-152420.nwb,32,117,3004,5.481481481481482,31,46.397805212620035,27,1237519,60.0,25.0,1
59a25e99-947e-4e44-9841-2321ad1a5755,000773,sub-ant4-m4-d6-y2023/sub-ant4-m4-d6-y2023_ses-m4-d6-y2023-ant4-0-48x-4-methyl-3-heptanone-40-t167-z160um_ophys.nwb,22,48,624,4.176470588235294,13,14.615916955017303,17,84086336,580.0,140.0,0
59b0cddb-7793-49ad-a767-4cf7637201a2,000773,sub-ant5-m1-d11-y2023/sub-ant5-m1-d11-y2023_ses-m1-d11-y2023-ant5-0-03x-ethanol-40-t217-z25um_ophys.nwb,22,48,624,4.176470588235294,13,14.615916955017303,17,84086336,600.0,160.0,0
59ce977a-2297-48cb-b012-92e13f3449c1,001455,sub-985736064/sub-985736064_ses-992395825_icephys.nwb,315,1574,693099,6.913461538461538,134,128.0854598126233,312,60227180,860.0,25.0,1
59d5d9d6-4769-4af9-8b19-04528bc15a6b,001281,sub-220512/sub-220512_ses-2205121si-6-1-2_icephys.nwb,110,440,54032,6.076190476190476,44,32.2227664399093,105,35728248,11120.0,140.0,0
5a0b50f4-6565-4238-9796-7ce492fa76c7,000773,sub-ant4-m1-d18-y2023/sub-ant4-m1-d18-y2023_ses-m1-d18-y2023-ant4-0-48x-isopropanol-40-t155-z100um_ophys.nwb,22,48,624,4.176470588235294,13,14.615916955017303,17,84086336,580.0,140.0,0
5a208e28-4455-443e-86f2-6d4e4c7dd23e,001634,sub-Frodo/sub-Frodo_ses-1_obj-7l7kf3_ecephys.nwb,253,64,23788,3.0526315789473686,38,25.681440443213305,114,617864,720.0,140.0,0
5a248633-caec-4718-acac-2a60ad22eb5f,000711,sub-435431/sub-435431_ses-20190509T125316_image.nwb,50,156,5473,4.478260869565218,24,34.72778827977316,46,196039714,500.0,25.0,1
5a3096fa-8527-43d4-a308-761b134b1786,000711,sub-489066/sub-489066_ses-20191106T134215_image.nwb,48,119,2682,3.7954545454545454,26,27.571797520661153,44,66797959,120.0,25.0,1
5a50d343-d93e-46fc-acf2-ab309397d59e,000488,sub-440299/sub-440299_ses-833016683_behavior+image+ophys.nwb,110,2188,5879857,22.066037735849058,901,12293.174884300466,106,1600722220,85960.0,180.0,0
5a51820e-8329-4f8f-873a-063fdfb928e0,001051,sub-614608/sub-614608_ses-None_probe-595_ecephys.nwb,36,62,1087,3.3,14,12.343333333333334,30,2873136848,1120.0,25.0,1
5a818637-af27-4277-bde4-cbb976d19d0c,001510,sub-LG445/sub-LG445_ses-LG445-20250328_obj-stmaem_ophys.nwb,33,90,1895,4.482758620689655,20,17.42211652794293,29,126529973,25.0,25.0,1
5a90700b-860e-4623-a384-4aceaa19b0a8,001266,sub-231405PP071-cre-30x-P17-Cell1-D4+soma/sub-231405PP071-cre-30x-P17-Cell1-D4+soma_ses-20220623T231405_image.nwb,28,42,516,4.3125,13,16.33984375,16,1714455523,7580.0,25.0,1
5a94861f-dddb-4589-9d32-3536ff97e4d4,001550,sub-P124/sub-P124_ses-TaskSwitch4-171203a.nwb,35,112,2625,4.709677419354839,38,47.36732570239335,31,1104878,100.0,25.0,1
5ac107f7-2e97-40b3-a0a1-4d125982e5b5,000773,sub-ant4-m1-d11-y2023/sub-ant4-m1-d11-y2023_ses-m1-d11-y2023-ant4-0-03x-4-methyl-3-heptanol-40-t199-z155um_ophys.nwb,22,48,624,4.176470588235294,13,14.615916955017303,17,84086336,600.0,160.0,0
5ac75414-b1ed-415b-954e-d08a1c551aae,001634,sub-Bilbo/sub-Bilbo_ses-5_obj-s1shrl_behavior+ecephys.nwb,257,72,23393,3.0,36,23.583333333333332,120,3336000,60.0,25.0,1
5ad5cc9c-02b7-46d3-bc45-284d97c1459d,000773,sub-ant1-m2-d24-y2023/sub-ant1-m2-d24-y2023_ses-m2-d24-y2023-ant1-0-48x-ethanol-40-t125-z95um_ophys.nwb,22,48,624,4.176470588235294,13,14.615916955017303,17,84086336,580.0,140.0,0
5adf9af6-e10e-4cd1-96d6-65fefdded251,001169,sub-S024/sub-S024_ses-RWTautowait2-20210513-154222.nwb,32,117,3004,5.481481481481482,31,46.397805212620035,27,1505174,100.0,25.0,1
5ae053dc-3d34-41c4-ad3d-9b81af2e9940,000952,sub-163/sub-163_ses-20201006.nwb,18,33,385,3.5714285714285716,13,12.959183673469388,14,507696932,260.0,25.0,1
5ae8bf77-21d9-41dc-9a64-a4132097a2cc,001550,sub-P127/sub-P127_ses-TaskSwitch4-171118a.nwb,35,112,2625,4.709677419354839,38,47.36732570239335,31,697246,25.0,25.0,1
5ae8e084-ab50-46c1-bbe8-dde837121584,000951,sub-LC31-fly12/sub-LC31-fly12_ses-(-LC31-fly12-210701-1503--).nwb,18,33,433,3.8461538461538463,13,13.822485207100591,13,187360,420.0,160.0,0
5afc8bb0-bb15-4980-bfee-8484d71a5b12,000054,sub-R3/sub-R3_ses-testing-day12_behavior+ophys.nwb,50,85,2236,3.111111111111111,13,8.94320987654321,45,777030128,520.0,25.0,1
5b012a10-de8a-4f56-b477-e98cf8c8201a,000467,sub-ant1-m4-d27-y2022/sub-ant1-m4-d27-y2022_ses-m4-d27-y2022-ant1-0-12x-4-methyl-3-heptanone-40-t152-z25um_ophys.nwb,22,48,624,4.176470588235294,13,14.615916955017303,17,84086336,440.0,120.0,0
5b0520ff-54e5-47dd-80cd-f52a1da58b21,001676,sub-A0667/sub-A0667_ses-20230223T093235_behavior+ophys.nwb,35,66,895,3.433333333333333,13,10.245555555555557,30,89248312,220.0,25.0,1
5b15d9aa-4ac1-4acb-9140-a038cd34b099,000871,sub-644972/sub-644972_ses-1238698227-acq-1238864971_image+ophys.nwb,78,420,48024,6.77027027027027,30,49.66344046749452,74,4008767279,3980.0,25.0,1
5b193abb-78d4-4635-8729-17f9c647d9d7,000467,sub-ant1-m4-d27-y2022/sub-ant1-m4-d27-y2022_ses-m4-d27-y2022-ant1-0-12x-4-methyl-3-heptanone-40-t146-z55um_ophys.nwb,22,48,624,4.176470588235294,13,14.615916955017303,17,84086336,460.0,120.0,0
5b1affb1-a6d4-4168-9e57-fb5801fbe726,000959,sub-L/sub-L_ses-20190722_obj-1td1aqm_behavior.nwb,41,275,26986,8.513513513513514,16,33.330898466033595,37,17573480,300.0,60.0,0
5b32a8fa-78c2-4846-aacf-a0d0de9ba83e,000711,sub-563231/sub-563231_ses-20210526T122049_obj-13kwhxk_image+ophys.nwb,73,223,9181,4.5,24,27.25,68,242724341,500.0,25.0,1
5b67c32a-dbbc-4807-ab24-bf6442cad066,001550,sub-P101/sub-P101_ses-TaskSwitch4-170501a.nwb,35,111,2551,4.67741935483871,37,45.25078043704474,31,1127702,25.0,25.0,1
5b6bf89f-1c19-445e-b203-2ad5f9624b57,001634,sub-Bilbo/sub-Bilbo_ses-5_obj-1wuvlbj_ecephys.nwb,252,77,23272,3.130434782608696,36,25.296030245746696,115,906992,25.0,25.0,1
5b7d44b6-2d2b-44d2-af14-380b52dd3271,001169,sub-M050/sub-M050_ses-RWTautowait2-20230526-111955.nwb,32,117,3057,5.481481481481482,32,48.397805212620035,27,1321634,60.0,25.0,1
5b8b1d1f-e764-4f7f-8bcc-4a01ff232436,000467,sub-ant3-m10-d11-y2022/sub-ant3-m10-d11-y2022_ses-m10-d11-y2022-ant3-0-48x-isopropanol-40-t177-z60um_ophys.nwb,22,48,624,4.176470588235294,13,14.615916955017303,17,84086336,660.0,160.0,0
5b8ba361-f2a7-4757-9f3e-4de09b6cb0e2,000467,sub-ant2-m4-d26-y2022/sub-ant2-m4-d26-y2022_ses-m4-d26-y2022-ant2-0-48x-4-methyl-3-hexanol-40-t178-z115um_ophys.nwb,22,48,624,4.176470588235294,13,14.615916955017303,17,84086336,640.0,160.0,0
5ba42c8a-620a-420d-8517-761441a59fa6,000959,sub-L/sub-L_ses-20190807_obj-1jdqft5_behavior.nwb,41,275,26986,8.513513513513514,16,33.330898466033595,37,17597616,260.0,25.0,1
5bc42aed-432b-4f10-ba9f-1c7376d344de,001336,sub-BO14/sub-BO14_ses-BO14-W5D1-062524-30uA_ecephys.nwb,32,53,580,3.1785714285714284,13,8.932397959183673,28,3689063320,3440.0,160.0,0
5bc64e21-92cc-46a1-a58d-5c6b78d6bbd0,000711,sub-453991/sub-453991_ses-20190916T123021_obj-51t2o7_image+ophys.nwb,75,225,9298,4.428571428571429,24,26.73061224489796,70,280770256,300.0,25.0,1
