content_id,dandiset_id,groups,datasets,cophenetic_index,size_bytes,number_of_requests,number_of_downloads,n_datasets_walked,n_zero_storage,D0,D1,D2,evenness,top1_share,top5_share,D1_logical,evenness_logical,total_storage_bytes,total_logical_bytes,share_acquisition,share_processing,share_analysis,share_stimulus,share_intervals,share_units,share_general,share_scratch,share_specifications,share_other
005a769e-65ab-4727-b8e2-eeb8bed416e6,37,46,109,2333,47381116424,33320.0,80.0,109,0,109,1.275842184553502,1.0899871032001107,0.011704974170215614,0.9576153384898225,0.9974038838195651,3.3418017491989622,0.030658731644027177,47334122381,365626701944,0.9576153388278451,0.00925845928804863,0.0,0.030842329815456856,0.0022838587167593356,0.0,4.5633042113125306e-09,0.0,6.760450683425971e-09,2.0281352050277912e-09
007193f7-bc30-4164-a138-db4acdf23cf2,246,31,41,560,8564888,60.0,25.0,41,0,41,1.0096518287697667,1.0022490697036976,0.02462565436023821,0.9988768807959952,0.9999342703773737,1.009157079810143,0.024613587312442512,8398040,8397728,0.0,0.9999237917418826,0.0,0.0,0.0,0.0,3.429371615281661e-05,0.0,3.238850969988235e-05,9.52603226467128e-06
00c49d88-ac72-4a7b-9806-67f596410cf5,1634,252,78,23436,887640,100.0,25.0,78,0,78,2.1987545752736812,1.315246823942831,0.02818916122145745,0.8714517673068074,0.9147789478138075,1.9679057556386992,0.02522956096972691,189073,184481,0.0,0.0,0.0,0.0,0.004120101759637812,0.8725836052741534,0.12101146118166,0.0,0.0018617147874101538,0.0004231169971386713
00d54796-39cd-4f73-a51e-93f3fd74f8aa,1526,17,38,431,34637932,120.0,25.0,38,0,38,1.0002630596286088,1.0000337301453217,0.026322712095489708,0.9999831353500973,0.9999849962769832,1.0000954437819103,0.026318301152155534,34391464,52429100,0.9999837168897492,0.0,0.0,0.0,0.0,0.0,4.652317214527419e-06,0.0,9.304634429054838e-06,2.3261586072637095e-06
00ee6218-496b-44e2-85b8-e050c59a74d2,570,168,667,92969,25088223,26840.0,380.0,667,14,653,60.61529772660437,38.66916357465243,0.09282587706983823,0.07062598180045862,0.25033328622423806,64.66837083849212,0.09903272716461274,10196191,106824336,0.7813928750452007,0.0005802166711078677,0.0,0.02372562459844073,0.0,0.0,0.19426313218338104,0.0,2.824584200119437e-05,9.905659868474414e-06
0100b938-3437-4663-b464-fe6004d3730a,351,25,49,554,21762776,240.0,60.0,49,0,49,4.782778847813855,4.50456121451467,0.09760773158803786,0.3331644657008328,0.9994933971024984,4.781759473550652,0.09758692803164597,21571136,21570768,0.6668073484864219,0.3331644657008328,0.0,0.0,0.0,0.0,6.675587229156591e-06,0.0,1.780156594441758e-05,3.708659571753662e-06
01050afe-b466-4ce2-8a35-ccfcf2be3262,951,18,33,433,187360,440.0,180.0,33,0,33,33.0,32.99999999999999,1.0,0.030303030303030304,0.15151515151515152,33.0,1.0,528,264,0.0,0.0,0.0,0.0,0.0,0.0,0.18181818181818182,0.0,0.6666666666666666,0.15151515151515152
01056498-1fd5-4fd5-8d3d-b4c70a111f0d,1347,17,36,413,2783088,80.0,40.0,36,0,36,1.0027729383879167,1.0004259699735334,0.027854803844108798,0.9997870823806041,0.9998117684814036,1.0014796355549622,0.027818878765415618,2592552,2592280,0.9997901681432041,0.0,0.0,0.0,0.0,0.0,5.554372679892245e-05,0.0,0.00012343050399760545,3.085762599940136e-05
011cdd2c-78cb-414c-a11b-f9f975357a34,1258,36,74,1456,3759744,160.0,60.0,74,0,74,5.388836818663458,4.470274241302304,0.07282211917112781,0.2363957463687362,0.9500972744272143,5.1417267938965825,0.06948279451211598,3388352,3349776,0.9455853465047315,0.0,0.0,0.0,0.05417146742723306,0.0,0.00011569045955083769,0.0,0.00010388531061707874,2.3610297867517895e-05
0123f79e-501a-4d70-9e9a-1b260eb0aa21,1552,24,49,497,1587864,80.0,25.0,49,0,49,3.2173742090224646,2.5114536398244995,0.0656606981433156,0.5015259879125988,0.9692117154811717,4.260764816806976,0.08695438401646889,1344375,12557940,0.9979083217108322,0.0016870292887029288,0.0,0.0,0.0,0.0,0.00010711297071129707,0.0,0.00023802882380288237,5.9507205950720594e-05
0131750d-2670-4250-9f8b-3e4b2b72185c,971,22,48,629,216776,80.0,60.0,48,0,48,30.920202113382917,16.95607316125312,0.6441708773621441,0.16079105760963028,0.4084264832330181,15.929299617500176,0.33186040869792033,1163,832,0.0,0.16079105760963028,0.0,0.0,0.0,0.0,0.4402407566638005,0.0,0.3301805674978504,0.06878761822871883
0137953b-9715-42b9-ad92-4ca42e42a1c7,1084,52,86,2088,6339775838,2240.0,25.0,86,0,86,1.6226751092086062,1.4313443928817562,0.018868315223355886,0.815372688629268,0.999961656902199,1.6329501399967032,0.01898779232554306,6339393892,7324542874,0.8155832701174581,0.1844160414886553,0.0,0.0,0.0,0.0,6.202485706026232e-07,0.0,5.552581303461937e-08,1.2619502962413492e-08
015dd50c-80af-47cc-9642-3f52bd3c1f7b,1065,145,588,89125,18129182,620.0,80.0,588,0,588,43.15366142424009,26.55681186367061,0.07339058065346954,0.08411281765244588,0.3551409674105025,77.92547672942156,0.13252632096840403,13722427,118281988,0.8747941599543579,0.0,0.0,0.038538736624359526,0.0015815715397866574,0.0,0.08505674688595538,0.0,2.0987541052322595e-05,7.797454488189298e-06
015fa704-fb54-4ac6-898f-d4972619e1a8,409,53,179,4849,712157082,1380.0,25.0,179,0,179,4.831957677776644,3.788631931105432,0.02699417697081924,0.36901319765678553,0.9211616361595779,5.283134289554725,0.02951471670142304,711100247,1029957273,0.0,0.11784140612174475,0.0,0.0,0.00011085778739716849,0.8820026960277515,4.429755176276855e-05,0.0,6.30009625070486e-07,1.1250171876258679e-07
01882761-9aec-4f41-92e5-5c81c5310c75,1201,31,71,972,40417202,520.0,220.0,71,0,71,2.683403427991585,2.221436499025824,0.03779441447875472,0.47429642301746344,0.9634146092542226,2.679066590648528,0.03773333226265532,40173358,40166222,0.0,0.0,0.9980178405798191,0.0,0.0016615489300147626,0.0,0.00031065364264545674,0.0,7.965478016550172e-06,1.991369504137543e-06
01a01a4b-74f3-4112-84a8-423e650b55da,1184,43,77,1114,224077676,1840.0,140.0,77,2,75,1.7991084709461347,1.4366640300797302,0.02398811294594846,0.8192588170626046,0.9886275787831277,1.7990577426216494,0.02398743656828866,223825336,223824936,2.501950896211321e-07,0.9999937093806038,0.0,0.0,2.4304665848909975e-06,0.0,1.822849938668248e-06,0.0,1.429686226406469e-06,3.5742155660161723e-07
01ac7679-1778-4133-8cb7-6024f43c9303,1552,20,42,448,1613606,80.0,25.0,42,0,42,2.122620915046408,2.032008524712458,0.05053859321539066,0.5316245557841156,0.9995950992549103,4.001055465641049,0.09526322537240593,1383055,16293424,0.9996066678476272,0.0,0.0,0.0,0.0,0.0,0.00010411733445163064,0.0,0.00023137185433695696,5.784296358423924e-05
01ba9a69-fc3b-4a13-8cf9-fde0aba3ef2c,1518,17,38,431,36729431,100.0,25.0,38,0,38,1.000248915850884,1.0000317964144392,0.02632233989081274,0.999984102168456,0.9999858564119367,1.0000954437819103,0.026318301152155534,36482963,52429100,0.9999846503695438,0.0,0.0,0.0,0.0,0.0,4.385608701793218e-06,0.0,8.771217403586435e-06,2.192804350896609e-06
01be77d3-0d23-49c2-ab85-80a64751377e,988,30,41,457,472241520,300.0,25.0,41,0,41,2.1920028005715673,1.3984443762235084,0.053463482940769934,0.8440886583829186,0.9118597269002144,2.1919934849404132,0.053463255730253983,472177888,472177768,0.9999994917169861,0.0,0.0,0.0,0.0,0.0,3.388553425864788e-07,0.0,0.0,1.694276712932394e-07
01e9105e-ab4f-4bfe-b766-09d971af09f0,1776,446,1301,590166,46656256,1200.0,25.0,1301,0,1301,224.03567102859802,138.68045862387712,0.1722026679697141,0.03338755564553427,0.09219253713357801,216.25642573479524,0.16622323269392408,42538454,360700656,0.5404154086088789,1.3164559294985193e-06,0.0,0.4590198317973662,0.0,0.0,0.000554792141717233,0.0,6.394214514707093e-06,2.2567815934260328e-06
020fff3e-fa5a-4cad-8873-80c57c7879a7,1841,509,1492,783058,14331448,320.0,25.0,1492,0,1492,238.72583652813177,208.71884026680522,0.16000391188212584,0.006032360607789015,0.02995753491759613,396.2705497729035,0.26559688322580666,11548547,216028255,0.9829440881177519,0.0,0.0,0.015409730765264236,0.0,0.0,0.001611544725063681,0.0,2.7709113536101123e-05,6.927278384025281e-06
0210e42f-7f5b-49a7-b82a-e3a02a6a0584,1181,18,54,762,218464,60.0,25.0,54,0,54,20.40752953738725,17.92245032148208,0.3779172136553195,0.058941728064300064,0.29470864032150035,18.978312471232535,0.35145023094875066,17916,17604,0.0,0.0,0.0,0.0,0.9651707970529136,0.0,0.012502790801518195,0.0,0.017861129716454566,0.004465282429113641
0254c31f-10c2-4ae9-b05f-eb1dc701a235,1187,53,588,468672,369896985,25440.0,220.0,588,0,588,36.804971347909444,3.5732909715510934,0.06259348868692083,0.5285760636078864,0.5335654199643113,36.804265366499884,0.06259228803826511,369280498,369279938,0.0001231746605800992,0.0,0.0,0.4689534620374131,0.00010902281657993215,0.5308101160543821,3.0979160995390557e-06,0.0,8.665499579130226e-07,2.5996498737390675e-07
025c13c1-96df-47dd-913a-3149613afea7,1777,120,339,47115,48495544,760.0,25.0,339,0,339,100.054721177122,100.0092667824464,0.295146670139003,0.00999953668813345,0.04999768344066725,100.0478179685544,0.2951263066919009,48002224,48001912,0.9999870006023054,0.0,0.0,0.0,0.0,0.0,4.666450454462277e-06,0.0,6.666357792088967e-06,1.6665894480222417e-06
027c8f97-0908-4148-a0bf-7c4024d917a4,971,30,56,729,244560,60.0,60.0,56,0,56,14.522542301912006,5.892933900674176,0.259331112534143,0.3140233133168492,0.681031437654539,5.388156753574265,0.09621708488525473,2831,6904,0.0,0.3751324620275521,0.0,0.26598375132462027,0.0,0.0,0.19498410455669374,0.0,0.13564111621335218,0.0282585658777817
029f2922-284e-43b3-b894-87b47189b1d9,1607,253,68,23206,5662986,100.0,25.0,68,0,68,3.3669831392947596,2.8815243554221777,0.049514457930805285,0.48036950048644345,0.9915671341109876,3.6548684035653074,0.05374806475831334,2543975,1928495,0.0,0.0,0.0,0.0,8.058255289458426e-05,0.0,0.008987509704301339,0.9907620947532897,0.00013836613960435933,3.144684991008166e-05
02a5f418-f92c-4a9f-a500-d7204d455973,8,181,538,87573,8850915,14740.0,480.0,538,0,538,83.65965086814118,80.70619092323162,0.15550120979208398,0.013557142796866484,0.06732772313724497,159.29860807130783,0.29609406704704055,7821117,28626339,0.992333320163859,0.0,0.0,0.007137471540190487,0.0,0.0,0.00047806470610272164,0.0,4.0914871878275186e-05,1.0228717969568796e-05
02be558a-caac-4b37-88cf-281804f589ff,1051,36,62,1087,3312962872,1380.0,25.0,62,0,62,1.1120979593151956,1.0433578361235605,0.01793706385992251,0.9787887790899398,0.9999955999901066,1.1120843933827538,0.017936845054560543,3312719824,3312717192,0.9991803279044826,0.0008163153371463629,0.0,0.0,0.0,0.0,3.197372721732473e-06,0.0,1.3523630847206836e-07,2.4149340798583635e-08
037ab83d-7c48-470d-b1ec-5bb51cfb530d,952,18,33,385,494126372,680.0,25.0,33,0,33,1.001245628021062,1.00023114006113,0.030340776606698847,0.9998844463518116,0.9999991091946667,1.0012373741555547,0.030340526489562262,493935076,493934844,0.9999990606052849,0.0,0.0,0.0,0.0,0.0,1.2957168484224028e-07,0.0,6.478584242112013e-07,1.6196460605280034e-07
037f3a81-05b7-49e5-b269-a4a1d708b819,1856,256,1028,263657,56830735,760.0,25.0,1028,22,1006,16.03839353674111,5.29504613860047,0.01594273711405677,0.36247608934502334,0.6839694782736431,12.448374316203738,0.012374129538969918,40995322,1074426096,0.5177437074405709,4.73712586036036e-05,0.0,0.026181792156675827,0.0017527121753062459,0.0,0.45426475733011684,0.0,7.025191801152337e-06,2.634446925432126e-06
03837a74-e74b-4d75-8669-895452dbfbd6,1461,590,5681,14507294,1362865216,2180.0,25.0,5681,0,5681,33.187731233641415,19.001101256920478,0.005841881928118538,0.12213064287441307,0.4421438463554701,33.119958358011566,0.005829952184124549,1356539228,1356321700,0.0042230994001155415,0.9953159098765112,0.0,0.0,0.000459817148759962,0.0,7.253752635305287e-07,0.0,3.8922575116272275e-07,5.8973598661018596e-08
0388bf1e-bcec-4dfc-a696-92d7141c1913,1708,19,51,511,333424,220.0,80.0,51,0,51,1.0768335271330252,1.0155666160877597,0.02111438288496128,0.9923055640716951,0.9939805433213942,1.0451409854832765,0.02049296049967209,133733,133285,0.0007178482498710117,0.0,0.0,0.0007178482498710117,0.0,0.9938982898760964,0.0016749792496990271,0.0,0.0023928274995700387,0.0005982068748925097
03a5475c-4e01-4b68-ab27-2599f8d94dfc,773,22,48,624,84086336,620.0,160.0,48,0,48,1.0001684552072136,1.0000209809397163,0.020836842816816952,0.9999895096925673,0.999992179952641,1.000095401416789,0.02083532086284977,83886960,83886560,0.9999896050589985,0.0,0.0,0.0,0.0,0.0,5.626619441209933e-06,0.0,3.814657248277921e-06,9.536643120694802e-07
03b2ebd9-4df3-46c9-87be-d7737d93aca5,1640,22,38,452,2450688912,880.0,25.0,38,0,38,1.000011309497998,1.0000012462942502,0.026316087092052583,0.9999993768534384,0.9999997278069702,1.0000102776550652,0.02631605993829119,2450466863,3087533816,0.9999994845880109,0.0,0.0,0.0,0.0,0.0,3.521777882535684e-07,0.0,1.3058736065022234e-07,3.2646840162555585e-08
03ba189f-f95c-4a99-8bda-298c893a81fd,1063,18,21,164,693856,120.0,80.0,21,0,21,1.4315460273299636,1.248708616304527,0.06816885844428398,0.8879789844973669,0.999617675715008,1.4250691624877692,0.06786043630894138,648664,648336,0.9994573461761405,0.0,0.0,0.0,0.0,0.0,0.0003946573264432742,0.0,0.0,0.00014799649741622782
03c4312a-052f-43ef-8e53-7d066c676257,576,27,67,835,21113775,540.0,140.0,67,0,67,2.0244215888204646,1.865043424288209,0.030215247594335293,0.649003501347472,0.9997359110130809,2.007889779336033,0.029968504169194523,20867966,21467983,0.0,0.987896520437114,0.0,0.0,4.317622522482546e-05,0.012012287158221361,2.884804393490003e-05,0.0,1.533450840393357e-05,3.833627100983392e-06
03c5424b-b4c7-4ebe-9926-98909e35f04b,1032,17,38,431,693262,100.0,60.0,38,0,38,1.0133306079637487,1.002335526195465,0.02666659494641444,0.9988342598957266,0.998962893286543,1.0059880795590124,0.026473370514710853,497538,614700,0.9988744578303567,0.0,0.0,0.0,0.0,0.0,0.0003215834770409496,0.0,0.0006431669540818992,0.0001607917385204748
03d55f2c-01cf-4215-85a6-276ebb15ed33,1475,64,168,6490,3526600,540.0,80.0,168,0,168,40.284822692725335,40.06837470794202,0.23979061126622223,0.02497864326001269,0.12489321630006345,40.24845627506718,0.23957414449444747,3202736,3202408,0.49967277977329383,0.0,0.0,0.49967277977329383,0.0,0.0,0.0005295472371122691,0.0,9.991457304005076e-05,2.497864326001269e-05
03e5527f-5988-422d-84f9-079f65976230,1339,34,56,809,53760108,200.0,25.0,56,0,56,1.6736563464843075,1.2308379803952842,0.029886720472934062,0.9004854818748056,0.9710881494178232,1.0624297715598803,0.018971960206426434,53311980,680587988,0.900485631934886,0.09622895266692402,0.0,0.003274461012327811,0.0,0.0,3.4513818470069952e-06,0.0,6.002403212186079e-06,1.5006008030465198e-06
03f9cf7e-bcb9-45dd-8ca4-4bba62571a2d,951,18,33,433,187360,420.0,160.0,33,0,33,33.0,32.99999999999999,1.0,0.030303030303030304,0.15151515151515152,33.0,1.0,528,264,0.0,0.0,0.0,0.0,0.0,0.0,0.18181818181818182,0.0,0.6666666666666666,0.15151515151515152
040d9a73-5aa8-4370-b01d-a5ab60daf9d3,1701,30,61,788,36337400,500.0,80.0,61,0,61,2.9376588571956237,2.5662578156200015,0.04815834192123973,0.43790238190136194,0.998737526936213,2.9274308787062666,0.047990670142725685,36041165,36025501,0.0,0.5636843315137011,0.0,0.0,0.0,0.4350211487336772,0.001283421332246058,0.0,8.878736300560761e-06,2.2196840751401904e-06
041c6e64-6bc0-43f5-aec8-7285652f52a1,690,27,55,937,2038957268,720.0,60.0,55,0,55,1.0425317290577156,1.0140452929758357,0.01895512234650392,0.9930260333298233,0.9999955083074433,1.1048057136436453,0.020087376611702644,2037539276,3992642088,0.9999936236811957,0.0,0.0,0.0,0.0,0.0,6.148593132690121e-06,0.0,1.884626247567853e-07,3.9263046824330274e-08
044590e6-5a76-45c2-b2e9-dd788d877e58,1789,26,57,620,29023752,200.0,25.0,57,0,57,6.002214326328972,6.000326670446261,0.10530200572506969,0.1666621297531345,0.8333106487656725,6.001299831953054,0.10528596196408867,28800784,28800440,0.499988055880701,0.0,0.0,0.499988055880701,0.0,0.0,9.99972778518807e-06,0.0,1.1110808650208966e-05,2.7777021625522415e-06
0459b2d8-5635-41fc-b65d-9a69d3e19a15,1516,17,38,431,20935914,80.0,25.0,38,0,38,1.0004225832177347,1.0000560016378144,0.02632691008467723,0.9999720003464233,0.9999750899633696,1.0001542051125492,0.02631984750296182,20714542,31457580,0.999972965851719,0.0,0.0,0.0,0.0,0.0,7.724042365986175e-06,0.0,1.544808473197235e-05,3.862021182993087e-06
04aedb24-1ec8-4992-b32f-a11b8ce890ce,552,42,90,1470,153552379,4220.0,220.0,90,0,90,4.225159155980458,3.1614213337612584,0.046946212844227314,0.5090107045321962,0.9872398603284154,4.33777344190664,0.04819748268785155,153148402,157225702,0.0,0.49084455350699646,0.0,0.0,8.79539049973241e-06,0.5090816683807122,6.216192840196922e-05,0.0,2.2984242434341563e-06,5.223691462350355e-07
04dc0b29-cecb-4c27-a967-07da9750ab5e,1425,62,129,3038,11109189440,6900.0,100.0,129,0,129,3.0304148005566973,2.307535488626028,0.023491587601214708,0.4729570246251779,0.9436343042473809,3.5973784497871244,0.027886654649512593,11104227432,13252252936,0.995739253965237,0.004260370682220371,2.881785355709022e-09,0.0,2.939421062823202e-07,0.0,3.962454864099905e-08,0.0,3.169963891279924e-08,7.204463389272555e-09
04fc7f38-18a2-41d3-8adb-42e24845a583,1872,26,46,634,1457152031,220.0,25.0,46,0,46,1.0001447076514134,1.0000195736314135,0.021742276253291594,0.9999902133211612,0.9999967835336626,1.0000879336151172,0.021741042035111242,1456878297,4284452972,0.9999921791682782,0.0,0.0,0.0,0.0,0.0,7.524307296342407e-06,0.0,2.41612494828729e-07,5.491193064289295e-08
04fd9b82-57ef-403f-b6f4-6dd2a4aa3cf5,1201,31,70,930,36463208,540.0,220.0,70,0,70,2.6872149454410064,2.222313838135382,0.03838878493487152,0.4742026845276626,0.9632242029468147,2.682453744677507,0.03832076778110724,36219854,36212718,0.0,0.0,0.9978226858672594,0.0,0.0018429119013014244,0.0,0.00032335856461486565,0.0,8.834933459422559e-06,2.2087333648556397e-06
05129448-01e4-43c4-b3f6-e671138335f6,1620,24,49,608,2408084,80.0,25.0,49,0,49,1.0047437416213407,1.0007466626398263,0.02050497431880287,0.9996268758094169,0.999692081978645,1.0014460796226334,0.02043767509433946,2208380,4178352,0.9996377435042882,0.0,0.0,0.0,0.0,0.0,0.0001666379880274228,0.0,0.00015939285811318704,3.6225649571178875e-05
051655d8-4641-41a1-8312-bec72f58fb71,1035,17,38,431,667427,80.0,25.0,38,0,38,1.013929501967899,1.002450270644692,0.026682355314944714,0.9987770911214707,0.9989120327908257,1.0059880795590124,0.026473370514710853,474279,614700,0.9988192603931442,0.0,0.0,0.0,0.0,0.0,0.00033735417338739434,0.0,0.0006747083467747887,0.00016867708669369717
054daca4-d915-4148-8471-36879b0e7f81,728,23,48,605,47421707228,18180.0,25.0,48,0,48,1.0003584862903276,1.0000592237688055,0.02084080179771516,0.9999703892023002,0.9999999858291172,1.0004198324645193,0.020842079843010817,47421181092,53560685424,0.9999999851543132,0.0,0.0,0.0,0.0,0.0,6.410637461986055e-09,0.0,6.748039433669532e-09,1.687009858417383e-09
0560da9d-d37c-4eb1-8e7b-9b5aae8eb648,405,19,42,447,5045288,740.0,180.0,42,0,42,1.8947662864889594,1.800772063334046,0.04511348301164189,0.6665237360951918,0.9998680640878693,1.8928372021912345,0.04506755243312463,4850840,4850408,0.999887854474689,0.0,0.0,0.0,0.0,0.0,2.9685580229403567e-05,0.0,6.596795606534126e-05,1.6491989016335316e-05
0562aa7a-ac42-48f1-807b-28629a144e32,1708,21,55,530,981528,260.0,80.0,55,0,55,2.796481365088113,2.5273835328494463,0.05084511572887478,0.5346392903723507,0.9980934200985491,3.020137212370173,0.05491158567945769,431663,315855,0.802125732342128,0.0,0.0,0.00038919249507138673,0.0,0.19603950303824974,0.0005189233267618489,0.0,0.0007413190382312127,0.00018532975955780318
0587436e-be44-47a0-8615-9b329feefbac,773,22,48,624,84086336,620.0,160.0,48,0,48,1.0001684552072136,1.0000209809397163,0.020836842816816952,0.9999895096925673,0.999992179952641,1.000095401416789,0.02083532086284977,83886960,83886560,0.9999896050589985,0.0,0.0,0.0,0.0,0.0,5.626619441209933e-06,0.0,3.814657248277921e-06,9.536643120694802e-07
059ce8ff-422c-483d-b492-6ecd798557b1,1692,64,106,3243,8761665581,1340.0,25.0,106,0,106,2.122801666065055,2.0276874222001435,0.020026430811934483,0.5221413789361017,0.9946322191025995,2.148459736848127,0.020268488083472896,8761223660,9870708174,0.992695256109921,0.0073037246260643915,0.0,0.0,0.0,0.0,9.699558337721972e-07,0.0,4.0177036183550645e-08,9.131144587170601e-09
059e94d0-150c-48dd-9e60-bd592c99ee8e,1435,26,49,692,15516307782,7380.0,80.0,49,0,49,1.0000085209325058,1.0000009352994772,0.020408337161887873,0.999999532350579,0.9999997633394883,1.0000025365851886,0.020408215032350786,15515896470,41580893488,0.9999995658645948,0.0,0.0,0.0,0.0,0.0,4.042305910023902e-07,0.0,2.474881169402389e-08,5.156002436254977e-09
05a43a52-9ecb-47bc-97aa-4854ffe83f24,1452,61,153,8258,3573376,260.0,25.0,153,0,153,41.14102362818814,41.028402896649425,0.2688955792692035,0.024381799474328402,0.12190899737164201,41.11448565534428,0.2687221284663025,3281136,3280896,0.9998537092031541,0.0,0.0,0.0,0.0,0.0,2.4381799474328403e-05,0.0,9.752719789731361e-05,2.4381799474328403e-05
05ba3c8f-7a76-485a-b753-5d8acb1616c8,248,27,55,937,2325662767,1440.0,80.0,55,0,55,1.123833449087074,1.0511175432263242,0.0204333354379468,0.9750624485699514,0.9999963305583894,1.1114686871415638,0.02020852158439207,2324331848,4118184785,0.9999947989354402,0.0,0.0,0.0,0.0,0.0,5.001437299068494e-06,0.0,1.6520876755632701e-07,3.4418493240901463e-08
05c270fc-4a5f-4ca1-97c4-2526deae0cb9,947,34,88,1378,5402503201,3240.0,200.0,88,0,88,2.6752948130745255,2.4750029705450376,0.030401077421301426,0.44242399859315534,0.999996007552308,2.9138310104962466,0.03311171602836644,5402199769,6198998264,0.11264441116968253,0.8871623853123748,0.0,0.0,2.274628952174908e-06,0.00018975010992415596,1.0988116422615767e-06,0.0,6.515864185917705e-08,1.4808782240722057e-08
05cc77ad-3937-4017-a698-47571cd7f540,1676,35,66,895,80679408,260.0,25.0,66,0,66,4.0128902535163675,3.0556563302806916,0.06080136747752072,0.4845691545359491,0.9539685651980415,4.012633957561915,0.060797484205483567,80459104,80458744,0.07966770298610334,0.919576931903194,0.0,0.0,0.0,0.0,4.3748933619743015e-06,0.0007460187476112088,3.977175783613002e-06,9.942939459032504e-07
05d5369b-32f3-46b3-bb2e-c6b2916fc401,336,67,256,14371,126541178,1060.0,25.0,256,0,256,50.08313381931138,30.178352445290734,0.19563724148168507,0.07594502162900164,0.3275579528337358,45.35002351732306,0.1771485293645432,114602377,120324963,0.43531348394283303,0.47065818713341345,0.0,0.0,0.09402113884601189,0.0,2.5828434605680124e-06,0.0,3.909168480859694e-06,6.980658001535168e-07
05d9533b-de3d-41a8-aefb-5ba8ee0f46c0,579,85,193,12100,661107357,7420.0,180.0,193,0,193,19.04763942038293,14.189372825502126,0.09869243222996336,0.12126334615661713,0.4524184945648032,19.041248234998072,0.09865931727978276,660625115,660595899,0.27578855672176494,0.7239463852354447,0.0,0.0,0.00026315681322530406,0.0,1.247303472560228e-06,0.0,5.328286678898061e-07,1.210974245204105e-07
05f2c053-4b80-48a3-a6e4-b8a4a0230d22,954,23,52,488,1106836,420.0,320.0,52,0,52,1.877132509120482,1.4101475398708643,0.03609870209847081,0.8350665837406388,0.9951379238601101,1.8676115945360021,0.03591560758723081,898793,898289,0.16010694342301288,0.0,0.0,0.0,0.0018713986424015317,0.8374164017743796,0.00016021486593687312,0.0,0.0003560330354152736,8.90082588538184e-05
06040f49-34dc-473a-ac9a-f926e8ac6d54,1199,28,47,646,553216,80.0,25.0,47,0,47,1.2914417643932048,1.087350790036144,0.027477484348791593,0.9588152267795824,0.9916998462154248,1.2654311535992908,0.026924067097857253,379752,378728,0.0,0.0,0.0,0.0,0.03153637110535297,0.9590258905812215,0.008384419305230782,0.0,0.0008426552065558575,0.00021066380163896437
060a6129-7e17-436e-9ba1-c039a856bfa3,1181,25,70,952,675197,60.0,25.0,70,0,70,2.7453222374654804,2.0943363829309303,0.039218889106649724,0.59225830997472,0.9541155088205027,2.6317629956197814,0.037596614223139736,436313,560852,0.948119813069975,0.0,0.0,0.015475129093105179,0.034974891878078354,0.0,0.0005133929083020676,0.0,0.000733418440431525,0.00018335461010788126
0615ec65-cb24-43d6-acaa-8958492b2655,981,42,99,3045,1950889487,1440.0,25.0,99,0,99,1.2681483539672884,1.087711951257013,0.012809579333002913,0.9586198396327245,0.9955009824406869,1.0143065847595778,0.010245521058177554,1713220475,180519130809,0.9734992024304403,0.026500141495215318,0.0,0.0,0.0,0.0,4.0391765689118327e-07,0.0,2.0546100466141113e-07,4.669568287759344e-08
0616c832-f9f3-47ea-b8c9-87ef29198000,713,48,115,2402,191462652,320.0,25.0,115,0,115,2.800781954151995,1.6345430578200266,0.024354625688278217,0.7753244211581647,0.9041119404498515,2.7834190842097914,0.024203644210519924,190186193,190022761,0.04249595552922183,0.08004152015388415,0.0,0.8726458918077192,0.004812762617315758,0.0,9.254089228233302e-07,0.0,2.523842516790901e-06,4.206404194651501e-07
063a5840-c1c4-49b3-889c-9f14142415f8,336,89,449,49996,23838601019,1320.0,25.0,449,0,449,2.542011194332556,1.4618414926797563,0.005661494864883198,0.8256003250032724,0.902338013185858,2.5650349405594883,0.005712772696123582,23824104730,23860439424,0.827693008088955,0.007364647233902585,0.0,0.16449003445931376,0.0004522749594208991,0.0,1.3095980039372502e-08,0.0,1.8804484159098976e-08,3.357943599839103e-09
06535891-a77f-4b02-a1bd-a203bbaa73f7,293,49,158,5436,1509012,4620.0,480.0,158,0,158,13.74889282777508,13.22257026790331,0.08701830903655114,0.0776415041579742,0.3860145643490359,26.076943877304267,0.16504394859053334,1180142,5369218,0.9919043640511057,0.0,0.0,0.007131345211000032,0.0,0.0,0.0005982330939836054,0.0,0.0002982691913346021,6.778845257604593e-05
065de941-1093-4483-97a2-09c361d0701c,728,23,48,605,38700209179,15700.0,25.0,48,0,48,1.0004233878614213,1.0000710061293454,0.02084215391377961,0.9999644984975941,0.9999999826355055,1.0003691698364092,0.020841024371591858,38699657955,60544529072,0.9999999818086247,0.0,0.0,0.0,0.0,0.0,7.855366586275556e-09,0.0,8.268806932921637e-09,2.0672017332304092e-09
066c773d-eaae-4717-9d3b-3fd205ccbbb5,1534,249,981,230456,48364045,600.0,25.0,981,48,933,9.159002814110282,3.066985939985275,0.0098167232734301,0.5472688244040453,0.7891207086604018,27.98462283401648,0.029994236692407805,24505052,367729268,0.7216640878786954,8.953255842917616e-05,0.0,0.02683491551048331,0.001793058835378109,0.0,0.24960224528395206,0.0,1.1752678590520844e-05,4.407254471445316e-06
0672754b-9e67-4c77-9f0d-3506fbe89bdb,579,85,194,12152,1142987253,7760.0,180.0,194,0,194,14.603187622903237,11.002788109644152,0.07527416300465586,0.12560208746590232,0.5826612049381716,14.599219461321542,0.0752537085635131,1142484961,1142448561,0.14695990120783742,0.8528868188751589,0.0,0.0,0.00015216655442696895,0.0,7.352394374318595e-07,0.0,3.081003356857316e-07,7.0022803564939e-08
067eb3da-42df-423e-8994-ed5893d7a4ff,1333,27,44,543,822640,160.0,80.0,44,0,44,1.025175564114446,1.0048892848951003,0.023299444638964682,0.9975640876928431,0.9986467153849127,1.0155918972172022,0.023081634027663687,620712,620104,0.0,0.9977316372166157,0.0,0.0,0.0,0.0,0.0016239415381046282,0.0,0.0005155369962236915,0.00012888424905592287
0691baf1-ccdb-4966-8740-83d11ac20f32,1359,174,666,102101,40602647,740.0,25.0,666,24,642,9.066198419528568,3.476571935698561,0.014121804391789047,0.49674406453754855,0.7909997036318799,18.2872576943061,0.028484825069012617,17623353,279713964,0.6719855750491975,1.9065611407772404e-05,0.0,0.025860402387672766,0.0018590673409310929,0.0,0.3002536463974818,0.0,1.634195263523349e-05,5.901260673834315e-06
06a8e0cb-5d8e-47d4-b147-3851c5848d47,934,194,703,111628,47077336,2900.0,100.0,703,18,685,10.328038881521849,3.53775780618402,0.015077429024119487,0.5027382955979695,0.7633349990541562,22.34069528445872,0.03261415369993974,20209469,301967228,0.6934124295893178,0.00010984949678786711,0.0,0.0422461371944013,0.004971629883001874,0.0,0.25924045802489915,0.0,1.4250745529236814e-05,5.2450660628441055e-06
06e63cf8-d33e-4fdd-863d-7b4b61683546,1702,16,37,446,185480,25.0,25.0,37,0,37,25.789678363765013,12.800000000000002,0.6970183341558112,0.25,0.33333333333333326,25.789678363765013,0.6970183341558112,768,384,0.0,0.0,0.0,0.0,0.0,0.0,0.4791666666666667,0.0,0.4166666666666667,0.10416666666666667
06ea3883-bb4f-4ef3-a882-09b1a111b0a4,971,31,56,745,246032,80.0,60.0,56,0,56,6.892432389966515,2.7517631392048703,0.12307914982083064,0.587892049598833,0.8165572574762948,3.9246621660023933,0.07008325296432845,5484,17872,0.0,0.8147337709700948,0.0,0.0,0.0,0.0,0.10065645514223195,0.0,0.0700218818380744,0.014587892049598834
06f3a9aa-295d-47c8-9c07-876b84e54294,488,110,2188,5879857,1317135476,86240.0,180.0,2188,0,2188,1362.0398842854427,183.0573379400837,0.6225045174979171,0.04938180599881767,0.11483769407923713,1361.56928621991,0.6222894361151325,1313615788,1313297404,0.0,0.11624331969432755,0.0,0.8824244246979163,0.0013317744929539474,0.0,1.7661176283000034e-07,0.0,2.4360243148965563e-07,6.090060787241391e-08
07145b2c-2855-43f8-b896-ae0a9f63577e,1445,22,45,579,203556,25.0,25.0,45,0,45,17.12131748478395,8.847789342585179,0.3804737218840878,0.18385650224215247,0.6524663677130046,10.999638226999672,0.24443640504443714,1784,1472,0.6434977578475336,0.0,0.0,0.0,0.0,0.0,0.13228699551569506,0.0,0.17937219730941703,0.04484304932735426
072f9246-c39b-405e-baf7-680f3c22ff0b,628,1209,3589,12617201,37363399,1000.0,120.0,3589,0,3589,1078.6168033149615,1000.0047951626881,0.3005340772680305,0.0033762797617375353,0.013309144510202342,1076.1541706401194,0.2998479160323543,33637023,33627271,0.9999805274087424,0.0,0.0,0.0,0.0,0.0,7.580932474315578e-06,0.0,9.513327026592098e-06,2.3783317566480244e-06
07501b6d-774a-4863-868b-1be89c672fc4,617,66,196,6715,624852363,1200.0,25.0,196,0,196,12.027696258464966,6.813299587189376,0.06136579723706615,0.18933390027130925,0.7863537605075482,11.86299232295929,0.06052547103550658,584110927,590663901,0.013805596894782966,0.15304913308016235,0.0,0.757335765437581,0.07580751866331718,0.0,5.341451179529124e-07,0.0,1.314818751884092e-06,1.3696028665459292e-07
079fc9a3-e20c-4c88-b3c0-bb38d840e517,1626,264,1007,230718,65670505,1040.0,80.0,1007,48,959,22.764384033969566,7.155011165483386,0.023737626729895274,0.2927549524410362,0.6517210906554924,26.74072645486159,0.027883969191722202,27662924,595045028,0.5800870869615953,0.00030452312271833594,0.0,0.051491628289185916,0.01250464339922996,0.0,0.3555978030377411,0.0,1.0411046930541399e-05,3.904142598953025e-06
07a35fd4-e5b6-468a-b0d8-dd262a94d96c,1349,32,64,1380,31322032,140.0,25.0,64,0,64,6.006630899693054,5.687051125748035,0.09385360780770396,0.1975940020222556,0.8891730091001502,6.005732511857271,0.09383957049776986,31097948,31097588,0.0,0.9999754324626178,0.0,0.0,0.0,0.0,1.1704952365345777e-05,0.0,1.0290068013490794e-05,2.5725170033726986e-06
07b5af34-697c-4485-bb65-d5944deab5b5,341,414,1660,892689,1691015440,4000.0,25.0,1660,0,1660,61.22036446810005,34.80825873152775,0.03687973763138557,0.05312300298679329,0.24139010856667875,61.22018749082192,0.03687963101856742,1689448016,1689447680,0.6624820067858187,0.0,0.0,0.33751444175835477,0.0,0.0,3.314692104737717e-06,0.0,1.8941097741358382e-07,4.7352744353395955e-08
07c58f8f-ce58-45a9-9337-ba20ce077686,1526,17,38,431,33801083,100.0,25.0,38,0,38,1.0002691952728353,1.0000345713936454,0.026322873559811454,0.9999827147472858,0.9999846220855163,1.0000954437819103,0.026318301152155534,33554615,52429100,0.999983310790483,0.0,0.0,0.0,0.0,0.0,4.768345576308952e-06,0.0,9.536691152617904e-06,2.384172788154476e-06
07d0b33d-b7c8-4349-96ec-9ffbef92673e,1702,16,37,446,185480,25.0,25.0,37,0,37,31.325236320919803,21.752941176470582,0.8466280086735082,0.16279069767441862,0.25581395348837205,31.325236320919803,0.8466280086735082,688,344,0.0,0.0,0.0,0.0,0.0,0.0,0.4186046511627907,0.0,0.46511627906976744,0.11627906976744186
07e09157-9913-46ed-ac9d-d63b57444601,1035,17,38,431,720794,100.0,60.0,38,0,38,1.012630625921116,1.002202040764399,0.026648174366345156,0.998900778173245,0.9990220716161972,1.0059880795590124,0.026473370514710853,527646,614700,0.9989386823741675,0.0,0.0,0.0,0.0,0.0,0.000303233607380706,0.0,0.000606467214761412,0.000151616803690353
07e7fef6-d880-4d4d-97c0-48872ad14036,1063,18,21,164,693856,80.0,60.0,21,0,21,1.4315460273299636,1.248708616304527,0.06816885844428398,0.8879789844973669,0.999617675715008,1.4250691624877692,0.06786043630894138,648664,648336,0.9994573461761405,0.0,0.0,0.0,0.0,0.0,0.0003946573264432742,0.0,0.0,0.00014799649741622782
07fbd991-4660-46dd-bb12-a469d1055842,1169,32,117,3004,1006654,80.0,25.0,117,0,117,14.683565655132417,7.787318331128363,0.12550056115497793,0.28230186174601485,0.6472070142757086,20.73810101058134,0.17724872658616528,272701,630795,0.7815152859725487,0.0,0.0,0.0,0.21222144399910525,0.0,0.004679117421644952,0.0,0.001290791012867573,0.0002933615938335393
080e0f9d-403f-4429-8df8-a10820c9579f,713,36,62,1087,4647272192,3720.0,320.0,62,0,62,1.1102128783363812,1.0428678095948956,0.01790665932800615,0.9790188763453488,0.9999963675694611,1.1102030100951459,0.017906500162824933,4647026232,4647023600,0.9994152682028588,0.0005819257015117276,0.0,0.0,0.0,0.0,2.6924745795151344e-06,0.0,9.640573941997924e-08,1.7215310610710578e-08
0812dca0-a664-407d-aa40-e40b68df1996,1776,204,750,167529,39843480,960.0,25.0,750,0,750,101.80840287888036,89.31424428938558,0.13574453717184048,0.013340874681974497,0.06652290707963898,167.21522212050604,0.22295362949400804,36458554,473613592,0.9506877316088839,1.5359907033065546e-06,0.0,0.04902503812959779,0.0,0.0,0.0002760394721085208,0.0,7.460526273203265e-06,2.194272433295078e-06
081bda25-9792-4a5a-a67e-898818e44093,711,50,156,5473,196070528,360.0,25.0,156,0,156,3.0800901133907472,1.6906920627327633,0.01974416739353043,0.762224580683048,0.891017211540298,3.0355703753850736,0.019458784457596627,193454795,193037859,0.04468607769582553,0.08395914404706278,0.0,0.8579010512507587,0.013449922499982489,0.0,9.097732625340199e-07,0.0,2.481199806910963e-06,4.1353330115182725e-07
08266912-7632-4494-8710-88ca7f72e099,1034,17,38,431,701450,60.0,25.0,38,0,38,1.0131323457126888,1.002297648115939,0.02666137751875497,0.9988531339104575,0.9989796846513724,1.0059880795590124,0.026473370514710853,505726,614700,0.9988926810169934,0.0,0.0,0.0,0.0,0.0,0.00031637685228760236,0.0,0.0006327537045752047,0.00015818842614380118
08309a0e-8d8c-43ec-88b2-1efc4279266a,1701,35,64,850,23769438,600.0,80.0,64,0,64,3.5949422351519438,3.0027670243824587,0.05617097242424912,0.47738320973691467,0.9955979697187279,3.563381496405358,0.055677835881333716,23406018,23374994,0.0,0.5182181779062119,0.0,0.0,0.0,0.4778197641307462,0.003944968341048016,0.0,1.367169759503731e-05,3.4179243987593275e-06
08691bd2-2b94-41b0-90da-682f356d5ef9,1640,22,38,452,9853839455,3420.0,25.0,38,0,38,1.0000030281735788,1.0000003099382413,0.0263158691624626,0.9999998450309142,0.9999999323088539,1.000002945163951,0.02631586697799871,9853578166,11574904568,0.9999998718232119,0.0,0.0,0.0,0.0,0.0,8.758239752720504e-08,0.0,3.247551240869712e-08,8.11887810217428e-09
086b9617-79a5-435b-a319-bf3a0e7ff51a,1836,103,83,1904,1442032,80.0,25.0,83,0,83,8.922467747903912,7.708133585161507,0.10749961142052906,0.13606973244058224,0.6803486622029111,8.681735558291296,0.10459922359387103,940165,933589,0.0,0.0,0.0,0.0,0.00047970303085096767,0.0,0.04622167385512117,0.9527710561444002,0.0004424755229135311,8.50914467141406e-05
08cc65d1-4e06-4f60-b646-cf7cc7fae43c,1435,26,49,692,48706902,480.0,100.0,49,0,49,1.0018733112663365,1.0003007761512894,0.020446394107476257,0.99984964476919,0.9999239106384324,1.0000021481857533,0.0204082071058317,48259046,49541125424,0.9998604199511113,0.0,0.0,0.0,0.0,0.0,0.00012996527117423748,0.0,7.957057418830865e-06,1.6577202955897637e-06
08cfd2b1-dbdf-43d7-80b8-3a6380e39ab9,1266,28,42,516,1715243502,4220.0,60.0,42,0,42,1.06703710598203,1.0209010995051921,0.025405645380524526,0.9896838459827103,0.99999966402258,1.0354156384652289,0.024652753296791164,1714400926,3570290032,0.9999996733552861,0.0,0.0,0.0,0.0,0.0,9.332706111709134e-08,0.0,1.8665412223418268e-07,4.666353055854567e-08
08dfb382-3be3-4897-b661-404857119d2a,766,17,35,401,183224,100.0,60.0,35,0,35,7.073266673759485,3.531772575250836,0.20209333353598527,0.375,0.7727272727272727,4.4984979549308,0.12852851299802284,2112,1848,0.75,0.0,0.0,0.0,0.0,0.0,0.06060606060606061,0.0,0.15151515151515152,0.03787878787878788
08e080bd-d3b5-455e-92b0-58449af57900,341,102,358,36081,41064453,920.0,25.0,358,0,358,39.36541004082739,10.593998980908001,0.10995924592409886,0.29673872581104377,0.33279904615526423,39.361657190022974,0.10994876310062283,40598641,40598297,0.7655593447081147,0.0,0.0,0.23440232888583634,0.0,0.0,2.8473859506775116e-05,0.0,7.882037233709375e-06,1.9705093084273437e-06
08f062d8-24a9-4d9f-904a-fc135f724b91,37,46,109,2333,46259158768,24240.0,80.0,109,0,109,1.234367811693361,1.0751467563031392,0.011324475336636339,0.9642469769254153,0.9968766221657877,3.2748539983540503,0.030044532094991288,46212822355,364352796096,0.9642469772716395,0.0025828185753966593,0.0,0.03083091660264817,0.0023392738744575643,0.0,4.674027445039393e-09,0.0,6.924485103762064e-09,2.077345531128619e-09
08f2fc15-80cb-455f-b8c5-c60cb49f9f6e,469,39,133,9471,47345824,4840.0,380.0,133,0,133,15.053813685567818,3.71545677370913,0.11318656906441968,0.5152284292522433,0.5458048969529508,15.052122346065229,0.11317385222605435,47095041,47094601,0.00014925138296407894,0.0,0.0,0.48171848921418287,0.0001605264554287149,0.5179483759234863,1.452382215783611e-05,0.0,6.794770600157244e-06,2.0384311800471732e-06
092b825c-4896-43a8-99c0-c6eed82c538d,579,85,193,12100,554927435,7120.0,180.0,193,0,193,18.507978059388865,12.73993283189975,0.09589625937507185,0.12802967503727247,0.552098594239292,18.50094349339749,0.09585981084661911,554453895,554425679,0.2791468657641949,0.7205493831006453,0.0,0.0,0.00030148584311054394,0.0,1.4861470131795179e-06,0.0,6.348589182514445e-07,1.442861177844192e-07
093e6cfb-70ab-4c4c-bed5-35655613491e,768,193,747,124618,62815310,19140.0,220.0,747,30,717,11.434830107943077,3.8424257149043046,0.015948159146364122,0.4687905654147567,0.7489392950872522,28.746518804342056,0.040092773785693245,22057737,346065360,0.6593153685711277,0.00012630488794022706,0.0,0.03917187878339469,0.010609973271510129,0.0,0.29075861227287275,0.0,1.3056643118013422e-05,4.805570036491051e-06
0949bbf3-1c61-43c8-beee-78843c4e637c,579,66,141,4000,1022245304,5220.0,180.0,141,0,141,5.489752622175968,3.5874124803601775,0.03893441576011325,0.3637333760118889,0.897505049630908,5.488258704147301,0.03892382059678937,1021815276,1021782956,0.23257789307115428,0.7672161714677673,0.0,0.0,0.00020470627608820362,0.0,8.064079871908276e-07,0.0,3.4448496540190695e-07,7.829203759134249e-08
094c66d5-09e3-4d91-8225-c96fb9b3b571,1751,63,285,32479,4319616,1220.0,120.0,285,0,285,33.23369277208969,33.045461845430026,0.11660944832312171,0.030282177580323224,0.1514108879016161,33.17820224084256,0.11641474470471073,3975936,3975216,0.9693516193419612,0.0,0.0,0.03028620178996845,0.0,0.0,0.0002736462558753461,0.0,6.841156396883652e-05,2.012104822612839e-05
095d3ee6-eee7-4f01-881a-ad34edbf3124,1200,29,53,741,505848,100.0,25.0,53,0,53,1.3456695114220893,1.1037972690255815,0.025389990781548855,0.9515847630125036,0.9894106813996315,1.3097412341671348,0.02471209875787047,330144,328936,0.0,0.0,0.0,0.0,0.036275079965106136,0.9534263836386546,0.009086943879034604,0.0,0.000969274013763691,0.00024231850344092276
0988a8f6-fcf0-4c39-89d5-177b967ec73b,1777,222,643,137426,24821336,760.0,25.0,643,0,643,189.31246087093672,180.05856265979597,0.2944206234384708,0.006665582398596495,0.033327911992982476,189.28853169789352,0.2943834085503787,24003904,24003576,0.3333457757538107,0.0,0.0,0.6666248956836355,3.3327911992982475e-06,0.0,9.331815358035093e-06,0.0,1.333116479719299e-05,3.3327911992982475e-06
0988e8a0-16d2-4a22-94c0-369e7fdc8853,336,69,277,15573,23290874048,1060.0,25.0,277,0,277,1.0609012451084048,1.012454919073768,0.003829968393893158,0.9938287628513363,0.9966582728951822,1.0672988666527576,0.0038530645005514716,23276278571,23295776629,0.9959941519124037,0.0035428793201823724,0.0,0.0,0.0004629196186638129,0.0,1.2716809480394666e-08,0.0,3.299496513832129e-08,3.4369755352418014e-09
098bb8ee-ce8e-4889-9930-51365857abc6,1837,22,45,579,198444,25.0,25.0,45,0,45,13.111884964512322,7.007795600179582,0.29137522143360717,0.20819112627986347,0.735494880546075,8.727954961308132,0.19395455469573628,2344,2032,0.7286689419795221,0.0,0.0,0.0,0.0,0.0,0.10068259385665529,0.0,0.13651877133105803,0.034129692832764506
098e0838-8668-4b46-b03e-57a76470abb6,678,29,70,949,22473704,240.0,60.0,70,0,70,11.327493716523504,9.204537254166747,0.16182133880747862,0.1897082461789181,0.5609670134160915,11.32602557365996,0.16180036533799944,22266992,22266752,0.996706694824339,0.0,0.0,0.0,0.0032717486043916484,0.0,4.31131425385162e-06,0.0,1.3652495137196798e-05,3.5927618782096836e-06
09a150af-dc98-476e-b166-e6457d564848,1339,34,56,809,53909007,200.0,25.0,56,0,56,1.4150324526633793,1.1472954443501906,0.025268436654703203,0.932975167655718,0.9950931557852319,1.0417543559038733,0.018602756355426308,53451055,678865220,0.932975317325355,0.06374811498107942,0.0,0.003265641810063431,0.0,0.0,3.44240165137994e-06,0.0,5.986785480660765e-06,1.4966963701651913e-06
09a7f7bb-9a77-4a91-9841-dc6b721dbd00,728,53,208,33579,329922269,1340.0,25.0,208,0,208,36.20262541272616,13.279800017408522,0.1740510837150296,0.17054670481472095,0.5940827195307706,19.585105564092732,0.09415916136583044,329481898,542210311,0.0,0.4431985243693115,0.0,0.5567986287368054,7.102059367158314e-07,0.0,9.226607041094561e-07,0.0,9.712217937994274e-07,2.4280544844985686e-07
09b2a71c-c91d-4b2e-a668-11adc1220678,1550,35,112,2625,1848258,120.0,25.0,112,0,112,16.826018601193333,12.340895588560274,0.15023230893922618,0.16787908468569962,0.5224130936942353,24.087737407698846,0.21506908399731112,951542,2058326,0.638190431951506,0.0,0.0,0.0,0.35649608740339367,0.0,0.0047585918435549875,0.0,0.0004708147407050871,8.407406084019412e-05
09b855b9-1efc-4bad-8667-dcda34149bbd,871,93,472,51243,43355291252,19980.0,25.0,472,0,472,3.259737835519894,2.426952799501753,0.006906224227796386,0.4538499181869703,0.9386122309260965,3.2620341350162647,0.006911089269102256,43338530690,43343664183,0.9081370146007597,0.0011906909897133847,0.0,0.09042364255565859,0.0002486250878478963,0.0,7.199136542762198e-09,0.0,1.772095148987618e-08,1.845932446862102e-09
09c96d05-40a7-4764-8bec-03ba03f6d4dc,1517,17,38,431,34304631,80.0,25.0,38,0,38,1.0002654684406742,1.0000340602446212,0.026322775485280902,0.9999829703087627,0.9999848494471063,1.0000954437819103,0.026318301152155534,34058163,52429100,0.999983557539495,0.0,0.0,0.0,0.0,0.0,4.697845858568473e-06,0.0,9.395691717136946e-06,2.3489229292842364e-06
09cd3ec6-76d8-4cf5-a8a2-edadd06c6d0f,1788,30,55,584,11010489734,1680.0,25.0,55,0,55,1.3304524571831209,1.1753511288947047,0.024190044676056743,0.9188800987329099,0.9999974571255239,1.31451106884622,0.023900201251749454,11004868806,30304634136,0.9188803786090315,0.08042679059630763,0.0,0.0,7.632985134198245e-07,0.0006897776006072271,2.2535479920013867e-06,0.0,2.907803860646951e-08,7.269509651617377e-09
09de58b4-cf2d-41c1-8e1c-85183a948c13,1750,91,240,16602,3941720,1040.0,120.0,240,0,240,68.30581746131097,68.06400842536641,0.28460757275546233,0.014698965192850423,0.07349482596425211,68.25917929263414,0.28441324705264226,3537664,3537376,0.4999185903466242,0.0,0.0,0.4999185903466242,0.0,0.0,6.331861929227875e-05,0.0,7.688689485490991e-05,2.2613792604385267e-05
0a0b678b-5935-4312-a90c-ddc30cdfc266,1374,22,49,722,10677547776,4020.0,25.0,49,0,49,1.0000541649603565,1.0000068728586806,0.020409268672660335,0.9999965635874987,0.9999989284566945,1.000061252837312,0.02040941332321045,10677123304,22915870288,0.9999972776375085,0.0,0.0,0.0,0.0,0.0,2.6848992171196903e-06,0.0,2.9970619509481317e-08,7.492654877370329e-09
0a10a85b-8dc4-4c28-955d-da674bfad83a,1445,22,45,579,203556,25.0,25.0,45,0,45,17.12131748478395,8.847789342585179,0.3804737218840878,0.18385650224215247,0.6524663677130046,10.999638226999672,0.24443640504443714,1784,1472,0.6434977578475336,0.0,0.0,0.0,0.0,0.0,0.13228699551569506,0.0,0.17937219730941703,0.04484304932735426
0a2a1e0f-ec0f-4b29-8dc7-5c477db24415,766,17,35,401,192088,100.0,60.0,35,0,35,5.337919522535643,2.9751650424394844,0.1525119863581612,0.40934065934065933,0.8351648351648351,3.6585062429744664,0.10452874979927047,2912,2648,0.8186813186813187,0.0,0.0,0.0,0.0,0.0,0.04395604395604396,0.0,0.10989010989010989,0.027472527472527472
0a3796ca-8664-45eb-b9bf-265790142602,951,18,33,433,187360,420.0,180.0,33,0,33,33.0,32.99999999999999,1.0,0.030303030303030304,0.15151515151515152,33.0,1.0,528,264,0.0,0.0,0.0,0.0,0.0,0.0,0.18181818181818182,0.0,0.6666666666666666,0.15151515151515152
0a418868-df73-4da7-8232-8a69a3d02b1b,293,55,185,7866,1301596,3820.0,480.0,185,0,185,32.199504007980806,31.37078800196384,0.17405137301611245,0.038909530360104395,0.1923160159246451,32.20539102313093,0.17408319471962663,933396,2644296,0.574103595901418,0.0,0.0,0.42454220930880354,0.0,0.0,0.0008913687223857826,0.0,0.00037711753639398495,8.570853099863295e-05
0a45e921-a37a-47a7-a7b6-c0b217befe9c,230,35,82,1006,26926576,2340.0,140.0,82,0,82,2.893323889631048,1.9910662946132096,0.03528443767842741,0.6839760513968139,0.9628716323892484,2.892192631506957,0.03527064184764582,26690993,26690137,0.0006617962846118164,0.9898518200503068,0.0,0.0,1.1389609970674377e-05,0.009395866238472281,6.294258141688471e-05,0.0,1.3187969439728225e-05,2.997265781756415e-06
0a6f3cb5-a895-464c-91b6-cd710845092b,1517,17,38,431,36607135,100.0,25.0,38,0,38,1.0002496995880183,1.0000319033615006,0.026322360515474166,0.9999840486974565,0.9999858088411855,1.0000954437819103,0.026318301152155534,36360667,52429100,0.9999845987423718,0.0,0.0,0.0,0.0,0.0,4.400359322341364e-06,0.0,8.800718644682729e-06,2.200179661170682e-06
0a8335e3-b22d-41ad-81ab-6b84dcdbeab0,1199,28,47,646,1473808,80.0,25.0,47,0,47,1.0944856851905682,1.0245918657232274,0.02328692947213975,0.9879116349744391,0.9975146567581035,1.086816891855091,0.023123763656491294,1300424,1299400,0.0,0.0,0.0,0.0,0.009209304042373872,0.9880346717685924,0.002448432203650502,0.0,0.0002460735883065831,6.151839707664578e-05
0a926a46-4f7e-45d9-bede-97ba526f1ac6,1359,267,1066,278215,84008161,540.0,25.0,1066,24,1042,11.296324928120512,4.069599721854655,0.010841002810096461,0.35333661936460403,0.7743225149620704,20.065392057890293,0.019256614259011796,38043866,468479668,0.5273612571340673,0.0001013566812584189,0.0,0.029535194977292793,0.006603692695164051,0.0,0.43638814204634196,0.0,7.570208558720084e-06,2.786257316751142e-06
0a947e81-8163-4025-bd84-91752ebcc3fa,1038,54,117,2524,24244984,120.0,25.0,117,0,117,11.097706477933693,8.799268920938381,0.09485219211909139,0.239222134235959,0.6228072993739956,8.372874881937522,0.07156303317895317,23810535,112268786,0.8439882598186055,0.1556771823900639,0.00028164003874755437,0.0,0.0,0.0,3.3430580203258766e-05,0.0,1.6127315072928854e-05,3.3598573068601778e-06
0aa0de37-c5b1-4fac-8361-bfa1e07431a0,1848,28,72,1265,44124840,25.0,25.0,72,0,72,2.0336928625139663,2.0070777598293073,0.028245734201582866,0.4991174991524569,0.9987244066560994,2.032555414860075,0.028229936317501043,43938768,43936560,0.0,0.0,0.0,0.0,0.0015701851267199845,0.998260670394764,0.000161133329910388,0.0,6.190433013506433e-06,1.8207155922077742e-06
0aab34c8-70c6-4969-a185-48b476370fa2,232,1314,2794,6795557,284248346,5160.0,220.0,2794,0,2794,180.69127983911525,148.9144893874268,0.06467118104477998,0.019409358074119986,0.06753301568320133,250.4264696439064,0.08963008935000229,276831618,450974622,0.0,0.9906625911495414,0.0,0.0,0.00012582377783162038,0.009183669186227131,2.6470964743629827e-05,0.0,1.1559373250493373e-06,2.8898433126233433e-07
0ab82328-50e5-4b86-9fb1-6687df6b268e,773,22,48,624,84086336,660.0,160.0,48,0,48,1.0001684552072136,1.0000209809397163,0.020836842816816952,0.9999895096925673,0.999992179952641,1.000095401416789,0.02083532086284977,83886960,83886560,0.9999896050589985,0.0,0.0,0.0,0.0,0.0,5.626619441209933e-06,0.0,3.814657248277921e-06,9.536643120694802e-07
0acc1af5-64e2-4766-95a8-697a4fe74e2c,1169,32,115,2844,1429468,1640.0,160.0,115,0,115,14.76511380074095,7.59914635893994,0.12839229391948653,0.2918083514331005,0.643477857071996,22.13809013920277,0.19250513164524147,473763,1133224,0.7585184997562072,0.0,0.0,0.0,0.23781933160673163,0.0,0.0027503203078332416,0.0,0.0007429875275190337,0.0001688608017088713
0ad3c3a7-73be-4c6e-b981-4c3714e42717,1181,18,54,762,215304,25.0,25.0,54,0,54,20.217534258326367,17.331937356656805,0.37439878256159936,0.061855670103092786,0.30927835051546393,18.60994897342309,0.3446286846930202,15132,14820,0.0,0.0,0.0,0.0,0.9587628865979382,0.0,0.014803066349458101,0.0,0.021147237642083004,0.005286809410520751
0ae0f203-582c-4987-be74-cd5e76d9fd84,1266,32,50,612,604573536,2440.0,25.0,50,0,50,1.2194751016156036,1.0666583811238133,0.02438950203231207,0.9681626411112181,0.9893525748173186,1.1083982810909927,0.022167965621819854,604060408,1310996784,0.9999990729404004,0.0,0.0,0.0,0.0,0.0,2.648741713262558e-07,0.0,5.297483426525116e-07,1.324370856631279e-07
0af4ce07-75fa-45e6-84d1-2b4cca635112,1765,22,48,574,347135328,100.0,25.0,48,0,48,1.0028090603286035,1.0004760860585866,0.020891855423512573,0.9997620389998636,0.9998912026715477,1.0020126569246168,0.020875263685929516,346846752,346821144,0.0,0.0,0.0,0.0,0.0,0.9999188806011942,7.996615173723755e-05,0.0,9.225976548859249e-07,2.3064941372148123e-07
0b013191-fa07-4324-aed1-f3b597f8ee94,1777,120,339,47115,48495544,660.0,25.0,339,0,339,100.054721177122,100.0092667824464,0.295146670139003,0.00999953668813345,0.04999768344066725,100.0478179685544,0.2951263066919009,48002224,48001912,0.9999870006023054,0.0,0.0,0.0,0.0,0.0,4.666450454462277e-06,0.0,6.666357792088967e-06,1.6665894480222417e-06
0b087c80-3bdd-4ee1-9642-648998233856,21,26,52,791,2409645437,6040.0,80.0,52,0,52,1.149201073609821,1.0615286047707322,0.022100020646342713,0.970160854999378,0.9999935694108212,1.118868816055177,0.021516708001061095,2408332980,4754033895,0.9988735515302373,0.0011215824482875287,0.0,0.0,0.0,0.0,4.713218684569108e-06,0.0,1.195847926311253e-07,3.3217997953090355e-08
0b3479de-87b0-496d-a535-3e9af2393a43,1035,17,38,431,694086,100.0,60.0,38,0,38,1.0132475276071258,1.0023196470391929,0.026664408621240154,0.9988421720851682,0.998969932406805,1.0059880795590124,0.026473370514710853,500938,614700,0.9988820971856797,0.0,0.0,0.0,0.0,0.0,0.0003194008040915243,0.0,0.0006388016081830486,0.00015970040204576214
0b8d9fea-da34-48dc-bc83-a337131ec295,1361,46,80,1970,500052544,1060.0,60.0,80,0,80,3.4703334485007056,3.150605970582209,0.04337916810625882,0.325222935331579,0.987050074119167,3.470300813906168,0.0433787601738271,499800544,499800256,9.603831083465167e-08,0.9999987034828037,0.0,0.0,0.0,0.0,4.001596284777153e-07,0.0,6.402554055643444e-07,1.600638513910861e-07
0b944a2f-de00-4ed2-9a30-6b21e9cfcbeb,339,29,43,630,1816467200,740.0,60.0,43,0,43,1.000035738217327,1.0000042371954925,0.023256645074821558,0.9999978814087962,0.9999988680292321,1.0000265797417047,0.023256432087016388,1816301320,1816300296,0.0,0.9999980267591283,0.0,0.0,0.0,0.0,1.7442039848322084e-06,0.0,1.7618222069012207e-07,5.2854666207036616e-08
0bc63bf7-48b5-4f32-9413-15f6c2af74dd,1841,63,158,5382,723604,60.0,25.0,158,0,158,20.074148634838984,18.453749530693365,0.12705157363822142,0.06111269524443177,0.30424864556601083,29.865926691017368,0.18902485247479348,315630,3602474,0.9820739473434085,0.0,0.0,0.01134873110921015,0.0,0.0,0.005310014890853214,0.0,0.0010138453252225706,0.00025346133130564266
0bcba855-7e9b-456e-bd5b-39749b933e19,469,45,93,1637,100155416,600.0,260.0,93,0,93,1.1931865676234032,1.0545845787973567,0.012829963092724767,0.9737290109518955,0.9883406783795449,1.193095011731637,0.01282897862077029,99925625,99925113,8.538350398108593e-05,0.0,0.0,0.02168140554537437,0.00014455751465152207,0.9780748831943759,9.607145314327531e-06,0.0,3.2023817714425104e-06,9.607145314327532e-07
0bd5cb3e-5c90-425a-89ac-77271ad47ea0,1607,252,77,23272,738888,60.0,25.0,77,0,77,9.484832616699038,3.7103276873943547,0.12317964437271477,0.5065378630181282,0.6720963602190738,8.046658811782601,0.10450206249068313,49481,44897,0.0,0.0,0.0,0.0,0.01574341666498252,0.5134496069198278,0.4620763525393585,0.0,0.007113841676603141,0.0016167821992279865
0bdf7973-7c95-44a8-ab5d-730a5b93d1c4,1455,146,553,66221,22036413,800.0,25.0,553,22,531,36.650109285768885,13.327281462949918,0.06902092144212596,0.24688318130560907,0.40182640873854725,41.27029199375817,0.07772183049671973,8188638,127958796,0.5890328770181317,0.0001465445169269908,0.0,0.028942664213511455,0.0,0.0,0.38183040940385937,0.0,3.517068406247779e-05,1.2334163508021725e-05
0be065b3-9f2c-4f6c-9b96-1e38be76bf99,713,36,62,1087,4010702416,2940.0,260.0,62,0,62,1.125368692653018,1.0501729850602946,0.018151107946016418,0.9755293432771482,0.9999962692524,1.125358544591222,0.018150944267600354,4010456242,4010453946,0.9993229054660759,0.0006742933563716963,0.0,0.0,0.0,0.0,2.669521708747271e-06,0.0,1.1170798855957197e-07,1.9947855099923565e-08
0bf08a59-9cdb-4430-b17f-113916442462,1847,32,119,3077,512816,25.0,25.0,119,0,119,42.19523193607012,36.25617974013409,0.3545817809753792,0.053749102472048414,0.18812185865216943,41.86641249860193,0.35181859242522634,77992,73224,0.0,0.05805723663965535,0.0,0.0,0.9271720176428352,0.0,0.005539029644066058,0.0,0.008205969843060826,0.0010257462303826033
0bf27c89-bf82-48c4-8779-e6f71f59ec3b,1635,105,208,20638,56229900,480.0,25.0,208,0,208,47.6680228176743,41.386943604338,0.22917318662343414,0.028353673547887998,0.14176836773944,47.646596412368076,0.2290701750594619,55811604,55807276,0.0,0.9998970823343475,0.0,0.0,8.958710450249736e-05,0.0,6.163592789771819e-06,0.0,5.733574688159831e-06,1.4333936720399578e-06
0bf5eba7-af86-4ea5-a359-eb9142dbde02,971,30,56,729,250908,80.0,60.0,56,0,56,4.245376279640559,1.9557301507417215,0.07581029070786713,0.7074557004346372,0.8803075894349717,3.1963520470917324,0.057077715126638076,8973,52416,0.0,0.1698428619190906,0.0,0.7169285634681823,0.0,0.0,0.06151788699431628,0.0,0.042795051822133064,0.008915635796277722
0c041d60-07d6-4d45-8367-db4ec42ba92c,1374,22,49,722,5367061596,1880.0,25.0,49,0,49,1.0000770779037826,1.0000099797807993,0.020409736283750667,0.9999950101451888,0.9999983555969713,1.0000593351600318,0.020409374186939423,5366689215,16793565820,0.9999960148614643,0.0,0.0,0.0,0.0,0.0,3.910604687400368e-06,0.0,5.962707866622756e-08,1.490676966655689e-08
0c0f8432-6891-492b-ba3e-9805722afc9e,246,33,46,581,12760208,80.0,25.0,46,0,46,1.9013246388279719,1.8026297214311575,0.041333144322347214,0.6661799595857881,0.9999498098213127,1.9007346293409249,0.04132031802915054,12592105,12591809,0.3330906151116116,0.6668604653471362,0.0,0.0,0.0,0.0,1.715360537416103e-05,0.0,2.5412748702460787e-05,6.353187175615197e-06
0c117514-bff6-48d8-8ec9-75716106b1a1,947,33,82,1402,3452152292,2260.0,200.0,82,0,82,1.8519110631607156,1.5026374513122904,0.022584281258057507,0.8005390179278051,0.9999972397623205,1.9816524305240526,0.02416649305517137,3451876652,3805874488,0.14875057910962688,0.8512464891517798,0.0,0.0,1.8378408731158798e-06,0.0,9.68748404744562e-07,0.0,1.0197351628890127e-07,2.3175799156568472e-08
0c18c381-0a03-4c92-be06-b749731aa8ab,1455,246,987,243008,67011913,1020.0,25.0,987,22,965,43.3273223620722,23.987574033566165,0.04489877964981576,0.07379902837865027,0.3686493530764685,72.65202699722141,0.0752870746085196,45770711,264302280,0.4202213288755772,4.902698583817061e-05,0.0,0.05193004321038404,0.0,0.0,0.5277911020434006,0.0,6.292233476556657e-06,2.206651323375772e-06
0c27b238-e531-4c26-80d9-43936e5e90dc,1205,27,41,539,363493524,220.0,25.0,41,0,41,1.0000301154225908,1.0000033510587085,0.02439097842494124,0.9999983244748207,0.9999985008458923,1.0000021317198138,0.024390295895605214,362871300,3119591744,0.9999983465212047,0.0,0.0,0.0,0.0,0.0,5.511595984581862e-07,0.0,8.818553575330978e-07,2.2046383938327445e-07
0c5fc160-cedd-4e73-85e5-6a7743399783,1032,17,38,431,583514,80.0,25.0,38,0,38,1.016756151899596,1.0029979727567933,0.026756740839463052,0.9985043451352537,0.9986693829134324,1.00780216281669,0.02652110954780763,387790,461100,0.9985559194409346,0.0,0.0,0.0,0.0,0.0,0.00041259444544727814,0.0,0.0008251888908945563,0.00020629722272363907
0c6cb278-a154-4c42-8e86-17bbddf251f3,1607,255,68,23960,719440,60.0,25.0,68,0,68,23.71924836537419,19.421820421852228,0.34881247596138515,0.08197246237592058,0.3688760806916426,23.986991429109636,0.35274987395749463,24984,20456,0.0,0.0,0.0,0.0,0.02133365353826449,0.0,0.9157861031059878,0.04558917707332693,0.01408901697086135,0.003202049311559398
0c89b0a3-e33d-431b-a357-088784b326a8,1358,24,59,646,499480,860.0,180.0,59,0,59,7.0085814300197455,3.950316459025853,0.11878951576304654,0.4747029900725449,0.7356870558413184,6.1752672387929435,0.10466554642021939,202771,179779,0.0,0.0,0.0,0.0,0.5219681315375473,0.4750334120756913,0.001025787711260486,0.0,0.0015781349404007476,0.0003945337351001869
0c933ebf-b5bc-4440-a437-315c863a1de0,1475,64,168,6490,3526600,580.0,80.0,168,0,168,40.284822692725335,40.06837470794202,0.23979061126622223,0.02497864326001269,0.12489321630006345,40.24845627506718,0.23957414449444747,3202736,3202408,0.49967277977329383,0.0,0.0,0.49967277977329383,0.0,0.0,0.0005295472371122691,0.0,9.991457304005076e-05,2.497864326001269e-05
0c94f279-9116-42c9-bbc3-b06d33f1584b,1702,16,37,446,185480,25.0,25.0,37,0,37,30.147721663842752,19.360000000000003,0.8148032882119662,0.18181818181818182,0.2727272727272727,30.147721663842752,0.8148032882119662,704,352,0.0,0.0,0.0,0.0,0.0,0.0,0.4318181818181818,0.0,0.45454545454545453,0.11363636363636363
0c9d01d4-9573-46ab-b282-0b68ff24e1a2,1281,46,152,4784,8286512,3340.0,160.0,152,0,152,24.057147896577593,24.010704408857144,0.15827070984590522,0.041657377145879304,0.20828688572939652,24.046497131740605,0.15820063902460924,8001848,8001496,0.49994851189375256,0.0,0.0,0.499912520207832,0.0,0.0,8.897944574803221e-05,0.0,3.999076213394706e-05,9.997690533486765e-06
0c9dd610-aab9-4121-bd56-da7eb373bfc6,1205,27,41,539,242620984,240.0,25.0,41,0,41,1.0000441004823348,1.0000050200889472,0.024391319523959384,0.9999974899648961,0.9999977541791177,1.0000047668938392,0.02439036016814242,242227688,1338245440,0.9999975229916739,0.0,0.0,0.0,0.0,0.0,8.256694420499113e-07,0.0,1.321071107279858e-06,3.302677768199645e-07
0cc5118a-1f87-4451-a5e2-179bdfec4fb0,485,30,48,515,35226312,220.0,25.0,48,0,48,8.048665822748898,7.105290970597572,0.16768053797393537,0.17185312261567776,0.8061429744993941,10.053713067027008,0.20945235556306266,34932621,66784600,0.0030131721292828272,0.6532650098027285,0.0,0.3437062452313555,0.0,0.0,3.20617224799708e-06,9.160492137134514e-07,9.160492137134513e-06,2.2901230342836284e-06
0cd4be7a-87ae-4d4e-bfeb-8be69f78f571,8,181,538,87573,8398870,14180.0,440.0,538,0,538,84.0970065925707,81.21196744893227,0.15631413864790092,0.012978296317365334,0.06477355629039858,159.29860807130783,0.29609406704704055,7369072,28626339,0.9918630188441638,0.0,0.0,0.00757530934695712,0.0,0.0,0.0005073908899248101,0.0,4.342473516339642e-05,1.0856183790849106e-05
0cdda2e2-e39a-4189-94dc-ddc454d95b2f,239,18,63,1228,416544,120.0,80.0,63,0,63,12.615212362311462,6.586932879475228,0.2002414660684359,0.2617880866819122,0.6741805510181857,11.974116799925115,0.19006534603055739,146928,142304,0.0,0.0,0.0,0.0,0.9962975062615703,0.0,0.0009800718719372753,0.0,0.0021779374931939453,0.0005444843732984863
0ced516d-3531-4aed-b8b0-4be5d1450cc7,336,61,254,14155,23225638161,1420.0,25.0,254,0,254,1.0370090325837944,1.0067950051642864,0.004082712726707852,0.9966195768331244,0.9972026465235533,1.0354578234859184,0.004076605604275269,23211098471,23208256991,0.9988033849395495,0.0007323455208825218,0.0,0.0,0.00046421956347573844,0.0,1.3441845520142595e-08,0.0,3.308761974188946e-08,3.4466270564468195e-09
0cffc55a-d33b-4b6d-84c5-0a913b77890c,871,70,266,14478,1073581692,1640.0,25.0,266,0,266,4.79812963889066,3.2512355285716175,0.018038081349213007,0.43051667090203527,0.9300392183185436,4.711171956840944,0.017711172770078734,1061635265,1059091323,0.04700695770500804,0.020014579112535416,0.0,0.9228281918460951,0.010149480104167413,0.0,2.9388624350190553e-07,0.0,4.219905034899156e-07,7.535544705177065e-08
0d1591df-f20a-459a-9268-46da4eb81251,579,85,193,12100,1777821056,7900.0,180.0,193,0,193,13.487213748836814,10.681822770477863,0.06988193652247053,0.12189558932581501,0.5673154311430911,13.484400166619816,0.06986735837626848,1777302306,1777261146,0.1220641931693977,0.8778321103466795,0.0,0.0,0.00010298979491674614,0.0,4.6362399757106936e-07,0.0,1.9805296983618497e-07,4.501203859913295e-08
0d50fac0-3079-4831-8a2a-6fdf95058bf9,1612,49,99,3510,601083912,480.0,25.0,99,0,99,8.504182363148043,8.162046721608828,0.08590083195099034,0.12716103070430645,0.6342567695860155,8.504089324630304,0.08589989216798287,600822560,600822136,0.0,0.9999982024643016,0.0,0.0,0.0,0.0,1.1317817360253584e-06,0.0,5.326031698942862e-07,1.3315079247357155e-07
0d7619c4-fe50-435b-858d-376a6018ddcb,1034,17,38,431,732114,80.0,25.0,38,0,38,1.012441456143252,1.0021660862747757,0.026643196214296106,0.9989186972165774,0.9990380133857827,1.0059880795590124,0.026473370514710853,536390,614700,0.9989559835194541,0.0,0.0,0.0,0.0,0.0,0.00029829042301310614,0.0,0.0005965808460262123,0.00014914521150655307
0d76687c-a3cd-4815-a712-9bec027ce588,1841,29,62,907,991981,25.0,25.0,62,0,62,1.900947946603586,1.7820772410125758,0.030660450751670742,0.6759228290357345,0.9989448452705176,2.0059316378027976,0.03235373609359351,753444,2400562,0.998939536315904,0.0,0.0,0.0,0.0,0.0,0.000529568222721264,0.0,0.0004247163690997606,0.00010617909227494014
0d78163f-d59a-4d47-be2b-778f3eb9788c,1710,62,111,4797,449972748,520.0,25.0,111,0,111,4.287657667094137,3.0559554857560873,0.03862754655039763,0.46694680959044044,0.9483969410720787,4.287601931651705,0.038627044429294634,449609548,449609180,5.337964931296344e-08,0.9999982384715727,0.0,0.0,0.0,0.0,8.18487956132106e-07,0.0,7.117286575061791e-07,1.7793216437654479e-07
0d86380c-4163-4ccf-bb8b-648e1c966f98,947,33,82,1264,656397289,1720.0,200.0,82,0,82,1.5028660734388197,1.299650504994939,0.018327635041936827,0.867569603984831,0.9999839547189734,1.6807566127629736,0.020497031862963092,656143073,739667856,0.1294445838034474,0.8694559364798781,0.0,0.0,1.5972126249971095e-05,0.001081312947123043,1.5362503110659221e-06,0.0,5.36468362594449e-07,1.2192462786237478e-07
0da6bc84-7aa5-4e83-b2f3-4c08ed6f3aaf,1789,82,225,13850,20225504,640.0,25.0,225,0,225,62.05906883544118,62.01050022451918,0.2758180837130719,0.016127666608875862,0.08063833304437931,62.048258326830855,0.2757700370081371,19841680,19841336,0.4999826627583955,0.0,0.0,0.4999826627583955,0.0,0.0,1.4514899947988274e-05,0.0,1.612766660887586e-05,4.031916652218965e-06
0de73007-b679-427a-b414-24640e7ba6d0,989,22,45,579,203596,60.0,25.0,45,0,45,14.775653478912472,7.730561523721042,0.3283478550869438,0.19767441860465115,0.6996124031007751,9.647086784089485,0.21437970631309966,2064,1752,0.6918604651162791,0.0,0.0,0.0,0.0,0.0,0.11434108527131782,0.0,0.15503875968992248,0.03875968992248062
0dfc73ea-c722-48df-ad6a-3d09c19f8d39,1366,24,38,502,408092763,9860.0,260.0,38,0,38,1.0000258921740128,1.0000028669683183,0.026316470846684547,0.9999985665188952,0.9999987236127149,1.0000104353911679,0.02631606408924126,407399859,539706584,0.9999985861556226,0.0,0.0,0.0,0.0,0.0,4.320080042050285e-07,0.0,7.854690985545972e-07,1.963672746386493e-07
0e0faf20-0f2d-4a18-83b9-a65dcafb0ca2,1550,35,112,2625,1062445,60.0,25.0,112,0,112,18.395326665433792,13.719352986660697,0.1642439880842303,0.12645295984524849,0.47963815455856496,25.998163292201994,0.23212645796608924,404261,867395,0.5857453476837984,0.0,0.0,0.0,0.4017577752986313,0.0,0.011190790108370582,0.0,0.0011081949532603936,0.000197891955939356
0e145d76-b8ba-4613-a145-488a3efe55fb,1837,22,45,579,198444,25.0,25.0,45,0,45,13.111884964512322,7.007795600179582,0.29137522143360717,0.20819112627986347,0.735494880546075,8.727954961308132,0.19395455469573628,2344,2032,0.7286689419795221,0.0,0.0,0.0,0.0,0.0,0.10068259385665529,0.0,0.13651877133105803,0.034129692832764506
0e179fb8-4ece-44da-bb7d-c44fa5a682ac,337,219,931,238355,127601020,27760.0,200.0,931,0,931,60.35308420920274,42.58290335354057,0.06482608400558834,0.04655192025246596,0.21447127249642148,80.54413918261334,0.08651357592117437,109955099,764932700,0.5076660155614975,0.0,0.0,0.2869086316770085,0.0,0.0,0.2054217512914067,0.0,2.619250972617468e-06,9.822191147315506e-07
0e215fae-50fd-4063-b8a9-a6bd746a7dd3,1038,49,102,2105,16225336,140.0,25.0,102,0,102,6.707362179387203,4.494811197292237,0.06575845273909023,0.4198754650514303,0.8015184297663182,4.385019637525151,0.042990388603187754,15859805,53459714,0.7664350223725954,0.23156028715359364,0.0019256226668612887,0.0,0.0,0.0,4.981145732876287e-05,0.0,2.4212151410436636e-05,5.044198210507633e-06
0e23fc8b-9b17-4ad9-a9f7-3484f9a7ebe4,1445,22,45,579,203556,25.0,25.0,45,0,45,17.12131748478395,8.847789342585179,0.3804737218840878,0.18385650224215247,0.6524663677130046,10.999638226999672,0.24443640504443714,1784,1472,0.6434977578475336,0.0,0.0,0.0,0.0,0.0,0.13228699551569506,0.0,0.17937219730941703,0.04484304932735426
0e518fcf-1c15-411f-aa7e-2c27f0f98204,1871,1031,2165,6195624,14434600,120.0,25.0,2165,0,2165,920.0960461470285,636.0414175445613,0.4249866263958561,0.008579935893518801,0.03132968174520729,919.4672000613697,0.4246961663101015,11520832,11519688,0.0,0.9951295184236694,0.0,0.0,0.00481215245565598,0.0,2.360940598734536e-05,0.0,2.7775771749818068e-05,6.943942937454517e-06
0e690f88-e0ce-4ba8-a40b-cb5daf518310,1747,22,44,569,10551878642,1580.0,25.0,44,0,44,1.0000478492037006,1.0000060685873613,0.022728360209175014,0.9999969657193765,0.99999917859476,1.000045493111451,0.022728306661623888,10551430132,21170529848,0.9999976352020827,0.0,0.0,0.0,0.0,0.0,2.3268883642170525e-06,0.0,3.0327642414037835e-08,7.581910603509459e-09
0e6a3506-da9b-4700-b59b-d7e401c18127,363,58,173,4596,355483035187,175500.0,360.0,173,0,173,4.020590211606835,4.004658838849795,0.02324040584743835,0.24985576517620467,0.9996836158968133,4.020857102267278,0.023241948568018946,355479295158,350006997426,0.9996886286613379,0.0,0.0,0.0,2.6735734343615577e-07,0.0003104435321639476,6.593239133542977e-07,0.0,9.001930755426121e-10,2.2504826888565302e-10
0e6f8525-4692-4c18-9e9b-dc39107082bb,232,1573,3165,10255201,19433405,860.0,25.0,3165,0,3165,663.0807679125005,481.2457170413681,0.20950419207345988,0.006079647982335614,0.028180311773225313,1426.0196599545309,0.4505591342668344,11842133,59244680,0.0,0.9930343629817365,0.0,0.0,0.006918348240135455,0.0,1.3511079465160541e-05,0.0,2.7022158930321082e-05,6.755539732580271e-06
0e83a965-5231-4738-adb7-fe73dec76b09,711,78,229,9548,432856738,400.0,25.0,229,0,229,11.144413830029716,6.006873397704482,0.04866556257654898,0.3428236464488675,0.7516484333833993,11.978237241178489,0.05230671284357419,430122022,472949811,0.07616888307104629,0.5319475992791646,0.0,0.3858485348606494,0.006032992656209544,0.0,6.881768076501789e-07,0.0,1.1159623907840738e-06,1.8599373179734565e-07
0e85d047-ead7-4fef-b72f-9d469288cd51,20,165,666,87193,54961653,35660.0,360.0,666,16,650,31.758874590615473,18.39262440438792,0.04885980706248534,0.08819238372517298,0.4405486890659699,68.2176203761642,0.10495018519409878,38300745,175371724,0.3758510963690132,8.673460529292577e-05,0.0,0.04621474073154452,0.0,0.0,0.5778264104262202,0.0,1.8380843505785592e-05,2.6370244234152627e-06
0eb1042b-c13d-4253-aaac-1ae6271f23be,239,18,63,1228,415512,120.0,80.0,63,0,63,13.888372081045263,7.438869170624895,0.22045035049278197,0.24238855506336737,0.6459055444776038,13.2203172945165,0.20984630626216666,149446,144358,0.0,0.0,0.0,0.0,0.9963598891907445,0.0,0.0009635587436264604,0.0,0.0021412416525032453,0.0005353104131258113
0eb2e000-da35-4dcf-9562-50da6c8f9cd0,699,33,53,613,9173342,280.0,25.0,53,0,53,9.000546872515194,8.620973785538146,0.16982163910406026,0.12208176546019635,0.6104088273009818,11.487180141639833,0.21673924795546853,8917335,20160328,0.0,0.9999354067106372,0.0,0.0,0.0,0.0,1.2559806264988363e-05,7.177032151421922e-06,3.588516075710961e-05,8.971290189277402e-06
0eb78cd0-734b-45ee-80ed-6dceaae29760,1260,40,94,1196,1255135403,1260.0,160.0,94,0,94,1.7795744889874432,1.3979065961317256,0.018931643499866417,0.8375353484478723,0.9999311637518695,1.2638049322293465,0.013444733321588792,1254281027,4153317576,0.0,0.851692225270342,5.102524762977221e-08,3.92894406749246e-06,1.0559037181385986e-05,0.14825848752952556,3.440377321437391e-05,0.0,2.8063886196374715e-07,6.378155953721526e-08
0ebd84d4-6c36-4537-8de7-11120dc9c3d7,1856,230,874,164224,76736213,840.0,25.0,874,40,834,23.10218379900935,6.693564932365287,0.027700460190658693,0.3357567904209541,0.6218576974701078,29.946801737687224,0.03590743613631562,27314286,523168740,0.631937770586425,0.0004324476942212584,0.0,0.05343511450381679,0.01728611906604478,0.0,0.296894050241694,0.0,1.054393294410112e-05,3.95397485403792e-06
0ebe7952-7ff4-4d87-a9bd-adc7048fedcb,1751,159,861,342943,18904488,880.0,80.0,861,0,861,129.4969667169761,129.09342276321934,0.15040298108824168,0.007749132405374727,0.038745662026873635,129.44881044089792,0.15034705045400454,18169776,18169056,0.9921707345208879,0.0,0.0,0.007750012988602611,0.0,0.0,5.987965949607744e-05,0.0,1.496991487401936e-05,4.402916139417459e-06
0ec32601-1246-4741-9912-041b47536fb3,1689,40,79,1542,488792,80.0,25.0,79,0,79,24.548640277085735,24.143443945899776,0.310742281988427,0.041542615800041545,0.20771307900020772,24.373000924336896,0.3085189990422392,231088,230840,0.9978536315169979,0.0,0.0,0.0,0.0,0.0,0.0004154261580004154,0.0,0.0013847538600013848,0.0003461884650003462
0ec4b5c4-d999-44af-ba2a-599b7d4bd2d9,399,27,47,681,692256,140.0,60.0,47,0,47,1.0152369929254734,1.0026528217462167,0.02160078708352071,0.9986762020693852,0.9988283627510652,1.0086693165039697,0.021461049287318505,525760,525440,0.9987066342057213,0.0,0.0,0.0,0.0,0.0,0.0005325623858794887,0.0,0.0006086427267194157,0.00015216068167985393
0ec6be8a-d31f-4a6a-a44c-be876fed76f0,728,23,48,605,49550563765,19520.0,25.0,48,0,48,1.0003430998706642,1.0000564621944559,0.020840481247305503,0.9999717698902577,0.9999999864379517,1.0004198325121012,0.020842079844002107,49550037629,53544280368,0.99999998579214,0.0,0.0,0.0,0.0,0.0,6.135212293402555e-09,0.0,6.458118203581637e-09,1.6145295508954092e-09
0ed22b37-a345-4096-9401-a46d1d6f1b6f,1074,29,51,766,803307856,120.0,25.0,51,2,49,1.0301121363012073,1.0079629165319506,0.021022696659208313,0.9960387028318856,0.9999144350049338,1.0301058532634884,0.021022568433948743,803085420,803085148,0.0,0.9999992927277898,0.0,0.0,0.0,0.0,2.0919318893873083e-07,0.0,3.9846321702615395e-07,9.961580425653849e-08
0ed5e8c2-3972-4bc6-84fb-b841150236c4,713,48,115,2402,188120584,240.0,25.0,115,0,115,2.6246566111238594,1.5783086831931858,0.02282310096629443,0.7892341727734956,0.9156727243450965,2.607676872595219,0.02267545106604538,186834282,186668162,0.03704570663321841,0.06969992798216765,0.0,0.8883012165829395,0.004949209481801632,0.0,9.420112739266983e-07,0.0,2.569121656163723e-06,4.2818694269395376e-07
0eeee889-14d9-4879-abe6-f9413ad82f6d,1521,17,38,431,30440458,100.0,25.0,38,0,38,1.000297133699894,1.0000384193384535,0.02632360878157616,0.9999807908792445,0.9999829105063623,1.0001053792127874,0.026318562610862826,30193990,47186220,0.9999814532627188,0.0,0.0,0.0,0.0,0.0,5.299067794617405e-06,0.0,1.059813558923481e-05,2.6495338973087027e-06
0f114e1f-1331-4bcc-87f8-487d2af23651,1349,32,64,1380,32515534,100.0,25.0,64,0,64,5.9575968458314295,5.655543318821262,0.09308745071611609,0.19817845981452442,0.8918030691653599,5.956735843230759,0.09307399755048061,32298162,32297802,0.0,0.9999763454031843,0.0,0.0,0.0,0.0,1.1269991153056945e-05,0.0,9.90768453015995e-06,2.4769211325399877e-06
0f2d3156-98c7-45ee-930a-4d9a336c7bda,37,45,107,2320,1906044253,3300.0,100.0,107,0,107,5.331335762091855,4.324394615442795,0.04982556787001733,0.3433396590115467,0.9348900195215203,2.3966813234614603,0.02239889087347159,1866826439,298086916384,0.0,0.1579820179523395,0.0,0.7841095028545393,0.05790814065066924,0.0,1.1570438230760455e-07,0.0,1.714138997149697e-07,5.142416991449091e-08
0f334535-2fd4-43df-92ae-6e053f030788,289,37,54,638,8673591256,2820.0,25.0,54,0,54,1.0072530186685937,1.001599694233598,0.018652833679048034,0.9992009616542296,0.9999795803520174,1.0072522980970209,0.018652820335130018,8673411028,8673410724,0.9992111260520329,0.0007887918580030196,0.0,0.0,1.1068309767643586e-08,0.0,2.490369697719807e-08,0.0,3.6894365892145287e-08,9.223591473036322e-09
0f60f7d8-01e5-4aaa-b54b-6ef1dc6be45e,678,29,70,949,32422436,280.0,60.0,70,0,70,10.923177252954089,8.837560936288382,0.15604538932791556,0.19679171183739952,0.5728093027517901,10.922165662653152,0.15603093803790216,32214812,32214572,0.9957285487185211,0.0,0.0,0.0,0.004256551303170728,0.0,2.9799956616229827e-06,0.0,9.436652928472778e-06,2.4833297180191523e-06
0f743bea-fa75-4585-b33b-8f82acf673c3,897,24,47,645,17982170426,5820.0,100.0,47,0,47,1.0000041599099747,1.0000004333273698,0.02127668425340372,0.9999997833363836,0.9999998829927492,1.0000015680260406,0.021276629106937034,17981791618,36557425440,0.9999997980179018,0.0,0.0,0.0,0.0,0.0,1.779577957513844e-07,0.0,1.9575357532652284e-08,4.44894489378461e-09
0f8d8bc0-e96f-4c4d-b178-c0d4152af4db,537,32,47,573,43289104,280.0,60.0,47,0,47,4.881124406238875,3.8717961560617438,0.1038537107710399,0.44307002659754585,0.888372502943171,4.880732355444248,0.10384536926477124,43116760,43116504,0.9999881252672974,0.0,0.0,0.0,0.0,0.0,2.5975977786828137e-06,0.0,7.4217079390937535e-06,1.8554269847734384e-06
0fb37c9d-7dc4-4f8e-a1a8-7ca0925a8109,1611,25,52,649,14438008,100.0,25.0,52,0,52,1.1101249259650665,1.0277905846917565,0.02134855626855897,0.9863734463187086,0.9944388592229154,1.0966472520089088,0.021089370230940555,14100704,14076336,0.0,0.0,0.0,0.0,0.005373916082487796,0.9877521008880124,0.00684561565153059,0.0,2.269390237537076e-05,5.67347559384269e-06
0fc4a3ee-b6cd-475f-8a77-232fa30dfd27,1751,191,1053,520159,23541328,1160.0,80.0,1053,0,1053,161.5950442672077,161.1116064914274,0.15346158050067207,0.006209028350564563,0.031045141752822813,161.5468926131718,0.15341585243416125,22676656,22675936,0.9937267646517194,0.0,0.0,0.006209733921968036,0.0,0.0,4.797885543618071e-05,0.0,1.1994713859045178e-05,3.527857017366229e-06
0fdc2561-3ad7-4a8f-ad6d-d5c9c360f7a4,54,50,85,2236,1025034176,980.0,25.0,85,0,85,5.32994715766233,5.0976068871028035,0.06270526067838035,0.19806910644577566,0.9903455322288783,5.329915590035722,0.06270488929453791,1024448808,1024448440,2.3427232100405743e-08,0.9999992347104181,0.0,0.0,0.0,0.0,3.5140848150608614e-07,0.0,3.1236309467207657e-07,7.809077366801914e-08
0ffc9fca-a216-42fc-9f01-1b3118b4af82,399,27,47,681,1068232,140.0,60.0,47,0,47,1.0092763401812246,1.0015454643184112,0.021473964684706907,0.9992281554690065,0.9993168732311897,1.0052706468938173,0.02138873716795356,901736,901416,0.9992458990214431,0.0,0.0,0.0,0.0,0.0,0.0003105121676410834,0.0,0.00035487104873266676,8.871776218316669e-05
1016325e-b181-4b12-a946-cbc3df61627f,728,23,48,605,38939543503,15480.0,25.0,48,0,48,1.0004214550430877,1.0000706713815875,0.020842113646730994,0.999964665854983,0.9999999827422345,1.000369169856747,0.02084102437201556,38938992279,60535615904,0.999999981920436,0.0,0.0,0.0,0.0,0.0,7.807084421235748e-09,0.0,8.217983601300789e-09,2.054495900325197e-09
10367fca-73b1-4043-a769-1dd1a5f81b7e,711,78,229,9548,257067924,560.0,25.0,229,0,229,8.643918902620921,2.892791509148076,0.03774637075380315,0.579708353577089,0.729387370977091,9.092183684311065,0.03970385888345443,254362386,260369807,0.12855225379117177,0.20870849198591807,0.0,0.6524621922676885,0.01027369667777845,0.0,1.1636940691380369e-06,0.0,1.8870714634670866e-06,3.145119105778478e-07
10383fe5-f108-4235-8e50-92e532e70cd2,563,27,55,937,2119143778,640.0,60.0,55,0,55,1.0412075675461154,1.0135287046774448,0.018931046682656643,0.9932808355248988,0.9999956783801922,1.104805640040346,0.02008737527346084,2117724466,3998792568,0.9999938651131398,0.0,0.0,0.0,0.0,0.0,5.915783758055709e-06,0.0,1.813267052277612e-07,3.7776396922450254e-08
104ddb62-daec-48ce-b6d4-8d641b6bdb73,569,192,736,121063,48045242,13780.0,240.0,736,24,712,10.939740933898513,3.9346808602019148,0.01536480468244173,0.46288135450985474,0.7596743261692331,19.474918709012588,0.027352413917152513,21211038,357635016,0.6686757149744392,0.0005762094245458425,0.0,0.02513851514480338,0.0017685131675309808,0.0,0.3038225663449379,0.0,1.3577836219047837e-05,4.903107523545052e-06
107634f1-d43e-4eb7-8e6b-670b3335bd72,289,37,54,638,14825963872,4240.0,25.0,54,0,54,1.0061989592388463,1.001317907567538,0.018633314059978635,0.9993416001993659,0.9999642704147426,1.0037404409681854,0.018587785943855285,14822562204,26002909332,0.9993594389506129,0.0006405130145068946,0.0,0.0,6.476613063164852e-09,0.0,1.4572379392120918e-08,0.0,2.1588710210549507e-08,5.397177552637377e-09
107d3834-f563-4213-9fa8-81ffc3b7df50,1871,271,569,379686,5921588,120.0,25.0,569,0,569,202.94249379426327,154.39740327910633,0.3566651912025717,0.022837986984155175,0.0808986768493029,202.78138781652115,0.3563820524016189,5044928,5044392,0.0,0.9947051771601101,0.0,0.0,0.00516161974957819,0.0,5.3915536554733784e-05,0.0,6.343004300556915e-05,1.5857510751392288e-05
108433fb-8e5c-4497-b4d8-219774211f1d,1836,103,74,1739,3501792,100.0,25.0,74,0,74,6.59745540399417,6.180830874719875,0.08915480275667798,0.16420416420283615,0.8210208210141807,6.520220930976421,0.08811109366184353,3011909,3005309,0.0,0.0,0.0,0.0,0.00017696417786858766,0.0,0.014433370994940417,0.9852249852170168,0.00013811838272670258,2.6561227447442803e-05
1085cf5c-0124-4afe-8c64-4a5f0cf86ca5,637,28,46,627,2249880,160.0,80.0,46,0,46,1.0439033556273223,1.009737704953527,0.022693551209289616,0.9951650466750073,0.9980675584640556,1.0391054528703663,0.022589248975442743,2078200,2077184,0.0,0.0,0.0,0.0,0.0026561447406409392,0.9956269848907708,0.0015243961120200173,0.0,0.0001539794052545472,3.84948513136368e-05
108fda77-1940-4f26-89e5-48e4735a53d6,1272,17,38,431,682471,80.0,25.0,38,0,38,1.013535905571525,1.0023748053546155,0.02667199751504013,0.9988146888660455,0.9989454818187579,1.0059880795590124,0.026473370514710853,489323,614700,0.9988555616637681,0.0,0.0,0.0,0.0,0.0,0.00032698238178054166,0.0,0.0006539647635610833,0.00016349119089027083
10ad044f-99f0-4855-8848-2422dd1ae565,165,34,59,1006,115639184,1780.0,60.0,59,0,59,1.6321246792511686,1.385031917732727,0.027663130156799467,0.8353947255641023,0.9999537829808148,1.6318398204413567,0.027658302041378927,115455304,115453728,0.0,0.8448006165225636,0.0,0.0,0.0,0.15515337433090123,4.296034766839296e-05,0.0,2.355890033428001e-06,6.929088333611767e-07
10b44451-0aca-4b9f-8ca7-bb614096a24d,165,31,59,1006,273216872,1720.0,80.0,59,0,59,1.075609211827081,1.0236666202090143,0.018230664607238663,0.9883376634822648,0.9999804569018136,1.0755218941840061,0.018229184647186543,273037568,273035992,0.0,0.9994788409483636,0.0,0.0,0.0,0.0005017038534418824,1.8165998314195355e-05,0.0,9.961999075526486e-07,2.929999728096025e-07
10c3388a-20bc-4c45-a792-3c19baa7583b,1747,22,44,569,9838086177,1480.0,25.0,44,0,44,1.0000510946968608,1.0000065091130326,0.0227284339703832,0.9999967454585054,0.9999991188941602,1.0000454924007447,0.02272830664547147,9837637668,21170882648,0.9999974635170716,0.0,0.0,0.0,0.0,0.0,2.4958227603631233e-06,0.0,3.252813437527795e-08,8.132033593819487e-09
10ec23ae-0635-4b8e-939e-743d837bb1e3,165,34,59,1006,98246328,1640.0,60.0,59,0,59,1.127778923215929,1.0414722514747663,0.019114897003659814,0.9798105794789052,0.9999455856945363,1.1275434412476921,0.019110905783859187,98062448,98060872,0.0,0.9908355540950803,0.0,0.0,0.0,0.009110276341459474,5.058001407429682e-05,0.0,2.773742707300148e-06,8.158066786176906e-07
10f8478e-ceee-4c50-b29b-0039ef950a7c,336,63,261,14296,19706141352,1460.0,25.0,261,0,261,1.042742504653339,1.0079499725113432,0.003995182010166049,0.9960483698448203,0.9967295398401333,1.0409296695455452,0.003988236281783698,19691953686,19689112174,0.9986004392230724,0.0008523172595074932,0.0,0.0,0.0005471801412807771,0.0,2.0312865161996604e-08,0.0,3.900070111103348e-08,4.0625730323993205e-09
1116e8f3-7a55-4cbb-909d-187ae10eac90,989,22,45,579,203596,40.0,25.0,45,0,45,14.775653478912472,7.730561523721042,0.3283478550869438,0.19767441860465115,0.6996124031007751,9.647086784089485,0.21437970631309966,2064,1752,0.6918604651162791,0.0,0.0,0.0,0.0,0.0,0.11434108527131782,0.0,0.15503875968992248,0.03875968992248062
112861b3-a7b9-44a7-88da-153341759be4,1474,21,45,466,7548928,100.0,25.0,45,0,45,5.001662368128432,4.992995971789291,0.11114805262507627,0.21589900953670615,0.9999096511117813,4.999215000642204,0.11109366668093787,7349288,7348976,0.9999150938158907,0.0,0.0,0.0,0.0,0.0,3.0479143013581725e-05,0.0,4.354163287654532e-05,1.088540821913633e-05
1140d7d1-44f5-4efb-823a-4b80f6215fe0,1620,24,49,608,2408084,80.0,25.0,49,0,49,1.0047437416213407,1.0007466626398263,0.02050497431880287,0.9996268758094169,0.999692081978645,1.0014460796226334,0.02043767509433946,2208380,4178352,0.9996377435042882,0.0,0.0,0.0,0.0,0.0,0.0001666379880274228,0.0,0.00015939285811318704,3.6225649571178875e-05
1141cd97-db48-4327-8202-5f1ca133c5d2,1550,35,112,2625,1160788,100.0,25.0,112,0,112,17.792956676859678,13.08601076900805,0.15886568461481856,0.14886768220318317,0.5061432101575327,25.546312047580923,0.2280920718534011,492088,1031254,0.587844044154704,0.0,0.0,0.0,0.4020033002227244,0.0,0.009079676805774577,0.0,0.0009104062687974509,0.0001625725479995448
114cff60-52dd-4279-8830-9810129e26e8,485,30,48,515,35166213,200.0,25.0,48,0,48,8.038122965385643,7.091457120598254,0.16746089511220089,0.17215489235171907,0.8069334455287022,10.053705181612774,0.20945219128359946,34872503,66786712,0.0032356438538409475,0.6524389717594977,0.0,0.34430978470343815,0.0,0.0,3.2116994871288706e-06,9.17628424893963e-07,9.17628424893963e-06,2.2940710622349077e-06
116624c3-9961-45d2-b8ea-69c40d7a860d,351,25,49,554,11552072,220.0,60.0,49,0,49,4.983551468776557,4.577521354984477,0.1017051320158481,0.3304782836181928,0.9914348508545784,4.981613217879496,0.10166557587509176,11360456,11360080,0.6694681974033436,0.3304782836181928,0.0,0.0,0.0,0.0,1.2675547530838551e-05,0.0,3.3801460082236134e-05,7.041970850465862e-06
116633ee-4982-49aa-b5f2-a1ec326ae3c6,563,27,55,937,1936762136,600.0,25.0,55,0,55,1.0444549126505,1.0148037466662159,0.018990089320918183,0.9926521615053603,0.9999955932301157,1.1114734609840402,0.020208608381528003,1935431217,3711067529,0.9999937538467428,0.0,0.0,0.0,0.0,0.0,6.006413401773709e-06,0.0,1.9840539752955737e-07,4.133445781865778e-08
1183f978-0573-4a9c-8d78-088bd73222f4,1205,27,41,539,685295903,380.0,25.0,41,0,41,1.0000165245738741,1.000001776026489,0.024390646940826197,0.9999991119879282,0.9999992054628831,1.0000021317198138,0.024390295895605214,684675377,3119591744,0.9999991236722976,0.0,0.0,0.0,0.0,0.0,2.921092341254153e-07,0.0,4.673747746006645e-07,1.1684369365016613e-07
11863e7b-497a-4362-b6b7-4f5b42f0a4bd,773,22,48,624,84086336,640.0,160.0,48,0,48,1.0001684552072136,1.0000209809397163,0.020836842816816952,0.9999895096925673,0.999992179952641,1.000095401416789,0.02083532086284977,83886960,83886560,0.9999896050589985,0.0,0.0,0.0,0.0,0.0,5.626619441209933e-06,0.0,3.814657248277921e-06,9.536643120694802e-07
118786a2-0cb5-411b-ac73-019b4d3ad849,8,181,538,87573,9401550,18220.0,460.0,538,0,538,83.65501005762292,81.0292901432889,0.15549258375022848,0.013612801717012162,0.06674242141907692,159.06419172745615,0.29565834893579207,8371752,30226339,0.9928375804730002,0.0,0.0,0.006668018832856014,0.0,0.0,0.00044662097013862807,0.0,3.82237792041618e-05,9.55594480104045e-06
1195c0fc-f16b-47e6-8bb2-ac45c5dd8c5b,399,27,47,681,835144,120.0,60.0,47,0,47,1.012214930166636,1.0020850426724253,0.021536487875885874,0.9989590935738983,0.9990787379906917,1.0069458321223472,0.02142437940685845,668648,668328,0.998983022457257,0.0,0.0,0.0,0.0,0.0,0.0004187554587765162,0.0,0.0004785776671731614,0.00011964441679329035
1198014b-d859-4c7f-a592-bf2af236953f,1465,375,1536,640992,58371113,2020.0,100.0,1536,42,1494,21.077319700596227,6.379103440071502,0.014107978380586498,0.2791833824437495,0.6740683458232276,19.599277058859474,0.013118659343279434,33962924,637468200,0.5441788522095448,1.978628224118748e-05,0.0,0.024100162871724472,0.0022911454855889324,0.0,0.42939845226518186,0.0,8.479835246223205e-06,3.121050472568263e-06
11c607a3-b305-46f9-8a8b-7319ed4d4a8e,1847,30,114,2920,543584,25.0,25.0,114,0,114,43.091903166979904,38.35197217798171,0.377999150587543,0.04997298757428417,0.17490545650999462,43.109787273964685,0.37815602871898846,118464,112000,0.0,0.05382225823878984,0.0,0.0,0.9369935170178282,0.0,0.004051863857374392,0.0,0.004457050243111832,0.000675310642895732
11c811ec-041b-44b7-9f3e-a94fc5757996,165,31,59,1006,250494704,1640.0,60.0,59,0,59,1.1935196916694588,1.0709663960901141,0.020229147316431505,0.965989710157077,0.9999786825448362,1.1934154402198593,0.020227380342709482,250311304,250309728,0.0,0.9768615483701847,0.0,0.0,0.0,0.02311723005525951,1.9815325639468525e-05,0.0,1.0866468899063384e-06,3.196020264430407e-07
11e63104-3860-4ce3-8592-bb09f1d8e2bb,1181,25,70,952,492190,60.0,25.0,70,0,70,2.615366437470744,2.059816918403755,0.03736237767815349,0.5948642717239969,0.9624475926027893,2.519663606400679,0.03599519437715256,254258,325836,0.9576335847839595,0.0,0.0,0.011830502875032447,0.02808171227650654,0.0,0.0008809948949492248,0.0,0.0012585641356417498,0.00031464103391043744
11faa9a8-b478-4d7c-858c-47fb5f11f161,1868,39,96,1502,34602985,120.0,25.0,96,0,96,2.345164811690868,1.6838531010210915,0.024428800121779875,0.7568959500084266,0.9976937674805695,2.000270854138219,0.020836154730606446,34278417,277696050,0.0,0.9775884633178947,0.0,0.0,0.0006911637722360399,0.021618384536252068,9.031922331769288e-05,0.0,9.335320239554819e-06,2.3338300598887047e-06
11fb5c01-9fa3-4c15-9da9-fb554b6a3e13,1359,266,1060,276979,75934554,1520.0,25.0,1060,28,1032,23.176461194926706,6.687734013542528,0.022457811235394094,0.30604724581782555,0.6293393747302034,43.04641646649042,0.04171164386287832,25440474,450160184,0.5878895967111305,0.00012696304322002804,0.0,0.05758878549196843,0.015246610578089072,0.0,0.3391325570427658,0.0,1.1320543791754824e-05,4.1665890344653166e-06
11ff90f8-fca8-4a47-9d01-671086fa0474,1777,38,91,1496,29057952,140.0,25.0,91,0,91,15.125764445379437,14.401000013344833,0.16621719170746635,0.08333043991528072,0.4166521995764036,15.123661978494843,0.16619408767576752,28801000,28800664,0.3333262039512517,0.0,0.0,0.6666479636123746,4.166521995764036e-06,0.0,7.777507725426201e-06,0.0,1.1110725322037429e-05,2.7776813305093573e-06
120d715a-41d7-4026-91d2-2cb01ad98ac3,1611,25,52,649,21963364,100.0,25.0,52,0,52,1.0738201306060318,1.0178037839279703,0.020650387127039073,0.9912092248131246,0.9964286262386788,1.06488506290856,0.020478558902087694,21633132,21609172,0.0,0.0,0.0,0.0,0.0035027752800657805,0.9920921297942434,0.004386604769018189,0.0,1.4792125338115627e-05,3.698031334528907e-06
121c3ebd-055c-481b-9ecd-26d5392483fc,253,27,55,937,8070071215,6320.0,100.0,55,0,55,1.041468482216408,1.0136304333380755,0.01893579058575287,0.9932306490410339,0.999995688365968,1.0330139718252025,0.018782072215003682,8067475055,16019843488,0.999993784424537,0.0,0.0,0.0,0.0,0.0,6.158060565580515e-06,0.0,4.759853577260302e-08,9.916361619292296e-09
122ff931-aad6-4114-a496-3c99f2f199eb,1349,32,64,1380,33650346,100.0,25.0,64,0,64,5.971616230524579,5.664325153743966,0.09330650360194655,0.19801609898364242,0.8910724454263909,5.970780423408483,0.09329344411575755,33432918,33432558,0.0,0.999977148270456,0.0,0.0,0.0,0.0,1.0887473238201943e-05,0.0,9.571405044573135e-06,2.3928512611432838e-06
123fe3fe-d402-4d5d-b993-a11c2a6b60df,1552,24,49,497,1391206,60.0,25.0,49,0,49,5.027124942597732,4.054982312208023,0.10259438658362718,0.38625849655618194,0.9306554809023087,4.926986697123293,0.10055074892088353,1172681,7686276,0.9976020759268719,0.0019340298000905618,0.0,0.0,0.0,0.0,0.0001227955428628928,0.0,0.0002728789841397618,6.821974603494045e-05
124b75e8-b65f-4a49-81dc-06b027fddc2e,707,33,53,613,8975986,320.0,25.0,53,0,53,9.450867612196063,8.706938823282805,0.178318256833888,0.130984074654137,0.6303772511900517,11.487180141639833,0.21673924795546853,8719999,20160328,0.0,0.9999339449465533,0.0,0.0,0.0,0.0,1.2844038170187864e-05,7.339450382964493e-06,3.669725191482247e-05,9.174312978705617e-06
126ef7d1-575b-449a-aaa2-4b05e4b5bc27,35,183,543,89959,9085859,10660.0,240.0,543,0,543,84.84925471344103,82.02264648540255,0.15626013759381405,0.0130908012780162,0.06514671932884036,161.08234924109374,0.2966525768712592,8054358,30607057,0.9923852403878745,0.0,0.0,0.007017691540405827,0.0,0.0,0.0005533650230099034,0.0,3.377053763937486e-05,9.93251107040437e-06
127c3d44-cd5b-4f42-bc49-ae1bed3322ce,363,54,157,3844,180847649,106440.0,300.0,157,0,157,5.569290894364105,3.761709593426322,0.035473190409962455,0.4636605537458112,0.8686200931749625,5.547833395660146,0.035336518443695196,179944693,179857909,0.48655283209713773,0.0,0.0,0.0,0.0003927873549457777,0.5119237664875174,0.0011283911551645482,0.0,1.778324187643589e-06,4.4458104691089723e-07
129e3373-10f4-4234-a2e0-6df4b61b38bc,1177,59,150,5706,46379377943,21140.0,160.0,150,0,150,2.493830646920368,1.3547698093158915,0.016625537646135786,0.8587187340150115,0.8913099644549971,2.2119175910086475,0.014746117273390983,46378779064,60692940072,0.9841424200498009,0.015857547844998612,0.0,0.0,0.0,0.0,2.2790595641627433e-08,0.0,7.589678018782266e-09,1.7249268224505152e-09
12ada856-0a2e-455d-8726-e4555c19c05f,988,36,55,754,203009758,340.0,25.0,55,0,55,3.2030891731707345,2.1250487491842307,0.058237984966740625,0.6595814364649911,0.9289053385202324,1.9281073769211603,0.03505649776220292,202690662,456757464,0.999997237169219,0.0,0.0,0.0,0.0,0.0,7.893802231500926e-07,0.0,1.5787604463001852e-06,3.946901115750463e-07
12b190cf-0b40-45fb-8aff-21f688d1175e,1469,22,50,766,591268128,1160.0,180.0,50,0,50,1.0001244299421683,1.000015787317602,0.020002488598843366,0.9999921064325845,0.9999951392955366,1.0000974820773216,0.020001949641546432,590860856,590859808,0.9999925532382873,0.0,0.0,0.0,0.0,0.0,6.76978337519113e-06,0.0,5.415826700152904e-07,1.353956675038226e-07
12b547a8-18ad-461c-beeb-c66fe13e622e,932,32,53,777,83747696,300.0,60.0,53,0,53,1.038685779612494,1.0086854525852664,0.019597844898348944,0.9956839263826407,0.9983772932668683,1.2368851414790878,0.02333745549960543,83360719,139921672,0.9983721829462627,0.0,0.0,0.0,0.0,0.0,0.001623018630633452,0.0,3.838738483049792e-06,9.59684620762448e-07
12cb6d7c-03fb-4983-867f-54abd0c38aeb,248,27,55,937,2315010918,1500.0,80.0,55,0,55,1.1252811781169956,1.0518570311340367,0.020459657783945373,0.9747103421870755,0.9999963906350766,1.1135483131474413,0.020246332966317115,2313703429,3988122919,0.9999948865529386,0.0,0.0,0.0,0.0,0.0,4.912902776356649e-06,0.0,1.659676841841254e-07,3.4576600871692794e-08
12cdbf89-9952-447a-8fe0-f0afc8ff237e,409,51,169,4508,501344234,2240.0,100.0,169,0,169,4.864920231384539,3.8469788995436995,0.028786510244878927,0.3628014705060638,0.9248710951245381,5.202224437899863,0.03078239312366783,500477773,710911991,0.0,0.13592805049506165,0.0,0.0,6.842062094933435e-05,0.8639392383165836,6.323557549877445e-05,0.0,8.951446481120751e-07,1.5984725859144197e-07
12d2eb7f-4a1c-42e6-ae5f-8a8d43e8f273,1359,263,1026,251351,36818675,460.0,25.0,1026,22,1004,13.375788883632522,4.064515519392286,0.013322498888080202,0.4639053506496698,0.7264666543105328,28.75185333197349,0.028637304115511443,24414325,432943584,0.6915706659921993,0.00019726123904715775,0.0,0.030686656297071496,0.0019675334050808287,0.0,0.275561826919237,0.0,1.1796353165610763e-05,4.259794198692775e-06
12f5c039-dbca-4eae-8aca-d7614e1d95f3,1276,17,38,431,472800670,260.0,25.0,38,0,38,1.0000222276611486,1.0000024399703857,0.02631637441213549,0.9999987800170194,0.9999989155706841,1.0000077718556026,0.02631599399620007,472137734,736512496,0.9999988139054354,0.0,0.0,0.0,0.0,0.0,3.388841612901035e-07,0.0,6.77768322580207e-07,1.6944208064505176e-07
12f77be0-812d-4353-8b66-a640b0ca2a06,20,175,639,78972,19374399,28940.0,500.0,639,54,585,54.84933359225912,35.71451990447158,0.09375954460215234,0.10412261018775906,0.21781922733330006,75.8396710018427,0.12964046325101317,7758507,124283000,0.8569767353435397,0.00013559309800197385,0.0,0.042509725131394484,0.0,0.0,0.1002741893511213,0.0,9.0739107408165e-05,1.3017968534410036e-05
12fce8b2-f668-4427-ba81-cac4eacee58c,1747,22,44,569,10676047207,1600.0,25.0,44,0,44,1.0000473204059155,1.0000059970662158,0.022728348191043534,0.9999970014796431,0.9999991886169337,1.0000454916900612,0.022728306629319572,10675598692,21171235448,0.9999976631755539,0.0,0.0,0.0,0.0,0.0,2.2993558214580366e-06,0.0,2.997489969717569e-08,7.493724924293923e-09
1321c20e-db14-405f-9591-0583bbc92e39,552,22,60,943,13966186,1360.0,220.0,60,0,60,4.167817738677943,4.045339567512028,0.06946362897796572,0.2533400727134943,0.9949799840117305,4.180873535114206,0.06968122558523678,13702546,14415712,0.0,0.9999474550204028,0.0,0.0,0.0,0.0,2.101799183888892e-05,0.0,2.5688656691975346e-05,5.838331066358033e-06
133f9ac8-23f5-4070-bf82-5a4d94b2d331,1837,22,45,579,198444,25.0,25.0,45,0,45,13.111884964512322,7.007795600179582,0.29137522143360717,0.20819112627986347,0.735494880546075,8.727954961308132,0.19395455469573628,2344,2032,0.7286689419795221,0.0,0.0,0.0,0.0,0.0,0.10068259385665529,0.0,0.13651877133105803,0.034129692832764506
1342b967-0dd5-4021-8824-ca717e8f715a,1184,43,78,1130,468325756,1860.0,160.0,78,2,76,1.4601549343653064,1.232836941381042,0.019212564925859293,0.8954420512851364,0.9969109265320705,1.4601336386474262,0.01921228471904508,468074332,468073924,1.1963911748957e-07,0.9999974363046252,0.0,0.0,6.836520999404e-07,0.0,9.058390324210301e-07,0.0,6.836520999404e-07,1.709130249851e-07
1350a827-f6c3-4c0a-9e5f-1b8e7ca01110,1474,21,45,466,11165696,120.0,25.0,45,0,45,4.998633724421346,4.989989002357124,0.11108074943158547,0.21835890679383727,0.9999394495158516,4.99693743320518,0.11104305407122622,10966056,10965744,0.9999430971353784,0.0,0.0,0.0,0.0,0.0,2.0426669351314637e-05,0.0,2.918095621616377e-05,7.295239054040943e-06
1370ce6d-4708-4783-aaaf-1d7bb79dff02,1337,34,56,809,132458386,200.0,25.0,56,0,56,3.789554536757005,2.8090928918030733,0.06767061672780365,0.5454252189696068,0.9744632390651786,1.4890557144832701,0.02659028061577268,131999826,735286464,0.5454252795757473,0.4532479307965148,0.0,0.0013223653794816367,0.0,0.0,1.3939412314073808e-06,0.0,2.424245619838923e-06,6.060614049597308e-07
137dbb3a-ae62-4e48-a019-34ab2ce09c30,552,39,92,1479,129463219,2780.0,200.0,92,0,92,4.131160230240162,3.0123070622921264,0.044903915546088725,0.529109720973791,0.9849712900451483,4.261852038058003,0.046324478674543514,129074219,132507240,0.0,0.4707919789931094,0.0,0.0,9.482916181735719e-06,0.5291572595143884,3.7931664726942875e-05,0.0,2.7271131503030825e-06,6.197984432507006e-07
1384411c-7689-4796-96ef-e44f0f27666a,1033,17,38,431,663620,60.0,25.0,38,0,38,1.0141038189247935,1.0024837587165245,0.02668694260328404,0.9987604082958607,0.9988971908287311,1.0059880795590124,0.026473370514710853,467896,614700,0.9988031528373826,0.0,0.0,0.0,0.0,0.0,0.00034195633217638105,0.0,0.0006839126643527621,0.00017097816608819053
138a075a-56b8-4152-a9ef-86156e3469e0,1565,26,60,958,76495280,100.0,25.0,60,0,60,2.0003854890316473,2.0000494995944353,0.033339758150527456,0.4999938126638202,0.9999893032493163,2.000229942313991,0.03333716570523318,76284848,76284448,0.9999878350678499,0.0,0.0,0.0,0.0,0.0,6.921426912982772e-06,0.0,4.1948041896865286e-06,1.0487010474216321e-06
1397600d-0128-4c3e-96d4-be6c54458f80,409,96,289,24155,1975032434,3040.0,60.0,289,3,286,7.770996212284502,4.227967723039671,0.02717131542756819,0.34730203007199306,0.8485632565961037,8.33282169919014,0.02913574020695853,1973202238,2756512256,0.0,0.16627154210636974,0.0,0.0,3.193489181517946e-05,0.8336657962983721,3.045911809877037e-05,0.0,2.2704211021678356e-07,4.054323396728278e-08
13ab734b-3aa0-48a4-86a7-9ebea9398148,462,24,47,597,272073360,380.0,80.0,47,0,47,1.0212115142599518,1.0062037945069968,0.02172790455872238,0.9969076736085436,0.9999976754514105,1.0211893668382002,0.02172743333698298,271880744,271880392,0.9999973223554222,0.0,0.0,0.0,0.0,0.0,1.2064112933279305e-06,0.0,1.1769866276370054e-06,2.9424665690925135e-07
13ae864a-b53e-4bfe-a8ee-1ffe46644723,1249,18,37,411,99850242888,24540.0,25.0,37,0,37,2.0000002493255353,2.0000000217926783,0.054054060792582036,0.49999999727591526,0.9999999950325513,2.0000001321024325,0.05405405762439007,99850050544,99850050280,0.9999999947120708,0.0,0.0,0.0,0.0,0.0,1.2819222354183528e-09,0.0,3.204805588545882e-09,8.012013971364705e-10
13b5b884-57cc-43b6-ba2f-794617886e2a,165,34,59,1006,259311456,2720.0,180.0,59,0,59,1.1344049673033718,1.0449558051133543,0.01922720283565037,0.978146887770833,0.999979407826514,1.1343086612816158,0.019225570530196877,259127576,259126000,0.0,0.9873219822810367,0.0,0.0,0.0,0.01265751816394871,1.9141150766601543e-05,0.0,1.049676009781375e-06,3.0872823817099266e-07
13b68133-d1c4-46f2-81c5-ab4cc804084c,289,37,54,638,8676002808,3000.0,25.0,54,0,54,1.0094077556399876,1.002156507722104,0.018692736215555325,0.9989232078241809,0.9999795724271727,1.009407033793432,0.01869272284802652,8675822698,8675822394,0.9989333693965261,0.0010665374710957468,0.0,0.0,2.2130466087586244e-08,0.0,2.4896774348534525e-08,0.0,3.688411014597707e-08,9.221027536494268e-09
13cd5c47-8158-46c8-82ff-7e64915d37da,1865,38,77,1183,12767066,140.0,25.0,77,0,77,17.70181776682517,12.476416360325656,0.2298937372314957,0.16774950710656034,0.49580032712382527,18.9710907959265,0.2463778025445,12501688,15379064,0.27367224330026474,0.7262624855139562,0.0,0.0,0.0,0.0,3.327550647560554e-05,0.0,2.559654344277349e-05,6.399135860693372e-06
13e9579e-e922-4255-b0e7-bb87d902ada9,1746,69,174,7889,9531712,920.0,100.0,174,0,174,46.07103957902245,46.01312055780535,0.26477608953461174,0.021736030687797565,0.10868015343898782,46.05699757910406,0.26469538838565554,9201312,9201024,0.4999687001158096,0.0,0.0,0.4999687001158096,0.0,0.0,2.4344354370333275e-05,0.0,2.956100173540469e-05,8.694412275119026e-06
13f12a49-75bd-43fb-83cf-1ad9cc55e6c2,22,26,52,791,2077208539,3340.0,80.0,52,0,52,1.1570102994424427,1.0653030543398945,0.02225019806620082,0.9683905087383324,0.9999928698751713,1.1251825412054812,0.0216381257924131,2075980485,4141791562,0.998692040691317,0.001302624961814128,0.0,0.0,0.0,0.0,5.157081233352731e-06,0.0,1.3872962779801853e-07,3.8536007721671814e-08
13f3dffb-cf94-4b18-82eb-51c936ec83c7,20,226,864,154539,57942474,43340.0,420.0,864,8,856,35.752040163798355,21.073914658342904,0.041766402060512096,0.08103471786201388,0.4047938973300603,71.83004767246075,0.0839136070939962,41683788,281809440,0.37966523100059907,0.00039526158227270515,0.0,0.11134465514506503,0.0,0.0,0.5085755402076222,0.0,1.6889060082543362e-05,2.4230043584330675e-06
13f7062e-bda9-423c-8e9f-032f10cfb8bd,351,25,49,554,19850152,260.0,60.0,49,0,49,4.8626015347099,4.529960383561181,0.09923676601448776,0.33222616238706165,0.996678487161185,4.8614742807633196,0.09921376083190447,19658512,19658144,0.6677429095345568,0.33222616238706165,0.0,0.0,0.0,0.0,7.325071195622537e-06,0.0,1.9533523188326766e-05,4.069483997568076e-06
1421b98f-35c6-44b4-be4f-93cf2adf1531,1034,17,38,431,721302,80.0,25.0,38,0,38,1.0126762466373755,1.0022107193985812,0.02664937491150988,0.9988964530478825,0.9990182237460474,1.0059880795590124,0.026473370514710853,525578,614700,0.998934506391059,0.0,0.0,0.0,0.0,0.0,0.00030442674541171814,0.0,0.0006088534908234363,0.00015221337270585907
1429305a-f5e8-4883-a0ab-699f4fe04411,246,31,41,560,8564888,25.0,25.0,41,0,41,1.010353595832512,1.0023903695588794,0.02464277063006127,0.9988064722921542,0.9999342750105017,1.0098585613066475,0.024630696617235305,8398632,8398320,0.0,0.9999237971136252,0.0,0.0,0.0,0.0,3.42912988686729e-05,0.0,3.238622670930218e-05,9.525360796853583e-06
142da868-ca24-4090-ab5d-df3124ef3795,232,2308,4635,22315081,29410519,820.0,60.0,4635,0,4635,986.1947697337393,728.787092886687,0.21277125560598475,0.004453659908855561,0.01933493285853832,2117.243482719537,0.4567947104033521,18317519,92778448,0.0,0.993328354129181,0.0,0.0,0.006641074045016686,0.0,8.734807372111912e-06,0.0,1.7469614744223823e-05,4.367403686055956e-06
1463bd8e-2f27-4df0-b2eb-26092f7575b4,246,33,46,581,12760208,80.0,25.0,46,0,46,1.9017260161295124,1.8027070217811516,0.04134186991585897,0.6661656756568956,0.9999498108974676,1.9011359032157453,0.04132904137425533,12592375,12592079,0.33308347313354314,0.6668676083741153,0.0,0.0,0.0,0.0,1.715323757432573e-05,0.0,2.54122038138159e-05,6.353050953453975e-06
14656420-b459-440b-8546-88393df13d26,891,33,56,700,733949622,2260.0,180.0,56,0,56,3.145865999169556,1.8599142455252407,0.05617617855659922,0.7242675866488987,0.9048708320366335,2.8478665366295237,0.050854759582670064,733702286,831450814,0.9999992149404315,0.0,0.0,0.0,0.0,0.0,2.3987931257447383e-07,0.0,4.3614420468086154e-07,1.0903605117021538e-07
14771180-33ec-462c-92e2-b365e39b0573,688,33,69,815,85730748,3380.0,760.0,69,0,69,2.487298007941512,1.574480896177014,0.03604779721654365,0.7921576153069539,0.9392782003030199,2.4844392885028466,0.036006366500041256,85459720,85449640,0.0,0.10822717415877328,0.0,0.0,0.00031032163456655367,0.891220612470998,0.00023721116802161298,0.0,3.7444541124169374e-06,9.361135281042344e-07
147c05f8-845a-4af2-b40d-41a923f810c7,341,111,394,44487,73200248,740.0,25.0,394,0,394,4.019327094552054,1.5594012607739403,0.010201337803431609,0.800508944253455,0.8096785677354463,4.0190649446116735,0.010200672448252979,72702658,72702322,0.9334910423770201,0.0,0.0,0.06648615240449668,0.0,0.0,1.7303356364219862e-05,0.0,4.4014896951910615e-06,1.1003724237977654e-06
14853e54-f863-4467-a9ba-316cb4ff7aea,728,56,11485,195173008,365029618,1180.0,25.0,11485,0,11485,7.557366722468117,6.323593456113692,0.000658020611446941,0.1803851946593926,0.8369357742153372,7.336185314878128,0.000638762326066881,356029391,759844426,0.0,0.6994163411638114,0.0,0.3005808978281796,7.836431683810059e-07,0.0,8.538620902789455e-07,0.0,8.988022002936268e-07,2.247005500734067e-07
148ab182-e413-4f5e-a27a-5ee7bf4dcab8,688,33,69,815,32052032,3980.0,1200.0,69,0,69,3.340805117491984,1.9561120704195298,0.04841746547089832,0.7065322833381245,0.9013241999636363,3.3323072858701455,0.04829430849087167,31784399,31774927,0.0,0.20387184291261887,0.0,0.0,0.0005856961460872675,0.7948920789724544,0.0006377971784207718,0.0,1.0067832334976666e-05,2.5169580837441666e-06
149832fd-8ffc-478a-912e-33c1bab4760f,1683,28,52,725,657917224,340.0,25.0,52,0,52,1.0003281569403952,1.000046050513717,0.019237079941161448,0.9999769755100554,0.999989746621752,1.0002562574075466,0.019235697257837435,657734440,657730928,0.9999777661026842,0.0,0.0,0.0,1.2771111696690232e-05,0.0,8.854637443038561e-06,0.0,4.865185408262946e-07,1.2162963520657364e-07
149e92a7-786f-4da6-bbc3-c3a5a76193c6,688,31,69,793,75468072,3380.0,800.0,69,0,69,2.3075610016938346,1.504942351447921,0.03344291306802659,0.8107749185917946,0.9509730101413599,2.3056859066734114,0.03341573777787553,75225218,75219274,0.0,0.08741547282721068,0.0,0.0,0.0003013882924207677,0.912141058866722,0.00013676264786630462,0.0,4.253892624146334e-06,1.0634731560365835e-06
14ad2557-1fc8-4cba-b281-6d1028f26ec8,405,21,65,1025,54635152,1120.0,180.0,65,0,65,1.4720303708752012,1.2629558590231278,0.02264662109038771,0.8825105707218238,0.997992136949214,1.4670060471773,0.022569323802727692,54346336,54321520,0.9999899901255532,0.0,0.0,0.0,0.0,0.0,2.6496726476647847e-06,0.0,5.8881614392550766e-06,1.4720403598137691e-06
14bf8333-5a76-4933-ad77-58a703cf853a,1550,35,112,2625,1358890,60.0,25.0,112,0,112,16.664099328301734,11.433642040460038,0.1487866011455512,0.18758071364774442,0.5479347555529526,24.38819702928443,0.21775175919003956,682970,1494584,0.5468190403678054,0.0,0.0,0.0,0.44583363837357426,0.0,0.00657422727206173,0.0,0.0006559585340498119,0.00011713545250889497
14ce6596-f6d5-42a7-a103-1fb85fb560e3,1424,42,90,1591,2763502656,2020.0,320.0,90,0,90,7.013343067023019,6.100834265957581,0.07792603407803354,0.20830634286545485,0.8297535990807285,7.013326996867365,0.0779258555207485,2763259496,2763259128,0.002126902670019812,0.9976881650061287,0.0,0.0,0.00018465149608229195,0.0,1.3607118714123112e-07,0.0,1.158052656521116e-07,2.89513164130279e-08
14e44f01-1ab6-4f2f-97a5-3176f1820da8,341,2242,10034,33297242,244247888,8200.0,25.0,10034,0,10034,1000.5602669262537,219.8544903615458,0.09971698893026247,0.036906194072050674,0.11256623183282169,1000.5460036861906,0.09971556743932536,235906200,235905856,0.49997031023347416,0.0,0.0,0.4998573839941468,0.0,0.0,0.00017061018319993287,0.0,1.3564713432711816e-06,3.391178358177954e-07
14e7c802-ce0c-471c-a737-1ba4bbfbdd44,1836,71,84,1949,523210,80.0,25.0,84,0,84,15.324092715816137,11.132432762447186,0.18242967518828734,0.11163820668722022,0.5581910334361011,14.282713794418596,0.17003230707641187,104767,101271,0.0,0.0,0.0,0.0,0.0035221014250670537,0.0,0.20846258841047277,0.7832809949697901,0.003970715969723291,0.0007635992249467867
1511c7a0-0bf6-4714-beb3-a1490528ee59,1455,154,630,85430,21121408,680.0,25.0,630,16,614,72.9566196535132,48.2986793679066,0.11882185611321368,0.0627726507027266,0.21056609466042608,61.67969925496768,0.1004555362458757,7106391,160265764,0.6926764935956944,0.00021107760605910934,0.0,0.06216108851877134,0.0,0.0,0.24489660082030387,0.0,4.052690036334899e-05,1.4212558807980028e-05
15127a03-898e-434e-8f0f-d63e7fbc1eab,988,39,61,910,409009298,480.0,25.0,61,0,61,4.757281890331176,2.6668232440345654,0.07798822771034715,0.5959916180589158,0.8000185839744492,2.973534546498777,0.048746467975389784,408717738,677099512,0.9999986298612761,0.0,0.0,0.0,0.0,0.0,3.9146820684352094e-07,0.0,7.829364136870419e-07,1.9573410342176047e-07
15178707-1039-42b2-82dc-b4989b33e00b,1552,24,49,497,1443446,80.0,25.0,49,0,49,3.993986935355472,3.058849780317303,0.08150993745623412,0.43596778387460244,0.954078520138412,4.551996633999183,0.09289789048977924,1199896,8274388,0.9976564635601752,0.0018901638141972305,0.0,0.0,0.0,0.0,0.00012001040090141146,0.0,0.00026668977978091434,6.667244494522858e-05
151dcbdf-1109-4d52-ac01-4a04efef66e4,399,27,47,681,1308168,120.0,60.0,47,0,47,1.0074646331524533,1.0012203716245514,0.02143541772664794,0.9993903678114204,0.9994604404767745,1.0042384337793713,0.021366775186795132,1141672,1141352,0.9994043823444912,0.0,0.0,0.0,0.0,0.0,0.00024525432873890224,0.0,0.0002802906614158883,7.007266535397208e-05
15397905-76af-4f5d-a26c-1ab763d9e698,563,27,55,937,1794340374,640.0,60.0,55,0,55,1.0473462369301996,1.0159557000743782,0.019042658853276356,0.9920848474306209,0.9999954418643914,1.1157184767529222,0.02028579048641677,1793057667,3540077841,0.9999935456621318,0.0,0.0,0.0,0.0,0.0,6.195562030409589e-06,0.0,2.141593140406231e-07,4.4616523758463144e-08
15416d46-8d5d-4404-a5af-2b55dee2f9e5,232,1958,3935,15994781,24681989,1160.0,40.0,3935,0,3935,828.4470138306638,611.3146120929423,0.21053291329877097,0.005208463358172951,0.022321517789822456,1785.831532249482,0.4538326638499319,15261507,77667700,0.0,0.9934339380770195,0.0,0.0,0.006529368298949769,0.0,1.0483892580201942e-05,0.0,2.0967785160403885e-05,5.241946290100971e-06
155299e5-eba2-4250-9c55-a438ecf96f94,1865,48,102,2238,15585114,140.0,25.0,102,0,102,19.75532401165498,12.071939246678653,0.19367964717308805,0.1372091419547817,0.5912099215759706,23.000331557177436,0.22549344663899448,15284346,18976872,0.1397171328102622,0.860221104651779,0.0,0.0,0.0,0.0,3.559197102708876e-05,0.0,2.093645354534633e-05,5.234113386336583e-06
156c8420-46c4-4ffb-8b31-be0be86077df,1611,25,52,649,12804700,100.0,25.0,52,0,52,1.1216570642139843,1.0310855290102456,0.021570328157961234,0.9847922973548852,0.9938283540428337,1.1068238050593815,0.021285073174218874,12474468,12450604,0.0,0.0,0.0,0.0,0.006074487505198618,0.9863170116753677,0.007576435323734848,0.0,2.5652396559115787e-05,6.413099139778947e-06
15700823-31b5-4663-87ce-730740b1fb9a,713,73,255,9592,3358358586,4580.0,60.0,255,0,255,4.523760294769414,3.3418968177680295,0.017740236450076136,0.36529074313951077,0.9541533482382258,4.518838382291871,0.01772093483251714,3355991552,3355602888,0.0354532194603093,0.009381139228803398,0.0,0.04943047961522402,0.0007658276131441227,0.9048805662786126,8.861047335556582e-05,0.0,1.3349258872031868e-07,2.383796227148548e-08
15b00ff0-5f57-438d-87f3-b3a18e886e07,988,30,41,457,473601656,280.0,25.0,41,0,41,2.1881362666712207,1.3969970652280466,0.053369177235883435,0.8445361929372751,0.9121126036544006,2.1881269916081405,0.053368951014832695,473538024,473537904,0.9999994931769196,0.0,0.0,0.0,0.0,0.0,3.378820535856272e-07,0.0,0.0,1.689410267928136e-07
15c01f69-3b09-4cc7-b515-0d91b14660c2,1620,24,49,608,2408084,80.0,25.0,49,0,49,1.0047437416213407,1.0007466626398263,0.02050497431880287,0.9996268758094169,0.999692081978645,1.0014460796226334,0.02043767509433946,2208380,4178352,0.9996377435042882,0.0,0.0,0.0,0.0,0.0,0.0001666379880274228,0.0,0.00015939285811318704,3.6225649571178875e-05
15d9174e-68c4-46c2-a493-c598dccfed4e,236,387,938,275232,4676287388,39840.0,80.0,938,0,938,101.49799009702654,73.06623400486397,0.10820681247017755,0.02382089546541527,0.11755676406654861,81.97468891830908,0.08739305854830393,4659988503,20071085870,0.8053924434757345,0.19408520330420223,0.0,0.0005211961356635132,0.0,0.0,1.067813793273644e-06,3.433484865831653e-09,6.866969731663306e-08,1.7167424329158264e-08
15d97611-b457-4f4e-98b0-3840bf043b4a,946,28,50,690,2001016,120.0,80.0,50,0,50,1.0720640686044045,1.0179113961187471,0.02144128137208809,0.9911553997575503,0.998000008752697,1.0663890807810643,0.021327781615621287,1828008,1826968,0.0,0.0,0.0,0.0,0.006564522693554952,0.9914573678014538,0.001759292081872727,0.0,0.0001750539384947987,4.376348462369968e-05
15fcf25c-6249-4bad-af55-ff62f63db64b,1753,291,1201,369151,59895378,3420.0,100.0,1201,34,1167,16.376003889173433,5.1116975033674485,0.014032565457732162,0.38143406270546876,0.7131870079680457,32.10105411137001,0.02750733000117396,31046383,672176956,0.6145376741632028,0.0001628531091689489,0.0,0.03594908302200614,0.0063096561039010565,0.0,0.3430279784926959,0.0,9.276442927345192e-06,3.478666097754447e-06
16081281-90b3-4e70-82ae-6cbdcaa34923,728,23,48,605,38902886646,15500.0,25.0,48,0,48,1.000428551146451,1.0000719757486987,0.02084226148221773,0.9999640137286152,0.9999999827259728,1.0003691698711064,0.020841024372314717,38902335422,60529324256,0.9999999819034001,0.0,0.0,0.0,0.0,0.0,7.81444087359553e-09,0.0,8.225727235363716e-09,2.056431808840929e-09
1656c4b5-7cc4-45b2-9ce9-eef68d9500c2,1746,123,336,34862,44507656,1320.0,80.0,336,0,336,100.05803222107474,100.00989103993585,0.29779176256272244,0.009999505479001766,0.04999752739500883,100.05113753054346,0.297771242650427,44002176,44001888,0.49999345486914104,0.0,0.0,0.49999345486914104,0.0,0.0,5.090657334764535e-06,0.0,6.1815124779283645e-06,1.8180919052730482e-06
166f410d-2bc5-4b87-9972-2d0df866829b,1273,17,38,431,59459870,140.0,25.0,38,0,38,1.0001581088025122,1.0000195914824923,0.02631995023164506,0.9999902044013786,0.9999912852950195,1.000061332380012,0.026317403483684526,59210266,83886380,0.9999905421806414,0.0,0.0,0.0,0.0,0.0,2.7022341024443293e-06,0.0,5.404468204888659e-06,1.3511170512221647e-06
1670382d-1a59-47b2-9e05-1d81cdf941f8,1184,43,77,1114,707663360,1940.0,160.0,77,2,75,1.4811432518653107,1.2600119572913402,0.019748576691537477,0.884019659987915,0.9976256722758146,1.481128911359689,0.019748385484795853,707412032,707411632,7.916178615406982e-08,0.9999978739406005,0.0,0.0,9.047061274750837e-07,0.0,5.767501562653658e-07,0.0,4.5235306373754186e-07,1.1308826593438546e-07
16b7193d-b586-41d4-a08b-b49d432b4fbf,570,205,824,168770,15151172,16760.0,360.0,824,16,808,60.66464654524195,19.03918808438175,0.07508000810054696,0.1947575162994778,0.34157426862638063,51.805030220438425,0.0641151364114337,4660272,173884388,0.6093704401803156,0.00010042332293050707,0.0,0.09016276303185737,0.0,0.0,0.30021423642225176,0.0,0.00013046448790971857,2.167255473500259e-05
16bf4dca-b67f-468a-a450-db49103326d6,678,29,70,949,16872208,320.0,60.0,70,0,70,11.147258081134186,8.972455593037072,0.15924654401620267,0.1944406788770222,0.5684300638957475,11.14537228256339,0.15921960403661986,16671532,16671292,0.9954890768286921,0.0,0.0,0.0,0.00448213157615029,0.0,5.758319031508322e-06,0.0,1.8234676933109687e-05,4.798599192923602e-06
16cf8d4e-2aeb-49c4-9c13-b1a9331e9c80,1097,30,56,657,4468987,25.0,25.0,56,0,56,1.077770545006686,1.0251104500703359,0.019245902589405107,0.9876146650253543,0.9991505280086419,1.074264721434981,0.01918329859705323,4199079,4197711,0.0,0.9990331213106494,0.0,0.0,0.0008049384162574698,0.0,6.668128892073714e-05,0.0,7.62071873379853e-05,1.9051796834496326e-05
16e519cd-1a57-4692-9811-af49a30e3fbf,535,32,49,593,132350748,600.0,100.0,49,0,49,1.9397467237630297,1.5856560453220798,0.03958666783189856,0.767704132282542,0.9999891323754768,1.9396808929785934,0.03958532434650191,132135592,132135304,0.0,0.9999953078501362,0.0,0.0,2.7244741144384475e-07,0.0,1.3925089918240954e-06,0.0,2.421754768389731e-06,6.054386920974327e-07
16fd10ea-9e50-4f28-9f52-1eed6c1e76a4,1676,35,66,895,107576136,220.0,25.0,66,0,66,3.736707072968862,2.919545053928108,0.056616773832861546,0.49634018556950404,0.9651136665190416,3.736523696067127,0.05661399539495647,107352984,107352624,0.05968229071303691,0.9397515769100558,0.0,0.0,0.0,0.0,3.2789028016212385e-06,0.0005591274481946398,2.9808207287465805e-06,7.452051821866451e-07
170c3264-6079-4680-9c7a-b0cfb441f091,769,169,643,89215,33485833,8920.0,180.0,643,20,623,8.093614725255105,3.1479752236681207,0.012991355899285881,0.5327959780703494,0.812673613855917,18.5564897666671,0.02978569785981878,20619754,318519788,0.6956137789034729,8.312417306239444e-05,0.0,0.025028184138375268,0.0015357118227501648,0.0,0.27772019006628307,0.0,1.3967188939305484e-05,5.0437071169714245e-06
170efdf4-4259-410f-9c45-4fe6d7f6d0ae,1177,63,162,6426,36921452684,18760.0,140.0,162,0,162,3.067412133159706,1.927145680585199,0.018934642797282134,0.6955679588858281,0.9555027521613486,2.99851710305587,0.01850936483367821,36920866049,50002965304,0.9820642104082513,0.017935749587269928,0.0,0.0,0.0,0.0,2.8303778102418154e-08,0.0,9.533904202919799e-09,2.1667964097544998e-09
1719e94b-f64a-4a11-8cfa-ac99f6966057,728,23,48,605,48254636953,19000.0,25.0,48,0,48,1.0003661370293586,1.0000606026060113,0.02084096118811164,0.9999696998349864,0.999999986073711,1.0003691602870572,0.020841024172647025,48254060641,65033619920,0.9999999854105542,0.0,0.0,0.0,0.0,0.0,6.299987938045166e-09,0.0,6.631566250573859e-09,1.6578915626434648e-09
175c8478-27d5-4e76-bc29-b097b6b05d04,1465,254,990,227139,76749580,1220.0,80.0,990,44,946,24.177558140083445,6.208449134998129,0.025557672452519498,0.36813985446278036,0.605914286725026,38.31716963599904,0.040504407649047613,21935832,404453960,0.661384897550273,0.0001541769648855808,0.0,0.061534616056505176,0.02171050544150776,0.0,0.2551977513321583,0.0,1.312920339652492e-05,4.923451273696845e-06
17621467-b075-4e62-aa88-de3e52b83bed,713,48,115,2402,191430772,400.0,25.0,115,0,115,2.799075035631157,1.6339156322118098,0.0243397829185318,0.7754757967049305,0.9042386050506438,2.781545759648905,0.024187354431729608,190149068,189984260,0.042437778343462615,0.07988829059104302,0.0,0.872815511249311,0.004854549168760585,0.0,9.25589601101805e-07,0.0,2.5243352757321955e-06,4.207225459553659e-07
1793a8da-bb52-49ee-b4b5-73ddaec28df9,711,50,156,5473,196135530,480.0,60.0,156,0,156,3.0889945157646768,1.6916903343470346,0.019801246895927414,0.7620010081568515,0.8907296931183256,3.044149708915683,0.019513780185356943,193511555,193092883,0.04463807858915712,0.0840890405743471,0.0,0.8576491672551544,0.013619910190892735,0.0,9.095064116455474e-07,0.0,2.480472031760584e-06,4.1341200529343065e-07
17a3ceae-5903-41ae-a271-ba63742610ba,1603,22,46,608,28009870351,9440.0,25.0,46,0,46,1.0000203094063755,1.0000024352053638,0.02173957194361686,0.9999987823994192,0.9999996797836147,1.0000135016685372,0.021739423949316026,28009185063,82844003524,0.9999990531677397,0.0,0.0,0.0,0.0,0.0,9.325512306498483e-07,0.0,1.142482365267808e-08,2.85620591316952e-09
17abef46-c353-4982-ac7b-e28ece0c3b41,1333,27,44,543,822640,80.0,25.0,44,0,44,1.025175564114446,1.0048892848951003,0.023299444638964682,0.9975640876928431,0.9986467153849127,1.0155918972172022,0.023081634027663687,620712,620104,0.0,0.9977316372166157,0.0,0.0,0.0,0.0,0.0016239415381046282,0.0,0.0005155369962236915,0.00012888424905592287
17d26a20-2532-434b-93af-645675f72f82,8,181,538,87573,9362321,17020.0,460.0,538,0,538,83.66715906166664,81.02927858367846,0.1555151655421313,0.013421625118826554,0.06587584576724241,159.06419172745615,0.29565834893579207,8332523,30226339,0.9928038602473704,0.0,0.0,0.006699411450769473,0.0,0.0,0.0004487236338861591,0.0,3.8403734379131025e-05,9.600933594782756e-06
18051e63-2452-4e9d-8a71-3d41ceef71dd,988,30,41,457,473601656,280.0,25.0,41,0,41,2.1881362666712207,1.3969970652280466,0.053369177235883435,0.8445361929372751,0.9121126036544006,2.1881269916081405,0.053368951014832695,473538024,473537904,0.9999994931769196,0.0,0.0,0.0,0.0,0.0,3.378820535856272e-07,0.0,0.0,1.689410267928136e-07
1816c26b-b648-473f-9942-3d2f686696e4,1746,143,396,49847,24572848,1180.0,80.0,396,0,396,120.13692857204335,120.02496068339221,0.30337608225263474,0.008332466756790627,0.041662333783953134,120.1228900970796,0.30334063155828184,24002496,24002208,0.49998800124787024,0.0,0.0,0.49998800124787024,0.0,0.0,9.332362767605502e-06,0.0,1.1332154789235253e-05,3.332986702716251e-06
18281944-cf96-47e0-892f-638927d7c8e8,1445,22,45,579,203556,25.0,25.0,45,0,45,17.12131748478395,8.847789342585179,0.3804737218840878,0.18385650224215247,0.6524663677130046,10.999638226999672,0.24443640504443714,1784,1472,0.6434977578475336,0.0,0.0,0.0,0.0,0.0,0.13228699551569506,0.0,0.17937219730941703,0.04484304932735426
183b685c-c1c9-44d9-8cb6-4787ab29023a,1625,247,952,211639,63653365,1220.0,25.0,952,28,924,21.866333902947336,6.248185072585766,0.023664863531328285,0.3577406984730746,0.6400792813139159,34.413415138009654,0.037243955777066726,27324976,505481500,0.648784686947209,0.00034115309012531245,0.0,0.06363412725412823,0.011332965123189861,0.0,0.27589257534938,0.0,1.0539807976409567e-05,3.9524279911535875e-06
183bce35-21da-48a4-8ce3-078a4a79d0bd,239,18,63,1228,388144,100.0,60.0,63,0,63,13.33973063009486,7.041128873963981,0.21174175603325174,0.25093556078381835,0.6591400735816582,12.658345701576573,0.2009261222472472,126662,122470,0.0,0.0,0.0,0.0,0.9957051049249183,0.0,0.0011368839904628066,0.0,0.0025264088676951258,0.0006316022169237814
1840adac-4efb-40c8-b143-3d6189c1d2b3,1832,41,92,1470,7183099,100.0,25.0,92,0,92,2.015938538029138,2.00126964861937,0.021912375413360195,0.5158950594908408,0.9996778244012492,2.3806337092099956,0.025876453360978213,6896860,12783304,0.9991612124938015,0.0006608804586434986,0.0,0.0,2.1314047262087384e-05,0.0,9.395580017573214e-05,0.0,5.1037718613977954e-05,1.1599481503176808e-05
1844133d-8226-45af-800e-8fc4f87d94cb,1284,18,38,441,757331874,380.0,60.0,38,0,38,1.0000143257805238,1.0000015332051666,0.026316166467908523,0.9999992333982903,0.999999317988824,1.0000040762991187,0.02631589674471365,756585842,1473024700,0.999999259832832,0.0,0.0,0.0,0.0,0.0,2.1147633370596432e-07,0.0,4.2295266741192864e-07,1.0573816685298216e-07
184ad3b4-dcec-498c-84ed-911b211fe99a,1780,102,5606,36030552,2122509825,1620.0,25.0,5606,0,5606,453.95508894504155,99.06675086486365,0.08097664804585115,0.02142895389001248,0.1071447694500624,453.72998669217486,0.08093649423692025,2116403826,2116081722,0.004429249222118917,0.6011239189661152,0.0,0.3926883054122772,0.00175793293996814,0.0,4.0445967328354284e-07,0.0,1.5119987786300667e-07,3.779996946575167e-08
1875116a-7d7a-42b4-9859-2fbe05a35d55,21,26,52,791,1779762548,4880.0,100.0,52,0,52,1.1775970566874092,1.0760218187336321,0.02264609724398864,0.9633876970522632,0.9999925253072142,1.1409108288752003,0.021940592862984623,1778668419,3517110615,0.9984742074627233,0.001520364319236277,0.0,0.0,0.0,0.0,5.221321692562193e-06,0.0,1.6191888095810398e-07,4.4977466932806656e-08
18b39e00-0389-4880-a30e-da418e96e6dd,1607,255,69,23966,724064,60.0,25.0,69,0,69,24.995450712720512,20.459215654831418,0.36225290888000744,0.07919260662774061,0.35636672982483275,24.921417710519577,0.3611799668191243,25861,20661,0.0,0.0,0.0,0.0,0.020610185220989133,0.0,0.8847299021692897,0.07795522214918217,0.013611229264142918,0.0030934611963961177
18ca8283-8b6a-4675-b2dd-a6234eb3445d,628,26,39,494,1966410,280.0,120.0,39,0,39,1.0107087321243438,1.0021397043040923,0.025915608516008815,0.998931686878647,0.999702072927656,1.0002182666719943,0.02564662222235883,1799098,74691706,0.0,0.999647601186817,0.0,0.0,0.0,0.0,0.00013006517710541617,0.0,0.00017786690886210756,4.446672721552689e-05
18cd9e22-8007-4df4-a8d9-44cfec58dfb1,1452,61,153,8258,3573376,260.0,25.0,153,0,153,41.14102362818814,41.028402896649425,0.2688955792692035,0.024381799474328402,0.12190899737164201,41.11448565534428,0.2687221284663025,3281136,3280896,0.9998537092031541,0.0,0.0,0.0,0.0,0.0,2.4381799474328403e-05,0.0,9.752719789731361e-05,2.4381799474328403e-05
18d07e38-deaf-4882-adc2-0fda4c1f4ac1,1702,16,37,446,185480,60.0,25.0,37,0,37,31.325236320919803,21.752941176470582,0.8466280086735082,0.16279069767441862,0.25581395348837205,31.325236320919803,0.8466280086735082,688,344,0.0,0.0,0.0,0.0,0.0,0.0,0.4186046511627907,0.0,0.46511627906976744,0.11627906976744186
18ea9733-da57-454c-b4d8-5bff7d9b7090,1746,117,318,30893,19289704,760.0,80.0,318,0,318,94.11377749692683,94.02080061932075,0.29595527514756864,0.010637120999378791,0.053185604996893954,94.09973841593887,0.2959111270941474,18802080,18801792,0.4999846825457609,0.0,0.0,0.4999846825457609,0.0,0.0,1.1913575519304247e-05,0.0,1.4466484559155157e-05,4.254848399751517e-06
18ef907c-f69a-41cb-97a2-a61a08c50599,1465,234,909,191830,54389721,1160.0,80.0,909,30,879,15.60253564942378,5.262495604600342,0.01775032497090305,0.3746466640198847,0.703661477845118,20.938022621965168,0.023820276020438187,26573150,564287892,0.630377994328862,0.0007262217689660428,0.0,0.0356439112412341,0.0043423907214613245,0.0,0.3288945796791122,0.0,1.0838007537683714e-05,4.064252826631393e-06
18efee01-0301-4f53-855d-e9a415d73289,1452,30,60,911,994872,80.0,25.0,60,0,60,10.077765885077458,10.016004997759303,0.16796276475129096,0.09992006394884093,0.4996003197442046,10.051157849628522,0.1675192974938087,800640,800400,0.999400479616307,0.0,0.0,0.0,0.0,0.0,9.992006394884092e-05,0.0,0.0003996802557953637,9.992006394884092e-05
18ffa9f6-52f1-4d51-a1c1-308701e11d6c,678,29,70,949,15389944,260.0,25.0,70,0,70,11.012873203518396,8.942986013127653,0.1573267600502628,0.1943541078278464,0.5693746575053746,11.010841632752852,0.15729773761075502,15182720,15182480,0.9948926147620453,0.0,0.0,0.0,0.005075770349449901,0.0,6.322977700965308e-06,0.0,2.0022762719723475e-05,5.269148084137757e-06
190a0b89-6e78-48ff-81f8-24b94b826a7f,1702,16,37,446,185480,60.0,25.0,37,0,37,31.325236320919803,21.752941176470582,0.8466280086735082,0.16279069767441862,0.25581395348837205,31.325236320919803,0.8466280086735082,688,344,0.0,0.0,0.0,0.0,0.0,0.0,0.4186046511627907,0.0,0.46511627906976744,0.11627906976744186
190f7d16-af82-40b3-a410-70e51b9ff00c,289,37,54,638,14318059976,3240.0,25.0,54,0,54,1.006395801641579,1.001364738594376,0.01863695928965887,0.9993182247322979,0.9999630015618532,1.0037404103003678,0.018587785375932735,14314658308,26003695972,0.9993366969860054,0.0006632532747703781,0.0,0.0,6.706412261782644e-09,0.0,1.508942758901095e-08,0.0,2.235470753927548e-08,5.58867688481887e-09
192628eb-35ab-4c1c-9083-56552719226a,467,22,48,624,84086336,740.0,200.0,48,0,48,1.0001684552072136,1.0000209809397163,0.020836842816816952,0.9999895096925673,0.999992179952641,1.000095401416789,0.02083532086284977,83886960,83886560,0.9999896050589985,0.0,0.0,0.0,0.0,0.0,5.626619441209933e-06,0.0,3.814657248277921e-06,9.536643120694802e-07
1927fb9b-6545-49fa-958c-b236e7157dee,1837,22,45,579,198444,25.0,25.0,45,0,45,13.111884964512322,7.007795600179582,0.29137522143360717,0.20819112627986347,0.735494880546075,8.727954961308132,0.19395455469573628,2344,2032,0.7286689419795221,0.0,0.0,0.0,0.0,0.0,0.10068259385665529,0.0,0.13651877133105803,0.034129692832764506
192bb6ec-22d5-45f2-b9e7-699fce7cef26,1048,17,38,431,684378309,420.0,25.0,38,0,38,1.0000157665313336,1.0000016965927616,0.026316204382403518,0.9999991517046887,0.9999992453096884,1.0000039111548495,0.02631589239881183,683724161,1538560300,0.9999991809562512,0.0,0.0,0.0,0.0,0.0,2.3401249966943907e-07,0.0,4.6802499933887814e-07,1.1700624983471954e-07
193e81a5-a799-4b13-b32c-c7c78c7b7a86,1461,146,324,29936,1598986452,1660.0,80.0,324,0,324,33.44600545720685,19.663449681243343,0.10322841190495942,0.11095742648155421,0.44317315310679933,33.40788958318991,0.10311077031848738,1597093134,1596823654,0.004474240010100751,0.9950557160181243,0.0,0.0,0.000469047160777538,0.0,6.161193602626808e-07,0.0,3.3060063233607263e-07,5.0091004899404944e-08
19430f4b-9fda-4492-bac3-47c5ca072fa3,1455,105,371,25904,13566788,480.0,25.0,371,18,353,43.48389639683067,33.03067002033122,0.12318384248393958,0.05713646576595248,0.2720545034064629,36.96218877043637,0.1047087500578934,3039810,64678944,0.7086640283438768,0.0005118740973942451,0.0,0.060456081136649985,0.0,0.0,0.23024004789773045,0.0,9.474276352798366e-05,3.32257608205776e-05
19525b90-3a94-45c1-829d-c01fec0f3ad0,220,394,1158,454055,62183840,9780.0,80.0,1158,0,1158,39.0931145878698,6.980823412583907,0.03375916631076839,0.3571532328760079,0.5156361922819783,39.08997730245202,0.0337564570832919,60828748,60828308,0.6009090307102819,0.0,0.0,0.39880616974066274,0.0,0.0,0.0002776976438837768,0.0,5.7867375471873924e-06,1.315167624360771e-06
195e556c-7924-417d-885a-5217456c7e2f,1348,209,836,167527,49715699,1240.0,80.0,836,20,816,10.626602464256,4.159200212939804,0.01302279713756863,0.3822099918972698,0.77802041418937,26.387666240526062,0.03233782627515449,24217763,391341852,0.5596538788491736,6.77188888172702e-05,0.0,0.03251613288973057,0.005639207882247423,0.0,0.4021067924399128,0.0,1.1892097548398669e-05,4.376952569896733e-06
195eeaf4-e335-48dd-95cf-b33303f375eb,1620,24,49,608,2408084,80.0,25.0,49,0,49,1.0047437416213407,1.0007466626398263,0.02050497431880287,0.9996268758094169,0.999692081978645,1.0014460796226334,0.02043767509433946,2208380,4178352,0.9996377435042882,0.0,0.0,0.0,0.0,0.0,0.0001666379880274228,0.0,0.00015939285811318704,3.6225649571178875e-05
196492eb-95a8-412a-b96f-76d8170258b2,579,85,193,12100,410560147,7420.0,200.0,193,0,193,21.556484260662277,12.299179994629146,0.11169162829358692,0.21977828373550642,0.49118364332242875,21.54762932397337,0.11164574779260814,410091791,410066911,0.5008476334021521,0.49873557210512415,0.0,0.0,0.0004137317637748082,0.0,2.009306253096883e-06,0.0,8.583444187986684e-07,1.9507827699969736e-07
19829e38-5421-4cab-b918-11739964d4bf,1841,87,230,13320,1406743,25.0,25.0,230,0,230,19.917686208731148,16.684077313921442,0.08659863569013543,0.1218403237708487,0.35852671430339306,49.55134645941468,0.21544063678006384,872716,27003920,0.9684582384189129,0.0,0.0,0.028087029457463827,0.0,0.0,0.002996392870074572,0.0,0.00036667140283895333,9.166785070973833e-05
19842749-7a69-489a-bc57-ca5dc47b72cd,1271,17,38,431,705941,80.0,25.0,38,0,38,1.0129661053745922,1.0022659300304113,0.026657002773015585,0.9988689393185944,0.9989937460144739,1.0059880795590124,0.026473370514710853,512793,614700,0.9989079414110567,0.0,0.0,0.0,0.0,0.0,0.0003120167396980848,0.0,0.0006240334793961696,0.0001560083698490424
1995d964-1763-4c5e-9645-fc64f3b9282f,1550,35,112,2625,1504762,120.0,25.0,112,0,112,17.184691035402533,12.763413578212674,0.1534347413875226,0.1552053608918824,0.5121725494228643,24.510233204527967,0.21884136789757114,700182,1484194,0.6312044582694214,0.0,0.0,0.0,0.36160883884475753,0.0,0.006432613234844654,0.0,0.0006398336432527543,0.00011425600772370613
19ca0b38-b5c0-49ce-8814-8006ceac9f96,22,26,52,791,1713517571,3000.0,80.0,52,0,52,1.1895855789110352,1.0825845392396753,0.02287664574828914,0.9603455573682068,0.999992956486911,1.1569450781012198,0.022248943809638842,1712497705,3228756406,0.998415928972004,0.0015791110213487847,0.0,0.0,0.0,0.0,4.745115848199049e-06,0.0,1.681754078613495e-07,4.671539107259709e-08
19ca9157-5075-492e-91d4-e60a3b79e6f7,1702,16,37,446,185480,25.0,25.0,37,0,37,25.789678363765013,12.800000000000002,0.6970183341558112,0.25,0.33333333333333326,25.789678363765013,0.6970183341558112,768,384,0.0,0.0,0.0,0.0,0.0,0.0,0.4791666666666667,0.0,0.4166666666666667,0.10416666666666667
19d73ac7-4ef4-4066-a286-5069102910ab,1871,931,1955,5029419,11942504,180.0,25.0,1955,0,1955,915.7066524745676,745.7918249933723,0.4683921496033594,0.0051715114855162446,0.021825531523619403,915.0087895464751,0.4680351864687852,9309464,9308400,0.0,0.9950553544221236,0.0,0.0,0.0048724609709001505,0.0,2.921757901421607e-05,0.0,3.437362236966597e-05,8.593405592416492e-06
19ddcdc2-9b7b-451b-96f4-e69b7b340276,1361,46,80,1970,409507324,1000.0,60.0,80,0,80,3.5350691509699264,3.171819974256302,0.04418836438712408,0.3241228107513266,0.984318490491963,3.535029095935809,0.04418786369919761,409255244,409254956,1.1728621857316996e-07,0.9999984166360493,0.0,0.0,0.0,0.0,4.886925773882082e-07,0.0,7.81908123821133e-07,1.9547703095528326e-07
19ffa0fc-6c21-4769-9e71-44aab5fbc500,1688,46,104,4809,80033448,1980.0,160.0,104,0,104,1.3285473664378247,1.079880214882026,0.012774493908056007,0.9622714568270593,0.971300589209828,1.223374295264779,0.011763214377545952,79741881,118335428,0.9622731623298427,0.03770992058740124,0.0,0.0,0.0,0.0,1.1499603326387548e-05,0.0,4.4142424982425485e-06,1.003236931418761e-06
1a0fdcd9-d958-401d-be4b-336f4e58423d,1474,21,45,466,11183640,140.0,25.0,45,0,45,5.001196630855473,4.995253761941713,0.1111377029078994,0.2130786598689002,0.999939548434086,4.999502082688906,0.11110004628197569,10984000,10983688,0.9999431900946831,0.0,0.0,0.0,0.0,0.0,2.0393299344501094e-05,0.0,2.9133284777858705e-05,7.283321194464676e-06
1a1d8710-b296-4f80-b72d-d1b0f6c23ade,1545,64,218,11040,6382832,300.0,25.0,218,0,218,38.140848341465635,38.02780203349311,0.17495801991497997,0.026306166954719195,0.13153083477359598,38.119922094706745,0.17486202795737038,6082224,6081872,0.49994212643269964,0.0,0.0,0.4998671538568787,0.0,0.0,0.00012232367633944425,0.0,5.261233390943839e-05,1.5783700172831516e-05
1a2814ba-5e47-4f62-9123-b5abe01809aa,1169,32,117,3004,1005884,80.0,25.0,117,0,117,17.483473339866517,9.620849864191195,0.14943139606723518,0.24659042960229427,0.5982607078747308,25.520075322639524,0.2181203019029019,279654,662384,0.7473556609238559,0.0,0.0,0.0,0.2464080613901464,0.0,0.004691511653686341,0.0,0.0012586982485499939,0.00028606778376136227
1a2f2bbd-7ccc-4073-b817-3ea8606a0019,1414,27,45,590,673687378,300.0,25.0,45,0,45,1.0000185467970109,1.0000019955040764,0.02222263437326691,0.9999990022494435,0.999999097273306,1.0000081691756793,0.02222240375945954,673515034,838861152,0.9999990141274263,0.0,0.0,0.0,0.0,0.0,3.9197343291968745e-07,0.0,4.7511931262992414e-07,1.1877982815748103e-07
1a40d1d8-8a5d-4a28-be07-847e925cae32,628,9055,27127,733868597,317866746,8740.0,120.0,27127,0,27127,7542.97630467136,6640.06488870564,0.2780615735124179,0.00045377045176455007,0.002171576388730957,7527.747605660799,0.2775001882132488,290472858,290400338,0.9999977071868106,0.0,0.0,0.0,0.0,0.0,9.157482108018506e-07,0.0,1.1016519829195195e-06,2.754129957298799e-07
1a45e6b3-6d0d-407f-9445-2a0982b661d4,363,54,152,3644,339738759,145680.0,340.0,152,0,152,3.414710452368402,2.046021565403647,0.022465200344528962,0.687297678026709,0.927845789181552,3.4074969181816925,0.022417742882774292,338898558,338819070,0.2650376517683501,0.0,0.0,0.0,0.0002242558966568397,0.7341377711025846,0.0005991409382154998,0.0,9.442353543445883e-07,2.3605883858614707e-07
1a668378-2a82-4c06-b69e-ded04fd3dc99,766,17,35,401,194824,100.0,60.0,35,0,35,3.6530110464897483,2.4640146646249454,0.10437174418542138,0.4503012048192771,0.9096385542168676,2.843352301343961,0.08123863718125604,5312,5048,0.9006024096385542,0.0,0.0,0.0,0.0,0.0,0.024096385542168676,0.0,0.060240963855421686,0.015060240963855422
1a6afb60-ede6-46bc-9e7b-a0bfa549c910,959,42,289,30304,17517048,280.0,60.0,289,0,289,5.214839453487143,4.565193841563099,0.018044427174696,0.2822291447736427,0.9878020067077494,5.183960627342737,0.017937580025407393,17090680,17076344,0.9878651990441574,0.0,0.0,0.0,0.01210484310747144,0.0,6.553279331191035e-06,2.8085482847961577e-06,1.5915106947178228e-05,4.680913807993597e-06
1acda188-eec2-493b-b27a-34a60b0a8be3,1051,36,62,1087,3042167704,1360.0,25.0,62,0,62,1.1126692660313158,1.0435101290885078,0.01794627848437606,0.9787172900971417,0.9999952082968356,1.112654567457573,0.017946041410606014,3041924656,3041922024,0.9991073598767004,0.0008889845429491794,0.0,0.0,0.0,0.0,3.48200603164446e-06,0.0,1.4727517958617053e-07,2.6299139211816167e-08
1ad89777-a296-40d2-be59-3ee8297f5834,1518,17,38,431,36854237,100.0,25.0,38,0,38,1.000248121244176,1.0000316880091227,0.026322318980109897,0.9999841563685566,0.9999859046313365,1.0000954437819103,0.026318301152155534,36607769,52429100,0.9999847027006754,0.0,0.0,0.0,0.0,0.0,4.37065694989498e-06,0.0,8.74131389978996e-06,2.18532847494749e-06
1ad8a921-c3e9-40dc-867d-43d1106735d0,1871,741,1556,3148362,16646888,180.0,25.0,1556,0,1556,704.0244490694074,556.6796528592,0.45245787215257544,0.007942254592219105,0.029548804718808785,703.698701022798,0.45224852250822495,14506712,14505800,0.0,0.9946110462522452,0.0,0.0,0.0053426303631036445,0.0,1.8749941406433104e-05,0.0,2.2058754595803653e-05,5.514688648950913e-06
1affad22-82b9-4195-bf9b-c9cc6281be53,1634,256,79,23510,861064,80.0,25.0,79,0,79,5.466266289855772,2.3790062761838633,0.06919324417538952,0.6350914758354098,0.812150037424086,4.693782281686091,0.059414965590963174,105547,100563,0.0,0.0,0.0,0.0,0.007380598216908107,0.0,0.21677546495873876,0.7714477910314836,0.003638189621685126,0.0007579561711844012
1b084ef9-5e75-4dd2-a752-5f4631344284,467,22,48,624,84086336,680.0,180.0,48,0,48,1.0001684552072136,1.0000209809397163,0.020836842816816952,0.9999895096925673,0.999992179952641,1.000095401416789,0.02083532086284977,83886960,83886560,0.9999896050589985,0.0,0.0,0.0,0.0,0.0,5.626619441209933e-06,0.0,3.814657248277921e-06,9.536643120694802e-07
1b15e8c6-7b7a-45e0-82a6-8e138766e420,253,27,55,937,6941975332,5980.0,80.0,55,0,55,1.0146593262001702,1.004028044233326,0.01844835138545764,0.9979900315761978,0.9999955519321551,1.0365996941245603,0.018847267165901096,6939642352,13613745444,0.999993592176982,0.0,0.0,0.0,0.0,0.0,6.340960782700578e-06,0.0,5.533426371595814e-08,1.1527971607491278e-08
1b208521-72c1-46f6-aaa0-47d15ffb726f,769,334,1339,457582,64023020,30820.0,180.0,1339,34,1305,26.61569056184056,5.604083620081544,0.02039516518148702,0.3990706244813377,0.6055863640116926,36.3462636206474,0.02785154300432751,26110436,410256788,0.7241493018347147,3.806906939432187e-05,0.0,0.03587285941912268,0.01145036413792554,0.0,0.22847431578699032,0.0,1.103007242008521e-05,4.059679432392473e-06
1b21456b-6d9e-4a37-a473-6348d1d80c34,1184,43,78,1130,408483784,1880.0,160.0,78,2,76,1.7295230515389266,1.4338186066516718,0.02275688225709114,0.8178658221244736,0.9933815746902289,1.7294946586220152,0.02275650866607915,408230640,408230232,1.3717735640813243e-07,0.9999969037110982,0.0,0.0,9.406447296557652e-07,0.0,1.038628555661574e-06,0.0,7.83870608046471e-07,1.9596765201161775e-07
1b216055-69af-4afd-834b-7f68f129da62,1064,18,21,164,679928,60.0,25.0,21,0,21,1.4315460273299636,1.248708616304527,0.06816885844428398,0.8879789844973669,0.999617675715008,1.4250691624877692,0.06786043630894138,648664,648336,0.9994573461761405,0.0,0.0,0.0,0.0,0.0,0.0003946573264432742,0.0,0.0,0.00014799649741622782
1b3a529f-b302-47a4-b86e-0734e63e6cfe,1465,299,1208,377563,55976431,1280.0,80.0,1208,18,1190,17.071747171424235,5.507499860669916,0.01434600602640692,0.37316911423844157,0.6918005817220663,26.001165570294695,0.021849718966634197,26183638,469328468,0.6495373179235063,0.00014589263722634724,0.0,0.0352679028025059,0.0019678319720124455,0.0,0.3130659307159685,0.0,1.0999235476750785e-05,4.124713303781545e-06
1b4446e1-f8a6-4155-92de-6bff10746c45,1837,22,45,579,198444,25.0,25.0,45,0,45,13.111884964512322,7.007795600179582,0.29137522143360717,0.20819112627986347,0.735494880546075,8.727954961308132,0.19395455469573628,2344,2032,0.7286689419795221,0.0,0.0,0.0,0.0,0.0,0.10068259385665529,0.0,0.13651877133105803,0.034129692832764506
1b589146-d737-4e72-9a32-57340d26bea1,1169,32,118,3087,1051133,100.0,25.0,118,0,118,17.913793009362355,10.089448586137712,0.15181180516408774,0.23584746964664438,0.5854956972613539,26.57869536423857,0.22524318105286922,303179,708418,0.7457805454863299,0.0,0.0,0.0,0.2484670772052154,0.0,0.004327476507277879,0.0,0.0011610302824404065,0.000263870518736456
1b695b8c-6920-4422-8d4d-7497ab52e2ca,1038,54,117,2524,29344465,180.0,25.0,117,0,117,10.994627446451798,8.582399562783129,0.09397117475599827,0.2477385396932773,0.6247487251903928,8.393225082709533,0.07173696651888489,28891177,134868718,0.8439496597871384,0.15566174406809385,0.0003446034753101267,0.0,0.0,0.0,2.793240303086302e-05,0.0,1.3291254973793556e-05,2.7690114528736574e-06
1b8caa2c-49c9-4b91-96d6-6f0063b66aeb,1051,36,62,1087,2994861328,1120.0,25.0,62,0,62,1.1127789370536163,1.0435395664828484,0.01794804737183252,0.9787034728545171,0.9999951325911817,1.1127640202097804,0.017947806777577104,2994611824,2994609192,0.9990932567692954,0.0009030298946685786,0.0,0.0,0.0,0.0,3.537019360944058e-06,0.0,1.496020273511082e-07,2.671464774126932e-08
1bde6c99-c04e-4a6d-874c-4314963247d9,1777,122,343,47127,48514696,840.0,25.0,343,0,343,100.05737896856549,100.00976678873583,0.2917124751270131,0.009999511690512447,0.049997558452562235,100.04999955386481,0.29169096079843965,48002344,48002008,0.9999845007568797,0.0,0.0,0.0,2.4998779226281115e-06,0.0,4.666438788905808e-06,0.0,6.666341127008297e-06,1.6665852817520743e-06
1bdf3be3-4566-49f0-a45d-987ece83f20b,711,78,229,9548,239018860,640.0,25.0,229,0,229,7.465368657411423,2.5148493263786738,0.03259986313280097,0.623960449397595,0.7363058282292347,7.673146451088137,0.03350718974274296,236322671,238573252,0.138430057774694,0.14826427296092975,0.0,0.7022707355910005,0.011031311507138476,0.0,1.2525247736388355e-06,0.0,2.0311212545494632e-06,3.385202090915772e-07
1c137882-895f-44b4-a641-9f5f481b5c72,1636,49,153,6100,1087716,740.0,120.0,153,0,153,5.240490877242182,4.525842807873977,0.034251574361060015,0.26491400472007137,0.9693372956674796,6.821814543968064,0.044587023163189965,506772,858106,0.48189718453268926,0.48792750980717164,0.0,0.0,0.007816138223895559,0.01880530100321249,0.0025751225403139876,0.0,0.0008208819745368726,0.0001578619181801678
1c194393-5287-4f04-acee-69783e76370b,1832,41,92,1470,7846233,60.0,25.0,92,0,92,1.9942200531330019,1.9600663284228745,0.021676304925358717,0.5737800434493381,0.9997059620235794,2.3437794739270417,0.025475863847033063,7556847,14487656,0.9991882858022665,0.0006493448921223362,0.0,0.0,1.945255739596157e-05,0.0,8.575004892913671e-05,0.0,4.658027349237056e-05,1.0586425793720583e-05
1c2bba12-152e-465a-925f-48c13eea8157,1465,234,919,195652,69630703,1200.0,80.0,919,36,883,17.561937724730175,6.232425935690732,0.019888944195617413,0.2678013977236512,0.6914877581498498,23.9190961286487,0.02708844408680487,27744254,558426428,0.5176899332020245,0.0009727419594702385,0.0,0.03601351112197863,0.010048495086586217,0.0,0.43526104540421234,0.0,1.0380527802261326e-05,3.892697925847997e-06
1c38c764-a3ec-430d-9882-6407e0161f2d,699,33,53,613,9297039,180.0,25.0,53,0,53,9.06428490383153,8.684422061965213,0.1710242434685194,0.12036699687138386,0.6018349843569193,11.487180141639833,0.21673924795546853,9041058,20160328,0.0,0.9999362906420908,0.0,0.0,0.0,0.0,1.2387930704570195e-05,7.078817545468683e-06,3.5394087727343416e-05,8.848521931835854e-06
1c3eb19d-e027-40c1-b797-27801d0ff4d9,1333,27,44,543,727440,80.0,25.0,44,0,44,1.029309784500383,1.0057787612059632,0.023393404193190522,0.9971228059492457,0.998401558860692,1.0181531487558517,0.02313984428990572,525512,524904,0.0,0.997320708185541,0.0,0.0,0.0,0.0,0.0019181293671695413,0.0,0.0006089299578316004,0.0001522324894579001
1c453d59-53d3-413b-8427-f6383f325dba,289,36,50,626,4337099968,1380.0,25.0,50,0,50,1.0102994356374149,1.0024273410035383,0.0202059887127483,0.9987881063185385,0.9999795205049953,1.010298039505976,0.02020596079011952,4336923346,4336923042,0.9987982665165602,0.001201591447265575,0.0,0.0,0.0,0.0,4.980489226290328e-08,0.0,7.378502557467152e-08,1.844625639366788e-08
1c502cdb-dc3f-4a0f-9833-46884d06c30c,1789,26,57,620,29023752,220.0,25.0,57,0,57,6.002214326328972,6.000326670446261,0.10530200572506969,0.1666621297531345,0.8333106487656725,6.001299831953054,0.10528596196408867,28800784,28800440,0.499988055880701,0.0,0.0,0.499988055880701,0.0,0.0,9.99972778518807e-06,0.0,1.1110808650208966e-05,2.7777021625522415e-06
1c896e0d-a8cc-459d-a1ea-c8ca7472915a,688,31,69,793,30927952,4060.0,920.0,69,0,69,2.8547285054406206,1.7271344124640362,0.04137287689044378,0.7549139897783537,0.9176415769459777,2.8498774292893607,0.04130257143897624,30680772,30675148,0.0,0.14972765352840534,0.0,0.0,0.0006033746478087318,0.849320610315803,0.00033532402639672824,0.0,1.0429985268949557e-05,2.607496317237389e-06
1c91898c-c45b-495e-a67d-959ad54b47c0,1181,25,70,952,748943,80.0,25.0,70,0,70,2.6808021947339182,2.0814401205611555,0.03829717421048454,0.5917760601891088,0.9581698220671216,2.5825318295995214,0.03689331185142174,510923,653820,0.9525799386600329,0.0,0.0,0.013591089068215758,0.032607653208017645,0.0,0.00043842222800695994,0.0,0.0006263174685813713,0.00015657936714534283
1c918cc4-a545-4176-ac8b-aaa840f8f02e,1260,40,94,1196,890451503,1600.0,180.0,94,0,94,1.5661657039250494,1.2785931007307831,0.016661337275798396,0.8789732693641904,0.9999197033839045,1.1895922448913487,0.012655236647780305,889601623,3063571408,0.0,0.8939113716072885,7.194231479049359e-08,4.244596572639122e-06,1.140735328896764e-05,0.10602391178416275,4.85071057474903e-05,0.0,3.956827313477147e-07,8.992789348811698e-08
1c92db06-1adb-4c45-a6b1-d6814c6fcd3a,1836,99,68,1558,46692880,60.0,25.0,68,0,68,6.052839861429468,6.011515212341578,0.08901235090337453,0.16650693647364126,0.8325346823682063,6.045881198770203,0.08891001762897356,46247779,46241243,0.0,0.0,0.0,0.0,9.751819649544684e-06,0.0,0.0009392883493929513,0.9990416188418475,7.611176311839754e-06,1.7298127981453985e-06
1ca14608-507c-4192-ad23-f3b20b41a763,1465,212,842,162155,55843101,1480.0,100.0,842,26,816,15.343252527321855,4.444744113386974,0.018803005548188548,0.44660922580359286,0.6881393434904376,35.048111735285964,0.042951117322654365,21461957,363360356,0.6809001620868032,0.00025570827487912684,0.0,0.059160495009844626,0.01090156876187945,0.0,0.2487637078016697,0.0,1.3419093142344848e-05,4.938971781557479e-06
1ca17ee7-c035-4b76-be00-5baf362aaff5,1455,219,890,178499,26069930,540.0,25.0,890,36,854,71.83181385583347,35.35647046808754,0.08411219421057783,0.0951750837949078,0.29902723000296305,41.79195681962164,0.04893671758737897,9051266,119784852,0.6890619500078774,0.00011666876213780481,0.0,0.031772350961732865,0.0,0.0,0.2790060528549266,0.0,3.1818753310310404e-05,1.1158660015074135e-05
1caf3170-1abe-4cb1-9467-c2d524b74b45,1074,29,51,766,6626192549,800.0,25.0,51,2,49,1.0117312088682622,1.0028077154043293,0.020647575691189024,0.9985986091884087,0.9999951599542118,1.0117303725410416,0.020647558623286565,6625970374,6625970102,0.0,0.999999914276707,0.0,0.0,0.0,0.0,2.535477681264984e-08,0.0,4.829481297647589e-08,1.2073703244118972e-08
1cc1115b-4bc5-4c9f-a856-acd2c88a9863,1461,148,326,30005,1673306784,1820.0,25.0,326,0,326,32.29101227148732,18.721424831337693,0.09905218488186295,0.11668924257565338,0.4548371014373586,32.25539893001564,0.09894294150311546,1671406307,1671136587,0.004274167789173001,0.9952762945987854,0.0,0.0,0.000448565975167162,0.0,5.887257908977125e-07,0.0,3.3504719807186897e-07,4.7863885438838424e-08
1cc2c4d3-8e14-4d14-95c1-a41ed8c937b5,1445,22,45,579,203556,25.0,25.0,45,0,45,17.12131748478395,8.847789342585179,0.3804737218840878,0.18385650224215247,0.6524663677130046,10.999638226999672,0.24443640504443714,1784,1472,0.6434977578475336,0.0,0.0,0.0,0.0,0.0,0.13228699551569506,0.0,0.17937219730941703,0.04484304932735426
1ccac1eb-8580-4f3a-8480-61ad59d12bdc,951,18,33,433,187360,440.0,180.0,33,0,33,33.0,32.99999999999999,1.0,0.030303030303030304,0.15151515151515152,33.0,1.0,528,264,0.0,0.0,0.0,0.0,0.0,0.0,0.18181818181818182,0.0,0.6666666666666666,0.15151515151515152
1ce7f185-0098-456a-afa8-797a36b20946,1281,58,206,9806,13508736,5040.0,160.0,206,0,206,36.067610480976555,36.01269889702149,0.17508548777173086,0.027772879375365166,0.13886439687682584,36.05782389527015,0.17503798007412694,13178900,13178548,0.49996646154079627,0.0,0.0,0.4999336818702623,0.0,0.0,6.950504215071061e-05,0.0,2.428123743256266e-05,6.070309358140665e-06
1cf0e04a-60d4-4940-914c-0b43ddeca77d,1880,49,101,2490,103788880,120.0,25.0,101,0,101,3.2399019030245615,1.951658325840694,0.03207823666360952,0.7060571987524932,0.925531146379703,2.659938387059285,0.026336023634250347,103266448,165414906,0.0,0.2938123522947163,0.0,0.0,0.0,0.7061391130640999,4.435128823255352e-05,0.0,3.4086579602311875e-06,7.746949909616335e-07
1d146340-fae4-4aa5-9554-1a878ab67f7f,1692,63,106,3045,22005021206,3240.0,25.0,106,0,106,2.0568945385363944,1.9926228288759684,0.01940466545789051,0.5535734474585555,0.9975735231942982,2.083011636109518,0.019651053170844507,22004458429,24962851916,0.9962596823154924,0.003739885499365134,0.0,0.0,0.0,0.0,4.1255275740101697e-07,0.0,1.5996758163159063e-08,3.6356268552634235e-09
1d1ca3b8-cb54-4657-b9bf-794f81b8b9af,351,25,49,554,18752568,480.0,60.0,49,0,49,4.728560944683748,4.296088608910251,0.09650124376905608,0.3600073458218052,0.99699355861095,4.727402516892107,0.09647760238555321,18557488,18557120,0.7229883699776608,0.27697886696733953,0.0,0.0,0.0,0.0,7.759670920978098e-06,0.0,2.069245578927493e-05,4.310928289432277e-06
1d3c9964-1101-4e46-a1c7-ad7abc8c1e85,1205,27,41,539,316927799,280.0,25.0,41,0,41,1.0000342616084064,1.0000038416143013,0.024391079551424544,0.9999980791983363,0.9999982813879853,1.0000044178488292,0.02439035165484949,316534503,1449775424,0.9999981044720423,0.0,0.0,0.0,0.0,0.0,6.318426525527929e-07,0.0,1.0109482440844687e-06,2.5273706102111717e-07
1d462a10-9ef8-4d2f-9a95-79adf4b64233,707,33,53,613,8340591,200.0,25.0,53,0,53,8.737271651985067,8.080446363580307,0.1648541821129258,0.1346706512018544,0.673353256009272,11.487180141639833,0.21673924795546853,8084590,20160328,0.0,0.9999287533443254,0.0,0.0,0.0,0.0,1.385351638116466e-05,7.916295074951234e-06,3.9581475374756174e-05,9.895368843689043e-06
1d559e84-eeee-4db9-ade7-1cb4df3cb2b1,1683,28,52,725,626590696,320.0,25.0,52,0,52,1.0003353574768201,1.0000470763669813,0.01923721841301577,0.9999764626186858,0.9999892338510863,1.0002616003543658,0.019235800006814727,626407832,626404400,0.9999772927487918,0.0,0.0,0.0,1.2771232400555297e-05,0.0,9.297457187604257e-06,0.0,5.108492960222119e-07,1.2771232400555297e-07
1daf99bf-e399-48ad-9704-5365870f0702,1515,17,38,431,26053076,80.0,25.0,38,0,38,1.0003440712641378,1.0000449432875451,0.026324843980635206,0.9999775291067804,0.9999800086536185,1.0001334347683368,0.026319300914956233,25811168,36700460,0.9999783039651673,0.0,0.0,0.0,0.0,0.0,6.198867095049709e-06,0.0,1.2397734190099418e-05,3.0994335475248544e-06
1e166f2d-8869-4742-b153-b3eb6774d718,766,17,35,401,192088,100.0,60.0,35,0,35,5.337919522535643,2.9751650424394844,0.1525119863581612,0.40934065934065933,0.8351648351648351,3.6585062429744664,0.10452874979927047,2912,2648,0.8186813186813187,0.0,0.0,0.0,0.0,0.0,0.04395604395604396,0.0,0.10989010989010989,0.027472527472527472
1e3a60a9-b80d-4adc-a2b9-e6fc891b95ce,1634,252,72,23379,911208,80.0,25.0,72,0,72,1.9598210387752768,1.2524381189150477,0.02721973664965662,0.8932107434001926,0.9293871386555737,1.7766776553126506,0.024676078546009037,226446,221862,0.0,0.0,0.0,0.0,0.003440113757805393,0.8936126052127218,0.10103954143592733,0.0,0.0015544544836296511,0.0003532851099158298
1e5eab2e-d9f6-4101-bac1-8dff2f9156df,1281,62,224,11912,14988104,5200.0,160.0,224,0,224,40.072606200403925,40.013682882025755,0.17889556339466037,0.024995724774942864,0.12497862387471431,40.06281962811943,0.17885187333981886,14642504,14642152,0.49996913096284623,0.0,0.0,0.4999363496844529,0.0,0.0,6.720162070640377e-05,0.0,2.185418559557846e-05,5.463546398894615e-06
1e600035-9cb4-4802-b1db-815ccb4baad2,1552,20,42,448,1753057,60.0,25.0,42,0,42,2.1123405455006283,2.024824282717298,0.050293822511919724,0.5380851550123869,0.9996322051664666,4.000998329607363,0.09526186499065149,1522588,17298736,0.9996427135902818,0.0,0.0,0.0,0.0,0.0,9.457581433716803e-05,0.0,0.00021016847630481785,5.254211907620446e-05
1e6c85ea-878c-4f0c-868f-6c61608d77cf,1777,81,222,18216,29655560,660.0,25.0,222,0,222,61.03911639876995,61.00666677158538,0.274950974769234,0.016392546855363094,0.08196273427681547,61.03221277939812,0.2749198773846762,29281600,29281288,0.999978689689088,0.0,0.0,0.0,0.0,0.0,7.649855199169445e-06,0.0,1.0928364570242064e-05,2.732091142560516e-06
1e6d0e84-620f-43f9-b13a-9ba0ecf32a1e,889,30,48,515,34175446,220.0,25.0,48,0,48,7.989338337455625,6.977549481474106,0.16644454869699218,0.17719885981106112,0.8031397312884017,10.05426039370829,0.20946375820225605,33881753,66792140,0.0030456511503404206,0.6425405733876874,0.0,0.35439771962212224,0.0,0.0,3.3056140867327612e-06,9.444611676379318e-07,9.444611676379318e-06,2.3611529190948295e-06
1e77f4aa-96b5-4ffb-8daa-1c1885ba1ca6,631,17,36,413,1937377133,1180.0,60.0,36,0,36,1.000005593778127,1.0000005701672263,0.027777933160503525,0.9999997149165074,0.9999997479696658,1.000001659357326,0.027777823871036833,1936274861,3527409944,0.9999997190481522,0.0,0.0,0.0,0.0,0.0,7.436960676421239e-08,0.0,1.6526579280936087e-07,4.131644820234022e-08
1e7f00c2-ac1c-48f4-a9dc-554ecdd5597f,1832,37,103,2273,2647152,160.0,25.0,103,0,103,10.076424750122145,10.016068186641085,0.09782936650604024,0.09991973114931005,0.49959865574655027,10.059916891271474,0.09766909603176188,2401928,2401504,0.9993305378012997,0.0003164124819728152,0.0,0.0,0.0,0.0,0.0001865168314787121,0.0,0.00013322630819908007,3.330657704977002e-05
1ea8349e-3126-43a9-86b0-c4b5d3b3d672,952,18,33,385,523524188,320.0,25.0,33,0,33,1.0003081236306346,1.0000492703390167,0.030312367382746504,0.999975365584321,0.9999991592349597,1.0003003146595915,0.030312130747260347,523332892,523332660,0.9999991133750484,0.0,0.0,0.0,0.0,0.0,1.2229309676182172e-07,0.0,6.114654838091087e-07,1.5286637095227717e-07
1eaad775-98fb-4575-b023-a3b1f129a534,467,22,48,624,84086336,680.0,180.0,48,0,48,1.0001684552072136,1.0000209809397163,0.020836842816816952,0.9999895096925673,0.999992179952641,1.000095401416789,0.02083532086284977,83886960,83886560,0.9999896050589985,0.0,0.0,0.0,0.0,0.0,5.626619441209933e-06,0.0,3.814657248277921e-06,9.536643120694802e-07
1eb2de75-ea31-43e7-90bc-099c17e082cf,1701,35,64,850,62016750,680.0,80.0,64,0,64,3.4988381955091405,2.9471138709552855,0.05466934680483032,0.48681206110501923,0.9983355820660159,3.4854063965959994,0.05445947494681249,61653986,61622962,0.0,0.5115248185251153,0.0,0.0,0.0,0.4869710451486462,0.0014976485056456853,0.0,5.190256474252938e-06,1.2975641185632345e-06
1ed3b843-c781-4288-91e1-f4b4351cb7a9,1361,46,80,1970,760294340,1200.0,60.0,80,0,80,3.3421179722494463,3.1012822265332236,0.04177647465311808,0.3278271119017314,0.9903082976205414,3.3420967262205874,0.041776209077757344,760042324,760042036,6.315437770278698e-08,0.999999147415901,0.0,0.0,0.0,0.0,2.631432404282791e-07,0.0,4.2102918468524654e-07,1.0525729617131164e-07
1ee40837-1b3c-4de4-9045-7b1e200c382d,1348,196,753,125789,58649798,1240.0,80.0,753,24,729,13.427874647469524,4.598557721896395,0.018419581135074792,0.42486476195188627,0.726066511253647,19.662705623041578,0.02697216134847953,23362693,419091888,0.6752635494546797,0.0006066081508668543,0.0,0.03212039810650253,0.004634097618797627,0.0,0.2873584821749787,0.0,1.2327345995600764e-05,4.537148178936393e-06
1f1a3153-07d3-4334-a683-e602a78b9a6a,569,181,698,110924,45649794,11940.0,220.0,698,18,680,13.496231431017451,4.266736762107368,0.01984739916326096,0.4564928793322368,0.7120883184431706,21.858759146019906,0.03214523403826457,21585616,356365424,0.7267954734300842,0.00021125178915440727,0.0,0.026766667210238522,0.0020602608700164035,0.0,0.24414818645898267,0.0,1.3342218262383617e-05,4.818023261416306e-06
1f5731f2-db1c-4f61-ba88-ad8d3e18eba3,1676,35,66,895,84315968,180.0,25.0,66,0,66,3.9511784586782777,3.028551751590216,0.05986634028300421,0.4867963965931696,0.9564414412143295,3.9509360062961876,0.05986266676206345,84095528,84095168,0.07624129549433353,0.9235975544383288,0.0,0.0,0.0,0.0,4.185716034745629e-06,0.00015220785580893196,3.805196395223299e-06,9.512990988058247e-07
1f5f2594-a558-45c1-8122-20c5f978fc6b,1837,22,45,579,198444,25.0,25.0,45,0,45,13.111884964512322,7.007795600179582,0.29137522143360717,0.20819112627986347,0.735494880546075,8.727954961308132,0.19395455469573628,2344,2032,0.7286689419795221,0.0,0.0,0.0,0.0,0.0,0.10068259385665529,0.0,0.13651877133105803,0.034129692832764506
1f76d357-5419-49af-85ea-af396929e248,1474,21,45,466,11292408,120.0,25.0,45,0,45,4.997199988246906,4.987103288389678,0.11104888862770902,0.2207946654973763,0.9999401411802717,4.995521897329909,0.11101159771844242,11092768,11092456,0.9999437471332674,0.0,0.0,0.0,0.0,0.0,2.019333677581646e-05,0.0,2.8847623965452085e-05,7.211905991363021e-06
1f7feb74-db2e-4936-b7cb-1ea66ea8c068,631,17,36,413,1045946044,1060.0,60.0,36,0,36,1.0000100401898546,1.0000010566014952,0.027778056671940405,0.9999994716996671,0.9999995329518797,1.0000028563256842,0.027777857120157894,1044860216,1993265596,0.9999994793561936,0.0,0.0,0.0,0.0,0.0,1.37817478161117e-07,0.0,3.0626106258026e-07,7.6565265645065e-08
1f80073c-d9b9-4289-aba0-938c0711dca5,535,32,49,593,90883636,460.0,100.0,49,0,49,2.043348324377977,1.6303293265483225,0.041700986211795445,0.7568764780813598,0.9999870737502985,2.043250044368524,0.041698980497316816,90668216,90667928,0.0,0.9999931618815573,0.0,0.0,3.97052038610752e-07,0.0,2.029377086232732e-06,0.0,3.5293514543177952e-06,8.823378635794488e-07
1f8de369-e896-417d-8f79-983f9c65b2f0,1517,17,38,431,34332308,100.0,25.0,38,0,38,1.0002652666831098,1.0000340325877044,0.02632277017587131,0.9999829841365212,0.9999848617490431,1.0000954437819103,0.026318301152155534,34085840,52429100,0.9999835708904342,0.0,0.0,0.0,0.0,0.0,4.69403130449477e-06,0.0,9.38806260898954e-06,2.347015652247385e-06
1f983e20-4309-4206-9f0a-4df9b9af7355,617,60,167,5466,21079647393,8300.0,25.0,167,0,167,1.0411543835689407,1.007447432179509,0.0062344573866403635,0.9962968420336306,0.9966840271843569,1.0363098808730982,0.006205448388461665,21036839829,21027074937,0.9966801707115854,0.0012149104717129422,0.0,0.0,0.00210487888674983,0.0,1.4831124947288773e-08,0.0,2.1295974283286443e-08,3.802852550586865e-09
1fcca5be-efbb-46fc-83ab-9648831e1db9,1474,21,45,466,7540456,120.0,25.0,45,0,45,5.002093745950814,4.993869342899495,0.11115763879890699,0.21499408240173845,0.9999095468405692,4.999643606661252,0.11110319125913892,7340816,7340504,0.9999149958260771,0.0,0.0,0.0,0.0,0.0,3.05143188441176e-05,0.0,4.359188406302515e-05,1.0897971015756287e-05
1fd72657-8a88-4d78-b135-266bb7fbeac5,1636,58,184,6609,11570409,900.0,120.0,184,0,184,13.667517798871419,12.220461189043217,0.07427998803734467,0.09475965430050513,0.4737982715025257,16.757309784873534,0.09107233578735617,10899987,22732661,0.823406945347733,0.17219818702536066,0.0,0.0,0.0005154134587499967,0.003714958559124887,0.00011899096760390631,0.0,3.8165183132787226e-05,7.3394582947667735e-06
1fdce866-c263-4dd2-a0e1-800ab7705879,1748,286,1167,354923,69251128,1440.0,25.0,1167,38,1129,22.005165766349247,5.966924538757721,0.019490846560096763,0.3434189301099687,0.632173399394936,18.062483666572028,0.015998656923447322,29565132,599365916,0.6763158710064274,1.7385344330612157e-05,0.0,0.034635901507221414,0.007573888051641373,0.0,0.2814435599340466,0.0,9.741204605479185e-06,3.652951727054694e-06
1fe79f61-396c-42e1-bf89-05ed10bbc3c8,688,31,69,793,69291724,7400.0,1240.0,69,0,69,2.3829727770497895,1.533787905766385,0.03453583734854768,0.8029135039114949,0.9460411245098954,2.3808803580211606,0.034505512435089286,69042914,69036946,0.0,0.09621795511122257,0.0,0.0,0.00033289440825165636,0.9032943482078407,0.0001490087744558406,0.0,4.6347985833854e-06,1.15869964584635e-06
1ffe93a1-f400-44fe-98c0-214c803a8b2a,1607,252,72,23379,1012416,60.0,25.0,72,0,72,1.6542848945641395,1.1698380233118992,0.022976179091168603,0.9243965814106377,0.9500422627805781,1.5322163394848847,0.02128078249284562,319430,314846,0.0,0.0,0.0,0.0,0.0024387189681620387,0.9245812854146448,0.07162758663870018,0.0,0.0011019628713646182,0.0002504461071283223
2019fa70-1368-419b-97f6-f9b8a57e0cd6,940,112,104,4534,202384120,380.0,60.0,104,0,104,1.4289295952816938,1.196287305670155,0.013739707646939364,0.9119154812101,0.9997598711264655,1.4285215198475887,0.013735783844688352,202020687,202015807,0.9120688714418638,0.0,0.0,0.05940013460106687,0.0001893370454680218,0.02832013436326944,1.9780152514776867e-05,0.0,1.3463967677725995e-06,3.959990493448822e-07
202d9041-b74b-46ce-9ec6-6fdbc54f8520,351,25,49,554,21862248,300.0,60.0,49,0,49,4.822662756444012,4.5163869718582506,0.09842168890702065,0.3327271666766341,0.9981815000299022,4.821639902522063,0.09840081433718495,21670608,21670240,0.6672447768885856,0.3327271666766341,0.0,0.0,0.0,0.0,6.644945079528917e-06,0.0,1.771985354541045e-05,3.6916361552938433e-06
2042ec5c-9065-436a-9a9d-eb718ebf8ee6,20,92,340,19272,14219898,18720.0,440.0,340,10,330,29.55993630560407,18.005795108101832,0.08957556456243657,0.13526408698681147,0.40487883871392166,31.399659601151882,0.09515048363985419,3556953,61336132,0.7519719827616502,0.001072266065927776,0.0,0.049038882436737284,0.0,0.0,0.19769055143545614,0.0,0.00019792221038624912,2.83950898423454e-05
2043e784-6b1f-416a-b334-b1ecf3b63a95,1333,27,44,543,822640,100.0,60.0,44,0,44,1.025175564114446,1.0048892848951003,0.023299444638964682,0.9975640876928431,0.9986467153849127,1.0155918972172022,0.023081634027663687,620712,620104,0.0,0.9977316372166157,0.0,0.0,0.0,0.0,0.0016239415381046282,0.0,0.0005155369962236915,0.00012888424905592287
2049bc82-9046-41f8-8e96-1879d5a4c26e,678,29,69,911,19500304,400.0,60.0,69,0,69,10.988571677267366,8.968856295400839,0.15925466198938212,0.19357854127549115,0.5685188221280351,10.98694381500609,0.15923106978269694,19298668,19298428,0.9949519832145929,0.0,0.0,0.0,0.005023144602518682,0.0,4.974436577695414e-06,0.0,1.5752382496035476e-05,4.145363814746178e-06
2065ee36-fd5a-4154-84a9-0ab2465cd0ca,1603,18,37,423,29024008,160.0,60.0,37,1,36,1.0003388613139124,1.0000449453473144,0.02778719059205312,0.9999775280711845,0.9999830766955833,1.0001793449904575,0.027782759583068264,28835976,28835656,0.0,0.9999778055024043,0.0,0.0,0.0,0.0,8.322936598365875e-06,0.0,1.1097248797821166e-05,2.7743121994552914e-06
208b846d-ed47-4741-adfc-7ddfbd4ff855,713,48,114,2391,188108431,340.0,25.0,114,0,114,2.6238093417966657,1.5781830125660734,0.023015871419268998,0.7892656911397106,0.9157071082422366,2.6069614206626506,0.022868082637391672,186826821,186661829,0.03704427428008316,0.06970988924550614,0.0,0.8883366912291464,0.004905291408881811,0.0,8.564080850040262e-07,0.0,2.569224255012079e-06,4.282040425020131e-07
208d4f1e-3a43-4956-8fbe-adfc9a858a01,1751,183,1005,472399,22381352,960.0,80.0,1005,0,1005,153.5705246276671,153.10706055326574,0.15280649216683295,0.0065336620953305845,0.032668310476652924,153.5223719994058,0.15275857910388638,21549936,21549216,0.9933987738989108,0.0,0.0,0.006534404556932327,0.0,0.0,5.048738891846361e-05,0.0,1.2621847229615902e-05,3.7123080087105597e-06
20b02758-1cab-4df8-815b-862094316daa,971,30,57,751,247000,80.0,60.0,57,0,57,19.340603226804333,7.960983952915137,0.3393088285404269,0.3080286168521463,0.6192368839427662,7.493009112879466,0.13145630022595553,2516,4168,0.0,0.4884737678855326,0.0,0.10135135135135136,0.0,0.0,0.22575516693163752,0.0,0.15262321144674085,0.03179650238473768
20b67acd-8b50-44c9-9fb5-703b43fc7ce4,1348,316,1159,333190,69355903,1420.0,80.0,1159,58,1101,25.724835170084695,6.902978462556188,0.02336497290652561,0.3445878471542264,0.5977990812461751,41.29610477624784,0.037507815418935365,28642493,509308424,0.7025482732945069,0.0004253819665767222,0.0,0.04779660764864287,0.009103188050006681,0.0,0.24011279325441398,0.0,1.0054990674170716e-05,3.700795178687833e-06
20d6be14-d2e5-4080-ab7b-c06a4aa51b96,22,26,52,791,1791625057,3040.0,80.0,52,0,52,1.2104768569359101,1.088054304604724,0.02327840109492135,0.9579737712962001,0.9999930340573053,1.1667811035082643,0.022438098144389698,1790568850,3358965137,0.9944012066332998,0.0055938334904016675,0.0,0.0,0.0,0.0,4.75435501963524e-06,0.0,1.608427400041054e-07,4.467853889002928e-08
20e29e09-f555-4ece-b9a0-ef7b485b3923,1841,29,62,907,1001677,25.0,25.0,62,0,62,1.8908239675805898,1.7664411085476348,0.03049716076742887,0.6828104934874335,0.9989582514348612,2.0059316378027976,0.03235373609359351,763140,2400562,0.9989530099326467,0.0,0.0,0.0,0.0,0.0,0.0005228398458998349,0.0,0.00041932017716277484,0.00010483004429069371
21123e46-57cc-4448-aa10-ce77299f9c70,1452,61,153,8258,3573376,240.0,25.0,153,0,153,41.14102362818814,41.028402896649425,0.2688955792692035,0.024381799474328402,0.12190899737164201,41.11448565534428,0.2687221284663025,3281136,3280896,0.9998537092031541,0.0,0.0,0.0,0.0,0.0,2.4381799474328403e-05,0.0,9.752719789731361e-05,2.4381799474328403e-05
2126ab92-15a6-435f-8f8d-6cbb87f2d1fb,1636,54,174,6598,1569656,760.0,120.0,174,0,174,5.886740414059587,4.843838500539999,0.03383184146011257,0.2642114164087103,0.9306768036978101,8.104798920403304,0.04657930414024888,930713,1711968,0.7178700630591816,0.2505777828396079,0.0,0.0,0.009561486731140535,0.020048070672699318,0.0014096719396849513,0.0,0.0004469691516074236,8.595560607835069e-05
21362725-edbd-460e-aea3-1b3196018bd3,248,27,55,937,2482664956,1420.0,60.0,55,0,55,1.118511680799997,1.0484253767267848,0.0203365760145454,0.9763462847330251,0.9999966345034479,1.1135483132223407,0.020246332967678922,2481357467,3988116155,0.9999952320452988,0.0,0.0,0.0,0.0,0.0,4.580960281286227e-06,0.0,1.547540026404426e-07,3.224041721675888e-08
21388057-3724-4b66-a113-a065629152f7,1635,105,208,20638,45016832,580.0,25.0,208,0,208,47.713888663577464,41.39938635262702,0.22939369549796856,0.0283495723469312,0.141747861734656,47.69112331760544,0.2292842467192569,44598768,44595120,0.0,0.9998712072046474,0.0,0.0,0.00011211072018850387,0.0,7.713217548969066e-06,0.0,7.1750860920642475e-06,1.7937715230160619e-06
21a0b7c4-d5d3-49dc-b3e9-b09631edc8c3,1359,342,1344,468077,60083636,740.0,25.0,1344,18,1326,26.98994508184378,6.635640052571163,0.020354408055689124,0.3439056866716693,0.617733681638917,42.85259516201147,0.032317190921577275,25522416,438384036,0.6695383775579866,8.039991198325426e-05,0.0,0.04130909863705693,0.005393807545492559,0.0,0.2836628789374799,0.0,1.1284198173088315e-05,4.153211827595005e-06
21a1bb17-b04f-454a-8b06-805f22cdcf61,1181,25,70,952,841572,60.0,25.0,70,0,70,2.860149111999051,2.1306613972779282,0.04085927302855787,0.5861981782979261,0.9476244020252962,2.724842743502147,0.03892632490717353,601196,770776,0.9405984071750311,0.0,0.0,0.017378691807663393,0.04098496995987997,0.0,0.0003725906359989088,0.0,0.0005322723371412984,0.0001330680842853246
21a8c61f-420e-4041-a18a-8e9e3203d2e3,1258,36,74,1456,6175960,400.0,80.0,74,0,74,4.611709350608229,4.183509255872796,0.06232039662984093,0.24444110083711768,0.9796055151283033,4.5017927420965504,0.06083503705535879,5848640,5821384,0.9777657711878317,0.0,0.0,0.0,0.022093341357990917,0.0,6.702412868632708e-05,0.0,6.0184931881599825e-05,1.3678393609454505e-05
21f72c80-0254-4c9f-aaf8-37ad0d8ee9d5,1035,17,38,431,663486,60.0,25.0,38,0,38,1.0140365937915234,1.002470839344405,0.026685173520829563,0.9987668442694403,0.9989029166259157,1.0059880795590124,0.026473370514710853,470338,614700,0.9988093668808389,0.0,0.0,0.0,0.0,0.0,0.0003401808911888897,0.0,0.0006803617823777794,0.00017009044559444485
222110e8-6af3-4771-a4b4-63c4c25ea21e,1181,25,70,952,850704,80.0,25.0,70,0,70,2.7380812982076415,2.091879117128399,0.03911544711725202,0.5925975425105899,0.9547406662505113,2.629177357053572,0.03755967652933674,613553,789577,0.948677620352276,0.0,0.0,0.013169196467134868,0.037136156126691584,0.0,0.0003650866347324518,0.0,0.000521552335332074,0.0001303880838330185
22604fa8-928d-4373-bda3-075d8d09e9d4,1521,17,38,431,31560012,100.0,25.0,38,0,38,1.0002871833065679,1.0000370456929708,0.026323346929120205,0.9999814776634672,0.9999835215074986,1.0001053792127874,0.026318562610862826,31313544,47186220,0.999982116364727,0.0,0.0,0.0,0.0,0.0,5.109610077990533e-06,0.0,1.0219220155981066e-05,2.5548050389952666e-06
2267f037-c082-4e9f-b6a1-e010ac83f784,940,82,104,3154,140175198,280.0,25.0,104,0,104,1.5131262868900113,1.2540914487947212,0.014549291220096263,0.888478218301299,0.9996724421114737,1.512568863389984,0.014543931378749847,139862301,139857781,0.8886990926883149,0.0,0.0,0.08579907461982911,0.0002734832740954262,0.025207128545668644,1.87041109812715e-05,0.0,1.944769949123031e-06,5.719911615067737e-07
226bc6f1-2629-47d9-9175-25aaa503ff46,1273,17,38,431,58261193,180.0,25.0,38,0,38,1.0001611715089052,1.0000199963017513,0.026320030829181714,0.9999900019977043,0.9999911052255436,1.000061332380012,0.026317403483684526,58011589,83886380,0.9999903467564042,0.0,0.0,0.0,0.0,0.0,2.7580695988175744e-06,0.0,5.516139197635149e-06,1.3790347994087872e-06
227ae319-1251-42b6-818b-2961d994c942,1445,22,45,579,203556,25.0,25.0,45,0,45,17.12131748478395,8.847789342585179,0.3804737218840878,0.18385650224215247,0.6524663677130046,10.999638226999672,0.24443640504443714,1784,1472,0.6434977578475336,0.0,0.0,0.0,0.0,0.0,0.13228699551569506,0.0,0.17937219730941703,0.04484304932735426
2281acac-4aec-4eb3-be58-c982a045235b,1274,17,38,431,110996697,160.0,25.0,38,0,38,1.0000878504812396,1.000010479738686,0.026318101328453674,0.999994760171467,0.9999953383594432,1.0000314416943707,0.026316616886693966,110690645,170393900,0.9999949408552096,0.0,0.0,0.0,0.0,0.0,1.4454699401200525e-06,0.0,2.890939880240105e-06,7.227349700600263e-07
2281e1b2-bd60-4fdc-9662-dd92f6914a3e,711,50,156,5473,196138168,300.0,25.0,156,0,156,3.0890790883324506,1.6917042112968808,0.019801789027772118,0.7619977083328198,0.8907291844610697,3.044153340117603,0.01951380346229233,193512393,193093057,0.04464235011552981,0.08407804145132969,0.0,0.8576457012755767,0.013630103783585581,0.0,9.095024730534959e-07,0.0,2.480461290145898e-06,4.134102150243163e-07
2288a0b0-5247-4bf6-9c71-72d2d914122a,1374,22,49,722,8214488411,2860.0,25.0,49,0,49,1.0000743616463306,1.0000096403777021,0.020409680849925112,0.9999951798443012,0.9999984717648452,1.0000607998011455,0.020409404077574397,8214050017,24667225468,0.9999961713162283,0.0,0.0,0.0,0.0,0.0,3.7799867222308395e-06,0.0,3.8957639573379774e-08,9.739409893344944e-09
22950ff5-71dc-4041-b47c-c57698228ace,1855,256,967,220831,91333315,440.0,25.0,967,40,927,21.304647283960882,6.618278732070741,0.02298235952962339,0.31029301797772496,0.6404020211762641,37.780422133349056,0.04075557943187601,26701877,439001304,0.5924090280245093,3.265688026351106e-05,0.0,0.07607401532109521,0.012794905766362417,0.0,0.31867463849076977,0.0,1.0785758619141268e-05,3.969758380656162e-06
22a124dd-5afb-4ac6-83bc-ee034c50f24f,54,50,85,2236,1332256612,740.0,25.0,85,0,85,5.307244504435832,5.089750748076116,0.06243817064042155,0.1982233687120057,0.9911168435600284,5.307219931576308,0.06243788154795656,1331641076,1331640708,1.80228745061631e-08,0.9999994112527661,0.0,0.0,0.0,0.0,2.703431175924465e-07,0.0,2.40304993415508e-07,6.0076248353877e-08
22baeee4-427a-4f9d-81ed-49a2606d0c5c,1201,31,71,972,57293090,660.0,240.0,71,0,71,2.6710991974526332,2.2188055567913882,0.03762111545707934,0.47457777093145104,0.96398609720451,2.667940088364811,0.03757662096288466,57049246,57042110,0.0,0.0,0.9986041883883969,0.0,0.0011700417565553803,0.0,0.00021875836886608456,0.0,5.60918894528422e-06,1.402297236321055e-06
22d61f66-0d38-4528-a855-5b19592b8eae,959,42,289,30304,17464936,280.0,60.0,289,0,289,5.126405279239528,4.54468814303249,0.017738426571763072,0.28286555884929776,0.990029455972542,5.10074311264611,0.017649630147564394,17047816,17036040,0.9900942150009128,0.0,0.0,0.0,0.009875751826509625,0.0,6.569756501360644e-06,2.8156099291545616e-06,1.595512293187585e-05,4.692683215257603e-06
22e22d99-f7cc-4671-8b91-eb85545de3fc,1848,28,72,1265,23339304,25.0,25.0,72,0,72,2.0411091250774955,2.0086452520852887,0.02834873784829855,0.4989226781433577,0.998392655138839,2.038943216856125,0.028318655789668398,23153712,23151344,0.0,0.0,0.0,0.0,0.0017559171505631581,0.9978982203803866,0.0003306597231579973,0.0,1.1747576371339507e-05,3.455169520982208e-06
22f2252c-a417-4f1f-a2cc-3b87ff93df5f,1836,108,76,1751,4574536,100.0,25.0,76,0,76,5.767372416751641,4.87108985803537,0.07588647916778475,0.3296677083320472,0.879113888885459,5.712840986994197,0.0751689603551868,4049605,4042989,0.0,0.0,0.0,0.0,0.00013161777506695097,0.0,0.010734874142045953,0.9890110270013989,0.00010272606834493734,1.9755013143257183e-05
2312517c-79ec-431c-bf59-9292c142d55b,1552,20,42,448,2199098,80.0,25.0,42,0,42,2.0485932582428976,1.9431841907860221,0.04877602995816423,0.6013568086803245,0.9997155324369219,4.001038919521028,0.09526283141716732,1968590,16572784,0.9997236600815812,0.0,0.0,0.0,0.0,0.0,7.314880193437943e-05,0.0,0.00016255289318750985,4.063822329687746e-05
231829e7-0fb9-446d-b0cf-55a4148651c7,1455,95,334,20357,13696819,240.0,25.0,334,16,318,34.61251806225376,23.14392061070649,0.10884439642218165,0.12674484332753774,0.33870725112784256,39.448810513320886,0.12405286324943675,3263975,50951820,0.7388861740668969,0.0007120152574698029,0.0,0.03994546526857589,0.0,0.0,0.22033716557265298,0.0,8.823596994462273e-05,3.094386445974617e-05
233640f2-1fa5-4765-8358-4d18ea4c3b3e,773,22,48,624,84086336,600.0,160.0,48,0,48,1.0001684552072136,1.0000209809397163,0.020836842816816952,0.9999895096925673,0.999992179952641,1.000095401416789,0.02083532086284977,83886960,83886560,0.9999896050589985,0.0,0.0,0.0,0.0,0.0,5.626619441209933e-06,0.0,3.814657248277921e-06,9.536643120694802e-07
235a272e-b9d8-4f23-936d-c0da6d702735,1748,177,685,104285,37980528,780.0,25.0,685,22,663,10.920695507189333,4.3174273059895185,0.0164716372657456,0.4168482832950907,0.7663612687837895,18.28541055762255,0.027579804762628283,25773154,418910332,0.6268685237359773,8.450653730622182e-05,0.0,0.02221544169564967,0.00145034635652276,0.0,0.34936585564964223,0.0,1.117441815619462e-05,4.15160674553064e-06
23730d99-f978-4064-bc41-92e60a3b477c,1626,263,1039,253054,78994151,1160.0,80.0,1039,32,1007,21.299642477397025,6.343853269154298,0.021151581407544216,0.3435234242567208,0.6428962853941123,25.06432574641788,0.024890095080851916,24983781,509530140,0.6379150937962512,0.0002420770499068976,0.0,0.05430503093186736,0.009942850523705759,0.0,0.29757909741523914,0.0,1.1527478566995125e-05,4.322804462623171e-06
2390e723-dc0f-49e2-b89b-f366e860c49b,1475,54,138,4015,5097176,660.0,80.0,138,0,138,30.128029250949915,30.027698514314785,0.21831905254311532,0.033317951545703064,0.1665897577285153,30.108457689922393,0.21817722963711877,4802216,4801888,0.49981925011286454,0.0,0.0,0.49981925011286454,0.0,0.0,0.0002782048954066206,0.0,6.663590309140613e-05,1.6658975772851532e-05
239b2e5d-a11c-4f83-b37a-3404b3096c74,1605,49,82,1255,413091512,380.0,25.0,82,0,82,3.291003478329981,3.091138274893015,0.04013418876012172,0.35062782888793037,0.9919809648490496,3.304447834487267,0.04029814432301545,412650891,447643662,0.005082145818025145,0.9948013004532686,0.0,8.956723663053959e-06,0.00010569709396313893,0.0,9.305686922653464e-07,0.0,7.75473910221122e-07,1.938684775552805e-07
239d64fc-d0ee-4aa6-8d23-6b1f85d8bf9d,1273,17,38,431,58844924,140.0,25.0,38,0,38,1.0001596648974707,1.0000197970941527,0.026319991181512386,0.9999901015985577,0.9999911938359582,1.000061332380012,0.026317403483684526,58595320,83886380,0.9999904429227454,0.0,0.0,0.0,0.0,0.0,2.7305935013239967e-06,0.0,5.461187002647993e-06,1.3652967506619983e-06
23bc5102-8995-4395-99aa-eaab06e4ccc4,1333,27,44,543,225936,100.0,60.0,44,0,44,2.957105325267341,2.2762080942775507,0.06720693921062139,0.4685408299866131,0.9611780455153949,2.578406870689486,0.058600156152033775,23904,23296,0.0,0.9410977242302544,0.0,0.0,0.0,0.0,0.04216867469879518,0.0,0.013386880856760375,0.0033467202141900937
23d4daca-fc50-4e13-b096-b34dcb26711d,1550,35,112,2625,1822137,80.0,25.0,112,0,112,16.55792955313205,11.929214716721868,0.14783865672439328,0.177526667780461,0.533330295712398,23.848954043020886,0.21293708966982933,987615,2102221,0.6292705153323916,0.0,0.0,0.0,0.36568703391503776,0.0,0.004507829467960693,0.0,0.00045361805966900057,8.100322494089296e-05
23fa85e9-8936-4d1c-b404-dbcc60311006,989,22,45,579,203596,60.0,25.0,45,0,45,14.775653478912472,7.730561523721042,0.3283478550869438,0.19767441860465115,0.6996124031007751,9.647086784089485,0.21437970631309966,2064,1752,0.6918604651162791,0.0,0.0,0.0,0.0,0.0,0.11434108527131782,0.0,0.15503875968992248,0.03875968992248062
24372a77-b085-461d-bd80-c15dec41643c,1692,64,106,3243,3862927850,640.0,25.0,106,0,106,2.136123602996562,2.0297169572477776,0.020152109462231716,0.5265984764122407,0.9939256602191372,2.1717125844971523,0.020487854570727854,3862516067,4376748506,0.9917234904799167,0.008274197555590388,0.0,0.0,0.0,0.0,2.200120297907359e-06,0.0,9.113230699733942e-08,2.0711887953940775e-08
2454f3fa-f863-43ea-bad8-63900314820a,1515,17,38,431,25661495,100.0,25.0,38,0,38,1.0003490418453105,1.0000456382054195,0.026324974785402907,0.9999771816712325,0.9999796995557863,1.0001334347683368,0.026319300914956233,25418163,36700460,0.9999779685101555,0.0,0.0,0.0,0.0,0.0,6.294711384138972e-06,0.0,1.2589422768277943e-05,3.147355692069486e-06
246621ca-0c96-49db-8aa2-5aa763916307,1789,26,57,620,29023752,200.0,25.0,57,0,57,6.002214326328972,6.000326670446261,0.10530200572506969,0.1666621297531345,0.8333106487656725,6.001299831953054,0.10528596196408867,28800784,28800440,0.499988055880701,0.0,0.0,0.499988055880701,0.0,0.0,9.99972778518807e-06,0.0,1.1110808650208966e-05,2.7777021625522415e-06
24724d8b-347e-466b-82c0-7cd940fff496,1676,35,66,895,59853560,140.0,25.0,66,0,66,4.37346838314217,3.253260739204931,0.06626467247185107,0.4685556865791179,0.9389805383056105,4.373101690078177,0.06625911651633601,59633040,59632680,0.10751207719747308,0.8920111401330537,0.0,0.0,0.0,0.0,5.902767995728542e-06,0.000464172210573199,5.3661527233895844e-06,1.3415381808473961e-06
2493e095-bba2-4adc-ac88-e37dacc47c84,1635,105,208,20638,44909840,500.0,25.0,208,0,208,47.73994452942647,41.4095649373911,0.22951896408378109,0.028345788080127575,0.14172894040063788,47.70934681038594,0.229371859665317,44487456,44482008,0.0,0.9998708849523785,0.0,0.0,0.00011239123226106703,0.0,7.732516779561411e-06,0.0,7.19303886470829e-06,1.7982597161770724e-06
24ae525e-8b37-4d7d-aa69-62245d6b43c7,1550,35,112,2625,1129038,120.0,25.0,112,0,112,17.097059393339514,12.091498957522193,0.15265231601195994,0.16902269489960814,0.5461998218969,24.841531150295914,0.22179938527049922,490727,1017571,0.5727543012713789,0.0,0.0,0.0,0.41692223986045196,0.0,0.009247504213136836,0.0,0.0009129312224515872,0.00016302343258064057
24b27d31-223e-4ee2-9c89-ece6f966b112,766,17,35,401,192088,100.0,60.0,35,0,35,5.337919522535643,2.9751650424394844,0.1525119863581612,0.40934065934065933,0.8351648351648351,3.6585062429744664,0.10452874979927047,2912,2648,0.8186813186813187,0.0,0.0,0.0,0.0,0.0,0.04395604395604396,0.0,0.10989010989010989,0.027472527472527472
24ba1275-a1d4-4cb6-8577-bb4b5327dafb,1836,104,71,1614,40562456,80.0,25.0,71,0,71,5.40367818097149,4.775262568130639,0.07610814339396466,0.33296462291304124,0.8879056611014431,5.396503533697195,0.07600709202390415,40076618,40070066,0.0,0.0,0.0,0.0,1.0230404172328115e-05,0.0,0.0010843230334455867,0.9988946672096932,8.783176265023162e-06,1.9961764238689e-06
24c4e321-3f41-4fff-b83a-bb397a2c888b,1064,18,21,164,679928,60.0,25.0,21,0,21,1.4315460273299636,1.248708616304527,0.06816885844428398,0.8879789844973669,0.999617675715008,1.4250691624877692,0.06786043630894138,648664,648336,0.9994573461761405,0.0,0.0,0.0,0.0,0.0,0.0003946573264432742,0.0,0.0,0.00014799649741622782
24c77aa4-1613-496e-913d-20644b1c6f40,952,18,33,385,483056396,320.0,25.0,33,0,33,1.0007775507819983,1.0001371098933305,0.03032659244793934,0.9999314508337835,0.9999990887724128,1.000769122313555,0.0303263370398047,482865100,482864868,0.9999990390690899,0.0,0.0,0.0,0.0,0.0,1.3254219449697235e-07,0.0,6.627109724848617e-07,1.6567774312121542e-07
24df851e-c8df-40b0-bc0f-dd7359a95a90,628,26,39,494,2364018,280.0,140.0,39,0,39,1.0076032939302941,1.0014292692258897,0.025835981895648567,0.9992860668052421,0.9997591441163451,1.0001316098727842,0.025644400253148313,2200486,106040169,0.0,0.9997168807254397,0.0,0.0,0.0,0.0,0.00010134124916041275,0.0,0.0001454224203198748,3.63556050799687e-05
24ec1349-b2ed-44ae-b4b5-71f7ff044964,1261,62,217,12925,20371112,680.0,80.0,217,0,217,42.05134957375917,42.009366627937105,0.1937850210772312,0.023806869154669657,0.11903434577334829,42.04694519012999,0.19376472437847922,20162248,20162048,0.4999859142690835,0.0,0.0,0.4999609170564711,0.0,0.0,4.840730061449497e-05,0.0,0.0,4.761373830933932e-06
24ec2210-cdbf-4b8c-80fd-4dbf862eed62,1868,25,74,991,333040,25.0,25.0,74,0,74,10.030270899478877,4.092049742099736,0.13554420134430914,0.4784563047236629,0.6283642853159332,9.47421680128703,0.12802995677414905,89655,88455,0.0,0.0,0.0,0.0,0.476270146673359,0.4828620824270816,0.0364062238581228,0.0,0.0035692376331492946,0.0008923094082873236
24fbedd8-392e-44b2-9c16-9455d59f52b6,1751,183,1005,472399,22381352,1340.0,80.0,1005,0,1005,153.5705246276671,153.10706055326574,0.15280649216683295,0.0065336620953305845,0.032668310476652924,153.5223719994058,0.15275857910388638,21549936,21549216,0.9933987738989108,0.0,0.0,0.006534404556932327,0.0,0.0,5.048738891846361e-05,0.0,1.2621847229615902e-05,3.7123080087105597e-06
25034132-8c98-4a19-8bf9-5beb91cf16bd,1469,22,49,722,3035328409,1900.0,160.0,49,0,49,1.0000252846387054,1.0000029054017516,0.020408679278340926,0.9999985473022145,0.999999137872639,1.0000130074840439,0.020408428724164162,3034354457,4652928288,0.9999986343058932,0.0,0.0,0.0,0.0,0.0,1.2338703513569114e-06,0.0,1.054590043894796e-07,2.63647510973699e-08
250bbf3e-55e1-4e86-898e-d6c70f295b69,1281,54,188,7916,25781496,4420.0,140.0,188,0,188,32.030865234320125,32.00538696741767,0.17037694273574536,0.031247369882183285,0.15623684941091642,32.02602444117588,0.17035119383604191,25474144,25473792,0.4999830416284056,0.0,0.0,0.4999679675203218,0.0,0.0,3.328865535187365e-05,0.0,1.2561756736556094e-05,3.1404391841390234e-06
25141d4e-242b-4f25-91ef-38f82b721980,1271,17,38,431,708590,60.0,25.0,38,0,38,1.0129049170080164,1.002254265282948,0.02665539255284254,0.9988747521544616,0.9989989174339695,1.0059880795590124,0.026473370514710853,515442,614700,0.9989135538043078,0.0,0.0,0.0,0.0,0.0,0.00031041319876921165,0.0,0.0006208263975384233,0.00015520659938460582
2515e100-653c-46c6-9b83-728dc2207ca9,363,58,173,4596,384669957210,204280.0,280.0,173,0,173,4.026328571995131,4.006421988084051,0.023273575560665494,0.24980156848858745,0.9996847135009947,4.026552459473028,0.023274869707936578,384664092445,380702286177,0.9994734479433405,0.0,0.0,0.0,2.5668109381464414e-07,0.0005256850352594652,6.093004379750146e-07,0.0,8.318946485647194e-10,2.0797366214117984e-10
25278cab-a655-4a88-aa62-3c0d076d82d7,1832,36,98,1998,2404056,100.0,25.0,98,0,98,9.077275305654352,9.016732767973814,0.09262525822096278,0.11100791486432983,0.5550395743216492,9.061631879996051,0.09246563142853113,2162008,2161616,0.9992044432768057,0.00043293086797088634,0.0,0.0,0.0,0.0,0.00017761266378292772,0.0,0.00014801055315243977,3.7002638288109944e-05
2531bf94-8ba8-44ed-8338-a1de0a9ea815,1414,27,45,590,643591902,260.0,25.0,45,0,45,1.0000193665733812,1.0000020888424548,0.022222652590519584,0.999998955580396,0.9999990550489298,1.0000081691756793,0.02222240375945954,643419558,838861152,0.9999989680139627,0.0,0.0,0.0,0.0,0.0,4.1030770158839345e-07,0.0,4.97342668591992e-07,1.24335667147998e-07
25568fef-967a-4c65-9577-707aba324e89,574,30,87,1172,2558910770,1240.0,60.0,87,0,87,1.685639107050276,1.4025426740463809,0.019375162150003174,0.8302409883470718,0.9996248415673348,1.3656145657134908,0.01569671914613208,2556829106,7079353048,0.9998753675013898,0.0,0.0,0.0,5.925308017046642e-06,0.00011477028296939295,3.780463847707779e-06,0.0,1.251550208221073e-07,3.128875520552683e-08
2576d27e-156c-47bc-94b5-3d4b150b7204,1683,28,52,725,625935336,320.0,25.0,52,0,52,1.000335684088182,1.0000471256724524,0.0192372246940035,0.9999764379676314,0.9999892225755364,1.000261855441538,0.019235804912337267,625752472,625749040,0.9999772689671452,0.0,0.0,0.0,1.2784607904833016e-05,0.0,9.307194554718435e-06,0.0,5.113843161933206e-07,1.2784607904833015e-07
257deaff-e0b4-4381-87fd-16bf0765324c,1281,108,431,51656,31995616,11280.0,160.0,431,0,431,86.1289970843975,86.02499072825512,0.19983526005660673,0.011626217488918721,0.0581310874445936,86.11921254181328,0.19981255810165494,31480574,31480222,0.49998198889257867,0.0,0.0,0.49994920677113447,0.0,0.0,5.6098087665110553e-05,0.0,1.0164998897415276e-05,2.541249724353819e-06
25808f24-1650-4e77-9226-ed14ea766032,463,30,46,636,2055713568,1140.0,60.0,46,0,46,1.417458375786003,1.2461588318973662,0.030814312517087022,0.8888871107139208,0.9999987468017856,1.4174470642915524,0.030814066615033747,2055540752,2055539728,0.8888872391472782,0.11111101727259748,0.0,0.0,0.0,0.0,1.5412002884971263e-06,0.0,1.5567679681789155e-07,4.670303904536746e-08
2592183b-52f9-4e5b-b5f7-65b427437017,1856,270,1088,290494,53490640,720.0,25.0,1088,30,1058,16.055151739377926,5.083392014412228,0.015175001644024504,0.3820725385796113,0.7202647333930965,40.65026325465578,0.03842179891744403,27339052,564461088,0.6144394472785669,6.20358013876999e-05,0.0,0.037949852833229186,0.006782349292872335,0.0,0.3407518300195632,0.0,1.0534381367722627e-05,3.950393012895985e-06
25ae88f4-0457-4e98-ae11-cabec371c7c9,165,34,59,1006,99828728,2620.0,200.0,59,0,59,1.207784050018844,1.0778311617461516,0.020470916102014305,0.9628255742835796,0.9999464498154486,1.2075368705923855,0.020466726620209923,99644848,99643272,0.0,0.9736593305857619,0.0,0.0,0.0,0.026287360085089397,4.9776783241216844e-05,0.0,2.729694564840924e-06,8.028513426002717e-07
25fb8653-9fbf-49f6-be9a-06242c76a2c1,891,32,54,662,625856355,1980.0,160.0,54,0,54,1.8748958111335134,1.2969163337471417,0.034720292798768766,0.8770230196031731,0.9385109919083122,1.7699026082183813,0.03277597422626632,625611523,706081128,0.999999079300846,0.0,0.0,0.0,0.0,0.0,2.813247415201462e-07,0.0,5.114995300366295e-07,1.2787488250915737e-07
262a007a-da87-420a-892f-565dfc4ad627,1858,191,755,132624,44272027,600.0,25.0,755,26,729,11.665421029619857,4.498049216513794,0.016001949286172643,0.4124678923502833,0.763890686149945,19.32890349173288,0.02651427090772686,23863472,466607020,0.6267346595667219,2.29639676908708e-05,0.0,0.028082208657650487,0.0017173527808526773,0.0,0.34342626253212444,0.0,1.2068654552866407e-05,4.483840406794116e-06
26490421-fa07-4664-a67b-eb753838da95,952,17,31,379,217116,60.0,25.0,31,0,31,2.151629137808181,1.861185492772096,0.0694073915421994,0.6556111508220157,0.985132237312366,2.0292624676337043,0.06546007960108724,27980,27748,0.9834167262330236,0.0,0.0,0.0,0.0,0.0,0.0022873481057898498,0.0,0.01143674052894925,0.0028591851322373124
264d2c5a-a1ff-4eec-971a-85e67f3ae30e,1692,63,106,3045,19561593907,2860.0,25.0,106,0,106,2.0780518166569455,2.016315054868127,0.01960426242129194,0.5203954326572158,0.9971245199727288,2.099804426314145,0.019809475719944764,19561074835,21462101965,0.9957546051686581,0.004244898948570481,0.0,0.0,0.0,0.0,4.7379809535910914e-07,0.0,1.7994921187570825e-08,4.089754815357006e-09
265f5127-d572-4731-9efd-84886ba80930,1361,46,80,1970,440515880,1100.0,60.0,80,0,80,3.5021001592737093,3.163477924872181,0.04377625199092137,0.3245507453067098,0.9859444103164247,3.5020630838494458,0.043775788548118075,440263848,440263560,1.0902553143541324e-07,0.9999985281553256,0.0,0.0,0.0,0.0,4.542730476475552e-07,0.0,7.268368762360883e-07,1.8170921905902208e-07
2676f518-3450-477a-bd5b-eb0873104aa5,713,48,115,2402,191439172,220.0,25.0,115,0,115,2.80020982903513,1.633986531218078,0.024349650687262,0.7754591659503756,0.9042155526577508,2.782352042112098,0.02419436558358346,190153146,189985570,0.042431987951437836,0.07982722515671657,0.0,0.872796708817008,0.004940207510424255,0.0,9.255697510258389e-07,0.0,2.524281139161379e-06,4.2071352319356316e-07
269dcc7d-3f0f-47e1-a6f1-d8c4d15e69b9,253,57,187,5541,2153492016,7340.0,200.0,187,0,187,3.234950312111464,3.000155325038175,0.01729919953000783,0.36654888308627465,0.9903121721242756,3.227101464075037,0.01725722708061517,2150958839,2150412903,0.005390786559816638,0.006172774559541443,0.0,0.0,0.0008281474139357067,0.9874698118293467,0.00013826391961003955,0.0,1.785250340627276e-07,3.719271542973491e-08
26c5ed80-965b-40eb-88b7-f53fa117c341,1776,128,446,54688,18691003,2040.0,25.0,446,0,446,56.02313802478653,47.41110700073217,0.12561241709593393,0.02987028385724732,0.1485884285333973,92.51168248054073,0.20742529704157114,16850794,230407816,0.9484608262376242,3.3232855377616033e-06,0.0,0.05117028906768429,0.0,0.0,0.00034467218577356057,0.0,1.614167261198493e-05,4.747550768230862e-06
26ce303f-8bcd-4f50-82e5-531a81662af0,1683,28,52,725,626590696,340.0,25.0,52,0,52,1.0003353574768201,1.0000470763669813,0.01923721841301577,0.9999764626186858,0.9999892338510863,1.0002616003543658,0.019235800006814727,626407832,626404400,0.9999772927487918,0.0,0.0,0.0,1.2771232400555297e-05,0.0,9.297457187604257e-06,0.0,5.108492960222119e-07,1.2771232400555297e-07
26d1639f-c6ba-4e39-9592-08b2a2cab917,1184,43,78,1130,541777292,1780.0,140.0,78,2,76,1.658516293620384,1.3915993988683484,0.02182258281079453,0.8329143555647309,0.9954200311007072,1.6584953628168397,0.02182230740548473,541525948,541525540,1.0341148047812475e-07,0.9999977840397041,0.0,0.0,5.909227455892843e-07,0.0,7.829726379058017e-07,0.0,5.909227455892843e-07,1.4773068639732107e-07
26e45833-a52a-4637-ab79-853097ea0f9d,1836,103,74,1739,58484432,80.0,25.0,74,0,74,6.043176875164628,6.009180124434059,0.08166455236708957,0.16653929420920974,0.8326964710460487,6.037431862846405,0.08158691706549195,58014897,58008329,0.0,0.0,0.0,0.0,6.3604353206039475e-06,0.0,0.0007493247811850808,0.9992357652552585,7.170572068756754e-06,1.3789561670686065e-06
26e9040a-79cd-4250-b1b4-4ef8aac43109,946,28,50,690,1186688,120.0,80.0,50,0,50,1.119716712341312,1.0319438513932957,0.022394334246826242,0.9843764802475763,0.9967237186976978,1.1097645023382117,0.022195290046764234,1013344,1012304,0.0,0.0,0.0,0.0,0.011841980610730413,0.9845896358985695,0.0031736508036757506,0.0,0.0003157861496194777,7.894653740486942e-05
26f57ed7-ca4e-46f2-80b3-95af25a3507a,1064,18,21,164,679928,60.0,25.0,21,0,21,1.4315460273299636,1.248708616304527,0.06816885844428398,0.8879789844973669,0.999617675715008,1.4250691624877692,0.06786043630894138,648664,648336,0.9994573461761405,0.0,0.0,0.0,0.0,0.0,0.0003946573264432742,0.0,0.0,0.00014799649741622782
2721c405-2ecc-4cbc-b12e-01b90ec2a508,1767,71,123,4617,6992536,140.0,25.0,123,0,123,27.25954655473012,24.098844695447717,0.22162232971325302,0.04526720414944408,0.2263360207472204,27.24897684396586,0.2215363971054135,6715502,6715238,0.18107358169203136,0.8148477954440339,0.0,0.0,0.003999998808726436,0.0,2.3825471275267285e-05,0.0,4.050330116795439e-05,1.4295282765160372e-05
272557e0-a53b-4c42-b3bf-86ac1f4b1945,1169,32,116,2923,969591,100.0,25.0,116,0,116,13.988941391877363,7.09388492445299,0.12059432234377038,0.30161275776480323,0.6741037293797961,19.966553905223332,0.17212546470020113,255029,597124,0.7725317512910297,0.0,0.0,0.0,0.2208415513529834,0.0,0.004932772351379647,0.0,0.0013802351889392972,0.0003136898156680221
2733b82a-7ca8-422a-80f8-4040b39cc0f7,362,66,163,4772,5818226838,12740.0,160.0,163,0,163,4.156912183889793,3.4799488821002225,0.025502528735520204,0.31133287639978396,0.9517164676303613,3.8600866074271813,0.023681512929001114,5815131479,8099230505,0.9972419194548017,0.0027547029775420837,1.3413282276020572e-06,0.0,1.7985835810884509e-06,0.0,1.6886978455195133e-07,0.0,5.502885036316133e-08,1.3757212590790332e-08
27438f7a-ccd1-4c17-bd08-970fff052dd1,1515,17,38,431,25642660,80.0,25.0,38,0,38,1.0003492837908292,1.0000456720498103,0.026324981152390244,0.9999771647501855,0.9999796845018892,1.0001334347683368,0.026319300914956233,25399328,36700460,0.9999779521725929,0.0,0.0,0.0,0.0,0.0,6.299379259167802e-06,0.0,1.2598758518335604e-05,3.149689629583901e-06
27439747-2b72-4967-81c1-8368dba2b901,989,22,45,579,203596,40.0,25.0,45,0,45,14.775653478912472,7.730561523721042,0.3283478550869438,0.19767441860465115,0.6996124031007751,9.647086784089485,0.21437970631309966,2064,1752,0.6918604651162791,0.0,0.0,0.0,0.0,0.0,0.11434108527131782,0.0,0.15503875968992248,0.03875968992248062
274fe5da-829a-490e-aca4-3e3419d131ce,1191,109,816,221768,17624059652,7340.0,25.0,816,0,816,10.772609946987824,9.306864103130328,0.01320172787621057,0.1395920390546173,0.5914799286835527,10.639039861966053,0.013038039046527025,17501495476,17469319580,0.0007089954122501068,0.6596677355276311,0.0,0.0,0.0016957225192954133,0.3379090859469591,1.8437738674532457e-05,0.0,1.828415179941735e-08,4.571037949854337e-09
27639560-a035-45af-9e91-0d2b7fd1c200,1034,17,38,431,582883,80.0,25.0,38,0,38,1.0167812069033644,1.0030028698153752,0.026757400181667484,0.9985019074850384,0.9986672142453102,1.00780216281669,0.02652110954780763,387159,461100,0.9985535658476233,0.0,0.0,0.0,0.0,0.0,0.00041326690067904916,0.0,0.0008265338013580983,0.00020663345033952458
27799512-8d9f-486c-a3f4-a14d05e721ac,8,181,538,87573,9721290,17480.0,440.0,538,0,538,83.49255641804541,80.90319412692271,0.15519062531235206,0.013496992231023167,0.0666012233572786,159.06419172745615,0.29565834893579207,8691492,30226339,0.9931010694136289,0.0,0.0,0.006422717756629126,0.0,0.0,0.0004301908118882236,0.0,3.681761428302529e-05,9.204403570756322e-06
277d0f0b-14af-45ed-9ddb-9aa3c256b893,232,2651,5321,29527685,33422188,980.0,25.0,5321,0,5321,1189.7616390830021,862.5112053582136,0.2235973762606657,0.003434089256716457,0.015398933764432663,2425.494513572404,0.45583433820191765,20672730,100073664,0.0,0.9927374855667346,0.0,0.0,0.007235425606584133,0.0,7.739664766095237e-06,0.0,1.5479329532190474e-05,3.8698323830476185e-06
277d5a3c-95bb-4d8d-a2d1-0591dda7a17b,1517,17,38,431,34278510,100.0,25.0,38,0,38,1.0002656591461552,1.00003408638793,0.026322780503846187,0.9999829572377702,0.9999848378184298,1.0000954437819103,0.026318301152155534,34032042,52429100,0.9999835449192264,0.0,0.0,0.0,0.0,0.0,4.7014516495954015e-06,0.0,9.402903299190803e-06,2.3507258247977008e-06
27851c9e-e248-4a3e-a39e-a6f5caf6473c,289,36,50,626,125817298,220.0,25.0,50,0,50,1.2294478091866607,1.1073650777265023,0.024588956183733215,0.9489637717975954,0.9999590244485916,1.142119087055506,0.02284238174111012,125538274,223461928,0.9489813600591641,0.051013733070760556,0.0,0.0,0.0,0.0,1.7205908056374902e-06,0.0,2.5490234157592447e-06,6.372558539398112e-07
27938725-5c04-47e1-a9ab-30891d7f8379,405,21,65,1025,20396160,920.0,180.0,65,0,65,1.6848895214395927,1.4579259812404113,0.02592137725291681,0.8061777189887367,0.9976911362817131,1.6783580059102503,0.025820892398619236,20151904,20141232,0.9999730050321796,0.0,0.0,0.0,0.0,0.0,7.145726775990993e-06,0.0,1.587939283553554e-05,3.969848208883885e-06
27a03793-b471-4e0c-8910-5606210cd99c,20,199,824,148940,26520082,32180.0,360.0,824,24,800,61.96199351805394,36.645476626845124,0.07745249189756742,0.08065069343906528,0.25747223586884227,48.25721044709126,0.060321513058864074,10425862,138310992,0.7839192577074202,0.00011835951789885576,0.0,0.03278481913533864,0.0,0.0,0.1831003517982494,0.0,6.752439270728886e-05,9.687448385562748e-06
27a7bae1-1ccc-497c-9995-22eba21e5b99,570,403,1786,796136,43392946,41780.0,380.0,1786,32,1754,109.27305827777754,39.25676015682828,0.062299349075129726,0.08007971423944397,0.2925996304235137,154.7165160865919,0.08820781988973313,21210765,438567100,0.785141837175604,4.893741456284108e-05,0.0,0.05266462572189169,0.0,0.0,0.16211117326508498,0.0,2.866468984027686e-05,4.761733016230202e-06
27c96c47-2a8e-416d-94c4-ba37ca95e1e9,1475,64,168,6490,3526600,600.0,80.0,168,0,168,40.284822692725335,40.06837470794202,0.23979061126622223,0.02497864326001269,0.12489321630006345,40.24845627506718,0.23957414449444747,3202736,3202408,0.49967277977329383,0.0,0.0,0.49967277977329383,0.0,0.0,0.0005295472371122691,0.0,9.991457304005076e-05,2.497864326001269e-05
27d3ba13-b437-42ec-841c-860a0e9cfec8,408,22,45,579,195212,540.0,200.0,45,0,45,12.750399486692528,6.86888960828747,0.2833422108153895,0.21035598705501618,0.7491909385113268,8.535274424609867,0.18967276499133037,2472,2152,0.7362459546925566,0.0,0.0,0.0,0.0,0.0,0.10194174757281553,0.0,0.12944983818770225,0.032362459546925564
27e8f527-da8a-4a1f-89a8-d08b2074ab48,1753,338,1379,489737,60920170,3580.0,100.0,1379,34,1345,27.054897204574104,7.0639931469005015,0.020115165207861788,0.3204958028672883,0.6156751261976708,40.400785963103374,0.030037759080374257,25485613,558481392,0.6216360971972696,0.0001492606828801803,0.0,0.059757989733266376,0.010342972719549653,0.0,0.30809814148869014,0.0,1.1300493341086204e-05,4.237685002907327e-06
27ff0477-85c0-4fbe-8ccc-56386683c0eb,409,89,267,20749,656264187,4140.0,100.0,267,2,265,13.351988943659636,6.265992248859403,0.05038486393833825,0.2806517651912736,0.7268315391602559,14.351376326161093,0.05415613707985318,655015588,918200128,0.0,0.32203980006655963,0.0,0.0,8.233544512226173e-05,0.6778300869993952,4.6971401236332104e-05,0.0,6.839531886071695e-07,1.2213449796556597e-07
28036a43-a899-4062-958c-b52f6e2e329b,1776,138,486,65988,24406642,540.0,25.0,486,0,486,60.545051133189034,52.09926455849775,0.12457829451273464,0.027015675928056492,0.13468622452968865,101.92703721748089,0.20972641402773845,22381450,252808576,0.957504495910676,2.5020720283985175e-06,0.0,0.042192753373887754,0.0,0.0,0.00028452133351503144,0.0,1.21529212807928e-05,3.5743886119978822e-06
286ff6e1-7b0f-40b1-a267-9235d479caa5,165,34,59,1006,243716584,1800.0,60.0,59,0,59,1.1448946269234606,1.0486907974014443,0.019404993676668824,0.9763934785530899,0.9999780891850977,1.144791734562882,0.01940324973835393,243532704,243531128,0.0,0.9873822613984526,0.0,0.0,0.0,0.012595926336037398,2.036687442192569e-05,0.0,1.116893113460441e-06,3.2849797454718854e-07
28b739a7-86dc-4013-b02c-20e1877ad627,1847,30,114,2920,548580,25.0,25.0,114,0,114,42.86716104349647,38.31378256305586,0.37602772845172344,0.04997822664388839,0.17492379325360938,42.879324087829566,0.3761344218230664,119412,112900,0.0,0.053796938331156,0.0,0.0,0.9370917495729072,0.0,0.004019696512913275,0.0,0.0044216661642046025,0.0006699494188188792
28decf5e-964f-4aaa-a320-16835de26758,1201,31,71,972,42070370,540.0,220.0,71,0,71,2.6817869826067438,2.2210847443680644,0.037771647642348506,0.47433401473505116,0.9634909674305727,2.6776052591356296,0.03771275012867084,41826526,41819390,0.0,0.0,0.9980961842252928,0.0,0.0015958772191599177,0.0,0.0002983752463687756,0.0,7.650647342789119e-06,1.9126618356972797e-06
28e74af2-c2da-46a0-a560-dfe653a638b2,1349,32,64,1380,22966430,120.0,25.0,64,0,64,5.990158922669918,5.675802129356046,0.09359623316671747,0.19780343275955356,0.890115447417991,5.98896334870938,0.09357755232358406,22744034,22743674,0.0,0.9999664087733953,0.0,0.0,0.0,0.0,1.6004196968752335e-05,0.0,1.406962370879326e-05,3.517405927198315e-06
28f73c93-1aec-4af5-a30a-fb454257298f,1928,102,2906,8548602,1522180834,180.0,25.0,2906,0,2906,140.6515085331626,64.9667416455886,0.048400381463579695,0.02331144614348177,0.11655723071740885,140.53736910517603,0.04836110430322644,1518359684,1518064836,0.006173820405521252,0.7729034433451145,0.0,0.21866955208223246,0.0022523569586559177,0.0,5.637662860916689e-07,0.0,2.1075375180996968e-07,5.268843795249242e-08
2900ee25-ae0d-4d6f-a1d2-0f789340f2b5,1038,53,117,2473,25059852,180.0,25.0,117,0,117,11.310379462876906,9.66546225055446,0.09666990993911885,0.16375299847868063,0.6312424317036982,8.469342412452876,0.07238754198677672,24575379,115118442,0.8675373836554057,0.13236809084409237,5.086391546596291e-05,0.0,0.0,0.0,2.4780899615017127e-05,0.0,1.5625394831143803e-05,3.255290589821626e-06
29070f7c-7faf-4d0f-9dd0-3acf84d102ae,351,25,49,554,1453090032,1140.0,60.0,49,0,49,2.9346908150589863,2.7965768937003515,0.05989164928691809,0.39865023359238705,0.9999395744338715,2.9346780352948634,0.05989138847540537,1452894952,1452894584,0.9966855910722443,0.0033139904529037143,0.0,0.0,0.0,0.0,9.91124649457795e-08,0.0,2.642999065220787e-07,5.506248052543306e-08
29530398-0d71-498f-880d-2c165de84e1e,970,21,27,222,198984,60.0,25.0,27,0,27,3.189864466196336,3.051034161328402,0.11814312837764207,0.33053040103492887,0.9936809632799284,3.1673639169275414,0.11730977470102005,160784,160648,0.0,0.0,0.9983082893820281,0.0,0.0,0.0,0.001194148671509603,0.0,0.0,0.0004975619464623346
2954d725-41d2-453d-b2c9-6e9cca7a73b2,875,17,36,413,421416704,2460.0,220.0,36,0,36,1.0000237386548487,1.0000026237457111,0.02777843718485691,0.9999986881297013,0.9999988402306056,1.000006498203041,0.027777958283417805,420773304,838861080,0.9999987071423143,0.0,0.0,0.0,0.0,0.0,3.4222703444132947e-07,0.0,7.605045209807322e-07,1.9012613024518304e-07
2975c349-bb54-42cb-bcbc-27a9d017d9a8,1836,108,76,1751,4407008,120.0,25.0,76,0,76,5.782414412996169,4.875705678390068,0.07608440017100222,0.3295110908264371,0.878696242203832,5.726033511411423,0.07534254620278187,3869369,3862785,0.0,0.0,0.0,0.0,9.536438628623944e-05,0.0,0.011234906776789703,0.9885415425615908,0.00010751106963435123,2.06752056989137e-05
29791a31-3f6d-4046-9976-feee97c1555b,1031,17,37,427,429536,140.0,60.0,37,0,37,1.0249301421126589,1.0046413515863528,0.027700814651693485,0.9976872964169381,0.9979478827361565,1.0108826563453885,0.02732115287419969,245600,307488,0.9977198697068403,0.0,0.0,0.0,0.0,0.0,0.0006514657980456026,0.0,0.0013029315960912053,0.0003257328990228013
297deba0-0a2d-4aa8-b5a0-beac3fb051d5,409,49,170,5372,618874558,1460.0,60.0,170,0,170,4.554537043756677,3.7134524875094232,0.026791394375039277,0.3799916730770978,0.9545137946221753,4.796533119400456,0.028214900702355623,617570267,883279609,0.0,0.0669013361033458,0.0,0.0,5.4584881755649674e-05,0.932945568767157,9.765528430143804e-05,0.0,7.254235249638402e-07,1.2953991517211433e-07
29910680-ab37-4c35-84e5-d45f08ead335,1751,271,1533,1124479,35140024,1100.0,80.0,1533,0,1533,241.84024560779497,241.1570659929554,0.1577561941342433,0.004148026081656721,0.020740130408283607,241.79210013832403,0.15772478808762166,33943856,33943136,0.9958090795577261,0.0,0.0,0.00414849744825691,0.0,0.0,3.205292881280194e-05,0.0,8.013232203200486e-06,2.356833000941319e-06
29959193-72ae-48f0-861e-d2b0d9e7e6d6,483,33,58,718,6244874097,3020.0,25.0,58,0,58,1.020725364848022,1.0059331157664904,0.017598713187034862,0.9970423525503997,0.9999989966140056,1.015481642519265,0.01750830418136664,6242861705,8740223800,0.9970423602391814,0.002957518021777162,0.0,0.0,0.0,0.0,5.766586174921522e-08,0.0,5.1258543777080194e-08,1.2814635944270049e-08
29969a94-e272-4f4a-8918-65b341aba66f,1564,18,35,402,2588136,60.0,25.0,35,0,35,1.0028909687510479,1.0004467150660066,0.028654027678601368,0.9997767165333076,0.9998033772457484,1.0015436627765089,0.028615533222185966,2400536,2400272,0.0,0.9997800491223626,0.0,0.0,0.0,0.0,5.33214248817764e-05,0.0,0.000133303562204441,3.332589055111025e-05
2996fe38-d7b4-469f-9a2b-7a4b540bc3b7,1611,25,52,649,14265040,140.0,25.0,52,0,52,1.1109248373632385,1.0280239742772745,0.02136393918006228,0.9862611669999328,0.9944019321974155,1.09736968534668,0.021103263179743845,13934808,13910584,0.0,0.0,0.0,0.0,0.005437893367457951,0.9876476231319441,0.006885778404697072,0.0,2.2964076720683916e-05,5.741019180170979e-06
29b9e8f7-f454-46ac-9a40-6cb7d1258889,711,50,156,5473,196173456,280.0,25.0,156,0,156,3.091264561460581,1.69219965391376,0.01981579847090116,0.761884122031809,0.8906343543530926,3.0459208427001676,0.019525133607052356,193541243,193118755,0.04468628942307661,0.0840705203076535,0.0,0.8575173612995758,0.013722026162661362,0.0,9.093668991265081e-07,0.0,2.480091543072295e-06,4.1334859051204915e-07
29e73edd-904b-4bd4-93c3-8134657ded95,1038,54,118,2573,27195126,420.0,25.0,118,0,118,10.50692535090013,7.768254621056128,0.0890417402618655,0.27821674758940496,0.6385688618540797,8.412176408450424,0.07128963058008835,26730641,121108218,0.8568846141774153,0.14216445464214644,0.0009031208791439008,0.0,0.0,0.0,3.045194464285387e-05,0.0,1.4365536539134995e-05,2.9928201123197906e-06
29f17e05-e230-4798-a877-675c771491b9,54,50,85,2236,791780256,600.0,25.0,85,0,85,5.410365983649565,5.1270905359856656,0.0636513645135243,0.1974932997339306,0.987466498669653,5.410325183439041,0.06365088451104754,791252160,791251792,3.0331670753353774e-08,0.9999990091654221,0.0,0.0,0.0,0.0,4.549750613003066e-07,0.0,4.0442227671138365e-07,1.0110556917784591e-07
2a0157d5-75e0-45f0-925e-990bf99ef85d,954,23,52,488,922184,900.0,400.0,52,0,52,2.088578243875556,1.5416891372501815,0.04016496622837607,0.7938498592693207,0.9938806659851847,2.0757460962763328,0.039918194159160245,714130,713626,0.2000756164843936,0.0,0.0,0.0,0.0023553134583339168,0.7968073039922703,0.00020164395838292748,0.0,0.0004480976852953944,0.0001120244213238486
2a0a07b1-dd90-46b5-9edf-8a7f53de4396,1351,179,641,87162,65693658,920.0,25.0,641,24,617,6.9641430400357835,3.142841347871988,0.011287103792602567,0.47391671014936326,0.8371727522131525,16.042650521548403,0.026001054329900165,29787711,420244276,0.427662770059774,8.929857013853801e-05,0.0,0.024009666268079478,0.004533178128389926,0.0,0.5436918600425524,0.0,9.668416616503363e-06,3.55851444912971e-06
2a0fa2ef-0e34-4ccb-9d54-6be599f83b1a,552,22,60,943,86489157,2140.0,200.0,60,0,60,4.144894632939651,4.03820670709428,0.06908157721566084,0.25350162909832225,0.9957491432901194,4.157001053915752,0.06928335089859587,86158397,90635952,0.0,0.9999916432985633,0.0,0.0,0.0,0.0,3.3426805747093925e-06,0.0,4.085498480200369e-06,9.285223818637201e-07
2a1df792-3c62-47e0-8b5d-18853d70a754,535,32,49,593,280655060,660.0,100.0,49,0,49,1.8107620028072395,1.535759173630052,0.03695432658790285,0.7802423915663595,0.9999915132998715,1.8107315200242398,0.03695370449029061,280438800,280438512,0.0,0.9999977891789581,0.0,0.0,1.2837025404473276e-07,0.0,6.561146317841896e-07,0.0,1.141068924842069e-06,2.8526723121051725e-07
2a1fa2fa-80fe-4c08-b8fe-f5117addcdd7,932,31,52,761,685689427,580.0,60.0,52,0,52,1.014656914334082,1.0032742331941522,0.019512632967963114,0.9983663529233325,0.9997809894765232,1.1390400773933784,0.021904616872949586,685300403,1261151816,0.9998019904856236,0.0,0.0,0.0,0.0,0.0,0.0001974258287427273,0.0,4.6694850696009296e-07,1.1673712674002324e-07
2a299e83-c880-48b0-961a-de2bdf66cbad,535,32,49,593,16738628,320.0,100.0,49,0,49,3.2852388128909418,2.4450836034711605,0.06704569005899881,0.6019632583852941,0.9999576341351699,3.2844964596134414,0.06703053999211105,16522736,16522448,0.0,0.9999624759482934,0.0,0.0,2.178815905549783e-06,0.0,1.1136170183921114e-05,0.0,1.936725249377585e-05,4.841813123443962e-06
2a504260-51d1-4730-82d8-485b68f227f3,1611,25,52,649,12191676,80.0,25.0,52,0,52,1.1272606366846631,1.0326882049731714,0.021678089167012752,0.9840258909454869,0.993520856313953,1.111737135802426,0.021379560303892806,11861444,11837628,0.0,0.0,0.0,0.0,0.006388429604355085,0.985626033390201,0.007951814298495192,0.0,2.697816555893195e-05,6.744541389732987e-06
2a54df70-9066-4401-9c97-d6a0ef376dc7,769,173,664,96721,44940604,14060.0,160.0,664,20,644,10.614761857759147,3.4251550575359677,0.016482549468570105,0.5193224872856567,0.7441861091501112,24.30013547244664,0.03773312961560037,18192249,289427380,0.7190918506007696,0.00014357763023142438,0.0,0.03999153705514914,0.007174758876706228,0.0,0.2335766182619862,0.0,1.5830917881565936e-05,5.826657275854129e-06
2a6db86c-113d-4d12-b79d-d694c86a0dd6,1841,87,230,13320,1391833,60.0,25.0,230,0,230,20.296790866164418,17.470851257201154,0.08824691680941052,0.09765844491644964,0.33210422869506623,49.55134645941468,0.21544063678006384,857806,27003920,0.9679099936349245,0.0,0.0,0.02857522563376801,0.0,0.0,0.0030484748299732106,0.0,0.00037304472106746746,9.326118026686686e-05
2a7ad2ae-e8a2-4d7f-bfb7-0d9c6cc6649f,1174,29,45,563,790140856,6160.0,280.0,45,0,45,1.089524916715997,1.0292174343808103,0.024211664815911044,0.9856423111231921,0.9999988578883997,1.089518343183494,0.024211518737410977,784511776,784511512,0.9856423213206171,0.014356975057057651,0.0,0.0,0.0,0.0,1.9375107506353097e-07,0.0,4.0789700013374943e-07,1.0197425003343736e-07
2a8c284b-abd1-4b1f-9446-60c8c5ddc7b7,1550,35,111,2551,792478,100.0,25.0,111,0,111,18.9824060972193,14.228510664005661,0.1710126675425162,0.10999953703898553,0.4658482077095635,27.196447969976866,0.24501304477456637,237601,462316,0.5458647059566247,0.0,0.0,0.0,0.4326286505528175,0.0,0.019284430621083246,0.0,0.0018855139498571134,0.00033669891961734166
2a9cece1-c0d9-46a0-ac6a-e6a6c12aa330,467,22,48,624,84086336,480.0,120.0,48,0,48,1.0001684552072136,1.0000209809397163,0.020836842816816952,0.9999895096925673,0.999992179952641,1.000095401416789,0.02083532086284977,83886960,83886560,0.9999896050589985,0.0,0.0,0.0,0.0,0.0,5.626619441209933e-06,0.0,3.814657248277921e-06,9.536643120694802e-07
2af91717-a9df-4e90-834f-2441982e9ec3,971,30,56,729,248877,60.0,25.0,56,0,56,3.756729325404937,1.783617069993051,0.06708445223937388,0.7433028509951587,0.892845615922539,2.9518482959516485,0.052711576713422297,9295,55136,0.0,0.13781603012372243,0.0,0.7528778913394298,0.0,0.0,0.059386767079074775,0.0,0.041312533620225925,0.008606777837547068
2afcfda5-9bcc-412a-ad54-509d26999f20,1055,35,67,1074,375807195,1600.0,100.0,67,0,67,6.95906621609658,5.203723562491466,0.10386665994173999,0.3740023863333786,0.7285879425278824,1.183210359935032,0.017659856118433313,287552446,13480785016,0.0,0.9999977743190541,0.0,0.0,0.0,0.0,8.346303547005821e-07,0.0,1.1128404729341097e-06,2.782101182335274e-07
2b018659-78b3-4d46-87c4-62008570f35e,1837,22,45,579,198444,60.0,25.0,45,0,45,13.111884964512322,7.007795600179582,0.29137522143360717,0.20819112627986347,0.735494880546075,8.727954961308132,0.19395455469573628,2344,2032,0.7286689419795221,0.0,0.0,0.0,0.0,0.0,0.10068259385665529,0.0,0.13651877133105803,0.034129692832764506
2b05cda5-8424-4c6e-a824-065528e3a51a,637,28,46,627,4524576,160.0,60.0,46,0,46,1.0327234169670005,1.0074336782210813,0.022450509064500013,0.9963024493516422,0.9991766885236263,1.0302748012459098,0.02239727828795456,4353152,4352136,0.0,0.0,0.0,0.0,0.0027566232467876152,0.9964237407745009,0.0007277485371519304,0.0,7.350995324766974e-05,1.8377488311917435e-05
2b39f547-fc16-48b5-90ba-9b71c304393b,1455,118,462,42036,19167744,700.0,25.0,462,14,448,50.08550208428651,32.64980825392134,0.11179799572385382,0.0665293415482176,0.2984796976736865,43.34120403899736,0.09674375901561912,5685777,81104388,0.6998879836476175,0.00011080279792893742,0.0,0.0298488667423995,0.0,0.0,0.27008393048126933,0.0,5.065270762465711e-05,1.7763623160036e-05
2b69f341-fec7-4f9a-af02-698c0812fec0,1775,49,115,1993,499778336,280.0,25.0,115,0,115,1.6209020145395217,1.277993609368379,0.014094800126430622,0.8808850304254073,0.9996214511505821,1.6207264782128592,0.01409327372359008,499507528,499503688,0.0,0.9674854630018709,0.0,0.0,1.585561689472676e-05,0.03249131412489944,6.63053070143119e-06,0.0,5.445363377986968e-07,1.9218929569365769e-07
2b6f1804-ea4a-42b2-903c-852f7e2899ca,617,60,167,5466,21115722419,8460.0,25.0,167,0,167,1.0474163447735318,1.008733263706134,0.00627195416032055,0.9956615895299924,0.9963578011074162,1.044138600862806,0.0062523269512742875,21072904381,21066595052,0.9960442621722728,0.001854421407389577,0.0,0.0,0.002101276558722691,0.0,1.4805742690186984e-08,0.0,2.1259527965396694e-08,3.7963442795351234e-09
2b963d11-0523-4cf5-9ec9-19e0eb8bdc5e,1065,259,1095,353224,27875960,920.0,80.0,1095,0,1095,80.40908317549872,29.29742289299408,0.07343295267168833,0.15589507693387697,0.2734112670710935,141.81659204738992,0.12951286944967116,19914439,233498708,0.7272293234070013,0.0,0.0,0.09461923582180748,0.0019188589746364434,0.0,0.17621274694205546,0.0,1.4461868596951186e-05,5.3729859023395035e-06
2bb3bdec-b435-4992-b4d0-0833f02c9707,1847,32,121,3215,539996,25.0,25.0,121,0,121,43.48700725622558,38.50624281540897,0.3593967541836825,0.04986601421414424,0.1745310497495048,43.28632743016243,0.3577382432244829,102996,97284,0.0,0.053827333100314574,0.0,0.0,0.9349877665152044,0.0,0.004194337644180357,0.0,0.006213833546933861,0.0007767291933667327
2bb7d51e-1b2d-4701-bec0-ff70e9ea0482,248,27,55,937,2338121197,1300.0,60.0,55,0,55,1.1248043978024613,1.0516141344318122,0.02045098905095384,0.9748259675932007,0.9999964644322407,1.1146199731547444,0.020265817693722626,2336824115,3946086310,0.9999949923488358,0.0,0.0,0.0,0.0,0.0,4.809091077015011e-06,0.0,1.6432558939079589e-07,3.4234497789749145e-08
2bbcebb6-486c-4656-a96f-546afedd00c9,932,32,53,777,2744149253,1220.0,25.0,53,0,53,1.024036956992574,1.0058986570846191,0.01932145201872781,0.9970620546413861,0.999870490572542,1.2280051690766596,0.02316990885050301,2743707597,5123304488,0.9999505428347581,0.0,0.0,0.0,0.0,0.0,4.931137711173528e-05,0.0,1.1663050404856972e-07,2.915762601214243e-08
2bf7b5f3-7e46-4834-acc7-6c90ed7960dc,1177,61,156,6048,36447829123,18460.0,140.0,156,0,156,2.348265554898803,1.5887226537542698,0.015052984326274377,0.7755671737435538,0.9614764119166398,2.3043152196762313,0.01477125140818097,36447247488,49119298848,0.98267790830548,0.01732205095070251,0.0,0.0,0.0,0.0,2.8891070590356457e-08,0.0,9.65779377759304e-09,2.1949531312711457e-09
2c097f79-7e4a-44aa-9900-dc8578df5535,1775,71,117,2015,810368600,360.0,25.0,117,0,117,1.3890160659095598,1.1536276232820903,0.011871932187261194,0.9299439043890331,0.9985041269167828,1.388854921690898,0.011870554886246993,810052680,810045912,0.0,0.9653782023164222,0.0,0.0,1.3925020283865983e-05,0.03459700917229235,1.0409199559712586e-05,0.0,3.357806309584705e-07,1.18510810926519e-07
2c14ec84-15f6-4f9a-9dd1-f5bb99c5b829,1865,41,83,1583,12896755,60.0,25.0,83,0,83,10.748462938754102,8.167809730783663,0.12949955347896508,0.1661953780270607,0.7360658406158403,13.70328416330645,0.16509980919646325,12618594,16511504,0.26505655067434614,0.7348686390892678,0.0,0.0,0.0,0.0,4.311098368011523e-05,0.0,2.5359402164773667e-05,6.339850541193417e-06
2c1716a1-3b73-4952-aaae-00f547e8d893,1475,54,138,4015,5097176,620.0,80.0,138,0,138,30.128029250949915,30.027698514314785,0.21831905254311532,0.033317951545703064,0.1665897577285153,30.108457689922393,0.21817722963711877,4802216,4801888,0.49981925011286454,0.0,0.0,0.49981925011286454,0.0,0.0,0.0002782048954066206,0.0,6.663590309140613e-05,1.6658975772851532e-05
2c207cbd-f04a-4e9c-a5d7-8945e233a087,945,28,46,627,6508144,120.0,60.0,46,0,46,1.02415904668224,1.0052623708936932,0.022264327101787825,0.997378533013942,0.9993534724966948,1.0224118833690403,0.022226345290631312,6335384,6334360,0.0,0.0,0.0,0.0,0.0018941235448395866,0.9975401648897684,0.0005000486158376508,0.0,5.050996119572231e-05,1.5152988358716694e-05
2c209bcb-9940-4d08-bcdd-2263d209c700,302,37,86,1082,33271448,300.0,80.0,86,0,86,1.0375258674573364,1.0074450299519528,0.012064254272759726,0.9962977685419023,0.9976670107525216,1.0356735493100941,0.012042715689652258,33046016,33039568,0.0,0.0010395201648513393,0.0,4.84173341803139e-07,0.0006354775111166199,0.9974704363757495,0.0008419774413956587,0.0,9.68346683606278e-06,2.420866709015695e-06
2c39cf36-0b94-4565-804b-bae998caa83d,1414,27,45,590,624248754,260.0,25.0,45,0,45,1.0000199339743392,1.000002153585895,0.02222266519942976,0.9999989232087783,0.9999990257603233,1.0000081691756793,0.02222240375945954,624076410,838861152,0.9999989360277214,0.0,0.0,0.0,0.0,0.0,4.230251228371218e-07,0.0,5.127577246510568e-07,1.281894311627642e-07
2c470076-042d-4459-99b9-77ca18629a1f,1348,169,630,87025,53153100,1560.0,80.0,630,18,612,10.169785049109187,3.201342487819075,0.016617295831877755,0.5422201310436136,0.747442668419069,28.842907283968106,0.04712893347053612,18211952,298816240,0.740056365182601,0.00024994574991192597,0.0,0.04001229522239022,0.005579412904229047,0.0,0.2140804017054295,0.0,1.5813790855587584e-05,5.7654445827663065e-06
2c5f25ba-3152-4798-8a02-90d86583b7d7,1676,35,66,895,62324760,180.0,25.0,66,0,66,4.334307602982729,3.2255188538707973,0.06567132731792014,0.47082546987225804,0.9406778907791824,4.333957415524065,0.06566602144733431,62105816,62105456,0.10318054592503864,0.8956668406063613,0.0,0.0,0.0,0.0,5.667746157622339e-06,0.0011405051018088226,5.152496506929399e-06,1.2881241267323498e-06
2c685d89-acf5-45e4-8f24-d9b2d7c56c7c,773,22,48,624,84086336,600.0,160.0,48,0,48,1.0001684552072136,1.0000209809397163,0.020836842816816952,0.9999895096925673,0.999992179952641,1.000095401416789,0.02083532086284977,83886960,83886560,0.9999896050589985,0.0,0.0,0.0,0.0,0.0,5.626619441209933e-06,0.0,3.814657248277921e-06,9.536643120694802e-07
2c7c2319-7305-4168-bd47-41919b43e8c6,1281,62,224,11912,13681544,5400.0,160.0,224,0,224,40.07902328695571,40.015023665059694,0.17892421110248086,0.02499530591910104,0.1249765295955052,40.06837530126391,0.17887667545207103,13335944,13335592,0.49996610663632063,0.0,0.0,0.49993011368374074,0.0,0.0,7.378555278876395e-05,0.0,2.399530171992324e-05,5.99882542998081e-06
2c8e5225-193a-4ac1-a378-ae787f894007,959,42,289,30304,17582864,280.0,60.0,289,0,289,5.337889826769451,4.597104586149477,0.018470207013043083,0.2812468359007739,0.9843639256527085,5.2999397375553645,0.01833889182545109,17145480,17127208,0.9844185173001864,0.0,0.0,0.0,0.015551620602047886,0.0,6.532333886248738e-06,2.799571665535173e-06,1.5864239438032646e-05,4.6659527758919555e-06
2c9697dd-2c7d-4735-bd0e-e367b033e359,1065,237,1017,296794,38753854,1020.0,80.0,1017,0,1017,76.79495456485665,39.05128831530854,0.07551126309228776,0.10789271276970576,0.26339641310018097,115.72318582395255,0.11378877662138893,31986062,245944508,0.8218937986176604,0.0,0.0,0.05406376689947015,0.0009660770369293976,0.0,0.12306397705350537,0.0,9.00392177067624e-06,3.3764706640035902e-06
2ca2518a-dc37-4ccd-b1a9-048b9e997a24,1767,72,123,4646,7404136,260.0,25.0,123,0,123,27.023256932708573,24.019369573639107,0.21970127587567945,0.04534242232575685,0.22671211162878427,27.01331386719991,0.2196204379447147,7125689,7125425,0.18137418009682993,0.8161995282140436,0.0,0.0,0.002352193591384637,0.0,2.2453969012680738e-05,0.0,3.8171747321557255e-05,1.3472381407608442e-05
2cb17443-a717-4861-b3e9-55926da01d9b,1776,126,438,52557,19056940,540.0,25.0,438,0,438,54.55228581660153,46.818894974514706,0.12454859775479801,0.03198080490068774,0.15532071476907564,90.50091516922225,0.2066230939936581,17320671,208007664,0.9550929637772116,3.2331310952098798e-06,0.0,0.04455462493341049,0.0,0.0,0.0003288556199699192,0.0,1.570377960530513e-05,4.618758707442685e-06
2ccb15c5-50a2-4f0e-a0b5-c492c2883939,1746,123,336,34862,44507656,1100.0,80.0,336,0,336,100.05803222107474,100.00989103993585,0.29779176256272244,0.009999505479001766,0.04999752739500883,100.05113753054346,0.297771242650427,44002176,44001888,0.49999345486914104,0.0,0.0,0.49999345486914104,0.0,0.0,5.090657334764535e-06,0.0,6.1815124779283645e-06,1.8180919052730482e-06
2ce07fff-df2e-465d-9bd0-00f658364c8f,1515,17,38,431,25796108,80.0,25.0,38,0,38,1.0003473226940005,1.000045397773499,0.026324929544578962,0.99997730187906,0.9999798064993018,1.0001334347683368,0.026319300914956233,25552776,36700460,0.9999780845728855,0.0,0.0,0.0,0.0,0.0,6.261550604130056e-06,0.0,1.2523101208260113e-05,3.130775302065028e-06
2d0d7814-269f-4d40-8e42-2517ce139e79,1271,17,38,431,725801,60.0,25.0,38,0,38,1.012521575458768,1.0021813077825181,0.026645304617336,0.9989111109859514,0.9990312642564672,1.0059880795590124,0.026473370514710853,532653,614700,0.9989486588829876,0.0,0.0,0.0,0.0,0.0,0.00030038317628925396,0.0,0.0006007663525785079,0.00015019158814462698
2d102046-2c3b-40c5-ac76-c5c161e12f0f,1051,36,62,1087,3023254280,1260.0,25.0,62,0,62,1.1127127385296338,1.0435217901168425,0.01794697965370377,0.9787118166299582,0.9999951783073201,1.1126979534677477,0.01794674118496367,3023004776,3023002144,0.9991017731690147,0.0008945483716959896,0.0,0.0,0.0,0.0,3.503798632437225e-06,0.0,1.4819692100942945e-07,2.6463735894540977e-08
2d2bad33-2e13-4d26-8876-170059e9c698,959,29,116,3192,9981720,280.0,60.0,116,0,116,3.0633192806087908,2.718511407856242,0.026407924832834405,0.4952073339185506,0.9916816330358708,3.043122979099541,0.02623381878534087,9724024,9715072,0.9905446551756762,0.0,0.0,0.0,0.009402691725154113,0.0,1.1517865443359663e-05,4.936228047154141e-06,2.7971958933873466e-05,8.227046745256902e-06
2d2ce6f5-c5a0-473c-aee8-fa52c25f6744,951,18,33,433,187360,420.0,160.0,33,0,33,33.0,32.99999999999999,1.0,0.030303030303030304,0.15151515151515152,33.0,1.0,528,264,0.0,0.0,0.0,0.0,0.0,0.0,0.18181818181818182,0.0,0.6666666666666666,0.15151515151515152
2d38ffbc-634a-4595-ae1d-006d564959f1,1702,16,37,446,185480,25.0,25.0,37,0,37,25.789678363765013,12.800000000000002,0.6970183341558112,0.25,0.33333333333333326,25.789678363765013,0.6970183341558112,768,384,0.0,0.0,0.0,0.0,0.0,0.0,0.4791666666666667,0.0,0.4166666666666667,0.10416666666666667
2d56864c-9591-48a1-9f58-ab412b14891b,1183,30,60,926,2024347,60.0,25.0,60,0,60,1.005721223088443,1.0008970118549665,0.016762020384807383,0.9995517937159809,0.9995890978414832,1.0011800962480624,0.016686334937467705,1796048,5409210,0.9995740648356837,0.0,0.0,0.0,0.0,0.0,0.00018540707152592804,0.0,0.00019598585338476477,4.454223940562836e-05
2d601905-a058-4ae5-963a-b7e0a5d3f10e,871,70,266,14478,1141408516,2440.0,25.0,266,0,266,5.933431481220895,3.6673278566380265,0.022306133388048478,0.40467040577205615,0.89878284044876,6.12474828948539,0.02302536950934357,1129441821,1143989661,0.04423376846074836,0.07879955686535535,0.0,0.8674257795169779,0.009540151426710806,0.0,2.7624264853567874e-07,0.0,3.966561107178977e-07,7.083144834248174e-08
2d7b0050-0e6f-4ac9-a0a5-f3646fa65a97,341,709,3132,3188422,249704844,7960.0,25.0,3132,0,3132,686.8391671589507,686.1786027507751,0.2192973075220149,0.0014575358351784791,0.007287679175892396,686.829747857385,0.21929430008217912,246992212,246991884,0.4999903397763813,0.0,0.0,0.49995701079028354,0.0,0.0,5.102994907385987e-05,0.0,1.295587409047537e-06,3.2389685226188427e-07
2d816429-7c9f-448f-85c2-e9abbb051c4c,1836,103,84,1949,715560,60.0,25.0,84,0,84,14.71729678548716,10.838877742541053,0.1752059141129424,0.12388003417775295,0.5926307800260628,13.844542137968302,0.16481597783295598,209493,202893,0.0,0.0,0.0,0.0,0.002544237754960786,0.0,0.2075105134777773,0.7875776278921014,0.001985746540457199,0.00038187433470330753
2d927a57-e01c-48e4-a159-e6520761c518,341,183,682,143811,1144885664,2500.0,25.0,682,0,682,17.082407385244966,10.710058323437483,0.025047518160183236,0.1399990356838053,0.5826501721668697,17.08232816157942,0.02504740199645076,1144147538,1144147194,0.7133319479292538,0.0,0.0,0.28666588976219953,0.0,0.0,1.8127032844255441e-06,0.0,2.796842097474321e-07,6.992105243685802e-08
2da26eb3-8b6b-4fbd-b4de-99ff25599957,1261,62,217,12925,5251112,540.0,80.0,217,0,217,42.17963204076164,42.03746604099006,0.1943761845196389,0.023798908740704543,0.11899454370352272,42.164292001771464,0.19430549309572104,5042248,5042048,0.4999436759159803,0.0,0.0,0.4998437204992694,0.0,0.0,0.00019356445775773029,0.0,0.0,1.9039126992563633e-05
2da48ea9-9683-4655-8be4-031254086584,1349,32,64,1380,18913434,120.0,25.0,64,0,64,6.003458367222275,5.684267819919253,0.09380403698784805,0.19764610107334804,0.8894074548300662,6.002023272050953,0.09378161362579614,18690862,18690502,0.0,0.9999591244106345,0.0,0.0,0.0,0.0,1.9474757236985647e-05,0.0,1.7120665702844522e-05,4.2801664257111305e-06
2dc64ff5-1b9d-405b-a652-2c07e0168370,1552,20,42,448,562768,60.0,25.0,42,0,42,2.1879811658359527,2.0548550881113385,0.05209478966276078,0.5275586376257517,0.9984372601822267,4.004004166005562,0.09533343252394195,358345,3858736,0.9984819098913059,0.0,0.0,0.0,0.0,0.0,0.00040184738171315353,0.0,0.0008929941815847857,0.00022324854539619641
2dd6b4cc-e7b2-4d1f-ad33-dd72f6fc56ef,1452,61,153,8258,3573376,160.0,25.0,153,0,153,41.14102362818814,41.028402896649425,0.2688955792692035,0.024381799474328402,0.12190899737164201,41.11448565534428,0.2687221284663025,3281136,3280896,0.9998537092031541,0.0,0.0,0.0,0.0,0.0,2.4381799474328403e-05,0.0,9.752719789731361e-05,2.4381799474328403e-05
2dd9cbed-8812-4033-97ef-66e3d55ef436,1710,62,111,4797,563157236,540.0,25.0,111,0,111,4.104742775305549,3.0010754919726503,0.036979664642392336,0.4712361755208336,0.9540590326948012,4.1046994282163265,0.036979274128075015,562786844,562786476,4.264492010762071e-08,0.9999985927176365,0.0,0.0,0.0,0.0,6.538887749835175e-07,0.0,5.685989347682761e-07,1.4214973369206903e-07
2df1b74d-6924-4f66-b931-32d351423e20,1777,100,279,30585,38838224,680.0,25.0,279,0,279,80.04671865673038,80.0079334422274,0.28690580163702645,0.012499380239063147,0.062496901195315736,80.03981528753017,0.28688105837824435,38401904,38401592,0.9999837508056892,0.0,0.0,0.0,0.0,0.0,5.833044111562802e-06,0.0,8.332920159375432e-06,2.083230039843858e-06
2dff9c99-9849-4b22-8173-43857cf9b1f7,1184,43,78,1130,409012960,1760.0,140.0,78,2,76,1.7108512583410218,1.4178146349904275,0.022511200767645023,0.8237944325625964,0.99362336546087,1.7108231876856532,0.02251083141691649,408761704,408761296,1.3699913532017177e-07,0.9999970643042432,0.0,0.0,7.82852201829553e-07,0.0,1.0372791674241578e-06,0.0,7.82852201829553e-07,1.9571305045738826e-07
2e1437c2-02a0-4a49-b558-ee17c76b9023,1832,41,92,1470,8073382,60.0,25.0,92,0,92,2.0151148512533603,2.0024706188586667,0.021903422296232176,0.5081667752419572,0.9997146607975653,2.369871904731114,0.025759477225338195,7787223,13242168,0.999246843194294,0.0005955910085020038,0.0,0.0,1.8877075948640486e-05,0.0,8.321323275319071e-05,0.0,4.520224989062211e-05,1.0273238611505025e-05
2e47a86f-bf2c-4136-a17c-35be6a88d9f2,1363,28,46,627,987328,80.0,25.0,46,0,46,1.1453548197009216,1.0398664448602843,0.024899017819585253,0.98060579861077,0.9959718224064923,1.1334147806196209,0.024639451752600454,814264,813248,0.0,0.0,0.0,0.0,0.01473723509819911,0.9808808936659363,0.003890630065924565,0.0,0.0003929929359519763,9.824823398799407e-05
2e4b39d6-9d65-4ca2-b507-ec69e2384761,1538,27,344,60186,23524257,540.0,25.0,344,0,344,289.27647290332663,285.44728333604814,0.8409199793701355,0.0043723323031963236,0.021010032977257093,298.0407053158118,0.8663973991738715,22217433,39060000,0.999951029446111,0.0,0.0,0.0,0.0,0.0,2.8086052965704903e-05,0.0,1.7283724901972247e-05,3.6007760212442183e-06
2e61e516-4c0d-4a99-9e4a-0c2e45ac3b4e,1054,24,42,512,279408834,280.0,80.0,42,0,42,1.0000968719234438,1.0000120919897129,0.023811830283891517,0.9999939540584518,0.9999969627023503,1.0000840925374295,0.02381152601279594,279195554,363806232,0.9999954870341524,0.0,0.0,0.0,0.0,0.0,2.9656632712711464e-06,0.0,1.2607650621829027e-06,2.865375141324779e-07
2e656a55-1db9-4340-ba22-31921a50aeed,1635,105,208,20638,57218156,480.0,25.0,208,0,208,47.66631513131284,41.386333743953756,0.2291649765928502,0.02835388185463536,0.1417694092731768,47.645692691224205,0.22906583024627022,56798572,56794380,0.0,0.9998988706969605,0.0,0.0,8.803038217228418e-05,0.0,6.056490293453152e-06,0.0,5.6339444590261885e-06,1.4084861147565471e-06
2e70873a-ed1d-4cab-b0d4-2adcf4e5528b,688,33,69,815,47764096,4320.0,740.0,69,0,69,2.7425109282284974,1.6785458919451501,0.03974653519171736,0.7662768039644068,0.9229569139256745,2.7374075683503185,0.03967257345435244,47493814,47484110,0.0,0.1370152331838416,0.0,0.0,0.00045546984287258966,0.8620940402891206,0.0004268345347038248,0.0,6.7377195691211495e-06,1.6844298922802874e-06
2e7cdad1-8d53-43b3-8a68-88347f5affd5,773,22,48,624,84086336,620.0,160.0,48,0,48,1.0001684552072136,1.0000209809397163,0.020836842816816952,0.9999895096925673,0.999992179952641,1.000095401416789,0.02083532086284977,83886960,83886560,0.9999896050589985,0.0,0.0,0.0,0.0,0.0,5.626619441209933e-06,0.0,3.814657248277921e-06,9.536643120694802e-07
2e7effe9-9e60-46cd-9937-93ac8a9c44bd,1359,187,747,134711,30121375,820.0,25.0,747,16,731,9.08347540261678,3.6832042991688314,0.01242609494202022,0.46116759980488065,0.8036698392301588,19.46961637024519,0.026634222120718455,21609339,349413336,0.6295011615116964,2.4341327608401165e-05,0.0,0.02460774019973494,0.0016950541615363616,0.0,0.34415351621814994,0.0,1.332757100992307e-05,4.859010264034453e-06
2e884c0a-d491-48bb-84f9-b2b9420c6016,563,27,55,937,1878616074,280.0,25.0,55,0,55,1.045545787948385,1.0152360172119064,0.019009923417243363,0.9924392035156747,0.9999954567370984,1.111473564578457,0.020208610265062855,1877285155,3703096657,0.9999935603816139,0.0,0.0,0.0,0.0,0.0,6.192452952092939e-06,0.0,2.0455070396590867e-07,4.2614729992897643e-08
2ec4d998-2253-43a2-80d6-ba6be2d15aa2,363,56,154,3767,793755690,200040.0,340.0,154,0,154,2.2820686911211805,1.4780918192895143,0.01481862786442325,0.8192235800027001,0.9606021002600216,2.277923881665562,0.014791713517308843,792622810,792475266,0.1419069809510024,0.0,0.0,0.0,0.00012062231719019037,0.857657432291155,0.0003144597869950273,0.0,4.037229259147866e-07,1.0093073147869666e-07
2ef23330-4107-4692-bcb8-84b6c33054bb,1051,36,62,1087,3004991392,1320.0,25.0,62,0,62,1.1127551849712431,1.0435331856315142,0.01794766427372973,0.978706467848196,0.9999951490009648,1.1127403154220403,0.017947424442290975,3004741888,3004739256,0.9990963137263655,0.000899985456587744,0.0,0.0,0.0,0.0,3.5250947984254946e-06,0.0,1.4909766519020218e-07,2.6624583069678963e-08
2f029752-c9ac-471b-a78a-ac6aef53cea2,570,130,470,46855,15512321,20180.0,380.0,470,12,458,48.55067194485676,37.452275872050684,0.10600583394073529,0.03935671558568034,0.1939121861350734,59.01425254850941,0.12885207980023888,5957738,87963896,0.8482613703388769,0.0003974662867014293,0.0,0.03747328264519185,0.0,0.0,0.11380258749209851,0.0,4.8340494328552214e-05,1.6952742802721434e-05
2f106763-da32-40f1-9782-3445a5bef5f9,989,22,45,579,203596,60.0,25.0,45,0,45,14.775653478912472,7.730561523721042,0.3283478550869438,0.19767441860465115,0.6996124031007751,9.647086784089485,0.21437970631309966,2064,1752,0.6918604651162791,0.0,0.0,0.0,0.0,0.0,0.11434108527131782,0.0,0.15503875968992248,0.03875968992248062
2f2d7182-90f9-4c63-a075-4e3027737d58,563,27,55,937,2077599658,740.0,60.0,55,0,55,1.0420254912592062,1.0138490463025474,0.018945918022894657,0.9931228120554251,0.9999958492589326,1.110464432804226,0.02019026241462229,2076255748,3768746682,0.9999941153684888,0.0,0.0,0.0,0.0,0.0,5.661152298469158e-06,0.0,1.8494831398776217e-07,3.853089874745045e-08
2f408573-d134-4d55-837d-0a4552766f1a,1634,253,69,23370,723032,25.0,25.0,69,0,69,25.303006671458135,20.685431590457778,0.3667102416153353,0.07869356388088376,0.35412103746397694,25.240166384769626,0.3657995128227482,26025,20793,0.0,0.0,0.0,0.0,0.026781940441882805,0.0,0.8791546589817483,0.07746397694524496,0.013525456292026897,0.003073967339097022
2f5117e4-a310-4303-bfef-9320e16a8de6,637,28,46,627,3575592,140.0,60.0,46,0,46,1.0405892848062797,1.0094723562853094,0.022621506191440863,0.9952950687526292,0.9989706494074185,1.037513513531238,0.022554641598505176,3404088,3403072,0.0,0.0,0.0,0.0,0.0035251732622658405,0.9954266752210871,0.0009306457412381819,0.0,9.400462032708907e-05,2.3501155081772267e-05
2f5fb4e2-68f4-486c-a6b9-48c37b235d59,1753,185,710,111652,29341025,2000.0,100.0,710,20,690,11.952084670483124,4.391784560381717,0.01732186184127989,0.439799121148818,0.7637507113263216,19.922829092333174,0.0288736653512075,20134922,424628720,0.6974574820801391,9.148284756206158e-05,0.0,0.03837228671658127,0.0017862994453119807,0.0,0.2622728312530836,0.0,1.4303507110680637e-05,5.31415021125982e-06
2f7d8fb6-5536-4981-833c-1aa8af0a0b70,1051,36,62,1087,2800802548,1300.0,25.0,62,0,62,1.119972295302851,1.0469490243217747,0.01806406927907824,0.9770738564513368,0.9999950777640597,1.1199572359101158,0.01806382638564703,2800556529,2800554065,0.999030699444239,0.0009656023622439081,0.0,0.0,0.0,0.0,3.5096595616692155e-06,0.0,1.5996820466250978e-07,2.856575083259103e-08
2f83ae1f-494c-48ff-98bb-e674921997ca,1611,25,52,649,12770564,80.0,25.0,52,0,52,1.1218147890520265,1.0311336858327957,0.021573361327923587,0.9847692167700991,0.9938223513648993,1.1069702161812447,0.021287888772716243,12440332,12416516,0.0,0.0,0.0,0.0,0.0060911557665824356,0.9862948995251896,0.007581791225507487,0.0,2.5722786176446096e-05,6.430696544111524e-06
2fabb62e-6865-4aeb-8a84-e511928fd71f,1634,252,77,23272,713480,60.0,25.0,77,0,77,22.98547832283813,18.89835765350194,0.2985127054914043,0.07889363997072306,0.3935436650102084,22.874693736354207,0.2970739446279767,25959,21431,0.0,0.0,0.0,0.0,0.020532377980661813,0.08205246735236334,0.8807735274856504,0.0,0.013559844369968026,0.0030817828113563696
2fba7bdd-563c-4125-8744-c07f1a7ac497,20,126,511,47926,22300836,25920.0,340.0,511,14,497,48.88023268085873,31.418840742514053,0.09835056877436364,0.06117870588486383,0.30557673383230355,49.795433403207774,0.10019201891993516,7777886,94431336,0.7567979268402751,0.00017356901348258383,0.0,0.024578915144809272,0.0,0.0,0.21834609044154157,0.0,9.051302629017705e-05,1.2985533601289605e-05
2fbf74bb-fcec-47cb-be40-2968b0d61903,1776,216,704,151093,32999355,660.0,25.0,704,0,704,127.04033734035984,90.24138445106217,0.18045502463119295,0.04268304581791138,0.12245312123363573,127.02763579833416,0.1804369826680883,30388225,265005760,0.5379834129831539,1.8428190524454784e-06,0.0,0.4616498660254095,0.0,0.0,0.0003527682186109916,0.0,8.950835397592324e-06,3.1591183756208203e-06
2fd78107-bc0e-4098-89f4-10a1a700ea77,1748,228,928,216646,62686891,960.0,25.0,928,24,904,15.214312341592558,4.611061174870511,0.016829991528310353,0.4212539027056067,0.7014546121555392,20.79774045653578,0.02300635006253958,24145749,503251976,0.6903254067620764,2.49319248700879e-05,0.0,0.0344694629269939,0.00614497400764002,0.0,0.26901882397601334,0.0,1.1927565386354343e-05,4.472837019882879e-06
2fdbf7d6-2396-4fed-bd6b-f60c44d43f8d,628,26,39,494,13419566,260.0,120.0,39,0,39,1.002837670558449,1.0005273717854855,0.025713786424575613,0.9997364024514648,0.9999599808935195,1.0000183140091412,0.02564149523100362,13243674,1849769860,0.0,0.9999529586729483,0.0,0.0,0.0,0.0,1.6838227821071402e-05,0.0,2.416247938449708e-05,6.04061984612427e-06
2ff3f70b-2f46-4974-b173-5b0df05a66b8,563,27,55,937,1874338880,620.0,25.0,55,0,55,1.0456703809527232,1.0152849779266795,0.01901218874459497,0.992415089732843,0.9999953512632547,1.1094755925460726,0.020172283500837683,1872981947,3788113743,0.999993407838223,0.0,0.0,0.0,0.0,0.0,6.344428476223856e-06,0.0,2.050206627004932e-07,4.2712638062602746e-08
30024abc-e1d3-4499-8d94-878a1105b0ed,1538,68,138,3334,724857,160.0,25.0,138,0,138,11.29100472783994,10.358150230604723,0.08181887483941985,0.10276324744773943,0.5045717063684978,14.325848691135354,0.10381049776185039,257125,887191,0.9823121050072922,0.0,0.0,0.0015789985415653866,0.0062498784637822075,0.0,0.00805444822557122,0.0,0.0014934370442391833,0.00031113271754982987
3005476b-514e-4ffc-a557-e671933be23f,1847,32,119,3077,526964,25.0,25.0,119,0,119,41.10808304983534,36.3769347470985,0.34544607604903643,0.052490847011394955,0.18371796453988234,40.892386004184026,0.3436334958334792,97236,91556,0.0,0.056440001645481096,0.0,0.0,0.9317125344522604,0.0,0.004442798963346909,0.0,0.006581924390143568,0.000822740548767946
302862e5-cf08-41f3-9fb8-5c559b5685c1,766,17,35,401,192088,80.0,60.0,35,0,35,5.337919522535643,2.9751650424394844,0.1525119863581612,0.40934065934065933,0.8351648351648351,3.6585062429744664,0.10452874979927047,2912,2648,0.8186813186813187,0.0,0.0,0.0,0.0,0.0,0.04395604395604396,0.0,0.10989010989010989,0.027472527472527472
302c807f-a42e-4b84-b232-985a045e6d72,351,25,49,554,17579192,220.0,60.0,49,0,49,4.885362389981593,4.538274761796039,0.09970127326493046,0.33191974915283873,0.9957592474585162,4.884160902553696,0.09967675311334075,17387480,17387136,0.6680452831577663,0.33191974915283873,0.0,0.0,0.0,0.0,8.281821172475827e-06,0.0,2.208485645993554e-05,4.601011762486571e-06
303c1ec9-43ed-4095-8fbe-1010c91b2488,341,9142,41084,561550892,1057775552,346960.0,180.0,41084,0,41084,2013.154476112932,336.69332872230984,0.049000936523048676,0.016467541568152978,0.06798190873339807,2013.1473453128315,0.04900076295669437,1024094576,1024094232,0.49997294781102325,0.0,0.0,0.4998660826810199,0.0,0.0,0.0001605789190314001,0.0,3.1247114036077076e-07,7.811778509019269e-08
3050a894-78a5-4cc4-840f-654eb0c04fdc,620,26,73,1194,148249284,620.0,100.0,73,0,73,5.603762560546969,4.410661532361602,0.07676387069242424,0.3584827980264933,0.9213057437484272,5.431249080883181,0.0744006723408655,142335064,140484312,0.0,0.8962795000394281,0.0,0.0,0.10371645317137033,0.0,1.0116973003925442e-06,0.0,2.473037845403997e-06,5.620540557736356e-07
30562603-addc-4315-a173-9ea313a397d2,8,181,538,87573,9698155,14200.0,420.0,538,0,538,83.41018767070103,80.73872356559318,0.15503752355148892,0.013111365856297796,0.06523808375681805,159.06419172745615,0.29565834893579207,8668357,30226339,0.9930826568402755,0.0,0.0,0.006439859364352437,0.0,0.0,0.0004313389492380159,0.0,3.691587690723859e-05,9.228969226809647e-06
30680e8d-634f-4b6c-a8e8-d6773b6a7b6e,1274,17,38,431,117241731,180.0,25.0,38,0,38,1.000083430819104,1.0000099200565808,0.026317985021555367,0.9999950400082767,0.9999955873177082,1.0000314416943707,0.026316616886693966,116935679,170393900,0.999995211042474,0.0,0.0,0.0,0.0,0.0,1.368273578844999e-06,0.0,2.736547157689998e-06,6.841367894224995e-07
308a77e3-a875-4750-8b0a-f1d19adc2690,148,202,570,101864,16278480,12000.0,80.0,570,0,570,88.71420317688832,41.43249945086977,0.15563895294190933,0.09271707981891067,0.24106440752916772,88.69476604317482,0.15560485270732424,15531119,15530759,0.19994541281925662,0.0,0.0,0.7995158623148789,0.0,0.0,0.000510909741918789,0.0,2.266417506684483e-05,5.15094887882837e-06
30a97743-bfd5-4317-92a1-fab92995e479,1414,32,49,624,632717560,280.0,25.0,49,0,49,1.0692030149332916,1.0227290146047294,0.021820469692516154,0.9887811580297996,0.9999989502309822,2.0116933000578747,0.04105496530730356,632520096,1679032720,0.9979266682461264,0.002072281984855703,0.0,0.0,0.0,0.0,4.173780432740591e-07,0.0,5.059127797261322e-07,1.2647819493153305e-07
30b87a9d-d6d2-412a-8069-f11c4622c42e,1475,54,138,4015,5097176,660.0,80.0,138,0,138,30.128029250949915,30.027698514314785,0.21831905254311532,0.033317951545703064,0.1665897577285153,30.108457689922393,0.21817722963711877,4802216,4801888,0.49981925011286454,0.0,0.0,0.49981925011286454,0.0,0.0,0.0002782048954066206,0.0,6.663590309140613e-05,1.6658975772851532e-05
30e5dd23-6899-4066-9910-58b7a1c90b1e,1534,306,1267,425224,65175946,1060.0,25.0,1267,20,1247,15.752416371643134,4.996726725950163,0.012632250498510933,0.38494224707259034,0.7257515556483852,32.64143844941352,0.026175973094958716,27462504,595771120,0.6156102517090212,4.879380263358359e-05,0.0,0.03257718232831209,0.0023445058032581442,0.0,0.34940484669569827,0.0,1.0487026237665728e-05,3.932634839124648e-06
30ed54b2-8a8a-4436-85d7-4f78813e5b9b,1374,22,49,722,8544921723,2940.0,25.0,49,0,49,1.0000666959481237,1.0000085819634887,0.020409524407104564,0.9999957090445202,0.999998651761752,1.0000551523021681,0.020409288822493227,8544483897,25441377244,0.9999965947621471,0.0,0.0,0.0,0.0,0.0,3.358424024893449e-06,0.0,3.745106244653971e-08,9.362765611634928e-09
310e587f-0f74-47a0-a76b-084051d2645e,341,5446,24452,198657284,612510992,253180.0,180.0,24452,0,24452,2594.117609599703,802.3431212513985,0.1060902016031287,0.01238413037118469,0.046965361943641044,2594.102931910442,0.10608960133774095,592417536,592417192,0.4999719522144598,0.0,0.0,0.49986208375843894,0.0,0.0,0.00016528882764199607,0.0,5.401595674575035e-07,1.3503989186437587e-07
31238c09-d67c-45c0-9497-73944495cd85,1361,46,80,1970,168764596,940.0,80.0,80,0,80,4.0900154076811415,3.395249331500978,0.051125192596014266,0.3130175129654294,0.9680746206007204,4.0899100807354305,0.05112387600919288,168513894,168513606,2.8484298155260717e-07,0.999996154619749,0.0,0.0,0.0,0.0,1.1868457564691965e-06,0.0,1.8989532103507145e-06,4.747383025876786e-07
3123ea9d-661f-458c-8983-f1752ef681cc,1868,63,204,18146,108753823,140.0,25.0,204,0,204,2.1692794926536214,1.6682702386479087,0.010633723003204027,0.7543704260365212,0.9989497599540351,1.9346850221337248,0.009483750108498652,108312381,830877890,0.0,0.9932236371020225,0.0,0.0,0.0005160998168805836,0.006221117048474819,3.5453010676591075e-05,0.0,2.9544175563825893e-06,7.386043890956473e-07
312f3c28-5d4b-45c0-b13b-b38b1cadc92e,959,41,275,26986,17521992,320.0,60.0,275,0,275,5.204614808367143,4.56591440449213,0.018925872030425974,0.28220658673115373,0.9877230535590382,5.174569511527667,0.018816616405555153,17109792,17095376,0.9877805644861142,0.0,0.0,0.0,0.012189511129065743,0.0,6.545959179398557e-06,2.805411076885096e-06,1.5897329435682212e-05,4.675685128141827e-06
313021d1-1a00-4349-a6ad-481d5f965590,988,30,41,457,473601656,300.0,25.0,41,0,41,2.1881362666712207,1.3969970652280466,0.053369177235883435,0.8445361929372751,0.9121126036544006,2.1881269916081405,0.053368951014832695,473538024,473537904,0.9999994931769196,0.0,0.0,0.0,0.0,0.0,3.378820535856272e-07,0.0,0.0,1.689410267928136e-07
31425230-8ca0-41da-b634-ed13b248d793,1767,66,111,4050,5269448,240.0,25.0,111,0,111,21.622132664062338,18.221561006243416,0.19479398796452557,0.06205642965279825,0.31028214826399125,21.610952332416403,0.19469326425600364,5003575,5003311,0.12411605701923124,0.868834783130062,0.0,0.0,0.006943635300759957,0.0,3.197713634751153e-05,0.0,5.43611317907696e-05,1.918628180850692e-05
314a3ffe-a77f-4ea5-a865-4866f1c58341,1746,63,156,6107,8313432,680.0,80.0,156,0,156,40.06569803126652,40.01216056565104,0.25683139763632384,0.02499620057751222,0.12498100288756109,40.051655173822546,0.2567413793193753,8001216,8000928,0.49996400547116837,0.0,0.0,0.49996400547116837,0.0,0.0,2.7995744646813685e-05,0.0,3.3994832785416616e-05,9.998480231004887e-06
31515d01-a7c8-412d-892a-75710e538ef4,1526,17,38,431,33950007,100.0,25.0,38,0,38,1.0002680818644045,1.0000344186309955,0.026322844259589594,0.9999827911246947,0.9999846900350734,1.0000954437819103,0.026318301152155534,33703539,52429100,0.9999833845341879,0.0,0.0,0.0,0.0,0.0,4.747275946303443e-06,0.0,9.494551892606886e-06,2.3736379731517214e-06
31559cba-e8da-4386-804b-df983488636b,22,26,52,791,1760191472,3260.0,80.0,52,0,52,1.1838918070799673,1.0794804852951896,0.022767150136153217,0.9617817257644993,0.9999929875067247,1.153075278182743,0.022174524580437362,1759146072,3277395160,0.9984577881034543,0.001537236755402311,0.0,0.0,0.0,0.0,4.765948736973333e-06,0.0,1.6371579630824427e-07,4.547661008562341e-08
316d16df-c6b5-437a-8be8-c64e01167d1e,1184,43,78,1130,266389884,1580.0,140.0,78,2,76,1.8910894825979707,1.5291080139782807,0.0248827563499733,0.7856483648838504,0.9880227893090299,1.8910433613033284,0.02488214949083327,266137424,266137016,2.104176074087198e-07,0.999995972005801,0.0,0.0,7.214317968298964e-07,0.0,1.5931618846660212e-06,0.0,1.2023863280498274e-06,3.0059658201245686e-07
3187b655-df2b-4da2-8a78-1eb9a52fc261,1201,31,71,972,36960578,540.0,220.0,71,0,71,2.687224233795306,2.2222746241387776,0.037848228645004305,0.47420688343358647,0.9632327319744726,2.682520301467039,0.037781976077000554,36716734,36709598,0.0,0.0,0.9978312341179365,0.0,0.0018179721540592362,0.0,0.000339899512848828,0.0,8.715372124328924e-06,2.178843031082231e-06
3190674a-4be7-4119-b0cf-901a69b293e9,1034,17,38,431,560934,80.0,25.0,38,0,38,1.017704270025938,1.0031837680819091,0.026781691316472053,0.9984118726212317,0.9985871142630267,1.00780216281669,0.02652110954780763,365210,461100,0.9984666356342926,0.0,0.0,0.0,0.0,0.0,0.0004381041044878289,0.0,0.0008762082089756578,0.00021905205224391445
31a49b33-1160-4b4d-93b0-85ff9db56b53,1474,21,45,466,11130720,100.0,25.0,45,0,45,5.002518889495472,4.997916432409882,0.11116708643323271,0.2092689834856208,0.999939255773446,5.000816415700279,0.11112925368222842,10931080,10930768,0.9999429150642023,0.0,0.0,0.0,0.0,0.0,2.0492028235087475e-05,0.0,2.9274326050124963e-05,7.318581512531241e-06
31c14ef8-faf2-4ce4-a09d-1af1467e152f,8,181,538,87573,8417459,14100.0,440.0,538,0,538,84.04021425972438,81.1144439610915,0.15620857669093752,0.013461906278590747,0.06692578341101467,159.29860807130783,0.29609406704704055,7387661,28626339,0.9918834933005183,0.0,0.0,0.007556248181934715,0.0,0.0,0.000506114181470969,0.0,4.331546886084784e-05,1.082886721521196e-05
31c2593c-71c0-4785-b750-587f4f94fecd,1880,50,108,2539,153848137,160.0,25.0,108,0,108,4.97828627230522,3.3772890004699865,0.04609524326208537,0.49688912739001545,0.936177115526754,5.2667286328903,0.04876600586009537,153022338,159654033,0.0030060970575420173,0.49991609068213294,0.0,0.0,0.0,0.4969601823754647,0.00011501588741899892,0.0,2.0911979530727077e-06,5.227994882681769e-07
31c30d98-19e5-4f4a-8911-77758dc6f9bc,232,2238,4495,20967021,27897832,880.0,25.0,4495,0,4495,1043.1283276197883,743.2744002322786,0.2320641440755925,0.00581933381368856,0.025058803262098528,2040.7592288577027,0.4540065025267414,17141481,84886060,0.0,0.9937779005209644,0.0,0.0,0.006189430189841823,0.0,9.3340826268162e-06,0.0,1.86681652536324e-05,4.6670413134081e-06
31c48cd4-77a6-47f9-ac30-f08132e0eaa8,1455,147,558,64459,21391930,600.0,25.0,558,20,538,52.63056225999302,34.659648864639514,0.09782632390333275,0.06070362370144067,0.26169281081676776,45.73032700703987,0.08500060781977671,7313682,88068456,0.7472944544211794,0.00021029079470504734,0.0,0.027565595550914028,0.0,0.0,0.22487647124936522,0.0,3.937825024385802e-05,1.3809733592464096e-05
32123d7b-545c-48d8-ad45-9181e24e1f63,1636,60,186,6636,13207093,880.0,120.0,186,0,186,15.61657913988831,14.343960689224675,0.08396010290262533,0.07977767676449214,0.3988883838224607,18.50237528859087,0.09947513596016597,12528605,24609880,0.7065973426411001,0.29223445068305687,0.0,0.0,0.00040786663798563367,0.0006174669885434173,0.0001032836457051683,0.0,3.320401592994591e-05,6.3853876788357525e-06
321681d1-c755-48e9-8abd-55275b2e0ea0,1339,34,56,809,39527158,160.0,25.0,56,0,56,1.6879748365772864,1.2475954946593641,0.030142407796022973,0.8939961271214933,0.9811053839031261,1.0489849875224206,0.018731874777186082,39069648,679424206,0.8939963318840242,0.10152059726773069,0.0,0.004468123183500399,0.0,0.0,4.7095382072549e-06,0.0,8.190501230008522e-06,2.0476253075021305e-06
3217059a-0169-4a54-ab3d-06906ff0e487,773,22,48,624,84086336,620.0,160.0,48,0,48,1.0001684552072136,1.0000209809397163,0.020836842816816952,0.9999895096925673,0.999992179952641,1.000095401416789,0.02083532086284977,83886960,83886560,0.9999896050589985,0.0,0.0,0.0,0.0,0.0,5.626619441209933e-06,0.0,3.814657248277921e-06,9.536643120694802e-07
322d9fe2-8790-487f-8b06-cd4e606cbf5e,1465,365,1469,544382,79481442,1200.0,80.0,1469,36,1433,37.93761897971328,8.810930737451308,0.02647426307028142,0.2768283021430517,0.5652973582059362,36.30115224459907,0.02533227651402587,26123308,550180416,0.6310376924698817,0.000497103965546783,0.0,0.04927806233421893,0.014290418349774079,0.0,0.3048815640040687,0.0,1.102463746168747e-05,4.1342390481328016e-06
325ec177-4e70-4bca-a46c-49bfdeec353a,1361,50,90,2822,1210396388,1560.0,25.0,90,0,90,5.662910357608752,4.7757069648380135,0.0629212261956528,0.25354272251647647,0.9089899741668491,5.66288783146101,0.06292097590512233,1210133444,1210133156,3.966504705575264e-08,0.9999994579110236,0.0,0.0,0.0,0.0,1.718818705749281e-07,0.0,2.6443364703835094e-07,6.610841175958773e-08
3263610b-919c-40ca-9711-6bbb5cd83cc9,1035,17,38,431,680139,80.0,25.0,38,0,38,1.0135953919528695,1.0023861974810766,0.026673562946128146,0.998809012897569,0.9989404321640439,1.0059880795590124,0.026473370514710853,486991,614700,0.9988500814183424,0.0,0.0,0.0,0.0,0.0,0.00032854816618787614,0.0,0.0006570963323757523,0.00016427408309393807
3276a136-674b-4ceb-9656-ecfe90bfe538,1273,17,38,431,58613116,120.0,25.0,38,0,38,1.0001602597058783,1.0000198757253462,0.02632000683436522,0.9999900622841202,0.9999911588596657,1.000061332380012,0.026317403483684526,58363512,83886380,0.9999904049639782,0.0,0.0,0.0,0.0,0.0,2.7414388633775156e-06,0.0,5.482877726755031e-06,1.3707194316887578e-06
32833bbb-a71f-4112-98ba-32cfa298ba33,711,75,225,9298,254419426,980.0,60.0,225,0,225,8.532402538485043,2.839039023460149,0.03792178905993352,0.5856765781658448,0.727934788033325,8.944901452408084,0.03975511756625815,251770355,257051001,0.1339596474731904,0.19664526826440706,0.0,0.6591806410250325,0.010211043313657797,0.0,1.1756745546948925e-06,0.0,1.9064992778836094e-06,3.1774987964726825e-07
32a4d127-fcf8-4081-9872-b45c6fe33ff0,363,53,143,3296,108717382,91440.0,480.0,143,0,143,5.918752574937453,5.001628526735351,0.04138987814641575,0.24481688605801735,0.8976619155460636,5.886225425642257,0.04116241556393187,107923732,107842780,0.9808146182342916,0.0,0.0,0.0,0.0008196899640201471,0.016732909125121802,0.0016290763555137251,0.0,2.9650568421781413e-06,7.412642105445353e-07
32d092ec-7bb8-403a-8d5f-c8905b99b68d,1607,255,68,23960,11344720,1240.0,160.0,68,0,68,3.0616993272094066,3.0134915478697755,0.045024990106020686,0.33258618179179317,0.9981435736052995,3.0510962530850563,0.044869062545368474,10638181,10633653,0.0,0.0,0.0,0.0,5.0102550426618986e-05,0.0,0.002150743628069498,0.9977585453753794,3.308836350876151e-05,7.520082615627615e-06
32d8f7ab-cb83-42a4-9254-8fad3bc564c0,336,75,292,16035,40729004139,1240.0,25.0,292,0,292,2.4360124134875076,2.143871725394341,0.008342508265368177,0.4832005693986684,0.9896924645152803,2.4657574292121653,0.00844437475757591,40712564475,40795242362,0.9668576994252338,0.008813615541716622,0.0,0.024063995099144392,0.0002646614414726082,0.0,7.663481876499994e-09,0.0,1.8863955388307678e-08,1.9649953529487164e-09
32fd67e9-fe06-4037-951c-d47333011f2e,933,362,1448,538068,66153225,4080.0,80.0,1448,36,1412,32.39154074855697,6.784400494876795,0.022940184666116834,0.35452237592141084,0.5761593906968663,41.4161026715522,0.02933151747277068,29134398,429386808,0.7177835285973645,7.880718867093118e-05,0.0,0.03484451609399995,0.006097946489232418,0.0,0.24118167809748464,0.0,9.885222272311924e-06,3.638310975225917e-06
32fe4e86-80fe-4e77-ae75-dc4be5f92b4f,1865,49,104,2331,19397776,100.0,25.0,104,0,104,25.241583668124413,16.80582809447532,0.24270753527042704,0.10982834293873268,0.4924822527747845,27.71839983707756,0.266523075356515,19094816,23381968,0.18334206519717183,0.8166084973010476,0.0,0.0,0.0,0.0,2.848940780576257e-05,0.0,1.6758475179860335e-05,4.189618794965084e-06
3307efb3-21c4-4208-815c-b8186785da11,1357,24,62,687,2234824,1120.0,200.0,62,0,62,1.990854993777768,1.2830542330451535,0.032110564415770454,0.8822509309995142,0.9302112538028241,1.7766601384046112,0.028655808683945343,1877552,1828752,0.0,0.0,0.0,0.0,0.1027721202928068,0.8838487562528228,0.013166080087262564,0.0,0.00017043469368624678,4.2608673421561695e-05
3333952d-7d55-40cb-ac73-3273ebd78a8c,1414,27,45,590,649069379,280.0,25.0,45,0,45,1.000019211873498,1.000002071210068,0.0222226491527444,0.9999989643965626,0.9999990630254614,1.0000081691756793,0.02222240375945954,648897035,838861152,0.9999989767251749,0.0,0.0,0.0,0.0,0.0,4.068442075713907e-07,0.0,4.931444940259281e-07,1.2328612350648203e-07
3336312e-c112-4ad9-8442-a36158597fc6,405,21,65,1025,5802160,740.0,180.0,65,0,65,2.1145029954813266,1.9950069254480827,0.032530815315097335,0.5663854542948538,0.9950610761111143,2.09924885223004,0.03229613618815446,5572064,5565760,0.9999023701091732,0.0,0.0,0.0,0.0,0.0,2.5843206395332143e-05,0.0,5.742934754518254e-05,1.4357336886295636e-05
334a320e-b33f-4d68-af7a-37a49c32110b,947,32,86,1331,1337324866,1840.0,200.0,86,0,86,1.4707080445254648,1.275928907150046,0.01710125633169145,0.8770570394164952,0.9999916383909033,1.6745048502443534,0.019470986630748296,1337063222,1524398916,0.12045120406430565,0.8793300448735251,0.0,0.0,5.366986303958034e-06,0.00021072750739381267,2.3334723060687104e-06,0.0,2.6326354222313656e-07,5.983262323253103e-08
3359b922-8d51-4157-bda9-a1314783aad0,1636,49,153,6100,1084082,720.0,120.0,153,0,153,5.35620441222437,4.599357596184046,0.03500787197532268,0.26516864649611915,0.9595284177393779,6.976091010300302,0.045595366080394134,503242,863922,0.4748629883833225,0.4851522726640463,0.0,0.0,0.008021985446365764,0.0283819712981031,0.002595172898923381,0.0,0.0008266400658132667,0.00015896924342562822
33672fd7-1bb2-49d0-8023-6602ce514de4,409,89,267,20749,345355377,2000.0,40.0,267,2,265,22.744446401038733,10.681196020473033,0.08582809962656125,0.20553912104665026,0.5846862915879834,24.367339321794027,0.09195222385582652,344196811,500560116,0.0,0.5032832131614374,0.0,0.0,9.973654288156667e-05,0.49652256656148974,9.294972811354722e-05,0.0,1.3015809144146893e-06,2.3242516328833737e-07
337a204a-dc51-482a-912c-f3f14468bcdc,1475,26,54,676,530352,320.0,80.0,54,0,54,2.0492987935263334,2.009510826598176,0.03794997765789506,0.49881531363012843,0.9977802718543458,2.0294782337015906,0.03758293025373316,320760,320432,0.49886519516149147,0.0,0.0,0.49886519516149147,0.0,0.0,0.0010225713929417632,0.0,0.000997630627260257,0.00024940765681506424
3389be22-ce33-4a94-9789-ace0c04be96f,462,24,47,597,787353287,2000.0,80.0,47,0,47,1.0076200790917473,1.0019074412932205,0.021438725087058453,0.99904718810624,0.9999991967126708,1.0134674010933185,0.02156313619347486,786767047,1769040392,0.9999990746943421,0.0,0.0,0.0,0.0,0.0,4.168959557351669e-07,0.0,4.0672776169284576e-07,1.0168194042321144e-07
338a0883-4690-4bf4-8d57-955bd0b91cc5,1349,32,64,1380,26100476,140.0,25.0,64,0,64,5.991184041672314,5.67663110746732,0.09361225065112991,0.19778797734743384,0.8900458980634522,5.990122332621972,0.09359566144721831,25878216,25877856,0.0,0.9999704770993487,0.0,0.0,0.0,0.0,1.4065884603482713e-05,0.0,1.2365612838226561e-05,3.0914032095566402e-06
33a2d666-82c9-4e26-b812-8efa08c011ac,579,85,194,12152,838214149,7200.0,160.0,194,0,194,16.51199968745873,12.144379360693481,0.0851134004508182,0.1239468622349308,0.5526102920248339,16.506910000646016,0.08508716495178359,837723377,837691369,0.2011643385236461,0.7986296125528798,0.0,0.0,0.00020453052249012267,0.0,1.0027176309776062e-06,0.0,4.2018643583823497e-07,9.549691723596248e-08
33aa75af-3c5d-4460-a342-d32d1d0f83a5,1827,24,61,1192,16674695,25.0,25.0,61,0,61,1.0012733183835587,1.0001810870679,0.01641431669481244,0.9999094686142733,0.9999366402145655,1.0009389346165822,0.016408834993714462,16414197,24634992,0.9999177541246763,0.0,0.0,0.0,0.0,0.0,5.592719522008905e-05,0.0,2.1444850454761813e-05,4.873829648809503e-06
33e8391b-cc00-4c15-87d1-ef102f9822a6,1847,42,133,3575,90877729568,12580.0,25.0,133,0,133,1.0047526310947845,1.0010178626020274,0.007554531060863042,0.9994913744034349,0.9999981643182979,1.0047510085212612,0.0075545188610621145,90854530940,90854522292,0.0,0.9999983299897272,0.0,0.0,1.657594821544516e-06,0.0,5.723434974788501e-09,0.0,5.811487820554478e-09,8.805284576597694e-10
33edc78e-3865-4ea1-9ddf-96e07d1e212e,1856,264,1056,267089,43301396,600.0,25.0,1056,34,1022,17.87243820423815,6.014796847018308,0.017487708614714433,0.31362863293947424,0.6962141157467262,27.380146618173423,0.026790750115629574,23329662,510183308,0.5574571118947201,0.0001726557375756237,0.0,0.03830051202627796,0.005065997098457749,0.0,0.39898674914364385,0.0,1.2344799508882726e-05,4.629299815831022e-06
33edc79b-6d59-4a74-aa38-77227ead6f5a,1337,34,56,809,127682177,200.0,25.0,56,0,56,4.085792398568829,3.2396337916992173,0.07296057854587194,0.4790990890196704,0.9737741658270892,1.5277187428513688,0.027280691836631586,127223713,741553620,0.47909915190102964,0.5195241236199418,0.0,0.0013721341398045819,0.0,0.0,1.446271262339278e-06,0.0,2.5152543692857007e-06,6.288135923214252e-07
33ef334f-3cbd-496c-a952-bbdab639e1d4,1687,31,101,1993,1766576,60.0,25.0,101,0,101,2.9647506072246395,2.3596101253997337,0.029353966408164747,0.5810086706712635,0.9829869397260383,2.935321986408397,0.029062593924835612,1492618,1490370,0.0,0.41100402112261814,0.0,0.0,0.006431652304876399,0.5820819526496398,0.00021438841016254662,0.0,0.00021438841016254662,5.3597102540636655e-05
33fa6cbd-51be-48e8-9ed5-7c1697e10c6b,766,17,35,401,192088,80.0,40.0,35,0,35,5.337919522535643,2.9751650424394844,0.1525119863581612,0.40934065934065933,0.8351648351648351,3.6585062429744664,0.10452874979927047,2912,2648,0.8186813186813187,0.0,0.0,0.0,0.0,0.0,0.04395604395604396,0.0,0.10989010989010989,0.027472527472527472
33fd7b85-9f98-44d1-b1e4-4c88f7f44730,1184,43,78,1130,326707460,1700.0,140.0,78,2,76,1.4231530929702287,1.197454686139612,0.018725698591713535,0.9103953859042486,0.9964309393284682,1.42312392810661,0.018725314843508024,326455644,326455236,1.715393837700046e-07,0.9999965202010721,0.0,0.0,7.841800400914497e-07,0.0,1.2987981914014634e-06,0.0,9.80225050114312e-07,2.45056262528578e-07
3401bc0d-86a2-40cd-a4f3-29095708568f,1776,122,421,48399,40068733,620.0,25.0,421,0,421,48.68257694301874,43.30506073755533,0.11563557468650532,0.028666344703533644,0.14179121790567487,84.98952966232011,0.20187536736893139,38190708,251227384,0.9724088382964777,1.4663252642501417e-06,0.0,0.027437616500851462,0.0,0.0,0.0001428619757455138,0.0,7.1221512835006885e-06,2.0947503775002023e-06
344c2240-54f2-4734-a66c-7e98fb3a3b69,1692,63,106,3045,21628837444,3160.0,25.0,106,0,106,2.058216559929265,1.9958689814635315,0.019417137357823255,0.5496507235970404,0.9975791578175733,2.0832006719360727,0.019652836527698798,21628291336,24230868908,0.9962910340094006,0.003708526288736136,0.0,0.0,0.0,0.0,4.197280246955889e-07,0.0,1.6274979587227066e-08,3.6988589970970604e-09
34556866-1e2b-4e9b-ab7e-389ccb216377,1348,182,699,108392,53337050,1180.0,80.0,699,24,675,10.792858600792737,4.155729661201626,0.015989420149322572,0.3995476145735303,0.7630557070152825,23.0604727182778,0.034163663286337485,22185949,337967912,0.5827749356135273,0.0001315246870891121,0.0,0.03907013398435199,0.007515387329160452,0.0,0.370490259397964,0.0,1.2981189130111135e-05,4.777798777054792e-06
348edfab-0ba1-4793-a6d8-0577224d583b,35,181,537,87781,9303933,15880.0,240.0,537,0,537,83.6182647817697,80.86132975309161,0.155713714677411,0.013159930025749712,0.06567699217067607,159.08191756341068,0.29624193214787836,8275044,30226975,0.9926789513143375,0.0,0.0,0.006745946003429106,0.0,0.0,0.0005325651440644907,0.0,3.2869915857849215e-05,9.667622311132122e-06
34a1b9fd-27cd-4f05-957a-527b98513941,1746,107,288,24818,17255208,940.0,80.0,288,0,288,84.10487337759284,84.01920059782874,0.292030810338864,0.011903401516017218,0.05951700758008609,84.09083396361586,0.2919820623736662,16801920,16801632,0.49998285910181695,0.0,0.0,0.49998285910181695,0.0,0.0,1.3331809697939283e-05,0.0,1.6188626061783414e-05,4.761360606406887e-06
34a88bd0-bb4b-4ac8-b6be-12a9d89df8b3,1261,50,163,6895,12161256,500.0,80.0,163,0,163,30.046856939478122,30.0086001710057,0.18433654564097007,0.03332855624027223,0.16664278120136114,30.04166163997831,0.18430467263790376,12001720,12001520,0.4999783364384438,0.0,0.0,0.49994834073782757,0.0,0.0,6.532397023093357e-05,0.0,0.0,7.998853497665335e-06
34ad93f3-4022-4ff1-b1e4-4da10652936b,1032,17,38,431,700268,80.0,25.0,38,0,38,1.0131605856988442,1.0023030400471555,0.026662120676285372,0.9988504471364241,0.9989772943489565,1.0059880795590124,0.026473370514710853,504544,614700,0.9988900868903405,0.0,0.0,0.0,0.0,0.0,0.0003171180313312615,0.0,0.000634236062662523,0.00015855901566563075
34c20433-bab9-4e45-8902-f16f925fdaa7,1518,17,38,431,36471615,100.0,25.0,38,0,38,1.000250574041595,1.0000320227163357,0.026322383527410394,0.9999839890228741,0.9999857557513847,1.0000954437819103,0.026318301152155534,36225147,52429100,0.9999845411255336,0.0,0.0,0.0,0.0,0.0,4.416821276115181e-06,0.0,8.833642552230361e-06,2.2084106380575904e-06
34cf057b-a4ef-44eb-9f0d-d52ad1b47e86,1359,237,930,203476,62404393,1240.0,25.0,930,28,902,17.611570817236046,4.826202380334142,0.019525023078975662,0.4272296407296132,0.6634600292209771,30.34601322499528,0.03364303018292159,22190223,338563712,0.6747309389364857,5.4798908510293024e-05,0.0,0.0703775712393697,0.01518425479545654,0.0,0.2396346805527822,0.0,1.2978688857700979e-05,4.776878537903833e-06
34d97921-ace0-4ef2-b635-f675a6947e57,253,27,55,937,7615635674,6620.0,80.0,55,0,55,1.0135246228193537,1.0036708012416822,0.01842772041489734,0.9981679669869248,0.9999959922904834,1.0369677754883861,0.018853959554334294,7613326234,13454463568,0.9999942269648444,0.0,0.0,0.0,0.0,0.0,5.712089389495614e-06,0.0,5.043787540393478e-08,1.0507890709153078e-08
34dd94bb-18a4-42d3-8b4a-e0ae3538cb4f,1552,24,49,497,1126421,60.0,25.0,49,0,49,4.5319777720390855,3.5092121804403797,0.09248934228651196,0.4092632961058159,0.9424051127895745,4.624287834648847,0.09437322111528258,907841,7282372,0.9969025413040389,0.002498234823058223,0.0,0.0,0.0,0.0,0.00015861808400369668,0.0,0.000352484631119326,8.81211577798315e-05
34ec4e0e-117f-4a71-af5b-7fd1ad9bf3b6,971,28,53,719,234109,80.0,60.0,53,0,53,6.798432234710136,2.3499494422010567,0.12827230631528558,0.6480095779706675,0.7725231966477102,2.0100906427517704,0.03792623854248624,3341,7280,0.0,0.6958994313079916,0.0,0.0,0.0,0.0,0.16521999401376833,0.0,0.11493564800957796,0.02394492666866208
35022680-2954-486d-b874-cea3a1046ec6,678,29,70,949,18675240,300.0,60.0,70,0,70,10.895148967486652,8.872685099486057,0.1556449852498093,0.19588222566779065,0.5716525784116487,10.893467440416186,0.15562096343451695,18468812,18468572,0.9974569019382513,0.0,0.0,0.0,0.0025171083012811004,0.0,5.197952093507693e-06,0.0,1.646018162944103e-05,4.331626744589744e-06
3513b94b-831f-4ca5-8f02-02dd63fe2443,1784,56,133,13983,19127496,220.0,25.0,133,0,133,38.641502464510054,35.206280128412914,0.2905376125151132,0.034087868117117844,0.1704393405855892,38.62687378428119,0.2904276224382044,18833680,18832952,0.0,0.9999634696989649,0.0,0.0,0.0,0.0,1.35926701526202e-05,0.0,1.8689921459852774e-05,4.247709422693812e-06
35140a12-cc48-4d7c-99f6-8dfff0d758e1,54,50,85,2236,777030128,600.0,25.0,85,0,85,5.456739084099138,5.137712575712728,0.06419693040116634,0.1972903106984416,0.986451553492208,5.4566972266556055,0.06419643796065418,776569328,776568960,3.0905160858992876e-08,0.9999989904314119,0.0,0.0,0.0,0.0,4.635774128848931e-07,0.0,4.120688114532383e-07,1.0301720286330958e-07
3516de6e-3075-49fa-964f-d4c8fa318635,959,42,289,30304,17578256,260.0,60.0,289,0,289,5.314381514516934,4.591509547281998,0.018388863372030915,0.2814182723829248,0.9849639533402368,5.277918949477106,0.018262695326910404,17143336,17125784,0.9850115520106472,0.0,0.0,0.0,0.014958582156938417,0.0,6.533150840653184e-06,2.7999217888513646e-06,1.5866223470157733e-05,4.666536314752275e-06
352b2354-643a-44da-af2e-790e11e2dfe9,951,18,33,433,187360,440.0,160.0,33,0,33,33.0,32.99999999999999,1.0,0.030303030303030304,0.15151515151515152,33.0,1.0,528,264,0.0,0.0,0.0,0.0,0.0,0.0,0.18181818181818182,0.0,0.6666666666666666,0.15151515151515152
3554e473-c48f-4450-a5b7-90366d37713a,1065,133,532,72473,23581878,800.0,80.0,532,0,532,45.06732338922144,31.818919723161578,0.084713013889514,0.06956959217044945,0.2880428828892956,76.7071069625861,0.14418629128305657,19443466,142726416,0.8622906018916586,0.0,0.0,0.05144000560393913,0.0011144617940031885,0.0,0.08513461540241848,0.0,1.4812173920020228e-05,5.50313406056307e-06
359da8e8-3033-4046-86e3-1d4bf64f06fe,1038,49,102,2105,14421502,80.0,25.0,102,0,102,7.09703222304448,5.0633988064151865,0.0695787472847498,0.3786609438250326,0.7877203821322611,4.35453146987417,0.04269148499876638,14059216,52803874,0.7502594028002699,0.24913636720568202,0.000513399893706733,0.0,0.0,0.0,5.782683757045912e-05,0.0,2.731304505172977e-05,5.690217719110369e-06
359f537c-4cea-48a4-bd77-b6e8b7611dc7,951,18,33,433,187360,420.0,160.0,33,0,33,33.0,32.99999999999999,1.0,0.030303030303030304,0.15151515151515152,33.0,1.0,528,264,0.0,0.0,0.0,0.0,0.0,0.0,0.18181818181818182,0.0,0.6666666666666666,0.15151515151515152
35a0755c-9bfc-4952-90f7-18acb8f560b5,1425,62,129,3038,11139000857,6460.0,80.0,129,0,129,3.03752705716557,2.309794029091343,0.02354672137337651,0.4744053788500114,0.9432419677159439,3.616218033009888,0.02803269793030921,11134038665,13268268520,0.9957515259805324,0.004248116916342683,2.874069415673257e-09,0.0,2.759106639046327e-07,0.0,3.951845446550728e-08,0.0,3.1614763572405823e-08,7.185173539183142e-09
35af5bb8-4b11-4352-b25e-7dca7184061a,21,26,52,791,2206008010,14880.0,100.0,52,0,52,1.148571693752043,1.061000295454462,0.022087917187539288,0.9704129269237827,0.9999928512134567,1.1171367987763732,0.021483399976468715,2204709835,4420929617,0.9987693976971804,0.001225169841908017,0.0,0.0,0.0,0.0,5.265545522456473e-06,0.0,1.3062943496144924e-07,3.6285954155958125e-08
35bd03ee-f8a6-4884-834f-d71568dd1b52,1848,28,72,1265,11731640,25.0,25.0,72,0,72,2.039666623698769,2.0081251891372376,0.02832870310692735,0.4989873203135329,0.9984338594580853,2.036619933919108,0.02828638797109872,11550049,11548361,0.0,0.0,0.0,0.0,0.0014733270828548,0.9980452896779919,0.000450907177969548,0.0,2.3549683642034765e-05,6.926377541774931e-06
35c3e8d0-25b9-47c1-bbb6-a65f19e3a138,971,31,57,739,250800,80.0,25.0,57,0,57,15.192307765945033,5.535656235558405,0.2665317151920181,0.39783124364622163,0.6621484242629618,6.7798491647268815,0.11894472218819091,2951,6864,0.0,0.5679430701457133,0.0,0.08776685869196882,0.0,0.0,0.1870552355133853,0.0,0.1301253812267028,0.027109454422229753
35e1de18-06eb-44ec-bb63-74dcac23ad76,1847,32,121,3215,665748,25.0,25.0,121,0,121,42.42652636158394,38.108356902335544,0.35063244926928877,0.050157466622872265,0.1755511331800529,42.757500117517615,0.35336776956626126,207028,196068,0.0,0.05398303611105744,0.0,0.0,0.940452499178855,0.0,0.0020866742662828215,0.0,0.003091369283381958,0.00038642116042274477
35e67c82-3297-4500-acf6-9417e55797dc,617,60,167,5466,21150738553,7980.0,25.0,167,0,167,1.0689461526691015,1.0140956254527091,0.006400875165683243,0.9930242969261022,0.9963811082936045,1.0708651233453665,0.006412366008056087,21108279329,21116109098,0.9934063282548671,0.004540219669555615,0.0,0.0,0.0020534122807656353,0.0,1.4780930038733807e-08,0.0,2.122389954279726e-08,3.789982061213797e-09
35fdc564-1fc0-4128-a913-64fa76de1b37,946,28,50,690,1745360,120.0,60.0,50,0,50,1.0819770422481187,1.0207415572076615,0.021639540844962377,0.9897777461176805,0.997735737691572,1.0754340391447912,0.021508680782895823,1572256,1571216,0.0,0.0,0.0,0.0,0.007632344859870148,0.9900677752223557,0.0020454684224452,0.0,0.00020352919626320397,5.088229906580099e-05
3601cd74-e8e5-42ea-bab8-9adeb1f30432,1274,17,38,431,177361694,200.0,25.0,38,0,38,1.000056495598967,1.0000065560572429,0.026317276199972817,0.9999967219873501,0.9999970836990907,1.000020930002689,0.026316340263228658,176936474,262144300,0.9999968350222691,0.0,0.0,0.0,0.0,0.0,9.042793516954565e-07,0.0,1.808558703390913e-06,4.5213967584772827e-07
3601cec2-bdcd-4daa-bacf-60303647a4bf,1776,142,502,70809,21083653,400.0,25.0,502,0,502,64.92129460734331,55.353634644620456,0.12932528806243687,0.026004825012063585,0.12549698251071395,105.8707639605348,0.21089793617636415,18984823,268808880,0.9465899155341084,2.9497246300373725e-06,0.0,0.05304136888713685,0.0,0.0,0.000347224727878685,0.0,1.432723391732438e-05,4.213892328624818e-06
36024771-92fa-49ce-a192-5b8487087552,232,1954,4154,15290317,411662335,9540.0,300.0,4154,0,4154,266.22970303379446,218.56231509922594,0.06408996221323891,0.011693265728839134,0.049708202814940095,371.70738774685475,0.0894817977243271,400686182,683615788,0.0,0.99293943208653,0.0,0.0,0.00011735867647165332,0.006923922322831687,1.828862668391195e-05,0.0,7.986299861970283e-07,1.9965749654925708e-07
36074c9c-ff16-4d22-a0fc-d972f712ec95,617,60,167,5466,21178720353,8160.0,25.0,167,0,167,1.0707673837485294,1.0146166403634076,0.006411780741009158,0.9927690912034631,0.9963556767859176,1.073362741164872,0.006427321803382467,21135886000,21145317710,0.9931506235414025,0.0047543216309929,0.0,0.0,0.002095015084770991,0.0,1.4761623903535437e-08,0.0,2.1196177912768832e-08,3.785031770137292e-09
36160773-3ca1-4b0a-b9d5-ba28e818dfc5,1347,17,36,413,2783088,60.0,25.0,36,0,36,1.0027729383879167,1.0004259699735334,0.027854803844108798,0.9997870823806041,0.9998117684814036,1.0014796355549622,0.027818878765415618,2592552,2592280,0.9997901681432041,0.0,0.0,0.0,0.0,0.0,5.554372679892245e-05,0.0,0.00012343050399760545,3.085762599940136e-05
362fd10b-4792-43d5-a7d1-939f7f839d8f,246,31,41,560,8564888,25.0,25.0,41,0,41,1.0103167811365945,1.0023827316018978,0.024641872710648646,0.9988102779034601,0.9999342747600791,1.0098217615387755,0.02462979906192135,8398600,8398288,0.0,0.99992379682328,0.0,0.0,0.0,0.0,3.429142952396828e-05,0.0,3.2386350105970044e-05,9.52539708999119e-06
3649989e-496e-45c0-9328-db35b713f52e,570,142,555,59040,20437188,20720.0,360.0,555,20,535,52.94276360880806,34.5935042056188,0.09895843665197768,0.06532077035747384,0.28311260707220637,46.52316321774378,0.0869591835845678,6543248,83661464,0.729848692881578,0.0002500287319080677,0.0,0.029361259117795933,0.0,0.0,0.24043166329627122,0.0,9.292021332524764e-05,1.5435759121463837e-05
36620882-dcea-47a7-b38b-50b55efd5791,547,27,44,572,299419243,440.0,25.0,44,0,44,1.0000390544425766,1.00000439404365,0.022728160328240377,0.9999978029853578,0.9999980173282497,1.0000051291835108,0.022727389299625245,298586995,1336934744,0.9999978297782193,0.0,0.0,0.0,0.0,0.0,8.305787062159221e-07,0.0,1.071714459633448e-06,2.67928614908362e-07
366a5a54-1b33-4505-9472-025005e32e03,1051,36,62,1087,2758941104,1220.0,25.0,62,0,62,1.1254806315396477,1.0496555873224331,0.018152913411929802,0.9757831350406488,0.9999952078799285,1.125465958928722,0.01815267675691487,2758695484,2758693140,0.9990161886240286,0.0009802546224054354,0.0,0.0,0.0,0.0,3.3653587551963384e-06,0.0,1.6239559697629897e-07,2.8999213745767672e-08
369ce597-09bc-4f58-b29f-bd9c4dd4d274,1856,269,1081,276877,67550281,820.0,25.0,1081,34,1047,24.88391496571194,6.774025883529027,0.023766871982532894,0.32634336396019076,0.5923403330842489,28.923200596657825,0.02762483342565217,29477287,636862572,0.6727770096345705,0.00016331217998454198,0.0,0.053112825478138476,0.01082077193874728,0.0,0.26311264669642087,0.0,9.770234282415475e-06,3.663837855905803e-06
369f9f85-1ea5-4060-a458-9a909321194c,1051,36,62,1087,2999622768,1280.0,60.0,62,0,62,1.1127677390943782,1.0435365578470137,0.017947866759586744,0.9787048850220271,0.9999951403285476,1.1127528445492316,0.017947626524987607,2999379720,2999377088,0.9990946981531235,0.0009015944136609686,0.0,0.0,0.0,0.0,3.5313968182728127e-06,0.0,1.493642158786084e-07,2.6672181406894356e-08
36add1f2-93cc-4236-9d64-ce92d31fbf39,405,19,42,447,11121296,760.0,180.0,42,0,42,1.489247510732973,1.3055529395880163,0.03545827406507079,0.8646990645890162,0.9999253661449126,1.488064673224558,0.03543011126725138,10933376,10932592,0.9999502440966084,0.0,0.0,0.0,0.0,0.0,1.3170680309540255e-05,0.0,2.926817846564501e-05,7.317044616411253e-06
36d3289a-f0a0-47ec-8b68-d77538c27474,947,33,84,1310,1665820897,1840.0,200.0,84,0,84,2.869761788832038,2.7216603446362915,0.034163830819429024,0.47847582207391137,0.9999884770789862,2.962442190713601,0.03526716893706668,1665549905,2090828464,0.22176519652228613,0.777312076397975,0.0,0.0,1.055267089099921e-05,0.0009103587922812796,1.5562427713626509e-06,0.0,2.113416109257921e-07,4.803218430131639e-08
36f76208-4081-4c65-ab5e-147f67dc715d,988,39,61,910,572944251,560.0,25.0,61,0,61,5.056128054914499,2.832495648283357,0.08288734516253277,0.5772521762955326,0.7732176701334611,2.4911359379764453,0.04083829406518763,572495891,1265989112,0.9999990218270405,0.0,0.0,0.0,0.0,0.0,2.794779884280427e-07,0.0,5.589559768560854e-07,1.3973899421402136e-07
3717cde6-9ab0-495c-92c8-6b35f6f6941d,1038,54,117,2524,29291783,160.0,25.0,117,0,117,10.536293148877457,8.182164306043852,0.09005378759724322,0.22246240447268006,0.6555212846920653,8.381192576968475,0.07163412458947414,28883622,122261974,0.8599035813444726,0.13881216143875585,0.0012403569053770333,0.0,0.0,0.0,2.7835844133398506e-05,0.0,1.3294731526399286e-05,2.769735734666518e-06
3743802e-2609-45c8-8e60-b31879348765,575,28,74,930,539976,220.0,80.0,74,0,74,4.880896755800406,2.4219585192626365,0.06595806426757306,0.6259059116950715,0.8590916484430068,4.505863969090541,0.06089005363635866,276655,268591,0.0,0.006246046520033978,0.0,0.0,0.18460537492544865,0.7899188519997832,0.01778388245287452,0.0,0.0011566752814877736,0.0002891688203719434
37508c53-5729-48a9-b6bf-ba54639278a7,239,18,63,1228,293616,100.0,60.0,63,0,63,13.682645959701736,7.07769080617686,0.21718485650320216,0.2507729083665339,0.655808764940239,12.840289156706621,0.2038141135985178,62750,60542,0.0,0.0,0.0,0.0,0.9913306772908367,0.0,0.002294820717131474,0.0,0.005099601593625498,0.0012749003984063745
37952ead-b16e-484d-9e02-419b48da7fed,336,59,238,12973,89363794,860.0,25.0,238,0,238,57.440753363213915,41.25846088148296,0.24134770320678114,0.04940650531036786,0.19762602124147144,52.24298498858645,0.21950834028817837,77453768,74612424,0.6441592615610385,0.21671291705266038,0.0,0.0,0.13911584004538036,0.0,5.164371086504145e-06,0.0,5.7840956168846425e-06,1.0328742173008291e-06
37dce523-fa82-4053-9d31-506332e6b870,637,28,46,627,6771144,160.0,60.0,46,0,46,1.0232780435170297,1.0050508554829443,0.022245174859065863,0.997483526553886,0.9993805790313273,1.0216102866136771,0.022208919274210374,6599712,6598696,0.0,0.0,0.0,0.0,0.001818261160487003,0.9976411091877949,0.0004800209463685688,0.0,4.8486964279653416e-05,1.2121741069913354e-05
37e63a9c-669a-41bf-91e9-8b336d1c8ded,1374,22,49,722,3194146759,1140.0,25.0,49,0,49,1.0000766506752707,1.0000098684611534,0.020409727564801444,0.9999950658042648,0.9999983230184429,1.0000608179899733,0.020409404448774964,3193833574,9574401168,0.9999960502012056,0.0,0.0,0.0,0.0,0.0,3.824557453287013e-06,0.0,1.001930728654805e-07,2.5048268216370126e-08
37eae26c-b66d-45db-8a7a-189525df79f4,483,33,58,718,6917227179,3060.0,25.0,58,0,58,1.0160599375751218,1.0042991751679187,0.017518274785777964,0.9978552988193705,0.9999986803013555,1.0130921632152747,0.017467106262332322,6915215105,8736590686,0.9978553057605863,0.00214458433683098,0.0,0.0,0.0,0.0,5.2059118123412304e-08,0.0,4.627477166525538e-08,1.1568692916313845e-08
38009fb4-4d29-4df1-af33-0742e018c39d,1701,35,64,850,30268938,560.0,80.0,64,0,64,3.4647204549459967,2.848160518941441,0.0541362571085312,0.5074580967980568,0.9965284565639739,3.4398890629916195,0.053748266609244054,29904278,29873254,0.0,0.4890730349684416,0.0,0.0,0.0,0.5078258702651173,0.0030877187538184336,0.0,1.0700810098140473e-05,2.6752025245351182e-06
380803dd-848f-438d-87a9-106f34c3e14e,1445,22,45,579,203556,25.0,25.0,45,0,45,17.12131748478395,8.847789342585179,0.3804737218840878,0.18385650224215247,0.6524663677130046,10.999638226999672,0.24443640504443714,1784,1472,0.6434977578475336,0.0,0.0,0.0,0.0,0.0,0.13228699551569506,0.0,0.17937219730941703,0.04484304932735426
38094e63-ca74-49a6-9a3f-7493b92aa6a8,951,18,33,433,187360,420.0,180.0,33,0,33,33.0,32.99999999999999,1.0,0.030303030303030304,0.15151515151515152,33.0,1.0,528,264,0.0,0.0,0.0,0.0,0.0,0.0,0.18181818181818182,0.0,0.6666666666666666,0.15151515151515152
381846ef-f4a3-4978-a722-7c80596944a2,617,66,196,6715,697427081,1260.0,25.0,196,0,196,13.081984185221332,8.020795357257718,0.0667448172715374,0.16832347428515182,0.7283563605569974,13.123495370422967,0.06695660903277025,657020659,682375961,0.012273586666625654,0.24846007619982616,0.0,0.6732940432547343,0.06597052833311288,0.0,4.748709126968259e-07,0.0,1.1689130158691098e-06,1.217617724863656e-07
3838003d-456a-4a98-b701-d33cbc2b885c,1777,85,234,20550,31602728,300.0,25.0,234,0,234,65.04071685713666,65.00693343876931,0.27795178144075494,0.015383794915553221,0.0769189745777661,65.03381330258719,0.27792227907088546,31201664,31201352,0.9999800010666098,0.0,0.0,0.0,0.0,0.0,7.179104293924837e-06,0.0,1.0255863277035481e-05,2.5639658192588703e-06
385bb0e9-a046-452a-8fbd-100a47d31bb5,246,33,46,581,12760208,60.0,25.0,46,0,46,1.9015013085606562,1.80266321834042,0.04133698496870992,0.6661737698080609,0.9999498102876522,1.9009112534688868,0.04132415768410624,12592222,12591926,0.33308752021684496,0.6668635606964363,0.0,0.0,0.0,0.0,1.715344599229588e-05,0.0,2.541251258117908e-05,6.35312814529477e-06
387f610c-fce0-4396-9d3e-2eff8dd0385b,1347,17,36,413,5375088,60.0,25.0,36,0,36,1.0014595557853445,1.0002129739749344,0.027818320994037346,0.9998935298556172,0.9999058742201833,1.0007770476838713,0.027799362435663093,5184552,5184280,0.999895072901188,0.0,0.0,0.0,0.0,0.0,2.7774820273767146e-05,0.0,6.172182283059366e-05,1.5430455707648415e-05
38a7e24c-ede5-4380-8d06-0338b890aada,1841,107,290,22905,2056936,60.0,25.0,290,0,290,43.21988660068285,41.027285328704025,0.14903409172649257,0.025445444210164987,0.12695700770994547,66.16769130047886,0.22816445276027195,1409997,15205142,0.9875311791443528,0.0,0.0,0.009758886011814209,0.0,0.0,0.002426246296977937,0.0,0.0002269508374840514,5.673770937101285e-05
38ac59f9-797a-4b90-a7f5-c5777e7bd330,1620,24,49,608,2408084,60.0,25.0,49,0,49,1.0047437416213407,1.0007466626398263,0.02050497431880287,0.9996268758094169,0.999692081978645,1.0014460796226334,0.02043767509433946,2208380,4178352,0.9996377435042882,0.0,0.0,0.0,0.0,0.0,0.0001666379880274228,0.0,0.00015939285811318704,3.6225649571178875e-05
38b90422-9a92-41a5-a6ed-d4e9ffd2de89,579,85,193,12100,343421302,7220.0,180.0,193,0,193,21.193664429535374,10.713990844257118,0.10981173279552008,0.24967105821960872,0.536297499725227,21.183927760895468,0.10976128373520969,342955826,342931802,0.5699523413257309,0.4295553678682805,0.0,0.0,0.0004886285267537633,0.0,2.4026417909576494e-06,0.0,1.0263712505061803e-06,2.3326619329685916e-07
38e900b0-6bbc-4077-8b59-42076b943b28,628,9921,29725,881377841,371752479,8000.0,100.0,29725,0,29725,9017.091368432162,8235.124669902458,0.3033504245057077,0.0003428794496171546,0.0015929100591512404,9000.172914593755,0.30278125869112715,341764431,341684983,0.9999980834752228,0.0,0.0,0.0,0.0,0.0,7.461279667222011e-07,0.0,9.363174484357034e-07,2.3407936210892585e-07
38fda5e7-5017-4198-a99a-6c0a4e28663e,1033,17,38,431,702303,80.0,25.0,38,0,38,1.0131120445063984,1.0022937726423873,0.02666084327648417,0.9988550650540192,0.9989814027032308,1.0059880795590124,0.026473370514710853,506579,614700,0.9988945455693978,0.0,0.0,0.0,0.0,0.0,0.000315844123029182,0.0,0.000631688246058364,0.000157922061514591
39008b25-7956-4b06-8d56-c18c00d9030e,467,22,48,624,84086336,660.0,160.0,48,0,48,1.0001684552072136,1.0000209809397163,0.020836842816816952,0.9999895096925673,0.999992179952641,1.000095401416789,0.02083532086284977,83886960,83886560,0.9999896050589985,0.0,0.0,0.0,0.0,0.0,5.626619441209933e-06,0.0,3.814657248277921e-06,9.536643120694802e-07
3904a275-207e-4dc5-b416-b07bedb5e9f7,708,33,53,613,9912761,260.0,25.0,53,0,53,10.237577644140545,9.545156992640253,0.19316184234227443,0.11860526454498545,0.5696345122817671,11.487180141639833,0.21673924795546853,9656713,20160328,0.0,0.9999403523745606,0.0,0.0,0.0,0.0,1.159814939099878e-05,6.6275139377135885e-06,3.3137569688567944e-05,8.284392422141986e-06
3904da6a-f2fd-4ce8-9448-de1615a3318d,467,22,48,624,84086336,480.0,120.0,48,0,48,1.0001684552072136,1.0000209809397163,0.020836842816816952,0.9999895096925673,0.999992179952641,1.000095401416789,0.02083532086284977,83886960,83886560,0.9999896050589985,0.0,0.0,0.0,0.0,0.0,5.626619441209933e-06,0.0,3.814657248277921e-06,9.536643120694802e-07
3906fc09-27ba-40c0-8e61-96e743366af4,946,28,50,690,1839816,140.0,80.0,50,0,50,1.0788887969087795,1.0197849173516682,0.02157777593817559,0.9902429893983097,0.9977491205252373,1.0726930222458564,0.02145386044491713,1666904,1665864,0.0,0.0,0.0,0.0,0.007198974865979085,0.9906317340410725,0.0019293252640823946,0.0,0.0001919726630927756,4.79931657731939e-05
390931d9-b6a4-4d30-9227-b6e8eae88b72,574,30,87,1172,5913823210,2240.0,60.0,87,0,87,1.3192884455678178,1.147991160887461,0.01516423500652664,0.9312229764133261,0.9997570831945466,1.365004011391737,0.015689701280364794,5911781185,6653922951,0.9998589381146048,0.0,0.0,0.0,2.4089186582436067e-06,0.00013699255345493645,1.592751779090078e-06,0.0,5.4129202348006053e-08,1.3532300587001513e-08
391b653f-f065-415a-9ea4-5ccf0b88b703,620,29,66,1271,127558424,600.0,180.0,66,0,66,1.2452477194669873,1.0900095676073103,0.018867389688893746,0.9574254126832998,0.9994476745058555,1.2433554304174685,0.018838718642688917,127272778,127253450,0.0,0.9995269687599653,0.0,0.0,0.0,0.0,0.0004696369556732705,0.0,2.765713183380031e-06,6.285711780409162e-07
3950748f-c11d-42c1-8263-2ebd330c78d7,1752,25,43,479,1899976,300.0,80.0,43,0,43,1.0047858898932716,1.0007583790283434,0.023367113718448174,0.9996210242638045,0.9996631326789372,1.0027210074464272,0.02331909319642854,1709872,1709576,0.9996303816893897,0.0,0.0,2.3393563962682585e-05,0.0,0.0,0.00014036138377609552,0.0,0.0001590762349462416,4.678712792536517e-05
3954453b-d241-461c-82f2-ee0d45bd0f7e,1517,17,38,431,34422365,80.0,25.0,38,0,38,1.0002646123773344,1.0000339429060774,0.026322752957298273,0.9999830289750697,0.9999849016398898,1.0000954437819103,0.026318301152155534,34175897,52429100,0.999983614182826,0.0,0.0,0.0,0.0,0.0,4.681662049718842e-06,0.0,9.363324099437683e-06,2.340831024859421e-06
396bf4c2-04a1-4dd1-9ac0-2301af5cb288,989,22,45,579,203596,60.0,25.0,45,0,45,14.775653478912472,7.730561523721042,0.3283478550869438,0.19767441860465115,0.6996124031007751,9.647086784089485,0.21437970631309966,2064,1752,0.6918604651162791,0.0,0.0,0.0,0.0,0.0,0.11434108527131782,0.0,0.15503875968992248,0.03875968992248062
397128a0-a4d3-4414-86f6-fa9ae7a4065a,947,34,90,1430,4827419968,3200.0,200.0,90,0,90,1.741524192993818,1.4025151792647943,0.019350268811042425,0.8353151584018207,0.9999972754047255,1.9828408415853855,0.022031564906504285,4827138960,5529810704,0.1120580626500133,0.8876781686848311,0.0,0.0,1.8097676641154743e-06,0.0002611766535927526,6.92749893406839e-07,0.0,7.292104141124622e-08,1.657296395710141e-08
399691e6-c03a-40d6-9302-3b4df6f391fc,1359,179,649,90532,66201791,680.0,25.0,649,16,633,10.380686635029173,5.98121566335093,0.01639918899688653,0.21419710507390782,0.8430009640377316,24.333706832101665,0.03844187493223012,48348730,589466844,0.7409323885032761,0.0001067246233768705,0.0,0.025778029743490676,0.0016573134392568326,0.0,0.23151739456238044,0.0,5.956723165220679e-06,2.192405053865944e-06
39985d85-3048-4c4b-ae6c-6f0dd5d2752b,1414,27,45,590,3181010664,1120.0,25.0,45,0,45,1.0000042551023358,1.00000042253442,0.022222316780051907,0.9999997887328567,0.9999998088535369,1.0000018954942749,0.02222226434431722,3180806960,3900703072,0.9999997912479417,0.0,0.0,0.0,0.0,0.0,8.299780631767732e-08,0.0,1.0060340159718463e-07,2.515085039929616e-08
39a7c55f-3ba5-4209-9de2-49e5169b5b94,1195,51,137,3340,31172891,220.0,25.0,137,0,137,17.316224145837253,15.598054128042723,0.12639579668494347,0.07779377880557765,0.38896889402788826,20.511995922469062,0.14972259797422674,30850796,34281049,0.37758594624268366,0.0,0.0,0.6223543794461576,0.0,0.0,4.567143097377455e-05,0.0,1.1409754224818056e-05,2.593125960185922e-06
39d6fbe1-48c1-4055-accd-c907682e06a4,690,27,55,937,1498713746,640.0,80.0,55,0,55,1.0551055728586347,1.0191241121487347,0.019183737688338812,0.990527721247671,0.9999952556606961,1.130888157844308,0.020561602869896507,1497574171,3050669853,0.9999933058407429,0.0,0.0,0.0,0.0,0.0,6.384324853583496e-06,0.0,2.564146787758668e-07,5.341972474497225e-08
39e49fe9-fea0-4159-b5dd-f086fea2df3b,1452,30,60,911,994872,120.0,25.0,60,0,60,10.077765885077458,10.016004997759303,0.16796276475129096,0.09992006394884093,0.4996003197442046,10.051157849628522,0.1675192974938087,800640,800400,0.999400479616307,0.0,0.0,0.0,0.0,0.0,9.992006394884092e-05,0.0,0.0003996802557953637,9.992006394884092e-05
39e743af-7e1f-4d30-ab61-a57763fc71db,1256,464,870,517549,4514988587,17500.0,80.0,870,0,870,156.12045304856915,130.69316329622706,0.17944879660755075,0.012315694827784059,0.06139095034770694,137.43206695086243,0.15796789304696832,4504233807,8200815700,0.1854560983716714,0.8145415012200764,0.0,2.2299020056176225e-06,0.0,0.0,8.17009098035927e-08,0.0,7.104426939442844e-08,1.776106734860711e-08
39fed596-0fda-44de-8eaa-2e048b2d1158,1200,29,53,741,298032,60.0,25.0,53,0,53,1.9124107866265487,1.3099299375065214,0.036083222389180165,0.8718436413720732,0.9742244375942807,1.8073420999140863,0.03410079433800163,121976,120856,0.0,0.0,0.0,0.0,0.09818324916376993,0.8739424149012921,0.024595002295533547,0.0,0.0026234669115235785,0.0006558667278808946
3a3ac73e-e1c8-42ab-bc5d-57878469680c,20,118,435,33381,16430038,21720.0,440.0,435,22,413,27.466794100600268,12.722452657760154,0.06650555472300307,0.18256627852852947,0.4538570745698754,45.80512928211971,0.11090830334653683,5579371,77671880,0.8418266145054702,0.00015270538560708725,0.0,0.03878447946910144,0.0,0.0,0.11909191914285679,0.0,0.0001261790979664195,1.8102398998023254e-05
3a436fe3-416d-443e-9892-aa337c9b91fa,1205,27,41,539,413835469,200.0,25.0,41,0,41,1.000026637561729,1.0000029427969106,0.02439089359906656,0.9999985286047643,0.9999986834884733,1.000001963738881,0.024390291798509295,413213245,3400495424,0.999998547965228,0.0,0.0,0.0,0.0,0.0,4.84011590673963e-07,0.0,7.744185450783409e-07,1.9360463626958522e-07
3a5dbf50-8ae3-43f6-a647-67bc35350d0f,1550,35,112,2625,1367892,60.0,25.0,112,0,112,18.108083236542306,13.298889737274932,0.16167931461198487,0.14562614688671222,0.5033622421020001,26.433156045465374,0.23601032183451226,680647,1413777,0.5589946036638669,0.0,0.0,0.0,0.4335903926705032,0.0,0.006639271164054201,0.0,0.000658197274064236,0.0001175352275114707
3aa79e40-132d-458c-be9e-1265de30490c,570,259,1059,298093,31533956,27920.0,380.0,1059,22,1037,46.48295325909792,10.51906151992198,0.04482444865872509,0.29259749696060106,0.41506395387884204,59.32925093942254,0.05721239241988674,14130261,234557768,0.5595527216376258,8.60564429772387e-05,0.0,0.02833174843691847,0.0,0.0,0.41200194391313794,0.0,2.0381789126188114e-05,7.14778021439236e-06
3ab3ed25-4a3a-4e20-9f28-c7e6d124b6e4,1461,148,331,30155,1800291964,1900.0,25.0,331,0,331,33.120476413589806,19.53840679414105,0.10006186227670637,0.12248333382744556,0.43919023986698336,33.062090262338586,0.09988546907050933,1797803449,1797342449,0.0039551937693495885,0.995414325740344,0.0,0.0,0.0006295771657516717,0.0,5.473345824023948e-07,0.0,3.114912257574604e-07,4.4498746536780064e-08
3ac1a837-c0b0-44f5-bb52-461b13ff50ae,988,38,59,854,1232967826,600.0,25.0,59,0,59,2.3043806597720455,1.4631628244952088,0.039057299318170265,0.8243808442302732,0.9154190511529239,1.437481110288116,0.024364086615052814,1232333586,3493118704,0.9999995455775884,0.0,0.0,0.0,0.0,0.0,1.2983497473223943e-07,0.0,2.5966994946447885e-07,6.491748736611971e-08
3ad32a4e-6842-46f2-b387-3cc82fa87fe4,1865,43,87,1458,15495170,120.0,25.0,87,0,87,25.452563137622985,17.38189202095603,0.29255819698417224,0.13782032935816987,0.41220387124163704,26.18605127059312,0.3009890950642887,15216565,18012584,0.23074103780978164,0.7692053364211963,0.0,0.0,0.0,0.0,2.733862734460767e-05,0.0,2.10297133420059e-05,5.257428335501475e-06
3ad6392c-62d1-4dd8-9f51-7912655e675f,1776,152,480,66197,25397313,740.0,25.0,480,0,480,84.70258675533685,63.41739419512971,0.17646372240695177,0.05189792989562354,0.15509399069505175,83.87324404667189,0.1747359250972331,23437852,205929152,0.5342859064047337,2.389297449271375e-06,0.0,0.46539153843961467,0.0,0.0,0.00030446476067858095,0.0,1.1605159039318109e-05,4.0959384844652145e-06
3ae7e027-f42d-41ee-a3e8-0c3f23881577,1541,19,40,420,370575466,80.0,25.0,40,0,40,3.034852334861782,3.008393402513569,0.07587130837154456,0.34686699645078295,0.9999977754185816,4.000075089253953,0.10000187723134883,370406762,547431032,0.0,0.9999984881485506,0.0,0.0,0.0,0.0,5.615448240656039e-07,0.0,7.343278468550205e-07,2.1597877848677072e-07
3af9e06b-064a-497f-9555-bf43287e24c8,1832,39,113,2898,3147504,160.0,25.0,113,0,113,12.087940475794477,12.019263991187398,0.1069729245645529,0.08326648884645382,0.4163324442322691,12.071223795381433,0.1068249893396587,2882312,2881880,0.9993310925396002,0.00036914810055261194,0.0,0.0,0.0,0.0,0.00016098187843647738,0.0,0.0001110219851286051,2.7755496282151274e-05
3afaea8d-0115-47c5-82a1-e1b4a9e3ef32,1074,29,51,766,4609501002,640.0,25.0,51,2,49,1.0066390720335927,1.001474074542717,0.02054365453129781,0.9992636444255802,0.9999963161263554,1.006637897099566,0.020543630553052368,4609278612,4609278340,0.0,0.9999998767703044,0.0,0.0,0.0,0.0,3.644821980659216e-08,0.0,6.942518058398506e-08,1.7356295145996265e-08
3affb85e-ce72-4099-b4d4-a00caf5f2405,707,33,53,613,9679472,120.0,25.0,53,0,53,9.991023175381393,9.302498160420972,0.18850987123361118,0.11853535915213761,0.5806060137852345,11.487180141639833,0.21673924795546853,9423416,20160328,0.0,0.9999388756688657,0.0,0.0,0.0,0.0,1.1885286609441842e-05,6.791592348252481e-06,3.395796174126241e-05,8.489490435315602e-06
3b1cc8ea-9172-4cc8-9c60-1ac0b3cc7dab,1621,22,43,523,19217347,80.0,25.0,43,0,43,1.0005117509493116,1.0000681564930758,0.02326771513835608,0.9999659234812824,0.9999692890633781,1.0002133663201784,0.02326077596093438,19016027,25719896,0.9999671855745682,0.0,0.0,0.0,0.0,0.0,1.1779537334481067e-05,0.0,1.6827910477830096e-05,4.206977619457524e-06
3b2165e2-0482-4b98-9fc3-a07e8ef1a938,773,22,48,624,84086336,580.0,160.0,48,0,48,1.0001684552072136,1.0000209809397163,0.020836842816816952,0.9999895096925673,0.999992179952641,1.000095401416789,0.02083532086284977,83886960,83886560,0.9999896050589985,0.0,0.0,0.0,0.0,0.0,5.626619441209933e-06,0.0,3.814657248277921e-06,9.536643120694802e-07
3b2d8cba-2cb1-4ee7-8aec-bba6b42bc1db,711,73,206,8709,364535687,1340.0,60.0,206,0,206,8.634804860135011,4.7296940021621525,0.04191652844725734,0.4075367061832394,0.8163798646719777,9.511452465537444,0.046172099347269145,361822623,397997098,0.023888213313847984,0.5101617125803657,0.0,0.4586844200728709,0.007263288232809036,0.0,8.180804106325877e-07,0.0,1.3266168821068991e-06,2.211028136844832e-07
3b352b8a-dcf3-46e4-a8d1-829f1af4f12e,1169,32,118,3087,1143769,80.0,25.0,118,0,118,13.001821039397594,6.719802788164797,0.11018492406269148,0.3114043469688007,0.690691783834615,18.52185849921794,0.15696490253574527,329655,776282,0.7936115029348865,0.0,0.0,0.0,0.20102228086939375,0.0,0.004055755259286224,0.0,0.0010677829852421472,0.00024267795119139706
3b39fcb8-8e3f-445e-93c5-292fc95741bf,1333,27,44,543,225936,100.0,60.0,44,0,44,2.957105325267341,2.2762080942775507,0.06720693921062139,0.4685408299866131,0.9611780455153949,2.578406870689486,0.058600156152033775,23904,23296,0.0,0.9410977242302544,0.0,0.0,0.0,0.0,0.04216867469879518,0.0,0.013386880856760375,0.0033467202141900937
3b3aec08-00f7-40e7-8053-6a5cab318a5b,1841,509,1492,783058,16064912,640.0,25.0,1492,0,1492,227.29311547969922,195.5596721657341,0.15234123021427562,0.007361836998930358,0.035599127270712246,396.2705497729035,0.26559688322580666,13282011,216028255,0.9851700920892175,0.0,0.0,0.013398573453974704,0.0,0.0,0.0014012185353558283,0.0,2.4092737161563862e-05,6.023184290390966e-06
3b4c5576-c716-40d5-98fb-9d05dbe2f0ca,1526,17,38,431,34972849,80.0,25.0,38,0,38,1.000260684138567,1.0000334048283954,0.02632264958259387,0.9999832980004453,0.9999851409797065,1.0000954437819103,0.026318301152155534,34726381,52429100,0.9999838739314644,0.0,0.0,0.0,0.0,0.0,4.6074481530338565e-06,0.0,9.214896306067713e-06,2.3037240765169283e-06
3b53d1f3-3817-476a-8e42-c13d144edd99,1871,781,1640,3507924,14015752,25.0,25.0,1640,0,1640,697.8852830624538,503.65181623777835,0.42553980674539865,0.008848884209096158,0.03329370605618016,697.4845408529707,0.42529545173961625,11776400,11775456,0.0,0.9935803811011854,0.0,0.0,0.006362555619714005,0.0,2.3097041540708535e-05,0.0,2.7172990047892396e-05,6.793247511973099e-06
3b781a39-852a-4ae7-8897-46b92e77e5c4,1474,21,45,466,7531816,80.0,25.0,45,0,45,5.002509655293818,4.994709642760288,0.11116688122875151,0.21406905671658727,0.99990944025348,5.000056693734809,0.11111237097188464,7332176,7331864,0.9999148956598969,0.0,0.0,0.0,0.0,0.0,3.055027593445656e-05,0.0,4.364325133493795e-05,1.0910812833734488e-05
3baf2a89-88bf-412a-8f4b-2c140351735e,1623,35,99,4586,3150369256,1180.0,25.0,99,0,99,1.1831473260689518,1.0833423791022276,0.011950983091605574,0.9599289372515906,0.999999565044275,1.1612580201974423,0.011729878991893357,3145147704,8947201040,0.9999995370646669,0.0,0.0,0.0,0.0,0.0,3.255808936088046e-07,0.0,1.1191843217802657e-07,2.5436007313187857e-08
3bba7609-58f5-415f-832c-7fb735a07acb,469,115,93,4297,365508952,720.0,220.0,93,0,93,1.0883940527899523,1.022796488205864,0.011703161857956477,0.9887820700436502,0.9956021179556915,1.088336483783827,0.011702542836385237,365158725,365157373,2.336518181237488e-05,0.0,0.0,0.005933113059259368,3.955814009373595e-05,0.9939913773113322,1.1447076884168659e-05,0.0,8.763312447210456e-07,2.628993734163137e-07
3bbb1983-55e3-49cb-98e9-f70331d49e86,1832,41,92,1470,9389062,60.0,25.0,92,0,92,2.014314157026676,2.0028042705574594,0.021894719098116043,0.5021254410720103,0.9997558618696785,2.3214444535752903,0.025233091886687938,9101405,15733144,0.9992960427538385,0.0005691428960693431,0.0,0.0,1.61513524560219e-05,0.0,7.119779858164756e-05,0.0,3.8675347377685094e-05,8.789851676746612e-06
3be73893-d864-4df6-9ea9-9070d2ce57bc,891,36,62,838,381886785,1140.0,160.0,62,0,62,1.005475190627001,1.000919294172395,0.016217341784306467,0.9995406652159897,0.999616965978724,1.0044976383374786,0.016201574811894815,381647561,471509928,0.9999984907541437,0.0,0.0,0.0,0.0,0.0,4.611584560866616e-07,0.0,8.384699201575665e-07,2.0961748003939162e-07
3c039be0-69d8-4fce-b04d-c8a43918f3f1,1517,17,38,431,36575385,80.0,25.0,38,0,38,1.0002499038921198,1.0000319312444061,0.02632236589189789,0.9999840347566651,0.9999857964386885,1.0000954437819103,0.026318301152155534,36328917,52429100,0.9999845852822973,0.0,0.0,0.0,0.0,0.0,4.40420505791571e-06,0.0,8.80841011583142e-06,2.202102528957855e-06
3c16ec0e-6802-4897-81be-6e67ee1f9b6c,1258,36,74,1456,4001944,140.0,25.0,74,0,74,4.842114260106222,4.264171553288648,0.06543397648792193,0.2421031770229892,0.9710261078637199,4.6908127137926225,0.06338936099719761,3673376,3649040,0.9684148859250999,0.0,0.0,0.0,0.031360797261157036,0.0,0.00010671382401365937,0.0,9.582465829797984e-05,2.1778331431359056e-05
3c263a2e-9f79-418b-bdbd-073ebbf575ab,1636,60,186,6636,55025552,940.0,120.0,186,0,186,17.319986693756555,16.72982301154753,0.09311820803094922,0.06520457774437544,0.3260228887218772,18.389405661617758,0.09886777237428902,54339513,88154292,0.745460177385101,0.25342691238325965,0.0,0.0,0.000255431070940956,0.0008240412460082224,2.4310118495173115e-05,0.0,7.655571002264963e-06,1.472225192743262e-06
3c5ebfcb-95da-4ca7-bf04-2fdef8b50664,1032,17,38,431,716408,80.0,25.0,38,0,38,1.0127855918137476,1.0022315327840945,0.026652252416151254,0.9988860806170345,0.9990089958592927,1.0059880795590124,0.026473370514710853,520684,614700,0.9989244916302402,0.0,0.0,0.0,0.0,0.0,0.0003072881056456507,0.0,0.0006145762112913014,0.00015364405282282536
3c6d6c28-d7fd-4f99-810b-f66f0f28d1bc,1692,63,106,3045,14832100716,2200.0,25.0,106,0,106,2.114010422732108,2.0260697212502916,0.01994349455407649,0.5222267800746053,0.9956344166363209,2.134912324479033,0.02014068230640597,14831588039,17290885651,0.9933531742696214,0.006646129715901018,0.0,0.0,0.0,0.0,6.668874549368138e-07,0.0,2.373312952560494e-08,5.393893074001123e-09
3c78aeb8-a15a-4390-a8ff-d0e73949ca50,1337,34,56,809,100483469,220.0,25.0,56,0,56,4.541330365474275,3.8834365224379606,0.08109518509775492,0.3826026475065326,0.9694510294430762,1.4962898722010782,0.026719462003590683,100024909,737037786,0.38260272748661034,0.615646188690859,0.0,0.0017452452768539884,0.0,0.0,1.8395417885358935e-06,0.0,3.199203110497206e-06,7.998007776243015e-07
3c82ca73-7147-4a09-a1f1-4f673e49b570,1357,24,62,687,2086336,1080.0,180.0,62,0,62,2.382553154810969,1.4027588136484164,0.0384282766904995,0.8432298466299096,0.9079803151751802,2.084195757321524,0.03361606060196006,1688204,1630596,0.0,0.0,0.0,0.0,0.13875100402557985,0.8463692776465404,0.014642780137945415,0.0,0.00018955055194751346,4.7387637986878366e-05
3c8a6405-fa8f-4aa0-8979-0c7ad13bcad4,1611,25,52,649,13075384,140.0,25.0,52,0,52,1.1210137172642183,1.0308663067114303,0.021557956101234968,0.9848975669802671,0.9938332935575848,1.1061668010325578,0.02127243848139534,12738080,12713664,0.0,0.0,0.0,0.0,0.005948777209752176,0.986426839837715,0.007592981045809102,0.0,2.5121525379021015e-05,6.280381344755254e-06
3cade8bb-c0f9-43c9-b25e-b56d52a8fe1f,1517,17,38,431,34395690,80.0,25.0,38,0,38,1.0002648058361217,1.0000339694205873,0.02632275804831899,0.999983015718484,0.9999848898460998,1.0000954437819103,0.026318301152155534,34149222,52429100,0.9999836013833638,0.0,0.0,0.0,0.0,0.0,4.685319038893478e-06,0.0,9.370638077786956e-06,2.342659519446739e-06
3cc022ed-e0ce-4e43-a640-e69453f8e54b,226,3015,6007,36834145,65955361,4520.0,60.0,6007,0,6007,2781.861320378025,2766.8069114421523,0.4631032662523764,0.0003773675452514468,0.0018862562662491423,2864.7985878542463,0.47691003626672984,51594262,55950276,0.0,0.9996585666832486,0.0,0.0,0.00033026928459602736,0.0,3.411232047470705e-06,0.0,6.202240086310373e-06,1.5505600215775932e-06
3cdd04f6-f1d2-4de8-8e05-d8608f842f3e,1634,254,72,23975,979720,60.0,25.0,72,0,72,1.7198400955314346,1.1873930968827995,0.023886667993492147,0.9175041533894381,0.9453931421412425,1.5847221266245572,0.022010029536452185,293736,289136,0.0,0.0,0.0,0.0,0.002931203529700139,0.9177050140262004,0.07789307405289103,0.0,0.0011983549854290927,0.00027235340577933925
3ced1407-b292-4504-8fd7-d15ec8b05c8a,1465,211,829,159958,57038465,1520.0,80.0,829,26,803,12.981531552343151,4.0997769584118595,0.016166290849742405,0.461449229409211,0.7157435639624079,30.969533691248305,0.03856728977739515,21572085,345923380,0.680782965577968,0.00010912250716608988,0.0,0.052213126362148116,0.007783021437195338,0.0,0.25909349977065266,0.0,1.3350587112928584e-05,4.91375775684177e-06
3cfc7afe-a850-4f17-b09e-bc06f6676ad8,408,22,45,579,195196,540.0,200.0,45,0,45,12.576734473240103,6.786118011304315,0.2794829882942245,0.21172638436482086,0.7475570032573291,8.438299735739083,0.18751777190531296,2456,2144,0.741042345276873,0.0,0.0,0.0,0.0,0.0,0.09609120521172639,0.0,0.13029315960912052,0.03257328990228013
3d0952dd-3b0b-4ea2-9bca-5ecef0b19af6,1855,209,779,135447,76113272,860.0,25.0,779,36,743,17.05418395940126,4.827497134046047,0.02295314126433548,0.4273097186033685,0.6647530430315441,31.183703987125728,0.04196999190730246,23191429,331872640,0.6828273497075148,3.4236786357580636e-05,0.0,0.06870809901364854,0.017221664089780753,0.0,0.2311916613676544,0.0,1.24183809458227e-05,4.570654098115299e-06
3d13c63f-c8e8-499a-8ada-6c3517f37b49,1865,49,104,2331,18817446,120.0,25.0,104,0,104,24.82360150576046,16.205254246956976,0.2386884760169275,0.1132710324794782,0.5016791740077755,27.676102543329506,0.26611637060893756,18514460,22910912,0.15821871121274939,0.8417303016129015,0.0,0.0,0.0,0.0,2.938243945543105e-05,0.0,1.7283787914959443e-05,4.320946978739861e-06
3d35ecb2-a5fe-4385-9009-d51617fafeb5,1273,17,38,431,58561482,100.0,25.0,38,0,38,1.0001603928190195,1.0000198933251634,0.026320010337342617,0.9999900534844719,0.9999911510310131,1.000061332380012,0.026317403483684526,58311878,83886380,0.999990396467766,0.0,0.0,0.0,0.0,0.0,2.7438663525808584e-06,0.0,5.487732705161717e-06,1.3719331762904292e-06
3d47efe9-5dc3-4c5e-8764-9801c0d5b2c2,1258,36,74,1456,3625952,2440.0,280.0,74,0,74,5.4828007698947925,4.507118599739609,0.07409190229587558,0.2354146475852196,0.9464945466352469,5.219227877884016,0.07053010645789211,3252304,3212608,0.941656130546222,0.0,0.0,0.0,0.058090510604174764,0.0,0.00012052993816076234,0.0,0.0001082309648790519,2.4597946563420885e-05
3d4a9f9c-2160-498a-894b-0548a3c4e10c,341,629,2467,2030937,3169639160,5820.0,25.0,2467,0,2467,29.647584464070388,20.556625786584036,0.012017666989894767,0.07589991479079017,0.3595072636130052,29.647534491472058,0.012017646733470635,3167328984,3167328648,0.6666655048044103,0.0,0.0,0.33333198708858847,0.0,0.0,2.3818176255479245e-06,0.0,1.0103150055346446e-07,2.5257875138366114e-08
3d4ad5ba-4d67-4a72-90be-6179dbf98891,1767,73,123,4677,5053624,240.0,25.0,123,0,123,27.566891168935978,24.209898336938416,0.22412106641411364,0.04516239743890335,0.22581198719451676,27.552389599206307,0.22400316747322202,4772643,4772379,0.18065629463590718,0.8129767929426106,0.0,0.0,0.006256281896634632,0.0,3.3524401468955464e-05,0.0,5.699148249722429e-05,2.0114640881373277e-05
3d5cde3a-4bff-436d-8cb0-2f3c8cda1c31,769,141,508,50938,33845493,10780.0,160.0,508,18,490,8.5140305589331,3.0008506019285917,0.017375572569251225,0.5581071194662738,0.7761064478922787,22.563430401990356,0.04604781714691909,18160322,275253868,0.741052664154303,0.0005999893614221158,0.0,0.03177014152061841,0.003578846234114131,0.0,0.2229767732091975,0.0,1.5858749641113192e-05,5.7267707037353196e-06
3d8393b8-0b21-489d-98eb-66e69c4c143c,1683,28,52,725,625411016,320.0,25.0,52,0,52,1.0003351394257056,1.0000470372323946,0.01923721421972511,0.9999764821847176,0.9999892135373869,1.0002614005875647,0.019235796165145477,625228144,625224720,0.9999773138811231,0.0,0.0,0.0,1.2731352669242605e-05,0.0,9.314999741918207e-06,0.0,5.118131726328685e-07,1.2795329315821714e-07
3db97c1a-d764-45b0-a552-131ca41b0778,351,25,49,554,1864815600,1220.0,60.0,49,0,49,2.934879662352109,2.796614679267493,0.05989550331330835,0.39864754035850686,0.9999327777428942,2.9348695593551164,0.059895297129696254,1864620520,1864620152,0.9966857470816636,0.0033139268466272163,0.0,0.0,0.0,0.0,7.722751007802917e-08,0.0,2.0594002687474447e-07,4.290417226557176e-08
3e05c983-7171-4218-a826-ef56b52eb2ca,409,89,268,20821,597618210,4460.0,120.0,268,2,266,24.936097985307246,11.538026928761818,0.09374472926807235,0.19974377541843719,0.5562677697469829,26.369819040178708,0.09913465804578461,596311248,850769619,0.0,0.527656231632914,0.0,0.0,0.0001013933582550836,0.47218893647298765,5.255309220663904e-05,0.0,7.512855098785593e-07,1.3415812676402844e-07
3e26f31d-c62b-499f-9cff-ac7e73518d17,1637,65,406,33609,11342181128,8240.0,60.0,406,0,406,9.25275874454663,7.9488508528433455,0.022790046168834066,0.16855110631293369,0.6820061627474626,9.161924042455317,0.022566315375505706,11294788635,11279836791,0.00047007873910515194,0.6071715481021925,0.0,0.0,0.0013844451193663263,0.3909432547783131,3.0609514810101624e-05,0.0,5.6663300277863056e-08,7.082912534732882e-09
3e37773b-1047-44f5-8790-985b416604f7,946,28,50,690,1661992,120.0,60.0,50,0,50,1.0787706579064942,1.0197337137752007,0.021575413158129882,0.990267992928039,0.9977376173510241,1.0719205056428094,0.021438410112856188,1488696,1487656,0.0,0.0,0.0,0.0,0.007125699269696432,0.9904453293352035,0.0021602798690934883,0.0,0.00021495322080532226,5.3738305201330564e-05
3e44dd0f-4a00-444e-b432-a5d38cd77eab,1525,17,38,431,34341739,100.0,25.0,38,0,38,1.0002651980060357,1.0000340231738047,0.02632276836857989,0.9999829888432329,0.9999848659363934,1.0000954437819103,0.026318301152155534,34095271,52429100,0.9999835754348455,0.0,0.0,0.0,0.0,0.0,4.6927329012871025e-06,0.0,9.385465802574205e-06,2.3463664506435512e-06
3e755f46-a929-48b4-a9a1-e14b89aff0dc,946,28,50,690,1496488,100.0,60.0,50,0,50,1.0943530290845962,1.024412177853821,0.021887060581691924,0.9879987182510173,0.9974546399917775,1.0866501957511807,0.021733003915023613,1323192,1322152,0.0,0.0,0.0,0.0,0.009068978651624255,0.988198235781353,0.0024304862786353,0.0,0.00024183943070998012,6.045985767749503e-05
3e7966b1-9ccc-4794-81d7-26bc2d479bf9,239,18,63,1228,469168,100.0,60.0,63,0,63,8.858018997856648,4.807209650382516,0.14060347615645474,0.3085954212144428,0.7782940491707045,8.40905427258059,0.13347705194572365,201014,196694,0.0,0.0,0.0,0.0,0.9972937208353647,0.0,0.0007163680141681674,0.0,0.0015919289203737052,0.0003979822300934263
3e93b377-803a-4fe8-89d7-a1e405f3eb4c,579,66,141,4000,1153122742,5220.0,180.0,141,0,141,4.132671833277917,2.8656372622567776,0.02930972931402778,0.41434221036019764,0.9357816880444396,4.131707978815861,0.029302893466779154,1152704108,1152675100,0.1447139806671011,0.855131596355862,0.0,0.0,0.00015333336523513108,0.0,7.148408635670447e-07,0.0,3.053689125917473e-07,6.940202558903347e-08
3eaf28b9-b745-439b-a956-c1e3b6d137d5,623,228,96,1165,1187278887,4000.0,400.0,96,0,96,2.186386597316452,2.026800797854696,0.022774860388713042,0.5610788495151986,0.9958302796474514,2.1591359022987007,0.022490998982278132,1185791032,1384465225,1.627268167769378e-05,0.9990908136670745,0.0,0.00024228889597471674,3.0426946254725935e-06,0.0006281924722803941,1.9052260803402668e-05,0.0,2.698620510396979e-07,6.746551275992447e-08
3eb6d09d-6696-4149-be0b-d4d035050fff,1461,148,326,30005,1583871808,1860.0,25.0,326,0,326,33.66814755043012,19.845174894943092,0.10327652622831325,0.10737788672816923,0.4381282909093819,33.62951973106956,0.10315803598487594,1581976673,1581707345,0.004511789030659114,0.9950139511317561,0.0,0.0,0.00047323327377533334,0.0,6.220066432041505e-07,0.0,3.5398752052268726e-07,5.0569645788955324e-08
3ebbe726-ccad-44ef-843a-693e4aa29890,1051,36,62,1087,2694951904,1180.0,25.0,62,0,62,1.123436469434911,1.048597002328127,0.01811994305540179,0.976288240839651,0.9999950102183833,1.1234212229008393,0.018119697143561923,2694707110,2694704718,0.9989927461912549,0.0010035316973650617,0.0,0.0,0.0,0.0,3.5261717181575256e-06,0.0,1.6625183432272906e-07,2.9687827557630187e-08
3ec68666-cca7-4f4d-9e65-05c908b24bf3,1261,48,154,6079,4634880,360.0,80.0,154,0,154,28.102105162606684,28.020401238910964,0.18248120235458887,0.03570128024790969,0.17850640123954845,28.090245289353184,0.18240419019060508,4481632,4481432,0.49994287795160336,0.0,0.0,0.4998679052630827,0.0,0.0,0.00016779601716517554,0.0,0.0,2.1420768148745815e-05
3ed61fa5-2c1d-4464-89e2-71bfe95e3512,1676,35,66,895,189720984,240.0,25.0,66,0,66,3.2984098861687685,2.7251575328184803,0.049975907366193464,0.5143481769562898,0.9816373426465024,3.2983138446631037,0.04997445219186521,189501984,189501624,0.028732532953322537,0.9710144670569781,0.0,0.0,0.0,0.0,1.8575003415267673e-06,0.00024903169351514547,1.6886366741152431e-06,4.221591685288108e-07
3edd8110-467a-449e-8082-b277c3719b61,226,3016,6012,36834155,66472456,3340.0,60.0,6012,0,6012,2784.385640803973,2770.308846880101,0.46313799747238404,0.0005189315598361098,0.0020129900237710573,2866.21700323848,0.4767493352026747,52107064,55980735,0.0,0.9990773803720739,0.0,0.0,0.0003270190007251224,0.0005845464637961563,3.377661040353377e-06,0.0,6.1412018915515946e-06,1.5353004728878986e-06
3ee9b220-0bae-4058-bdc7-f7896b0b3f61,1074,29,51,766,2962251680,420.0,25.0,51,2,49,1.027302701888288,1.0073057889084616,0.020965361263026287,0.9963638011940514,0.9999774303476767,1.0273008796499519,0.020965324074488815,2962030564,2962030292,0.0,0.999999808239656,0.0,0.0,0.0,0.0,5.671784823622097e-08,0.0,1.080339966404209e-07,2.7008499160105224e-08
3f00ab27-5f18-411c-81a0-631febda0588,889,30,48,515,35309227,280.0,25.0,48,0,48,8.079673631635524,7.133687433170475,0.16832653399240674,0.1714427300206982,0.8041079875625678,10.051435536917449,0.20940490701911352,35015588,66776440,0.0029814435787855397,0.654117560441938,0.0,0.3428854600413964,0.0,0.0,3.198575445884273e-06,9.13878698824078e-07,9.13878698824078e-06,2.284696747060195e-06
3f0b8c28-bf1b-4cb8-a4d7-b0d5a1c07831,1515,17,38,431,25637997,80.0,25.0,38,0,38,1.0003493437430204,1.000045680436453,0.026324982730079483,0.9999771605571485,0.9999796807715319,1.0001334347683368,0.026319300914956233,25394665,36700460,0.9999779481241434,0.0,0.0,0.0,0.0,0.0,6.30053595902919e-06,0.0,1.260107191805838e-05,3.150267979514595e-06
3f133ded-2ba0-4744-b4a0-29bac6760e20,8,181,538,87573,9404992,16240.0,420.0,538,0,538,83.5874522984467,80.90457195900971,0.15536701170715,0.013058921381403224,0.06526821945855822,159.06419172745615,0.29565834893579207,8375194,30226339,0.9928405240523384,0.0,0.0,0.006665278440117327,0.0,0.0,0.0004464374198376778,0.0,3.8208070165300054e-05,9.552017541325014e-06
3f19f8e9-4ae8-4bf3-884a-dbc838500d81,1464,361,1441,525070,57458945,1180.0,25.0,1441,30,1411,39.28150714924245,9.107814369732624,0.027839480616047095,0.27096187826466395,0.5415966801998422,32.04258402081771,0.02270913112743991,26437254,542377140,0.672993193619882,0.0003433034308328694,0.0,0.03062753794323722,0.003126308049996418,0.0,0.29289467809326947,0.0,1.0893718386939885e-05,4.0851443951024565e-06
3f2bd85d-364e-4495-a93d-f67b15cc9bd2,1337,34,56,809,97928373,140.0,25.0,56,0,56,4.630158587704426,4.133455877488317,0.08268140335186476,0.2701012671482195,0.9717106464542001,1.6280892292207398,0.029073021950370353,97469813,758068766,0.15064897067156577,0.8475714424526494,0.0,0.0017735952771346754,0.0,0.0,1.887763958262647e-06,0.0,3.2830677535002553e-06,8.207669383750638e-07
3f4a4198-aadd-4a61-a9d0-c01916251444,959,29,116,3192,10007880,280.0,60.0,116,0,116,3.1060133449954375,2.7308184425842743,0.026775977112029635,0.4940884410592699,0.9899993596700495,3.0828012613310714,0.026575872942509234,9744976,9734128,0.9882622594452772,0.0,0.0,0.0,0.011685200661345908,0.0,1.1493101676186786e-05,4.925615004080051e-06,2.7911818356453625e-05,8.209358340133418e-06
3f639964-57bc-499f-a7d9-66cef76ad932,1464,316,1260,399496,69535803,1180.0,60.0,1260,22,1238,19.612503864341324,5.935582423676805,0.015842087127900906,0.32856431577317613,0.6720380758107801,21.686738886310028,0.017517559681995178,38604457,907648652,0.5093527413168899,0.0002666531483657444,0.0,0.03492995640373856,0.003578887277186673,0.0,0.4518615039709016,0.0,7.4602784854608886e-06,2.7976044320478333e-06
3fc3e701-a5fb-471c-8d41-0371867e1c1a,769,256,1055,293852,38135701,16880.0,180.0,1055,22,1033,12.026581928815864,4.496280618046153,0.011642383280557467,0.3951643613048899,0.7819965358770916,29.991156522109403,0.029033065365062345,23518796,485905104,0.5862448060691542,1.6072251317626975e-05,0.0,0.032164316574709015,0.0022774125001977143,0.0,0.3792807250847365,0.0,1.2245524813430075e-05,4.421995071516416e-06
3fe14f77-ad6e-4f64-a970-dc240bb87d0a,1751,191,1053,520159,23541328,1160.0,80.0,1053,0,1053,161.5950442672077,161.1116064914274,0.15346158050067207,0.006209028350564563,0.031045141752822813,161.5468926131718,0.15341585243416125,22676656,22675936,0.9937267646517194,0.0,0.0,0.006209733921968036,0.0,0.0,4.797885543618071e-05,0.0,1.1994713859045178e-05,3.527857017366229e-06
3ffaeacb-1a44-46a1-9597-64bf7a8dfbcb,563,27,55,937,1323659243,1520.0,200.0,55,0,55,1.0611674964286135,1.0216743341198955,0.019293954480520247,0.9892778452110438,0.9999955030572553,1.1532133814357697,0.020967516026104905,1322676391,2521691420,0.9999936885544667,0.0,0.0,0.0,0.0,0.0,5.9606416608369025e-06,0.0,2.903204461899252e-07,6.048342628956775e-08
4014e3cb-a74b-404f-a04e-c41ed988152a,1702,16,37,446,185480,25.0,25.0,37,0,37,31.325236320919803,21.752941176470582,0.8466280086735082,0.16279069767441862,0.25581395348837205,31.325236320919803,0.8466280086735082,688,344,0.0,0.0,0.0,0.0,0.0,0.0,0.4186046511627907,0.0,0.46511627906976744,0.11627906976744186
401b6194-7d80-453e-b5ac-65f35234c6aa,399,27,47,681,727664,140.0,60.0,47,0,47,1.0143508038300646,1.0024851272985482,0.021581931996384352,0.998759729706612,0.9989022895104498,1.0081638724576227,0.021450295158672823,561168,560848,0.9987882416673795,0.0,0.0,0.0,0.0,0.0,0.0004989593134319847,0.0,0.0005702392153508396,0.0001425598038377099
40201676-0c43-4607-9d35-5911b7145171,888,30,48,515,35379326,200.0,25.0,48,0,48,8.128528854593887,7.168064705317693,0.16934435113737265,0.17107638244039425,0.8015127983166251,10.0531821612579,0.20944129502620626,35085708,66772484,0.0035748459173176724,0.6542568843131226,0.0,0.3421527648807885,0.0,0.0,3.192182982312912e-06,9.120522806608321e-07,9.12052280660832e-06,2.28013070165208e-06
40374114-dc72-4a51-bab0-c6a5c9d1fe4a,1474,21,45,466,11205240,100.0,25.0,45,0,45,5.0005370598866685,4.993917337560861,0.1111230457752593,0.21462310096678056,0.9999396670785783,4.998845762969942,0.11108546139933204,11005600,11005288,0.9999433015919168,0.0,0.0,0.0,0.0,0.0,2.0353274696518136e-05,0.0,2.907610670931162e-05,7.269026677327905e-06
4039dea7-2697-432b-a4c1-fa77d15de256,165,34,59,1006,99023304,1620.0,60.0,59,0,59,1.1757760040044851,1.062338970411655,0.019928406847533647,0.9699948069304815,0.9999460134449993,1.1755330632013887,0.019924289206803197,98839424,98837848,0.0,0.9808789658668994,0.0,0.0,0.0,0.019067290396188468,5.018240494804988e-05,0.0,2.7519383358608e-06,8.093936281943529e-07
4079e8a5-3038-4d8e-a21f-8b9106e3dadc,637,28,46,627,6046800,160.0,60.0,46,0,46,1.0257953656797718,1.0056650685240904,0.022299899253908084,0.9971787222280469,0.9993082967624748,1.0239385648181116,0.022259534017785035,5875352,5874336,0.0,0.0,0.0,0.0,0.0020424308194640934,0.997350286416882,0.0005392017363385207,0.0,5.4464821852375826e-05,1.3616205463093956e-05
4081f5db-0ada-4554-b36b-e060e278a53e,690,27,55,937,1204751056,580.0,60.0,55,0,55,1.0624032678266548,1.0221961668457373,0.019316423051393725,0.9890224820980377,0.9999947629235297,1.1455029896305275,0.02082732708419141,1203725024,2484815400,0.999992636191968,0.0,0.0,0.0,0.0,0.0,6.978337936422264e-06,0.0,3.1900973423644637e-07,6.646036129925965e-08
408baa62-14ef-4d4e-a20d-65c8815c06de,1847,30,112,2782,486584,25.0,25.0,112,0,112,41.94894505516299,36.18330926364933,0.37454415227824095,0.05377548734035402,0.1882142056912391,41.661743295537086,0.3719798508530097,71408,67048,0.0,0.057808648890880575,0.0,0.0,0.9276271566211068,0.0,0.006049742325789828,0.0,0.007394129509298678,0.001120322652924042
408f6219-25ef-409a-bad8-98c2c3e2af0b,1676,35,66,895,277718240,220.0,25.0,66,0,66,3.2069929099128722,2.69069323746542,0.04859080166534655,0.5175025556963054,0.985397532578281,3.2069274373359935,0.04858980965660596,277497760,277497400,0.0230992567291354,0.9765584269941494,0.0,0.0,0.0,0.0,1.268478707720019e-06,0.000339606344930496,1.1531624615636538e-06,2.8829061539091344e-07
40911916-fb23-437a-9b33-9b1a6e9d28af,1271,17,38,431,697258,60.0,25.0,38,0,38,1.013170986527148,1.0023050261829638,0.02666239438229337,0.9988494574596815,0.9989764138779237,1.0059880795590124,0.026473370514710853,504110,614700,0.998889131340382,0.0,0.0,0.0,0.0,0.0,0.0003173910456051259,0.0,0.0006347820912102518,0.00015869552280256294
409c542f-fe72-4f1c-b7f7-be4aa8228fb0,1534,148,595,86397,35955940,480.0,25.0,595,4,591,7.254417703858207,2.951608019879161,0.012274818449844682,0.5485339814186757,0.8295009797345506,21.533110226397348,0.03643504268425947,15907370,271112680,0.6838098315434921,1.483589053375888e-05,0.0,0.031932808503228376,0.0019129497836537404,0.0,0.28230474302163083,0.0,1.8104815566621007e-05,6.726441894543221e-06
40aa5cf0-32e1-424e-b27c-c33a244875bf,1169,32,117,3004,1319370,60.0,25.0,117,0,117,14.547180938327477,7.76613595126627,0.12433487981476476,0.2844481837172727,0.646531160518378,21.31920970214393,0.1822154675396917,418382,998840,0.7825456162071982,0.0,0.0,0.0,0.2132261904192819,0.0,0.0031956441720724124,0.0,0.0008413363863646142,0.00019121281508286685
40c4763c-df5a-4554-87aa-5b7e1a457654,1169,32,117,3004,1101838,80.0,25.0,117,0,117,16.03705409665528,8.700708003752183,0.1370688384329511,0.26274276359848203,0.6189355606815983,23.388486451457954,0.19990159360220475,322536,756599,0.7668818364461641,0.0,0.0,0.0,0.22780092764838653,0.0,0.003977850534513977,0.0,0.001091351042984349,0.0002480343279509884
40d6eb0e-2442-42a8-a556-539a494b8c5b,409,68,204,8894,612642350,1420.0,25.0,204,1,203,12.235946601953753,6.3742658878185825,0.06027559902440272,0.3085744526633714,0.7146807564905904,12.722742785633992,0.06267360978144823,611542253,947426682,0.0,0.33849619054858665,0.0,0.0,7.306118224998592e-05,0.6613785801649261,5.130471336377145e-05,0.0,7.325740744850871e-07,1.3081679901519414e-07
40de6951-3889-4406-b99a-c4c54abd6444,1361,46,80,1970,283404360,3740.0,200.0,80,0,80,3.781720702376408,3.2594919150466635,0.0472715087797051,0.3196756560999244,0.9762990302575544,3.78166044568109,0.04727075557101362,283152296,283152008,1.695200804587507e-07,0.9999977114789138,0.0,0.0,0.0,0.0,7.06333668578128e-07,0.0,1.1301338697250049e-06,2.825334674312512e-07
40e24f28-f07d-4820-99e1-3906a77ac5f0,1205,27,41,539,249431170,200.0,25.0,41,0,41,1.000042962180529,1.0000048828091712,0.024391291760500707,0.9999975586042787,0.9999978155933021,1.0000047668938392,0.02439036016814242,249037874,1338245440,0.9999975907279067,0.0,0.0,0.0,0.0,0.0,8.030906977627026e-07,0.0,1.2849451164203242e-06,3.2123627910508104e-07
40ec8a3e-8f28-4e9e-8790-2d7690665b99,485,30,48,515,35016413,200.0,25.0,48,0,48,7.985484753193851,7.053046997771146,0.16636426569153856,0.17290772975460472,0.8089349772139611,10.053120466007524,0.20944000970849008,34722797,66789028,0.0023356701362508324,0.651833203413884,0.0,0.34581545950920944,0.0,0.0,3.2255466055917095e-06,9.215847444547742e-07,9.215847444547742e-06,2.3039618611369355e-06
40ed9147-ec41-42eb-98de-1d72ae693f82,239,18,63,1228,407456,100.0,60.0,63,0,63,14.179058567312355,7.6403707324097585,0.2250644217033707,0.2381207826307914,0.6399954826505547,13.498101405458923,0.21425557786442737,141676,136764,0.0,0.0,0.0,0.0,0.996160252971569,0.0,0.0010164036251729298,0.0,0.0022586747226065107,0.0005646686806516277
40edd2a9-dcfe-4625-ae1c-5b18b44c51e8,1607,259,74,23259,40415416,80.0,25.0,74,0,74,7.228613600367513,6.376173480817614,0.09768396757253396,0.27256140797722134,0.7268304212725905,7.221411827152466,0.09758664631287117,39638539,39633955,0.0,0.0,0.0,0.0,1.96525911310707e-05,0.0,0.0005768123794875487,0.9993926365449544,8.880246570137209e-06,2.0182378568493658e-06
40eeb0cf-cc69-4c2c-a422-f5f3b802256c,239,2640,5275,28606266,53682009,3780.0,80.0,5275,0,5275,601.5618785286638,30.775593404113227,0.11404016654571825,0.17801885455930186,0.198448645750871,926.5791726465792,0.17565481945906714,41017453,56268183,0.0,0.8150417579560584,0.0,0.0,0.002329301139200428,0.18261567825774067,3.510700676611978e-06,0.0,7.801557059137729e-06,1.950389264784432e-06
41023a4f-d4b5-4785-8adb-f3b30e6f334b,399,27,47,681,778256,140.0,60.0,47,0,47,1.013255796063349,1.00227926104529,0.02155863395879466,0.9988622989407611,0.9989930691774552,1.0075393792706209,0.02143700806958768,611760,611440,0.9988884529880999,0.0,0.0,0.0,0.0,0.0,0.00045769582842944943,0.0,0.0005230809467765136,0.0001307702366941284
4105efd4-2c48-401e-ac4f-ab087293c703,1182,23,39,441,5893608,80.0,25.0,39,0,39,1.0016408262628884,1.0002412780983536,0.02568309810930483,0.9998793825508627,0.9999060305919512,1.0009488544557958,0.025665355242456302,5703984,5703680,0.0,0.9998934078356461,0.0,0.0,0.0,0.0,3.646574043685957e-05,0.0,5.610113913363011e-05,1.4025284783407528e-05
4116717f-4f60-4c74-b00d-e6f7ee842859,547,29,44,572,180769242,860.0,180.0,44,0,44,1.0000628585699445,1.000007278869856,0.022728701331135102,0.9999963605847826,0.9999967156496818,1.0000093793711733,0.022727485894799393,180248738,707789144,0.999996404967895,0.0,0.0,0.0,0.0,0.0,1.3758764846386885e-06,0.0,1.7753244963079853e-06,4.438311240769963e-07
41172c05-e39e-483e-a221-5fa6744f9cf1,971,26,52,651,236016,60.0,25.0,52,0,52,11.500206970776462,4.499622851888194,0.2211578263610858,0.4372034166403037,0.731730465042708,4.8709792510139875,0.09367267790411514,3161,8312,0.0,0.6912369503321734,0.0,0.0,0.0,0.0,0.16197405884213856,0.0,0.12148054413160392,0.02530844669408415
4118b56a-e806-4e7a-bb2a-cda77df8ac91,1752,25,43,479,2598424,320.0,80.0,43,0,43,1.003488049090579,1.0005383499581904,0.023336931374199513,0.9997309327664098,0.9997608291256975,1.0019811943021104,0.023301888239583964,2408320,2408024,0.999737576401807,0.0,0.0,1.660908849322349e-05,0.0,0.0,9.965453095934095e-05,0.0,0.00011294180175391974,3.321817698644698e-05
412442dc-1fb5-4ce4-9df8-bc130c26ad2d,1035,17,38,431,695454,80.0,25.0,38,0,38,1.0132144039179614,1.002313318764208,0.02666353694520951,0.9988453253594423,0.9989727377335726,1.0059880795590124,0.026473370514710853,502306,614700,0.998885141726358,0.0,0.0,0.0,0.0,0.0,0.0003185309353262752,0.0,0.0006370618706525505,0.0001592654676631376
413c855d-e671-44ad-b3c6-b6d5b4435dba,1276,17,38,431,428987379,200.0,25.0,38,0,38,1.0000243703849654,1.000002689555362,0.026316430799604353,0.9999986552250066,0.9999988046444506,1.0000077718556026,0.02631599399620007,428324443,736512496,0.9999986925798675,0.0,0.0,0.0,0.0,0.0,3.735486092723408e-07,0.0,7.470972185446816e-07,1.867743046361704e-07
4154ccbb-88bb-4c96-a2ba-c6341fdac346,1637,68,406,33752,13286767186,8780.0,60.0,406,0,406,10.168125618367867,8.64777024167122,0.025044644380216422,0.16812717366799196,0.6286024030926188,10.087051934191965,0.024844955502935875,13241816129,13227579929,0.00039664891498509647,0.6161528314180083,0.0,0.0,0.0010629376562007087,0.38236141883223396,2.6108805365666167e-05,0.0,4.833173892200327e-08,6.041467365250409e-09
41570400-9f99-44b3-83d8-bab41a0f49b0,1051,36,62,1087,3021701107,1320.0,60.0,62,0,62,1.1136202980314014,1.04396147925389,0.017961617710183893,0.9785011984315002,0.9999952132381866,1.1136056157768492,0.0179613808996266,3021458047,3021455439,0.9991013494287316,0.0008950063042195866,0.0,0.0,0.0,0.0,3.469516980521557e-06,0.0,1.482727852021041e-07,2.6477283071804307e-08
41615284-645f-4dc0-b6ae-0cc4657d365d,1414,27,45,590,640673815,280.0,25.0,45,0,45,1.0000194500379755,1.0000020983591131,0.022222654445288346,0.9999989508220817,0.9999990507437881,1.0000081691756793,0.02222240375945954,640501471,838861152,0.999998963312295,0.0,0.0,0.0,0.0,0.0,4.1217703932486364e-07,0.0,4.996085325149862e-07,1.2490213312874654e-07
41a5c257-3535-416b-ad0d-d4d7bb1e253f,1607,256,70,23376,1990408,80.0,25.0,70,0,70,4.298899173760579,3.708857212255475,0.06141284533943684,0.3925052155432939,0.98286026243444,4.212129671635645,0.06017328102336635,1282225,1277657,0.0,0.0,0.0,0.0,0.0005435863440503812,0.0,0.017843982140419972,0.9812755171674238,0.0002745228021603073,6.239154594552438e-05
41dae7f4-23d1-41af-8e0e-55c88ebd1462,1195,75,207,8958,59763198,500.0,25.0,207,0,207,31.28192736948348,27.827446152524452,0.15112042207479942,0.04045091579693546,0.2022545789846773,38.33615952706063,0.18519883829497888,59331166,67399440,0.19092694048857897,0.0,0.0,0.8090237093941488,0.0,0.0,4.206895242881288e-05,0.0,5.932800983550534e-06,1.3483638598978485e-06
41f094c1-6063-4f52-aa3b-342e98ffc4e0,1363,28,46,627,1093072,80.0,25.0,46,0,46,1.1303618136801383,1.035244422858543,0.024573082906089963,0.9828007477935742,0.9964001565149343,1.1197604513347896,0.024342618507278035,920040,919024,0.0,0.0,0.0,0.0,0.013042911177774879,0.9830789965653667,0.003443328550932568,0.0,0.00034781096474066343,8.695274118516586e-05
41fcb66f-7888-4838-8aac-d82b2a344ed4,541,3887,5868,73900473,1454102180,3400.0,120.0,5868,0,5868,1.4488455198484747,1.1840082585036908,0.00024690618947656353,0.9158461424922303,0.9940096283232261,1.4487507059261302,0.00024689003168475296,1444109392,1444101760,0.9920872725686144,0.007911697038530167,0.0,0.0,8.309619801987965e-08,0.0,6.481503445550613e-07,0.0,2.437488475249803e-07,5.539746534658643e-08
420151d8-3126-4a3e-ab97-22c8bdca99d3,1676,35,66,895,90686528,220.0,25.0,66,0,66,3.765771655494839,2.928954302054223,0.057057146295376344,0.4956122001502084,0.9631392446972737,3.7655550379028586,0.057053864210649376,90466296,90465936,0.06018851484756268,0.9391396769466498,0.0,0.0,0.0,0.0,3.890951830281633e-06,0.000663495717786434,3.5372289366196666e-06,8.843072341549166e-07
4212c337-6d36-4b59-ada1-3d0d798c9d4b,239,2455,4898,24478208,71462624,2560.0,60.0,4898,0,4898,1145.7585748318013,726.6087154468105,0.23392375966349557,0.007269868508366689,0.03306849234560536,1298.5810606744615,0.2651247571813927,59621436,80138803,0.0,0.9985722584742843,0.0,0.0,0.0014186172905999782,0.0,2.4152387070985676e-06,0.0,5.367197126885706e-06,1.3417992817214265e-06
42130201-8caf-4d2b-924d-bd092cb267a7,1640,22,38,452,3484265604,1220.0,25.0,38,0,38,1.0000081086593595,1.000000876569561,0.02631600285945683,0.9999995617154984,0.9999998085554929,1.0000073340672297,0.026315982475453414,3484038323,4413654776,0.9999996374896362,0.0,0.0,0.0,0.0,0.0,2.4770106410795644e-07,0.0,9.184743976193053e-08,2.2961859940482634e-08
42265dd6-f072-4b9e-aace-586b08f310fd,989,22,45,579,203596,60.0,25.0,45,0,45,14.775653478912472,7.730561523721042,0.3283478550869438,0.19767441860465115,0.6996124031007751,9.647086784089485,0.21437970631309966,2064,1752,0.6918604651162791,0.0,0.0,0.0,0.0,0.0,0.11434108527131782,0.0,0.15503875968992248,0.03875968992248062
4247f237-6971-4bf8-94f8-cdfaa21dfedd,713,48,115,2402,191427891,240.0,25.0,115,0,115,2.797913939180378,1.6340472363247507,0.02432968642765546,0.7754428417519028,0.9042343814273321,2.7807458533989653,0.024180398725208396,190157149,189995237,0.04248157927525512,0.07999460488335361,0.0,0.8727789245515034,0.004741020806953726,0.0,9.255502668479743e-07,0.0,2.5242280004944752e-06,4.207046667490792e-07
424d8779-9a85-447e-91d0-5ae188b2af77,363,55,152,3662,335372442,168620.0,300.0,152,0,152,5.294974298478129,3.3035499878938466,0.034835357226829795,0.5166654410996027,0.8754393484537519,5.283519789732286,0.03475999861665977,334511818,334427450,0.4789563937020605,0.0,0.0,0.0,0.00029989971834119177,0.5201355128206562,0.0006069979865404935,0.0,9.566179213435144e-07,2.391544803358786e-07
4269c077-b566-4770-b2b9-7eadd0a32623,1211,39,62,1144,26527511794,8840.0,25.0,62,0,62,4.024563356748466,4.007075569235393,0.06491231220562042,0.2504314970413917,0.9999407994969616,4.104898346143721,0.06620803784102776,26522477334,27673761584,0.9991130126834026,0.0008869625828596061,0.0,0.0,0.0,0.0,2.0510904511270116e-08,0.0,0.0,4.222833281732082e-09
4269d30a-3e71-422a-a31f-7dd7e1845fe2,1605,49,82,1255,400263814,380.0,25.0,82,0,82,3.3101646159057045,3.086467023113605,0.04036786116958176,0.36102668928479437,0.9908801242025292,3.3177346512702424,0.04046017867402735,399817945,436199780,0.00524526731785388,0.9946306412034608,0.0,9.599369032823177e-06,0.00011253121717685783,0.0,9.6043713095469e-07,0.0,8.00364275795575e-07,2.0009106894889374e-07
42835643-3da0-4c16-aca9-e65f65a5eab6,1776,214,790,186999,39406581,880.0,25.0,790,0,790,108.38881707555689,94.78414556643052,0.13720103427285682,0.01325185813519331,0.06610396139809724,175.93473488057168,0.22270219605135655,35891495,486414352,0.9486280524118597,1.5602582171625897e-06,0.0,0.05106457671935928,0.0,0.0,0.0002960032731988456,0.0,7.578397054789721e-06,2.228940310232271e-06
4295f1cc-2b81-48e1-b8c4-b6309839a2c0,1258,22,59,909,475528,120.0,25.0,59,0,59,19.599705927441704,17.593706914424057,0.3321984055498594,0.08300277667592225,0.41501388337961126,20.830304165029858,0.35305600279711624,161344,127544,0.0,0.0,0.0,0.0,0.996033320111067,0.0,0.001289170963903213,0.0,0.00218167393891313,0.0004958349861166203
42987236-5eeb-46a6-84b6-cdf64e6ebd08,1349,32,64,1380,30356638,120.0,25.0,64,0,64,5.990099490988687,5.6760921012407985,0.09359530454669823,0.19779793217984648,0.8900906948093091,5.989177180441834,0.09358089344440365,30141306,30140946,0.0,0.9999746527240724,0.0,0.0,0.0,0.0,1.2076450834612143e-05,0.0,1.0616660074384302e-05,2.6541650185960756e-06
42ac50f6-bed6-4417-b040-39faef458614,688,33,69,815,164551868,3280.0,780.0,69,0,69,1.89902265166956,1.360299454105347,0.02752206741550087,0.8535337954825406,0.9777631984861128,1.897781187383973,0.02750407517947787,164281720,164271656,0.0,0.03945987417224509,0.0,0.0,0.0001601638940717202,0.9602541293090917,0.0001233977827843536,0.0,1.947873445688297e-06,4.869683614220743e-07
42bd9d9b-fd7d-4e7f-bcf4-3f536fe1093b,1435,26,49,692,18740822820,6500.0,100.0,49,0,49,1.0000071279202734,1.0000007743715003,0.0204083087330668,0.9999996128144677,0.9999998040593613,1.0000021173761244,0.020408206477063765,18740369652,50300982576,0.9999996405620527,0.0,0.0,0.0,0.0,0.0,3.3467856378866264e-07,0.0,2.0490524313591593e-08,4.2688592319982485e-09
42f71ec2-26a4-4e86-85c3-c20c5207529a,1640,22,38,452,6004614023,2040.0,25.0,38,0,38,1.0000048434674051,1.000000508629647,0.02631591693335277,0.9999997456852703,0.9999998889142601,1.0000041874257966,0.026315899669099908,6004371046,7982745336,0.9999997896532392,0.0,0.0,0.0,0.0,0.0,1.4372862592742574e-07,0.0,5.329450787575462e-08,1.3323626968938654e-08
42f7adf9-02b2-469a-b15e-607ae5f72177,728,23,48,605,38219057389,15180.0,25.0,48,0,48,1.0004247027713011,1.0000712300548418,0.02084218130773544,0.9999643865462945,0.9999999824168951,1.000369169502279,0.02084102436463081,38218506165,60691334192,0.9999999815796045,0.0,0.0,0.0,0.0,0.0,7.954261704723539e-09,0.0,8.372907057603726e-09,2.0932267644009316e-09
431b78eb-91af-49b6-8808-8057e02b386b,1521,17,38,431,30015555,80.0,25.0,38,0,38,1.0003010992054666,1.0000389677249364,0.026323713136985963,0.9999805167017719,0.9999826665829556,1.0001053792127874,0.026318562610862826,29769087,47186220,0.9999811885396418,0.0,0.0,0.0,0.0,0.0,5.374702959482768e-06,0.0,1.0749405918965536e-05,2.687351479741384e-06
4324e758-59c3-4a56-8efc-0a9262c194c6,871,93,472,51243,43384682211,19760.0,25.0,472,0,472,3.276007439577313,2.430371794126678,0.006940693727918036,0.45353035400713637,0.9379521599944428,3.2823367418332636,0.006954103266595898,43367911643,43380706398,0.9074989816198008,0.001890152762595177,0.0,0.09036238222073893,0.00024845664897814367,0.0,7.194259261740583e-09,0.0,1.7708945875053742e-08,1.8446818619847648e-09
432b5605-6e0d-4107-bc24-ee66840bf493,1348,279,1101,300775,60501413,1360.0,80.0,1101,26,1075,10.274271978198742,4.035663945299127,0.009557462305301155,0.4021055178974617,0.7965088869346547,23.610225288652984,0.021963000268514405,31454209,555995004,0.4424800827132547,0.00019901946985854897,0.0,0.023333125306059993,0.0016727491064868298,0.0,0.532302497258793,0.0,9.156167303396502e-06,3.369978243611213e-06
4334301f-2278-42e5-82ec-192dc68975a4,537,32,47,573,51122512,280.0,60.0,47,0,47,4.270385522715326,3.0869848205402226,0.09085926644075162,0.5287374911109224,0.9055762877955573,4.270088809653937,0.09085295339689228,50950168,50949912,0.9999899509654218,0.0,0.0,0.0,0.0,0.0,2.1982263139937048e-06,0.0,6.280646611410584e-06,1.570161652852646e-06
4344b4d1-c2a9-4058-84c9-b6c74299de7e,769,335,1344,450102,89782714,31540.0,160.0,1344,52,1292,23.541103077505714,6.782929599026219,0.018220668016645288,0.2870874689381443,0.6403780566615609,34.94067344385551,0.027043864894625007,28377651,496234276,0.5553482562739248,5.891960543175332e-05,0.0,0.06223859050208208,0.01591861849312334,0.0,0.36642173096004316,0.0,1.0148831557622582e-05,3.7353338371805335e-06
434f7644-5c5e-4670-9065-b2ff196b5714,1358,24,59,646,487416,840.0,180.0,59,0,59,10.201698228790457,7.889590008291869,0.1729101394710247,0.2701192613711329,0.6331235694658766,9.741462096116226,0.1651095270528174,174323,146891,0.0,0.0,0.0,0.0,0.7260086161894873,0.27050360537622686,0.0011931873590977668,0.0,0.0018356728601504105,0.00045891821503760263
436af394-8d44-4b9c-90ed-adc4af8c59f8,295,251,720,167720,31250589,2620.0,60.0,720,0,720,113.98631670290838,77.1171813353221,0.15831432875403942,0.04786127886932515,0.15464132092875343,120.18704296629504,0.16692644856429867,30086952,38137854,0.10617738878966537,0.0,0.0,0.8934690360126875,0.0,0.0,0.00033921681398634197,0.0,1.1699423723612815e-05,2.6589599371847304e-06
438da2b9-c98a-4eb9-ac4b-3bfd9406507f,1211,39,62,1144,49681678642,16480.0,25.0,62,0,62,4.032250187141619,4.009960046408327,0.06503629334099385,0.2503109988789358,0.9999652705894677,4.109504523171807,0.0662823310189001,49672826966,51899325268,0.998752597752441,0.0012473893632510837,0.0,0.0,0.0,0.0,1.0951661768160618e-08,0.0,0.0,1.9326461943812855e-09
439a0b71-e583-47fb-873d-bb6a3a63f089,678,29,70,949,22939648,260.0,25.0,70,0,70,10.76338148244187,8.797901022571175,0.15376259260631242,0.197013711558312,0.5741101451742741,10.76200745420707,0.1537429636315296,22743148,22742908,0.9959731168262195,0.0,0.0,0.0,0.0040057779160563,0.0,4.221051544843308e-06,0.0,1.3366663225337143e-05,3.5175429540360903e-06
43aed808-9daf-46b0-add1-efb5c84d0ea7,1281,62,224,11912,32187784,5420.0,160.0,224,0,224,40.035817218044556,40.00629148292013,0.17873132686627033,0.024998034054448025,0.12499017027224013,40.03097659966645,0.17870971696279667,31842184,31841832,0.49998580499377804,0.0,0.0,0.49997073065088754,0.0,0.0,3.0902402925628467e-05,0.0,1.0049561927033648e-05,2.512390481758412e-06
43bd5768-344a-49a4-8456-3bf807b2b638,690,65,446,65534,2540301812,9260.0,80.0,446,0,446,4.0976301625980645,3.1276698843089177,0.009187511575331982,0.3654663752744865,0.9632576036385874,3.8914121470897003,0.008725139343250449,2464110509,2447501517,0.005293398957700724,0.0053068788726147184,0.0,0.0,0.028851333063325692,0.9604476273916983,0.00010057341141756399,0.0,1.5583716663577606e-07,3.246607638245335e-08
43f84f71-c6e8-4d48-906e-b8031bbd30b5,409,74,224,10364,1717320465,2980.0,80.0,224,1,223,7.431105261256314,4.374419080469207,0.03332334197872786,0.34292757790798056,0.8413245021056942,8.346359582918241,0.037427621448063865,1715665283,2448657850,0.0,0.17804173869268647,0.0,0.0,5.7844033439009676e-05,0.8218657584155359,3.4351106001834274e-05,0.0,2.6112319485571825e-07,4.662914193852112e-08
43f88e68-2993-4563-b6f3-82dca3bfa4b7,1848,28,72,1265,23382640,25.0,25.0,72,0,72,2.0285306300686723,2.0056701719760275,0.028174036528731558,0.4992926742869741,0.9989112594312073,2.0265047343025824,0.028145899087535866,23196527,23194319,0.0,0.0,0.0,0.0,0.0010456306670390788,0.9986339765431265,0.00030521810441709656,0.0,1.1725893277040999e-05,3.448792140306176e-06
4409bb44-8605-4bd1-89e2-9476c502da8b,8,181,538,87573,8606049,14300.0,440.0,538,0,538,83.94260122474435,81.06608860615401,0.1560271398229449,0.013335487433032511,0.06628093499014222,159.29860807130783,0.29609406704704055,7576251,28626339,0.9920855314851633,0.0,0.0,0.007368156097257074,0.0,0.0,0.0004935158563252458,0.0,4.2237249003497904e-05,1.0559312250874476e-05
440dd8fd-fe90-48ba-8350-cb27cea172ef,959,40,261,23864,17507640,300.0,60.0,261,0,261,5.1451607071827725,4.550718045960597,0.01971325941449338,0.2826778381936082,0.9893724336776286,5.1187124076175055,0.019611924933400405,17113984,17101504,0.9894173092600764,0.0,0.0,0.0,0.010552773684958452,0.0,6.544355773617645e-06,2.8047239029789906e-06,1.589343545021428e-05,4.674539838298318e-06
440f6cb5-10e4-49fa-b18b-923ec212716c,628,26,39,494,3031724,280.0,120.0,39,0,39,1.0059741780461606,1.0010962891837838,0.025794209693491298,0.9994522681884616,0.9998152146020909,1.000073048382617,0.02564289867647736,2868192,199072721,0.0,0.9997827899945332,0.0,0.0,0.0,0.0,7.774932779953364e-05,0.0,0.00011156854213385994,2.7892135533464985e-05
44292067-fb07-4825-b12b-39d16e970523,988,39,61,910,572396838,600.0,25.0,61,0,61,5.061312435058448,2.835941678595167,0.08297233500095816,0.5768475635317627,0.773000616324745,2.4911359379764453,0.04083829406518763,571948478,1265989112,0.9999990208908293,0.0,0.0,0.0,0.0,0.0,2.797454773539934e-07,0.0,5.594909547079868e-07,1.398727386769967e-07
442b5a99-c380-466d-9a76-039e3cca66da,1747,22,44,569,10376278781,1560.0,25.0,44,0,44,1.0000486056981668,1.0000061710994226,0.022728377402231062,0.9999969144637907,0.9999991647897303,1.0000454924007447,0.02272830664547147,10375830270,21170882648,0.9999975952767778,0.0,0.0,0.0,0.0,0.0,2.366172090438407e-06,0.0,3.084090541893569e-08,7.710226354733923e-09
444d8580-a38a-4722-8d9c-aeb47e2dc2fd,620,31,62,991,98756207136,12200.0,100.0,62,0,62,2.533399869338031,1.9342386930298363,0.040861288215129535,0.6941035974616157,0.999998903992842,2.499947162871605,0.04032172843341298,98754829476,226551539116,0.9999988317330847,0.0,0.0,0.0,0.0,0.0,1.1638924456644768e-06,0.0,3.5643826420210184e-09,8.100869640956859e-10
444eb446-084b-4e6d-9ea3-ad3998360e0b,1751,191,1053,520159,23541328,1160.0,80.0,1053,0,1053,161.5950442672077,161.1116064914274,0.15346158050067207,0.006209028350564563,0.031045141752822813,161.5468926131718,0.15341585243416125,22676656,22675936,0.9937267646517194,0.0,0.0,0.006209733921968036,0.0,0.0,4.797885543618071e-05,0.0,1.1994713859045178e-05,3.527857017366229e-06
446a5f40-fb07-40e3-84ec-71d36fb9dacc,35,181,537,87781,9007305,11400.0,240.0,537,0,537,83.79076784449741,81.00355040843418,0.15603494943109386,0.01307226898171266,0.06511505541952187,159.08191756341068,0.29624193214787836,7978416,30226975,0.9924067634477821,0.0,0.0,0.006996752237536875,0.0,0.0,0.0005523652815295668,0.0,3.4091980162478365e-05,1.0027052988964225e-05
446acfdb-71d5-49db-b788-3be5190439a8,1261,50,163,6895,12161256,600.0,80.0,163,0,163,30.046856939478122,30.0086001710057,0.18433654564097007,0.03332855624027223,0.16664278120136114,30.04166163997831,0.18430467263790376,12001720,12001520,0.4999783364384438,0.0,0.0,0.49994834073782757,0.0,0.0,6.532397023093357e-05,0.0,0.0,7.998853497665335e-06
4478eb88-608a-4e3e-ad3b-c39839fcc039,950,20,42,427,36141346,320.0,240.0,42,0,42,1.1320455301355499,1.0446300100584032,0.02695346500322738,0.9782982214680797,0.9999639436017838,1.1318520982173357,0.026948859481365134,35943690,35943234,0.9999532602245346,0.0,0.0,0.0,3.20501317477421e-05,0.0,3.5611257497491217e-06,0.0,8.902814374372803e-06,2.225703593593201e-06
4482c181-b317-4441-b2df-95522fca98ff,617,66,196,6715,595291105,1800.0,25.0,196,0,196,11.219468848627063,6.239211416872139,0.0572421880031993,0.1992959571887372,0.814491610037021,10.864006337072773,0.05542860376057537,554913414,554316478,0.01453199687834542,0.1101724277294187,0.0,0.7971840017549117,0.07810948322110664,0.0,5.622498792216978e-07,0.0,1.3839997026995639e-06,1.4416663569787124e-07
449f7206-e6ef-44b6-8195-f782db5c5ddb,1858,350,1431,536531,77774928,1700.0,25.0,1431,58,1373,21.932964725542377,6.611617707972596,0.01597448268429889,0.2590726060483564,0.6723671747274962,39.70491278374896,0.028918363280225026,30793688,636781520,0.526760061997121,2.3316466673300062e-05,0.0,0.039512610506412874,0.009679840881676791,0.0,0.4240113753182146,0.0,9.35256601937384e-06,3.4422638821306494e-06
44a2d681-df23-46af-a2dd-7db925dc8089,946,28,50,690,1365624,120.0,80.0,50,0,50,1.0909010994331325,1.0229770359358445,0.02181802198866265,0.9886943861085205,0.997175273917915,1.0824778345613146,0.021649556691226292,1192328,1191288,0.0,0.0,0.0,0.0,0.008051475768412718,0.9889158016921519,0.002697244382418261,0.0,0.0002683825256137573,6.709563140343932e-05
44ba79b9-9ce5-4360-a6c5-7b573753d9bc,1775,32,53,707,869190472,700.0,40.0,53,0,53,2.333306688748538,2.1479626065317174,0.0440246545046894,0.48214090417293987,0.9999964465153424,2.3332620371857136,0.044023812022371954,869006144,869005032,0.0,0.9999964465153425,0.0,0.0,8.285326921693203e-07,0.0,2.301479700470334e-06,0.0,3.1300123926396543e-07,1.1047102562257604e-07
44c5c8ef-bb1c-4f44-b3d6-20ee5feda34d,1837,22,45,579,198444,25.0,25.0,45,0,45,13.111884964512322,7.007795600179582,0.29137522143360717,0.20819112627986347,0.735494880546075,8.727954961308132,0.19395455469573628,2344,2032,0.7286689419795221,0.0,0.0,0.0,0.0,0.0,0.10068259385665529,0.0,0.13651877133105803,0.034129692832764506
44c7388c-c819-4d15-a593-39a5909ef7bb,766,17,35,401,192088,100.0,60.0,35,0,35,5.337919522535643,2.9751650424394844,0.1525119863581612,0.40934065934065933,0.8351648351648351,3.6585062429744664,0.10452874979927047,2912,2648,0.8186813186813187,0.0,0.0,0.0,0.0,0.0,0.04395604395604396,0.0,0.10989010989010989,0.027472527472527472
44ca9d2d-d920-4358-8d78-71852ca01b10,711,50,156,5473,196144111,340.0,25.0,156,0,156,3.086590278110931,1.6917542265603076,0.01978583511609571,0.7619834383011304,0.8907688090748581,3.041579990006307,0.019497307628245558,193516017,193095657,0.044716587981448584,0.0840548821341233,0.0,0.8576304668362412,0.013594259745434921,0.0,9.094854406806027e-07,0.0,2.4804148382198256e-06,4.1340247303663757e-07
44eb22e9-55e6-4403-b360-9078eb476128,769,317,1247,380419,50697096,18460.0,180.0,1247,58,1189,15.807691233253587,5.808081548030285,0.013294946369431107,0.25706171665312877,0.7282668761410186,20.792428159235474,0.01748732393543774,36492614,647428180,0.4812941325606327,0.00010566521762458563,0.0,0.021294583062753464,0.001809818282680435,0.0,0.495485004170981,0.0,7.892007955363241e-06,2.9046973724600817e-06
44f66095-f724-4878-8ecd-4ce64a9e98f3,1747,22,44,569,8281120814,1260.0,25.0,44,0,44,1.000060006250783,1.0000077291249465,0.022728636505699614,0.9999961354587064,0.9999989551572992,1.0000454945329327,0.02272830669393029,8280672289,21169824248,0.9999969885295384,0.0,0.0,0.0,0.0,0.0,2.96316520490671e-06,0.0,3.8644205305055516e-08,9.661051326263879e-09
4501491e-a797-48fc-99d7-23b468868788,705,33,53,613,9511347,200.0,25.0,53,0,53,9.334300993812624,8.952576493545394,0.17611888667570988,0.11763939385754031,0.5881969692877016,11.487180141639833,0.21673924795546853,9255250,20160328,0.0,0.9999377650522676,0.0,0.0,0.0,0.0,1.2101239836849355e-05,6.9149941924853465e-06,3.457497096242673e-05,8.643742740606683e-06
4502e6bb-4456-4c67-a1dd-5010456e1d50,952,18,33,385,500349004,220.0,25.0,33,0,33,1.0013248175372405,1.000247511501905,0.030343176289007286,0.9998762630286205,0.9999991202774784,1.0013166599377457,0.030342929089022596,500157708,500157476,0.9999990722926138,0.0,0.0,0.0,0.0,0.0,1.2795963948235303e-07,0.0,6.397981974117652e-07,1.599495493529413e-07
4503be14-b40e-4d51-9df8-71d4d916517e,1201,31,71,972,38208130,640.0,240.0,71,0,71,2.685769724000913,2.221954482723373,0.03782774259156216,0.47424108015622896,0.96330219406734,2.681205611907726,0.03776345932264403,37964286,37957150,0.0,0.0,0.9979025023676199,0.0,0.001758231407275775,0.0,0.00032873000693335835,0.0,8.428974536752779e-06,2.1072436341881946e-06
451e6852-61b3-452d-ab96-8e922451b7f0,1029,33,48,620,197275904,180.0,25.0,48,0,48,2.0851468100229975,1.6123524894391283,0.043440558542145784,0.7660738118872904,0.9920161274185558,2.0851010622402515,0.043439605463338575,197102344,197102072,0.9999972400125288,0.0,0.0,0.0,0.0,0.0,7.305849188683418e-07,0.0,1.6235220419296485e-06,4.0588051048241213e-07
455abf5b-bb29-413a-b86b-8fdf55e7f44b,932,32,53,777,641313233,660.0,60.0,53,0,53,1.0292931283265092,1.007169021579023,0.019420625062764325,0.9964325261844369,0.9996934100040803,1.2288825596541673,0.02318646338970127,640914585,1280353864,0.9997882775596377,0.0,0.0,0.0,0.0,0.0,0.00021109833223720444,0.0,4.992865000879954e-07,1.2482162502199884e-07
4589fe1a-ea9d-488e-baa3-641fba356eb6,1510,51,248,23821,67304180,420.0,25.0,248,0,248,16.67813207046905,14.679228425538552,0.06725053254221391,0.10190983816593367,0.45897515843760117,18.31285922154645,0.07384217428042923,66682561,296650112,0.9999884827458861,0.0,0.0,0.0,0.0,0.0,5.278741468852704e-06,0.0,5.0387986748139444e-06,1.1997139701937963e-06
45a212d1-020b-453b-927b-3fd079a029ce,1132,22,44,569,2259636487,1040.0,25.0,44,0,44,1.0001718837397624,1.0000238529119818,0.02273117917590369,0.9999880737456928,0.9999968091903024,1.0001061490988823,0.02272968520679278,2259301144,7238768932,0.9999907152704917,0.0,0.0,0.0,0.0,0.0,9.107683610326184e-06,0.0,1.4163671843827472e-07,3.540917960956868e-08
45c89120-fc26-4489-b068-8053147e5aa2,1832,41,92,1470,5417389,60.0,25.0,92,0,92,2.0200218781032704,2.0035081449709655,0.021956759544600767,0.5079640122038384,0.9995671001577425,2.468412785512643,0.02683057375557221,5130517,9899016,0.9989958127026964,0.0007652250250803184,0.0,0.0,2.845717108041938e-05,0.0,0.00012630306068569697,0.0,6.8609070002107e-05,1.559297045502432e-05
45c9ef0e-d70f-47ac-9880-91d882fa1548,713,48,114,2391,188124208,240.0,25.0,114,0,114,2.6258532359838225,1.5785221695587481,0.023033800315647567,0.7891809086125982,0.9156078443092326,2.609176552560138,0.022887513618948578,186846892,186683484,0.03703909616007956,0.0698201873221418,0.0,0.8882412665445888,0.004895596550784478,0.0,8.563160900744337e-07,0.0,2.5689482702233012e-06,4.2815804503721687e-07
45dd545f-9aad-4d10-abc9-c5e84d435d82,1521,17,38,431,29926331,80.0,25.0,38,0,38,1.0003019458333953,1.0000390848736331,0.026323735416668298,0.9999804581308209,0.9999826144750064,1.0001053792127874,0.026318562610862826,29679863,47186220,0.9999811319883788,0.0,0.0,0.0,0.0,0.0,5.3908604632036205e-06,0.0,1.0781720926407241e-05,2.6954302316018103e-06
45e6bcf7-f22b-49e7-bf14-6373a05161f6,339,29,43,630,1414797056,720.0,60.0,43,0,43,1.0000452060673128,1.0000054403088563,0.02325686525737937,0.9999972798563574,0.999998546617638,1.0000336279684636,0.023256595999266595,1414631176,1414630152,0.0,0.9999974664774389,0.0,0.0,0.0,0.0,2.239452978095543e-06,0.0,2.262073715248023e-07,6.786221145744069e-08
45f3f2aa-1904-4374-9bc7-eab53ebbaa09,773,22,48,624,84086336,620.0,160.0,48,0,48,1.0001684552072136,1.0000209809397163,0.020836842816816952,0.9999895096925673,0.999992179952641,1.000095401416789,0.02083532086284977,83886960,83886560,0.9999896050589985,0.0,0.0,0.0,0.0,0.0,5.626619441209933e-06,0.0,3.814657248277921e-06,9.536643120694802e-07
46206f61-577c-461c-9809-de9e60b4d5f5,1452,61,153,8258,3573376,200.0,25.0,153,0,153,41.14102362818814,41.028402896649425,0.2688955792692035,0.024381799474328402,0.12190899737164201,41.11448565534428,0.2687221284663025,3281136,3280896,0.9998537092031541,0.0,0.0,0.0,0.0,0.0,2.4381799474328403e-05,0.0,9.752719789731361e-05,2.4381799474328403e-05
46249835-aab6-4de7-aaf1-df7ac08d3bfa,1097,29,51,612,4006402,60.0,25.0,51,0,51,1.1286734184608582,1.0503869398239607,0.022130851342369768,0.9754301871637321,0.9995528622506801,1.1261708367508958,0.022081781112762662,3690138,3689362,0.0,0.9994211598590622,0.0,0.0,0.0003945651897029325,0.0,7.58779210967178e-05,0.0,8.671762411053462e-05,2.1679406027633655e-05
4641b1de-51ba-4cce-9fc5-b083762c705e,1348,184,712,113617,47824260,1220.0,80.0,712,20,692,9.615309167314614,3.4362936535512056,0.013894955444096262,0.500041773339641,0.7766596810160068,26.45211175380006,0.038225595019942285,20204274,311490340,0.6682603393717587,0.0001205685490109667,0.0,0.03908712582298181,0.006530994382673686,0.0,0.28598147104914534,0.0,1.4254409735286703e-05,5.246414694237467e-06
4661afe1-3b99-440f-837b-e46f8c7c3a93,552,39,92,1479,148019545,3000.0,180.0,92,0,92,5.498121975289139,5.134937789273189,0.05976219538357759,0.2379662076125265,0.9809496699910512,5.594217966229995,0.06080671702423908,147629936,153925396,0.0,0.761975220256141,0.0,0.0,5.926982180633066e-06,0.23798276252046874,3.3164005435862274e-05,0.0,2.3843402600946734e-06,5.418955136578803e-07
4665c4eb-7315-46fa-a50a-a12a1d08dc26,246,33,46,581,12760256,25.0,25.0,46,0,46,1.9026286720737648,1.802881382177025,0.0413614928711688,0.6661334597105817,0.9999498133246258,1.9020383266639886,0.0413486592753041,12592984,12592688,0.3330673651296627,0.6668837187437068,0.0,0.0,0.0,0.0,1.7152408039270122e-05,0.0,2.5410974872992772e-05,6.352743718248193e-06
467281e2-2a36-48b3-9ea4-1425393c5a2b,1832,41,92,1470,8520897,80.0,25.0,92,0,92,2.015486997401388,2.003100598219193,0.021907467363058562,0.4998919941023191,0.9997300460015219,2.329290220673065,0.02531837196383766,8231032,15274280,0.9992352113319448,0.0006157186607949039,0.0,0.0,1.7859242923609095e-05,0.0,7.872645860203192e-05,0.0,4.276498985789388e-05,9.719315876794064e-06
468f4efa-a6b1-4de1-8ae2-e3466d8531f6,239,18,63,1228,456636,140.0,60.0,63,0,63,13.450258644538035,7.1787735840361915,0.2134961689609212,0.247511658662212,0.655715644648616,12.809822439703625,0.20333051491593054,172404,166724,0.0,0.0,0.0,0.0,0.99684462077446,0.0,0.0008352474420547087,0.0,0.0018561054267882415,0.0004640263566970604
4698b24a-dba6-4fe8-be2e-2919b518659c,1045,24,39,458,18586181208,6860.0,140.0,39,0,39,1.0219321643722918,1.005773020768398,0.026203388830058766,0.9971238535168948,0.999999972021868,1.0666555157184565,0.027350141428678372,18585944184,29109984288,0.9999999715914352,0.0,0.0,0.0,0.0,0.0,9.46952160501549e-09,0.0,1.4634715207751212e-08,4.304328002279768e-09
46b550a0-ac62-4634-a95c-82bf22240f34,1274,17,38,431,58754004,100.0,25.0,38,0,38,1.0001598976506147,1.000019827860699,0.026319997306595126,0.9999900862157376,0.9999911801505528,1.000061332380012,0.026317403483684526,58504400,83886380,0.9999904280703673,0.0,0.0,0.0,0.0,0.0,2.734837037898004e-06,0.0,5.469674075796008e-06,1.367418518949002e-06
46d34535-4a3f-4be2-8939-c7526cbc9d26,1452,61,153,8258,3573376,160.0,25.0,153,0,153,41.14102362818814,41.028402896649425,0.2688955792692035,0.024381799474328402,0.12190899737164201,41.11448565534428,0.2687221284663025,3281136,3280896,0.9998537092031541,0.0,0.0,0.0,0.0,0.0,2.4381799474328403e-05,0.0,9.752719789731361e-05,2.4381799474328403e-05
46e78707-d509-4e0b-8609-17448f8e7f12,1928,102,2906,8548602,1571499736,180.0,25.0,2906,0,2906,136.1667206259274,63.92869387472941,0.04685709587953455,0.021467529216598665,0.10733764608299333,136.0551764806459,0.04681871179650582,1567665457,1567365833,0.00597964314270146,0.7800460203672142,0.0,0.21179201883760077,0.0021815164611361337,0.0,5.460348674379192e-07,0.0,2.0412518408894176e-07,5.103129602223544e-08
46ef5371-53bf-483a-a1dd-a2408af1fcd2,409,80,244,12573,1171163206,1680.0,25.0,244,2,242,6.310445702073965,4.02845390282951,0.026076221909396548,0.35489707608950627,0.8826754740748223,6.741193223762994,0.027856170346128074,1169635359,1636726494,0.0,0.13957670888094278,0.0,0.0,5.739224578281581e-05,0.8603147265146932,5.072093583997062e-05,0.0,3.830253561956483e-07,6.83973850349372e-08
4709f353-7a30-4945-9219-4ea02282b61a,1348,233,916,197932,70190088,1280.0,80.0,916,26,890,16.16313993224532,4.949555871905231,0.0181608313845453,0.4082134945810695,0.6942652625845078,26.17420299369867,0.02940921684685244,22587852,396074072,0.6439776566625282,7.287102819692639e-05,0.0,0.050190828238116665,0.013532539526113416,0.0,0.2922086615407255,0.0,1.2750216355233777e-05,4.692787964079099e-06
4731a3d2-23f2-49dc-8f80-a3bcc65d9811,690,27,55,937,1885249111,620.0,60.0,55,0,55,1.0456251424097611,1.0152674179853405,0.019011366225632022,0.9924237376740487,0.9999954254598397,1.110464455751848,0.02019026283185178,1883905201,3766941274,0.9999935145356605,0.0,0.0,0.0,0.0,0.0,6.239167445241317e-06,0.0,2.0383191245300883e-07,4.2464981761043506e-08
4742e777-41cb-4492-88b3-402252cc3009,246,33,46,581,12760256,60.0,25.0,46,0,46,1.902477623961171,1.8028504614891847,0.0413582092165472,0.6661391726560318,0.9999498128942109,1.9018873171906616,0.04134537646066656,12592876,12592580,0.33307022160783606,0.6668808618460151,0.0,0.0,0.0,0.0,1.7152555143082485e-05,0.0,2.5411192804566645e-05,6.352798201141661e-06
4750db57-b066-4680-87c0-c1c4304a84b8,971,31,57,739,258612,60.0,25.0,57,0,57,5.383730999174664,3.491862186069373,0.094451421038152,0.3632260882224487,0.9171640704614936,5.439426402762384,0.09542853338179622,13738,64256,0.0,0.5631824137429029,0.0,0.3628621342262338,0.0,0.0,0.04018052118212258,0.0,0.027951666909302664,0.005823263939438055
475eb702-354a-44f8-bc4d-ddbcaa887aa1,891,32,54,662,611178155,2560.0,180.0,54,0,54,1.9363138690142825,1.3205304584941162,0.035857664241005234,0.8689796791457716,0.934489309236779,1.7989033359948798,0.03331302474064592,610933323,709189992,0.9999990571802547,0.0,0.0,0.0,0.0,0.0,2.880838110708196e-07,0.0,5.237887474014901e-07,1.3094718685037253e-07
4782636d-3025-4293-8275-05a0bb10236b,1515,17,38,431,25569647,80.0,25.0,38,0,38,1.000350224964013,1.0000458037218232,0.026325005920105605,0.9999770989186544,0.9999796259345269,1.0001334347683368,0.026319300914956233,25326315,36700460,0.9999778886111146,0.0,0.0,0.0,0.0,0.0,6.317539681552567e-06,0.0,1.2635079363105135e-05,3.1587698407762837e-06
4782ec13-4388-425f-a4b5-aaf34a245909,1692,63,106,3045,13334395010,2000.0,25.0,106,0,106,2.113737381853508,2.0271892222468497,0.019940918696731206,0.5186735614316051,0.9956637631973624,2.135830715016427,0.0201493463680795,13333893104,15257183171,0.9934266657669765,0.006572562065441319,0.0,0.0,0.0,0.0,7.397689424284439e-07,0.0,2.639889170060951e-08,5.999748113774889e-09
4795d7f9-3940-41ed-92a0-8eae817305db,1032,17,38,431,717685,100.0,25.0,38,0,38,1.0127568708496808,1.0022260642147216,0.02665149660130739,0.9988888058686377,0.9990114203934778,1.0059880795590124,0.026473370514710853,521961,614700,0.9989271229076502,0.0,0.0,0.0,0.0,0.0,0.00030653631209994614,0.0,0.0006130726241998923,0.00015326815604997307
47b12468-c487-4eb0-8fd9-83f1d2111a47,570,314,1166,317370,29584740,31660.0,340.0,1166,68,1098,118.22762334257277,97.4907340963915,0.10767543109523932,0.01758551862218848,0.07515044099086883,164.3615174882551,0.14969172813137988,16187410,253944760,0.9006438954718513,0.0001892829056655759,0.0,0.04136529562172083,0.0,0.0,0.057777494979122664,0.0,1.779160471008024e-05,6.239416929576751e-06
47b3e1d4-447e-48fa-bbdf-6d35842584e5,1603,19,43,443,11840582,140.0,60.0,43,1,42,1.2211322872996537,1.1051386190761008,0.029074578269039374,0.9499300190025787,0.9999353571919163,1.2206665262748604,0.02906348872083001,11633158,11632822,0.0,0.9499307066920264,0.0,0.0,0.0,0.05001152739436703,2.3381441221721565e-05,0.0,2.7507577907907722e-05,6.8768944769769306e-06
47b6f952-9630-4546-a124-9d7b9b9777e6,239,18,63,1228,421744,100.0,60.0,63,0,63,12.071540653278555,6.2422997101908075,0.19161175640124692,0.2709496507348339,0.6851105380436144,11.456549107939491,0.18184998584030937,159764,154916,0.0,0.0,0.0,0.0,0.9965949775919482,0.0,0.0009013294609549084,0.0,0.0020029543576775746,0.0005007385894193936
47c4a8ee-9ff1-47bb-90a2-1298bea627ec,1349,32,64,1380,27651144,100.0,25.0,64,0,64,6.018911982352557,5.695218865007296,0.0940454997242587,0.19744162262438938,0.8884873018097522,6.017901426224523,0.09402970978475818,27428948,27428588,0.0,0.9999721462157426,0.0,0.0,0.0,0.0,1.327065113835208e-05,0.0,1.1666506495254576e-05,2.916626623813644e-06
47d3fd8a-ad26-45fd-840f-e3b2a38eda96,1195,257,749,178504,215028950,1540.0,25.0,749,0,749,125.90447101237248,104.22989801317509,0.16809675702586446,0.011227474108181616,0.05613737054090808,158.3465883729004,0.21141066538437972,213761348,246231918,0.11671257799141499,0.0,0.0,0.8832363463576212,0.0,0.0,4.9054705624330174e-05,0.0,1.6466962025333036e-06,3.7424913693938717e-07
48136cb9-1a6b-4bb5-ae48-9c323987e1c1,1525,17,38,431,34186361,80.0,25.0,38,0,38,1.000266334176246,1.000034178937024,0.02632279826779595,0.9999829109655708,0.9999847966521284,1.0000954437819103,0.026318301152155534,33939893,52429100,0.9999835002426201,0.0,0.0,0.0,0.0,0.0,4.7142163942591096e-06,0.0,9.428432788518219e-06,2.3571081971295548e-06
481c8155-ec31-45f7-9a91-20ab36222509,1611,25,52,649,11212692,60.0,25.0,52,0,52,1.1377519495308437,1.0357029113888179,0.021879845183285455,0.9825888631798325,0.9929379937991961,1.1209167892963252,0.021556092101852407,10882460,10858644,0.0,0.0,0.0,0.0,0.006963131497841481,0.9843329541298567,0.00866715797714855,0.0,2.9405116122641387e-05,7.351279030660347e-06
4836d39b-32b1-4247-80ff-f2dba92c7e58,705,33,53,613,9559052,180.0,25.0,53,0,53,9.3327930796926,8.959058283344865,0.17609043546589812,0.11763214891475623,0.5857060348601887,11.487180141639833,0.21673924795546853,9302933,20160328,0.0,0.9999380840429573,0.0,0.0,0.0,0.0,1.2039213869432361e-05,6.8795507825327775e-06,3.439775391266389e-05,8.599438478165972e-06
48484d7e-764a-4b65-85cf-8d03d15bad2f,988,39,61,910,468306110,460.0,25.0,61,0,61,4.146301670288322,2.304816377851608,0.06797215852931675,0.6471411048055551,0.8253372338980659,2.350066991141125,0.03852568837936271,467964374,933086712,0.9999988033277081,0.0,0.0,0.0,0.0,0.0,3.419063691374079e-07,0.0,6.838127382748158e-07,1.7095318456870394e-07
4849f2ae-4925-49fc-9cbe-705188b3fdb7,1518,17,38,431,36585405,100.0,25.0,38,0,38,1.0002498393784314,1.0000319224395624,0.026322364194169248,0.999984039158878,0.9999858003551397,1.0000954437819103,0.026318301152155534,36338937,52429100,0.9999845895327097,0.0,0.0,0.0,0.0,0.0,4.402990654349631e-06,0.0,8.805981308699262e-06,2.2014953271748154e-06
484e6d4f-2780-416c-81af-c83c0e5bb4a1,1474,21,45,466,7536104,80.0,25.0,45,0,45,5.002306289301346,4.994298991399846,0.11116236198447436,0.2145284158690072,0.9999094931836372,4.999854727848347,0.11110788284107438,7336464,7336152,0.9999149454014904,0.0,0.0,0.0,0.0,0.0,3.053241997779857e-05,0.0,4.361774282542653e-05,1.0904435706356632e-05
4870fdcd-5306-4572-b194-20203c25001e,246,33,46,581,5156500336,2140.0,25.0,46,0,46,1.1055954934409247,1.0404529693115243,0.0240346846400201,0.9801805699481432,0.9999998774322494,1.105594239342235,0.024034657377005112,5156331879,5156331583,0.9801805714996337,0.0198193090355967,0.0,0.0,0.0,0.0,4.189024389211546e-08,0.0,6.205962058091179e-08,1.5514905145227948e-08
48a24850-2e5d-4e3f-9cc7-0a92afb1a762,628,26,39,494,5049887,260.0,120.0,39,0,39,1.0055082669815492,1.0010651472878007,0.025782263255937157,0.999467796128386,0.9998904829027199,1.0001019891092462,0.025643640746390927,4875951,222960661,0.0,0.9998714097003846,0.0,0.0,0.0,0.0,4.655502075390011e-05,0.0,6.562822308919839e-05,1.6407055772299597e-05
48b5fd66-0750-4f53-b870-78a657964494,889,30,48,515,35428834,200.0,25.0,48,0,48,8.127805323293293,7.173144715426338,0.16932927756861027,0.17086900928913729,0.8013946442484551,10.050849797345556,0.20939270411136576,35135125,66778404,0.0032920617188639573,0.6549544366214721,0.0,0.34173801857827457,0.0,0.0,3.1876932272192004e-06,9.107694934912e-07,9.107694934912e-06,2.276923733728e-06
48c690aa-709d-489b-b488-f3964f3c04a9,1065,277,1327,515192,37244109,900.0,80.0,1327,0,1327,47.24296939767504,18.815992284168416,0.03560133338181992,0.12139139666479726,0.44387244165323825,77.27023083076266,0.058229262118133125,28932454,205924040,0.8144573218711416,0.0,0.0,0.04270584859479946,0.001213654396547213,0.0,0.14160948808559412,0.0,9.954219576396804e-06,3.7328323411488012e-06
48cf1db6-6568-42c4-b7f0-e8c2a356838c,617,66,196,6715,604021033,2080.0,25.0,196,0,196,11.472866346874557,6.408669876506567,0.05853503238201305,0.19633501056570915,0.8058008090670515,11.185113051774891,0.0570669033253821,563282115,564509524,0.014316094520416293,0.12173093583842974,0.0,0.7853402126925333,0.0786106975897859,0.0,5.538965141827733e-07,0.0,1.3634375733729803e-06,1.420247472263521e-07
48d8ad7e-d65c-4f78-b87a-1003062382a0,1045,22,35,442,788686821,760.0,140.0,35,0,35,1.000012727233764,1.0000013594901245,0.02857179220667897,0.9999993202556239,0.9999994014191314,1.0000017942124642,0.02857147983464183,788531717,3152019728,0.9999993304010624,0.0,0.0,0.0,0.0,0.0,2.2319964588057275e-07,0.0,3.4494490726997606e-07,1.0145438449116943e-07
48d928b6-31d7-47ac-9626-4ee47eb9469e,1184,43,78,1130,439035132,1760.0,140.0,78,2,76,1.8139016470728926,1.5146729885512626,0.02386712693516964,0.7880540835715389,0.9927404007272398,1.8138739010150942,0.023866761855461764,438783448,438783040,1.2762559812876077e-07,0.9999971922368411,0.0,0.0,8.02218045380782e-07,0.0,9.663081001177602e-07,0.0,7.292891321643473e-07,1.8232228304108682e-07
48ec672f-699f-44c7-95f0-fea9dfdfd82f,1515,17,38,431,25229742,80.0,25.0,38,0,38,1.0003546763666848,1.0000464268385998,0.02632512306228118,0.9999767873816207,0.9999793487739935,1.0001334347683368,0.026319300914956233,24986410,36700460,0.9999775878167372,0.0,0.0,0.0,0.0,0.0,6.4034809322347624e-06,0.0,1.2806961864469525e-05,3.2017404661173812e-06
48f0f5e2-4b74-40be-8191-2cb5908bb2f9,1841,67,170,6435,1140720,60.0,25.0,170,0,170,21.67928903024712,20.464416380238205,0.12752522958968893,0.05255511914260514,0.2620660546290544,33.0962973883621,0.19468410228448296,713137,7602715,0.9872212492129844,0.0,0.0,0.009647515133838238,0.0,0.0,0.002570333610512426,0.0,0.0004487216341320111,0.00011218040853300277
48f7e1d3-afe9-4081-b85f-a41005d5a48f,947,34,89,1408,4886628481,3380.0,200.0,89,0,89,1.7117145950244401,1.3802177253703551,0.019232748258701575,0.8432083894629195,0.9999971581998576,1.9794031370760958,0.022240484686248268,4886339399,5649071198,0.10370755521069772,0.8962716058766347,0.0,0.0,1.964660907910871e-06,1.8101485135907973e-05,6.843568829222868e-07,0.0,7.203756662339861e-08,1.637217423259059e-08
496a83e3-9cb8-42ea-af3c-7b10a1074e02,1199,28,50,690,1926752,100.0,25.0,50,0,50,1.0908588063501468,1.02243830211916,0.021817176127002937,0.9889574819580906,0.996393906250715,1.080069111741717,0.02160138223483434,1748152,1746056,0.0,0.0,0.0,0.0,0.006850662871420792,0.9896164635569447,0.003304060516476828,0.0,0.00018305044412614006,4.5762611031535014e-05
496fe429-3b24-457c-affc-ab13bfb93f3d,467,22,48,624,84086336,660.0,160.0,48,0,48,1.0001684552072136,1.0000209809397163,0.020836842816816952,0.9999895096925673,0.999992179952641,1.000095401416789,0.02083532086284977,83886960,83886560,0.9999896050589985,0.0,0.0,0.0,0.0,0.0,5.626619441209933e-06,0.0,3.814657248277921e-06,9.536643120694802e-07
49844c56-23aa-4dad-9d9d-2a11bbfd3680,1747,22,44,569,10415751444,1560.0,25.0,44,0,44,1.0000484331470783,1.0000061477116446,0.022728373480615415,0.9999969261575774,0.9999991679550698,1.0000454916900612,0.022728306629319572,10415302933,21171235448,0.9999976043903706,0.0,0.0,0.0,0.0,0.0,2.3572046015303355e-06,0.0,3.072402234082959e-08,7.681005585207398e-09
498abb08-4ba4-40d1-9579-f8c30a66b943,1625,217,841,161392,40907745,600.0,25.0,841,44,797,16.274972416120395,5.687346849084295,0.020420291613701874,0.3574135851197345,0.7026472393408314,20.17933281064001,0.02531911268587203,21544293,449220640,0.637640928852945,1.763808169523131e-05,0.0,0.031535404758930824,0.0020151972496846382,0.0,0.3287724967349822,0.0,1.3367809284806886e-05,4.9665124773414475e-06
4995647e-ce3a-4fe2-8366-1c5d3ef3fa4b,1767,71,123,4617,6094440,260.0,25.0,123,0,123,27.276014497864974,24.103804481648066,0.22175621542979654,0.04526252117855044,0.2263126058927522,27.26398177208028,0.2216583883908966,5816026,5815762,0.18105558675287903,0.8147693975233261,0.0,0.0,0.004084232085619975,0.0,2.7510193386343183e-05,0.0,4.6767328756783415e-05,1.650611603180591e-05
49986fc0-30bc-40ab-8168-edb9373a732c,1435,26,49,692,20249361643,9420.0,100.0,49,0,49,1.0000066246301216,1.000000716680606,0.020408298461839215,0.9999996416598835,0.9999998186569864,1.0000022043045798,0.020408208251113873,20248919019,48213005616,0.9999996673402667,0.0,0.0,0.0,0.0,0.0,3.0974492979673857e-07,0.0,1.8963975293677872e-08,3.95082818618289e-09
49a94945-f4dc-4b41-a571-775dbe2fd4e6,1361,46,80,1970,371004472,1000.0,60.0,80,0,80,3.6169620689676925,3.20150498674053,0.045212025862096154,0.32259905062684097,0.9812703800420736,3.6169171718967705,0.045211464648709634,370752424,370752136,1.2946644955718483e-07,0.9999982522029309,0.0,0.0,0.0,0.0,5.394435398216035e-07,0.0,8.631096637145655e-07,2.1577741592864138e-07
49cd421f-13af-4224-b1d2-6122cd58cd19,946,28,50,690,1470488,100.0,60.0,50,0,50,1.0964467009980892,1.0249858168104764,0.021928934019961783,0.987721624371743,0.9973667170300021,1.0885941458205755,0.02177188291641151,1297240,1296200,0.0,0.0,0.0,0.0,0.009250408559711387,0.9879621349942955,0.002479109494002652,0.0,0.00024667756159230364,6.166939039807591e-05
49d7be07-2633-4765-b1ce-653482eefc11,1276,17,38,431,320546463,160.0,25.0,38,0,38,1.0000321064388098,1.0000036013204363,0.02631663437996868,0.9999981993446008,0.9999983994174231,1.0000077718556026,0.02631599399620007,319883527,736512496,0.9999982493628063,0.0,0.0,0.0,0.0,0.0,5.001820553266565e-07,0.0,1.000364110653313e-06,2.5009102766332823e-07
49dd0f93-0a35-491a-ad4e-db4225d39f80,871,78,420,48024,4008848667,2920.0,25.0,420,0,420,13.130622694019776,11.522643088593568,0.03126338736671375,0.11436145654704553,0.5285062535400736,13.047955861181373,0.031066561574241366,3996553505,3993712097,0.012551967823586037,0.004199918749742849,0.0,0.9805518187351279,0.0026960845104462075,0.0,7.806726460928489e-08,0.0,1.1209658507999883e-07,2.0017247335714076e-08
49e7b6af-a045-4946-bcc1-74675c9a6d5d,1746,125,342,36239,20913176,1220.0,100.0,342,0,342,102.12090085843052,102.0220806379971,0.2985991253170483,0.009802860553132288,0.04901430276566144,102.1068619968203,0.29855807601409445,20402208,20401920,0.4999858838808035,0.0,0.0,0.4999858838808035,0.0,0.0,1.0979203819508162e-05,0.0,1.3331890352259913e-05,3.921144221252915e-06
49ece662-caee-45f5-88a9-189c4faaf94f,1181,18,54,762,215880,25.0,25.0,54,0,54,19.99927189531363,17.232698989945412,0.37035688695025243,0.0620384047267356,0.310192023633678,18.486199671194044,0.34233703094803786,16248,15936,0.0,0.0,0.0,0.0,0.9615952732644018,0.0,0.013786312161496799,0.0,0.019694731659281144,0.004923682914820286
49f188b5-2281-406d-b26f-3d8232572c26,1361,46,80,1970,110882776,1100.0,80.0,80,0,80,4.620434651242007,3.6268614748965287,0.05775543314052509,0.3024119678528663,0.9514423070578385,4.620259940365357,0.057753249254566964,110631574,110631286,4.3387252178116893e-07,0.999994142720956,0.0,0.0,0.0,0.0,1.8078021740882038e-06,0.0,2.892483478541126e-06,7.231208696352815e-07
49f6f20a-d278-4b39-9382-3bb4006ec956,467,22,48,624,84086336,480.0,120.0,48,0,48,1.0001684552072136,1.0000209809397163,0.020836842816816952,0.9999895096925673,0.999992179952641,1.000095401416789,0.02083532086284977,83886960,83886560,0.9999896050589985,0.0,0.0,0.0,0.0,0.0,5.626619441209933e-06,0.0,3.814657248277921e-06,9.536643120694802e-07
4a0d3111-7020-4163-bf78-0ecee551a6d3,1374,22,49,722,2041565817,800.0,25.0,49,0,49,1.0000785432996988,1.0000100593897159,0.02040976618978977,0.9999949703414355,0.9999981839929581,1.0000615488996285,0.02040941936529854,2041291644,6020371920,0.9999959461941539,0.0,0.0,0.0,0.0,0.0,3.857851484939503e-06,0.0,1.5676348891182743e-07,3.919087222795686e-08
4a16bdcd-6e10-4962-8a4a-dfd3c9bf0e7d,1517,17,38,431,34355489,100.0,25.0,38,0,38,1.0002650979434855,1.0000340094580653,0.026322765735354883,0.9999829957007561,0.9999848720372245,1.0000954437819103,0.026318301152155534,34109021,52429100,0.9999835820559024,0.0,0.0,0.0,0.0,0.0,4.69084117072724e-06,0.0,9.38168234145448e-06,2.34542058536362e-06
4a2a6176-a31e-4bc1-8723-0a590b60f8e2,1030,17,37,427,3095733,100.0,25.0,37,0,37,1.0025705255678756,1.0003915155582828,0.027096500691023664,0.9998042991480467,0.9998263499482667,1.0011265552024018,0.027057474464929777,2902389,3584288,0.9998070554980741,0.0,0.0,0.0,0.0,0.0,5.512700055023637e-05,0.0,0.00011025400110047275,2.7563500275118186e-05
4a442215-eaac-4405-a33b-5c3df05a8b2c,20,141,582,66208,20320168,24460.0,360.0,582,16,566,54.663417998431065,33.74660837937419,0.09657847702903015,0.07059213424604661,0.2842330654093118,40.71593816010419,0.07193628650195086,6212831,90510612,0.7204314747978819,0.00014389575380370075,0.0,0.0332856309788565,0.0,0.0,0.24600942790814687,0.0,0.00011331388218993885,1.625667912099975e-05
4a99301d-0a62-4c2f-8f6f-cd94a6f9cbb8,1035,17,38,431,706013,80.0,25.0,38,0,38,1.0129644342680935,1.0022656113860233,0.026656958796528775,0.9988690981057393,0.9989938872802784,1.0059880795590124,0.026473370514710853,512865,614700,0.9989080947227827,0.0,0.0,0.0,0.0,0.0,0.0003119729363477718,0.0,0.0006239458726955436,0.0001559864681738859
4aad5a6e-4707-4686-a1ec-b1bfe021b192,1611,25,52,649,14813016,80.0,25.0,52,0,52,1.10669527585687,1.0268435056107579,0.021282601458785962,0.9868290516519476,0.9946419141513123,1.0936884388093853,0.021032469977103563,14482784,14458704,0.0,0.0,0.0,0.0,0.005232143212244276,0.9881547636145095,0.006585474174026209,0.0,2.2095199376031568e-05,5.523799844007892e-06
4aad8fcb-6507-4afa-8aca-4357595149ca,363,54,154,3721,479679855,204800.0,320.0,154,0,154,2.759442799589087,1.699008419223014,0.01791845973759147,0.7609528704453804,0.9451372883698838,2.753344673360156,0.017878861515325688,478718846,478605918,0.2008905201948118,0.0,0.0,0.0,0.00016510734987859658,0.7985193881420746,0.0004241487497235486,0.0,6.684508092250874e-07,1.6711270230627184e-07
4ab7434e-1cd8-487a-aa10-fc700ba7ef92,1538,24,62,797,267720,25.0,25.0,62,0,62,42.14903891553287,21.7095640469603,0.6798232083150463,0.1679790026246719,0.339238845144357,39.6483381185606,0.639489324492913,1524,1189,0.0,0.17454068241469817,0.0,0.0,0.1115485564304462,0.0,0.4094488188976378,0.0,0.25196850393700787,0.05249343832020997
4adc907d-558a-48b3-ad2d-19094498f523,1848,28,72,1265,40354628,25.0,25.0,72,0,72,2.0340529345126996,2.0072211031095053,0.028250735201565274,0.4990996647263309,0.998713714292926,2.033112105407059,0.0282376681306536,40172257,40170649,0.0,0.0,0.0,0.0,0.0016503180291811835,0.9982184471238447,0.00012247258101530118,0.0,6.770841877268683e-06,1.9914240815496127e-06
4aef3e83-a933-453d-af1c-1090883aa72d,1205,27,41,539,514981717,240.0,25.0,41,0,41,1.00002165818741,1.0000023641094489,0.024390772150912437,0.9999988179473535,0.9999989423739478,1.0000021317198138,0.024390295895605214,514359493,3119591744,0.9999988335006778,0.0,0.0,0.0,0.0,0.0,3.8883310743134276e-07,0.0,6.221329718901484e-07,1.555332429725371e-07
4b0b9f8f-7896-4670-a608-2ead2cc233c6,1349,32,64,1380,11297504,140.0,25.0,64,0,64,5.961689145448811,5.6564672051447324,0.09315139289763767,0.19816191674989028,0.8917286253745063,5.959384155936993,0.09311537743651552,11074580,11074220,0.0,0.9999310131851501,0.0,0.0,0.0,0.0,3.286806361956842e-05,0.0,2.889500098423597e-05,7.223750246058993e-06
4b154b39-d45d-4244-9c69-dfd4931bba87,1414,32,50,636,120475727,80.0,25.0,50,0,50,1.9991688537324996,1.9975558457251124,0.039983377074649995,0.5177012444616603,0.9999943473499742,2.00021073255198,0.0400042146510396,120297559,202376704,0.9999847045940475,9.775759456598782e-06,0.0,0.0,0.0,0.0,2.1945582453589105e-06,0.0,2.6600706004350427e-06,6.650176501087607e-07
4b177387-07f4-49e2-89fd-c6098cfeaf6c,1169,32,116,2974,1621681,60.0,25.0,116,0,116,15.15144799339195,8.176787199599643,0.1306159309775168,0.2760868208762312,0.6334750635111646,22.799876370585775,0.19655065836711874,560925,1342211,0.7703400632883184,0.0,0.0,0.0,0.2266417078932121,0.0,0.002248072380443018,0.0,0.0006275348754289789,0.0001426215625974952
4b2774b0-2a3d-4077-83a9-f2f982c983b5,1689,39,77,1448,467272,60.0,25.0,77,0,77,23.541980830124064,23.141782100182102,0.305740010780832,0.043344771536933356,0.2167238576846668,23.366272301546175,0.303458081838262,221480,221232,0.9977605201372585,0.0,0.0,0.0,0.0,0.0,0.0004334477153693336,0.0,0.0014448257178977786,0.00036120642947444465
4b428459-75d9-4963-bfff-83900bea7625,1865,43,87,1458,8519345,140.0,25.0,87,0,87,30.29399972084514,25.94889392041005,0.3482068933430476,0.09692005386395747,0.31951405944184036,28.830181971001004,0.3313814019655288,8240761,9816104,0.3252203285594619,0.6746806514592524,0.0,0.0,0.0,0.0,5.0480774773106516e-05,0.0,3.883136521008193e-05,9.707841302520483e-06
4b467216-2aeb-4af7-bbac-f536682d2736,1515,17,38,431,25587387,80.0,25.0,38,0,38,1.0003499958054118,1.0000457716596427,0.0263249998896161,0.9999771149486536,0.9999796401956988,1.0001334347683368,0.026319300914956233,25344055,36700460,0.9999779040883552,0.0,0.0,0.0,0.0,0.0,6.313117612789272e-06,0.0,1.2626235225578544e-05,3.156558806394636e-06
4b4a7583-f4e2-466f-99af-19257dfff749,871,85,453,49974,43320462952,17400.0,25.0,453,0,453,3.237188635693386,2.4230591302298916,0.007146111778572596,0.45421449660043234,0.9393662197322953,3.2345000829132067,0.007140176783472863,43303744718,43300903102,0.9088672501720247,0.00038761617752246973,0.0,0.09049628002196926,0.0002488248088050721,0.0,9.237076437727397e-09,0.0,1.7735186760436603e-08,1.8474152875454794e-09
4b4b2bad-cb3f-46a1-86d2-cc85d76f4f3c,336,77,413,48665,19766884455,1560.0,25.0,413,0,413,1.0464186495110663,1.008487226769972,0.0025337013305352695,0.995783014647802,0.9964732933804973,1.044817037344721,0.0025298233349751115,19752484546,19750235902,0.9983196210115896,0.0011348331369553878,0.0,0.0,0.0005455033251592652,0.0,1.5795481286083675e-08,0.0,2.2680691077453484e-08,4.050123406688122e-09
4b4eec9e-973e-44f2-8200-e38cc91d614e,959,42,289,30304,17557664,340.0,60.0,289,0,289,5.218584547718099,4.568104175007021,0.01805738597826332,0.2821390246476473,0.9874865862667657,5.188009957535191,0.017951591548564676,17131696,17117120,0.9875160054205958,0.0,0.0,0.0,0.012454108454878023,0.0,6.53758974009345e-06,2.8018241743257645e-06,1.5877003654512664e-05,4.669706957209607e-06
4b595690-ae18-463c-8eda-b5bb06a8181f,1848,28,72,1265,103509632,25.0,25.0,72,0,72,2.0181230514539372,2.003492339733099,0.028029486825749128,0.4995640033406939,0.9993466027042933,2.0171837475712584,0.0280164409384897,103313865,103309497,0.0,0.0,0.0,0.0,0.000701328906821945,0.9991514691663118,0.00014379483334594055,0.0,2.6327540838782868e-06,7.743394364347902e-07
4b5cf6fd-34aa-4a48-8714-7b4b7ba72f14,1274,17,38,431,176901414,200.0,25.0,38,0,38,1.0000566343920392,1.0000065731566417,0.026317279852422083,0.9999967134377342,0.9999970760928806,1.000020930002689,0.026316340263228658,176476194,262144300,0.9999968267674676,0.0,0.0,0.0,0.0,0.0,9.066378664082024e-07,0.0,1.8132757328164048e-06,4.533189332041012e-07
4b5e4aca-aea3-4afb-b74b-ab29fed397f5,1841,29,62,907,1004301,25.0,25.0,62,0,62,1.8805588056540865,1.7505476863724336,0.03033159363958204,0.6896850726855793,0.9989618211354935,2.0059316378027976,0.03235373609359351,765764,2400562,0.9989565975940368,0.0,0.0,0.0,0.0,0.0,0.0005210482602995179,0.0,0.00041788331653094167,0.00010447082913273542
4b617b5d-2d30-48fc-9911-6c18fb1be458,1564,20,41,432,14598768,25.0,25.0,41,0,41,1.0033864046548266,1.0005935467953608,0.0244728391379226,0.999703351915088,0.9999277297785176,1.0031287177809451,0.024466554092218176,14404273,14404009,0.0,0.999703907305839,0.0,0.0,0.0002594369045907419,0.0,8.886252017023004e-06,0.0,2.221563004255751e-05,5.5539075106393775e-06
4b7518e4-1003-4978-a2c9-78050de4aaf4,1414,27,45,590,646418499,260.0,25.0,45,0,45,1.000019286423922,1.0000020797061144,0.022222650809420486,0.999998960148552,0.9999990591820233,1.0000081691756793,0.02222240375945954,646246155,838861152,0.999998972527736,0.0,0.0,0.0,0.0,0.0,4.085130688321078e-07,0.0,4.951673561601306e-07,1.2379183904003266e-07
4b85a391-3a4d-4c5c-be61-52fd746042e4,1038,48,101,2005,10464775,100.0,25.0,101,0,101,7.3973144443872965,5.824994071418902,0.07324073707314155,0.30276259279034884,0.7823379530774403,4.767896628429681,0.047206897311184964,10104095,35685194,0.7663361241160144,0.23347058791509778,8.976558514146987e-05,0.0,0.0,0.0,5.7600408547227635e-05,0.0,3.80043932682739e-05,7.917581930890396e-06
4bccf9b1-3097-4e82-bd6a-d7b12c88eb11,1455,137,538,59879,19790275,540.0,25.0,538,14,524,52.726618521368344,32.828061466303076,0.10062331778887089,0.06983581923850489,0.3002572397631225,42.34874245164997,0.08081821078559154,5809755,78379424,0.7080226274601941,0.0001652393259268248,0.0,0.03185710929290478,0.0,0.0,0.25988806756911437,0.0,4.957179777804744e-05,1.738455408188469e-05
4bdb7fa2-e024-4677-945d-002b420ee54a,1452,61,153,8258,3573376,220.0,25.0,153,0,153,41.14102362818814,41.028402896649425,0.2688955792692035,0.024381799474328402,0.12190899737164201,41.11448565534428,0.2687221284663025,3281136,3280896,0.9998537092031541,0.0,0.0,0.0,0.0,0.0,2.4381799474328403e-05,0.0,9.752719789731361e-05,2.4381799474328403e-05
4bef87ce-9978-4ca8-aa8d-6434ed707cfd,363,54,146,3437,117117714,223980.0,340.0,146,0,146,5.872154916032164,4.98426555616861,0.04022023915090523,0.24525923725710258,0.8992838699427095,5.839582261920632,0.0399971387802783,116251230,116163230,0.98222289777063,0.0,0.0,0.0,0.00081719565461802,0.015209834769060078,0.0017466309818829444,0.0,2.752659047134383e-06,6.881647617835958e-07
4c0209bb-6570-4eab-9773-11165f5a9f81,405,19,42,447,2597848,740.0,180.0,42,0,42,1.8250671176851945,1.690577295751821,0.04345397899250463,0.7140908833870544,0.9997605005538425,1.8224036016641796,0.04339056194438523,2405016,2404712,0.999773806078629,0.0,0.0,0.0,0.0,0.0,5.987486153938269e-05,0.0,0.00013305524786529486,3.3263811966323716e-05
4c149784-0b88-46e8-9ca4-89ac5a1f10e8,1274,17,38,431,119558691,160.0,25.0,38,0,38,1.00008190520854,1.000009727318369,0.026317944873908945,0.9999951363759757,0.9999956730517302,1.0000314416943707,0.026316616886693966,119252639,170393900,0.999995304087149,0.0,0.0,0.0,0.0,0.0,1.3416893860101494e-06,0.0,2.683378772020299e-06,6.708446930050747e-07
4c1717ea-15bf-4102-bfba-fadb4959b657,932,32,53,777,718314276,600.0,60.0,53,0,53,1.025230653647045,1.0060373816875547,0.019343974597114056,0.9969934150605063,0.9997291811158703,1.2288825596541673,0.02318646338970127,717911532,1280353864,0.9998109850671684,0.0,0.0,0.0,0.0,0.0,0.0001884577611158919,0.0,4.4573737255414363e-07,1.1143434313853591e-07
4c29806a-64f6-4b9b-ac8d-305b9c0f47b5,637,28,46,627,4766056,180.0,60.0,46,0,46,1.0315171874194355,1.00711119123331,0.022424286683031206,0.996462081417396,0.9991851644209357,1.0291873732623769,0.022373638549182107,4594792,4593776,0.0,0.0,0.0,0.0,0.0026116524970009524,0.9966118161605574,0.0006894762592082514,0.0,6.964406658669206e-05,1.7411016646673016e-05
4c3e1a7e-b6d1-41eb-a72a-c797ee0134d1,1510,36,99,2322,87337567,180.0,25.0,99,0,99,2.235646457823455,2.0380237259363407,0.022582287452762174,0.574374276637758,0.9999844489230874,5.000022853675121,0.05050528135025375,85910449,3156214512,0.9999849145241925,3.6316886203213767e-06,0.0,0.0,0.0,0.0,6.7977761354733465e-06,0.0,3.724808841355258e-06,9.312022103388145e-07
4c4f97c8-db43-4ff2-97ac-e98a19fb1d10,1683,28,52,725,681379336,340.0,25.0,52,0,52,1.0003228206524737,1.000045286499478,0.01923697732023988,0.9999773574914806,0.9999900997745427,1.0002522706011139,0.01923562058848296,681196608,681193040,0.9999781208540603,0.0,0.0,0.0,1.2742283061984948e-05,0.0,8.549660893202803e-06,0.0,4.697615875386156e-07,1.174403968846539e-07
4c5306f3-b04d-4a55-bf01-cec3f3b9e317,1205,27,41,539,466226728,220.0,25.0,41,0,41,1.0000237960697353,1.0000026116636564,0.02439082429438379,0.9999986941707076,0.9999988316264224,1.0000021317198138,0.024390295895605214,465604504,3119591744,0.9999987113526719,0.0,0.0,0.0,0.0,0.0,4.2954910934452644e-07,0.0,6.872785749512423e-07,1.7181964373781058e-07
4c9d67d5-1f7a-43f2-acf9-395b48b5d94c,959,42,289,30304,17531672,280.0,60.0,289,0,289,5.237482245533826,4.571096168229529,0.018122775936103206,0.28204666427477837,0.9871633249617242,5.205439655969003,0.018011901923768177,17102248,17087232,0.987213844636097,0.0,0.0,0.0,0.012756217779089626,0.0,6.548846677933802e-06,2.8066485762573434e-06,1.5904341932124947e-05,4.677747627095573e-06
4cb68ca4-7ed5-4c1c-b43f-cd1bffa44b94,1200,29,53,741,246504,60.0,25.0,53,0,53,2.1919120553493987,1.3884892406959084,0.04135683123300752,0.8464163822525598,0.9571103526734928,2.0130893412166047,0.03798281775880386,70320,69232,0.0,0.0,0.0,0.0,0.10341296928327645,0.8482366325369738,0.042662116040955635,0.0,0.004550625711035267,0.0011376564277588168
4cc52e9e-1158-46d0-91a6-31e2a09ec674,22,26,52,791,2388909299,26520.0,80.0,52,0,52,1.142435187770974,1.057984565933851,0.021969907457134116,0.9718341122374259,0.9999931117316132,1.1119209729565334,0.02138309563377949,2387537633,4743576398,0.998863362000041,0.0011313513817187233,0.0,0.0,0.0,0.0,5.132484544171371e-06,0.0,1.206263708765591e-07,3.350732524348863e-08
4ce3adf4-da4c-4fd4-b290-5e6450a3b0ca,1333,27,44,543,822640,100.0,60.0,44,0,44,1.025175564114446,1.0048892848951003,0.023299444638964682,0.9975640876928431,0.9986467153849127,1.0155918972172022,0.023081634027663687,620712,620104,0.0,0.9977316372166157,0.0,0.0,0.0,0.0,0.0016239415381046282,0.0,0.0005155369962236915,0.00012888424905592287
4d394aea-b38b-468b-88c3-336c27d16c08,1425,72,149,4194,16376477782,9340.0,100.0,149,0,149,3.2436840550350587,2.358324015150512,0.021769691644530596,0.4937023612947876,0.9311823837782846,4.031051578644721,0.0270540374405686,16369323857,20307776936,0.9957550908267793,0.004244486431263842,1.954876101147933e-09,0.0,3.6751670701581137e-07,0.0,2.6879546390784074e-08,0.0,2.150363711262726e-08,4.887190252869832e-09
4d441675-ecb5-45f3-80ae-45d52721449c,1032,17,38,431,580725,80.0,25.0,38,0,38,1.0168674887964524,1.0030197391958189,0.02675967075780138,0.9984935104064665,0.9986597437409255,1.00780216281669,0.02652110954780763,385001,461100,0.9985454583234848,0.0,0.0,0.0,0.0,0.0,0.00041558333614717885,0.0,0.0008311666722943577,0.00020779166807358943
4d60fd1c-5c5c-4f2a-afaf-5cfa88735020,1640,22,38,452,8002919721,2720.0,25.0,38,0,38,1.0000036888514185,1.0000003816229166,0.02631588654872154,0.9999998091885945,0.9999999166527782,1.0000033172864184,0.02631587677069522,8002666280,10208937720,0.9999998421775999,0.0,0.0,0.0,0.0,0.0,1.0783905885926809e-07,0.0,3.99866730416753e-08,9.996668260418826e-09
4d78a799-3982-4d7b-9eb6-488d1d268322,1634,253,64,23788,617864,760.0,140.0,64,0,64,21.715035232167725,17.99192361418178,0.3392974255026207,0.08594569642032818,0.3867556338914768,21.829530002560364,0.3410864062900057,23829,19309,0.0,0.0,0.0,0.0,0.02236770321876705,0.0,0.95950312644257,0.0,0.014771916572243905,0.0033572537664190694
4d8aea12-5a06-412c-9666-b91934c60049,678,29,70,949,9750892,260.0,60.0,70,0,70,11.614506155672913,9.216010894867836,0.16592151650961304,0.19159280531625889,0.5605633767437538,11.6112522152827,0.1658750316468957,9554388,9554148,0.9957209190164771,0.0,0.0,0.0,0.004228842286915708,0.0,1.0047739321451044e-05,0.0,3.181784118459497e-05,8.373116101209204e-06
4d8c3949-10d9-49f8-ab59-6813053bb3d9,951,18,33,433,187360,420.0,160.0,33,0,33,33.0,32.99999999999999,1.0,0.030303030303030304,0.15151515151515152,33.0,1.0,528,264,0.0,0.0,0.0,0.0,0.0,0.0,0.18181818181818182,0.0,0.6666666666666666,0.15151515151515152
4d8f847f-6fb9-4253-8181-58f8c7919dc2,678,29,70,949,21920984,260.0,25.0,70,0,70,11.078394551444653,8.950898093686797,0.15826277930635219,0.19464370057127867,0.5691197091511431,11.07692249148705,0.15824174987838643,21714096,21713856,0.995430249548496,0.0,0.0,0.0,0.004547644995214169,0.0,4.4210912579552014e-06,0.0,1.4000122316858136e-05,3.6842427149626677e-06
4d987ca7-f87e-4477-8204-5248b357eb62,1789,32,75,1025,9827696,160.0,25.0,75,0,75,12.01303541311084,12.002200075628712,0.16017380550814453,0.08332569514461174,0.4166284757230587,12.008316780558571,0.1601108904074476,9600880,9600536,0.49996416995108783,0.0,0.0,0.49996416995108783,0.0,0.0,2.999725025206023e-05,0.0,3.3330278057844695e-05,8.332569514461174e-06
4d9c9f54-19bd-4f2d-ab4e-daee7324b605,637,28,46,627,1145816,180.0,60.0,46,0,46,1.0817056826898706,1.0195898227444602,0.023515340928040664,0.9903406244096363,0.9965337954939342,1.0720074763476808,0.023304510355384365,973976,972960,0.0,0.0,0.0,0.0,0.005667490780060289,0.9906691745997848,0.0032526468824693833,0.0,0.00032855019014842255,8.213754753710564e-05
4d9cf704-a371-4426-9131-4c56c46bac78,165,34,59,1006,99431872,1660.0,60.0,59,0,59,1.1148895387295117,1.0364668410768965,0.018896432859822232,0.9821932115261335,0.9999462356880732,1.1146591124148393,0.018892527329065073,99247992,99246416,0.0,0.9932448809644431,0.0,0.0,0.0,0.0067015965421245,4.9975822180865885e-05,0.0,2.740609603466839e-06,8.06061648078482e-07
4db9b140-5759-4a8e-8616-154662ff8702,1837,22,45,579,198444,25.0,25.0,45,0,45,13.111884964512322,7.007795600179582,0.29137522143360717,0.20819112627986347,0.735494880546075,8.727954961308132,0.19395455469573628,2344,2032,0.7286689419795221,0.0,0.0,0.0,0.0,0.0,0.10068259385665529,0.0,0.13651877133105803,0.034129692832764506
4dc76af5-0dcc-4993-8028-1d577f2f2045,1465,244,961,217600,67235644,1220.0,80.0,961,30,931,22.342523915237116,6.232900394343719,0.023998414516903453,0.36006635528494374,0.6284589937565199,39.188227498598955,0.042092618151019286,22803308,427863012,0.6553205350732446,0.0001650637705722345,0.0,0.058395913435015656,0.015091099940412155,0.0,0.27101002187928175,0.0,1.2629746526249613e-05,4.736154947343605e-06
4dd8018d-f4c4-40bb-bec5-10de281849ff,1349,32,64,1380,24237652,100.0,25.0,64,0,64,5.97408520259292,5.665542129673889,0.09334508129051437,0.1979936800321395,0.8909715601446277,5.972950840496138,0.09332735688275215,24015312,24014952,0.0,0.9999681869633841,0.0,0.0,0.0,0.0,1.5156996502897818e-05,0.0,1.332483209045962e-05,3.331208022614905e-06
4dda623c-810f-4efb-8823-3c70ae8f62a3,1510,36,99,2322,78877596,160.0,25.0,99,0,99,2.1336800914556626,1.8421033790864472,0.021552324156117804,0.6732355867448616,0.999982750267855,5.000022853675121,0.05050528135025375,77450478,3156214512,0.9999832667269013,4.028380560801703e-06,0.0,0.0,0.0,0.0,7.540302075346778e-06,0.0,4.1316723700530295e-06,1.0329180925132574e-06
4e19f194-985a-42ff-ae2f-3aab6547e39e,467,22,48,624,84086336,480.0,120.0,48,0,48,1.0001684552072136,1.0000209809397163,0.020836842816816952,0.9999895096925673,0.999992179952641,1.000095401416789,0.02083532086284977,83886960,83886560,0.9999896050589985,0.0,0.0,0.0,0.0,0.0,5.626619441209933e-06,0.0,3.814657248277921e-06,9.536643120694802e-07
4e203a6d-d5a1-42ca-bdd0-89421854fab2,8,181,538,87573,9054511,16540.0,440.0,538,0,538,83.50790409765101,80.54576681854321,0.1552191525978643,0.013621920185806023,0.0680263580766066,159.29860807130783,0.29609406704704055,8024713,28626339,0.9925278324595533,0.0,0.0,0.006956385854547073,0.0,0.0,0.00046593566648427175,0.0,3.9876815532219036e-05,9.969203883054759e-06
4e2df3b5-64f1-4c1b-90b9-5b2eaf6aceb4,570,192,688,99005,20344613,25740.0,400.0,688,50,638,68.29047564533505,53.57389289591963,0.10703836308046247,0.028180937620592608,0.1397712582496912,87.80258599893423,0.13762160814879973,7996966,134631956,0.839524264577341,0.0008168097751072094,0.0,0.0443403160648676,0.0,0.0,0.11526996613465657,0.0,3.601365817986471e-05,1.2629789847799779e-05
4e2e4d7c-72ed-4580-908c-4139ebef011e,1746,143,396,49847,24572848,1180.0,80.0,396,0,396,120.13692857204335,120.02496068339221,0.30337608225263474,0.008332466756790627,0.041662333783953134,120.1228900970796,0.30334063155828184,24002496,24002208,0.49998800124787024,0.0,0.0,0.49998800124787024,0.0,0.0,9.332362767605502e-06,0.0,1.1332154789235253e-05,3.332986702716251e-06
4e54a25b-fd0e-4a1d-992d-fc096136d0d4,1475,64,168,6490,3526600,660.0,80.0,168,0,168,40.284822692725335,40.06837470794202,0.23979061126622223,0.02497864326001269,0.12489321630006345,40.24845627506718,0.23957414449444747,3202736,3202408,0.49967277977329383,0.0,0.0,0.49967277977329383,0.0,0.0,0.0005295472371122691,0.0,9.991457304005076e-05,2.497864326001269e-05
4e7446b6-2d3f-4788-9a49-9e6d49aa308f,1515,17,38,431,25660846,100.0,25.0,38,0,38,1.0003490501763008,1.0000456393707657,0.026324975004639494,0.999977181088599,0.9999796990374431,1.0001334347683368,0.026319300914956233,25417514,36700460,0.9999779679476128,0.0,0.0,0.0,0.0,0.0,6.294872110624194e-06,0.0,1.2589744221248388e-05,3.147436055312097e-06
4e7d9a94-bd37-4126-977f-3bef5474d59e,1445,22,45,579,203556,60.0,25.0,45,0,45,17.12131748478395,8.847789342585179,0.3804737218840878,0.18385650224215247,0.6524663677130046,10.999638226999672,0.24443640504443714,1784,1472,0.6434977578475336,0.0,0.0,0.0,0.0,0.0,0.13228699551569506,0.0,0.17937219730941703,0.04484304932735426
4e8d50b6-5297-4b55-9c9d-302de5b97e86,1184,43,78,1130,308979952,1740.0,140.0,78,2,76,1.837695086658735,1.5014273430290375,0.024180198508667566,0.7945140690297882,0.9900500594258744,1.8376560204113974,0.024179684479097335,308727472,308727064,1.8138975335502374e-07,0.9999964240305768,0.0,0.0,7.25559013420095e-07,0.0,1.3733795611166084e-06,0.0,1.0365128763144214e-06,2.5912821907860536e-07
4ea42592-ecd2-4d32-9cf6-d74679a07933,547,27,44,572,283288111,400.0,25.0,44,0,44,1.0000411559044478,1.0000046449895588,0.022728208088737448,0.9999976775132474,0.9999979040973207,1.0000051291835108,0.022727389299625245,282455863,1336934744,0.9999977058362566,0.0,0.0,0.0,0.0,0.0,8.780132845038518e-07,0.0,1.1329203671017444e-06,2.832300917754361e-07
4ecd6fa6-0f1a-4d3f-8c6a-5ce864e309b9,623,218,96,1165,927817738,3880.0,440.0,96,0,96,2.1373505904765224,2.030963859850766,0.02226406865079711,0.5386471773040418,0.9991156587387467,2.1173181743551215,0.022055397649532515,926247633,1079904351,2.0763345907519314e-05,0.9981840374646334,0.0,0.0003101805497407409,3.895286607442267e-06,0.00145759616748192,2.3095335672506923e-05,0.0,3.454799651833496e-07,8.63699912958374e-08
4ed34ff6-d4b7-419f-a4c6-1ba0823b5ac6,1038,54,118,2573,30039036,160.0,25.0,118,0,118,11.136306246829328,8.57044967754841,0.09437547666804515,0.2533986510033778,0.618367836896366,8.42633344282533,0.07140960544767229,29606894,133679386,0.8402719312603342,0.1577618037204443,0.0019227616378806908,0.0,0.0,0.0,2.7831355764640493e-05,0.0,1.2969952200997511e-05,2.702073375207815e-06
4f039105-19a1-47dd-9157-017531ffaef2,1526,17,38,431,33859287,120.0,25.0,38,0,38,1.0002687589848638,1.000034511528241,0.026322862078549048,0.9999827446784514,0.9999846487139327,1.0000954437819103,0.026318301152155534,33612819,52429100,0.9999833396895392,0.0,0.0,0.0,0.0,0.0,4.76008870306296e-06,0.0,9.52017740612592e-06,2.38004435153148e-06
4f03932b-b2ba-4de3-8936-40ececb5714e,1777,38,91,1496,29057952,120.0,25.0,91,0,91,15.125764445379437,14.401000013344833,0.16621719170746635,0.08333043991528072,0.4166521995764036,15.123661978494843,0.16619408767576752,28801000,28800664,0.3333262039512517,0.0,0.0,0.6666479636123746,4.166521995764036e-06,0.0,7.777507725426201e-06,0.0,1.1110725322037429e-05,2.7776813305093573e-06
4f0d457e-d4c3-4251-9d6b-6b9558923578,1634,251,65,23358,628000,25.0,25.0,65,0,65,22.226674562687396,18.339496759947753,0.34194883942595994,0.08501099995849072,0.38254949981320824,22.33088665538334,0.34355210239051287,24091,19515,0.0,0.0,0.0,0.0,0.03233572703499232,0.0,0.9497322651612635,0.0,0.014611265617865594,0.0033207421858785437
4f53e263-d505-4488-8892-cbe715b69d55,1065,105,363,32546,12367234,540.0,80.0,363,0,363,36.78913058908825,23.977137577883518,0.10134746718757094,0.10530131777964655,0.3824173095016876,58.80075595183883,0.16198555358633288,10887708,91532368,0.8762361187496946,0.0,0.0,0.08942635125776702,0.0,0.0,0.03430115870117016,0.0,2.6451848267789694e-05,9.919443100421136e-06
4f67e3c0-47e7-404d-815f-7159715fb391,1607,256,79,23510,1791456,80.0,25.0,79,0,79,1.299730974437755,1.0775219922168848,0.016452290815667785,0.9632664764662873,0.981128108079693,1.258092836982321,0.01592522578458634,1046265,1041297,0.0,0.0,0.0,0.0,0.0006661792184580388,0.0,0.021868264732166326,0.9770220737576044,0.00036701982767272154,7.646246409848366e-05
4fb24670-daaa-4f99-b008-97f005dd891d,1832,49,163,7523,9093208,180.0,25.0,163,0,163,22.06779344159131,22.01379834849928,0.13538523583798348,0.04544029372605864,0.22720146863029322,22.05808760600422,0.13532569083438173,8802760,8802376,0.999766436890248,0.00014631774579790884,0.0,0.0,0.0,0.0,4.180507022797395e-05,0.0,3.6352234980846914e-05,9.088058745211729e-06
4fc0591e-b55d-4494-acd0-007537b7e604,1550,35,112,2625,1486561,60.0,25.0,112,0,112,17.056306304641218,12.423271996251028,0.1522884491485823,0.1677449130570525,0.5139583814087336,24.598116203985555,0.21962603753558532,736690,1599314,0.6031329324410539,0.0,0.0,0.0,0.3899387802196311,0.0,0.006211567959385902,0.0,0.000608125534485333,0.00010859384544380947
502a3b08-4c1f-468c-97be-14024812f349,1038,47,94,2026,15948144,120.0,25.0,94,0,94,6.3536545204872885,4.298521623717489,0.06759206936688605,0.43164443804145763,0.8237269839345202,4.343067478738965,0.04620284551849963,15603829,55833746,0.782113992661673,0.21780897496377333,0.0,0.0,0.0,0.0,4.7296083544622286e-05,0.0,2.4609344283380702e-05,5.126946725704313e-06
5039ee09-d757-4a62-b05e-e0fae50c296f,1748,143,520,56159,29956283,680.0,25.0,520,16,504,7.59874804056803,3.410461224976274,0.015076881032873076,0.4855660767076524,0.8269109873985975,14.832117737103031,0.029428805033934587,22546538,340936256,0.6357973006764941,4.5062350592361454e-05,0.0,0.021135617361743075,0.001367305259902873,0.0,0.3416371950318936,0.0,1.2773579695472537e-05,4.745739678526255e-06
503a572d-5f4a-459e-ac38-d596f9c1aa4e,1084,52,86,2088,16789217856,7660.0,140.0,86,0,86,2.0305397711140096,2.007909350650088,0.023610927571093135,0.5031023565058832,0.9999314211730713,2.0526554328633253,0.02386808642864332,16788709454,20920270544,0.5036989320215559,0.4963006957044454,0.0,0.0,0.0,0.0,3.4654241982928773e-07,0.0,2.0966471601909466e-08,4.765107182252152e-09
503c8b6f-ccdd-481d-ac32-7c398fd691c3,1374,22,49,722,5426591714,1880.0,25.0,49,0,49,1.0000786771665189,1.0000102057206208,0.02040976892176569,0.9999948971768992,0.9999983282997454,1.0000613452898715,0.020409415209997377,5426212011,16805112520,0.9999959277300712,0.0,0.0,0.0,0.0,0.0,3.998553679070392e-06,0.0,5.8972999829585906e-08,1.4743249957396476e-08
503f52e1-49b5-433b-9258-d979d6d5dfc8,37,45,107,2320,2333624684,3640.0,80.0,107,0,107,4.833706678543667,4.187230075095303,0.04517482877143614,0.30607874095876053,0.968581319685462,2.482835069776746,0.023204066072679868,2293573800,300064055424,0.0,0.31056358334752515,0.0,0.6423025158379468,0.04713362526202558,0.0,9.417617170199624e-08,0.0,1.3952025437332778e-07,4.185607631199833e-08
506fd442-b290-4e3c-a29e-bbcc8f9db253,1064,18,21,164,679928,25.0,25.0,21,0,21,1.4315460273299636,1.248708616304527,0.06816885844428398,0.8879789844973669,0.999617675715008,1.4250691624877692,0.06786043630894138,648664,648336,0.9994573461761405,0.0,0.0,0.0,0.0,0.0,0.0003946573264432742,0.0,0.0,0.00014799649741622782
50788101-0028-4afa-b575-56b648bb2f2b,1710,62,111,4797,747457312,500.0,25.0,111,0,111,3.9125755722010562,2.9436592057838746,0.03524842857838789,0.47584268264825663,0.9604137483855623,3.912543808664898,0.035248142420404485,747083616,747083248,3.212491812964615e-08,0.9999989398777017,0.0,0.0,0.0,0.0,4.925820779879076e-07,0.0,4.283322417286153e-07,1.0708306043215383e-07
50869c35-7e4a-4ff0-829e-5504235d5f6d,1045,22,35,442,615722341,720.0,140.0,35,0,35,1.000016087786665,1.0000017414854494,0.028571888222476145,0.9999991292584014,0.9999992332275476,1.0000025171438036,0.02857150048982296,615567237,2208301328,0.9999991422545447,0.0,0.0,0.0,0.0,0.0,2.8591515178381723e-07,0.0,4.4186887093862665e-07,1.2996143262900784e-07
509df3c7-6f0c-4601-94e7-03a4a364b18b,22,26,52,791,2197921879,4180.0,100.0,52,0,52,1.1492286698502363,1.0613379978209752,0.022100551343273774,0.9702538503358638,0.9999931992935813,1.124061005263397,0.021616557793526867,2196683562,4099708051,0.9987652536546818,0.0012296463845437563,0.0,0.0,0.0,0.0,4.932435507522589e-06,0.0,1.3110673061066045e-07,3.641853628073901e-08
50b4844a-fef4-47c4-b111-0cae8e0877eb,1065,287,1139,384987,45746390,1360.0,80.0,1139,0,1139,140.32936076414117,97.32371478111833,0.12320400418274027,0.030315324664174765,0.15102663705803773,199.52205884735082,0.17517301040153715,42024686,248569624,0.813385875149668,0.0,0.0,0.16553425289126492,0.0,0.0,0.021070425130600617,0.0,6.853114857300778e-06,2.593713609186753e-06
50b7eb41-09b9-48bc-b8c2-99afd17e1db6,1611,25,52,649,12807204,120.0,25.0,52,0,52,1.1219306447128272,1.0311569582016338,0.021575589321400523,0.984758160874289,0.9938077924675954,1.1070466626094206,0.02128935889633501,12476972,12453012,0.0,0.0,0.0,0.0,0.006073268418010395,0.9862889810123803,0.007605691509125772,0.0,2.5647248386868223e-05,6.411812096717056e-06
50c8861f-dde3-4611-8ca1-db10fc842a55,1847,30,114,2920,634972,25.0,25.0,114,0,114,41.95076678596466,38.01475097416108,0.36798918233302336,0.050158535338038254,0.1755548736831339,42.27390348372473,0.3708237147695152,195540,185188,0.0,0.053963383450956325,0.0,0.0,0.9404725375882173,0.0,0.00245474071801166,0.0,0.002700214789812826,0.00040912345300194336
50cb5585-4af4-473e-95e9-754190c2155f,165,34,59,1006,99806296,2580.0,180.0,59,0,59,1.1888432205975838,1.0685115280155109,0.020149885094874302,0.9671269164963837,0.9999464377575424,1.188599569745485,0.020145755419415,99622416,99620840,0.0,0.9780088850685974,0.0,0.0,0.0,0.02193779359858127,4.9787991489786794e-05,0.0,2.7303092107302437e-06,8.030321208030129e-07
50e2e962-abd6-4ba4-8ead-4462d7653bd8,1461,148,331,30155,1085643476,1960.0,25.0,331,0,331,31.398008719457835,16.406399690183157,0.09485803238506899,0.14620595201524453,0.4686336475190619,31.312043361830504,0.09459831831368733,1082958483,1082496427,0.006580480334073897,0.9923704711402127,0.0,0.0,0.0010475489299066694,0.0,9.086220898091436e-07,0.0,5.17102002330407e-07,7.387171461862957e-08
51146a09-7c67-4403-9d61-1e36961a5494,1683,28,52,725,626197480,320.0,25.0,52,0,52,1.0003355533646614,1.0000471059378753,0.019237222180089643,0.9999764478342468,0.9999892270885893,1.0002617533449472,0.01923580294894129,626014616,626011184,0.999977278485779,0.0,0.0,0.0,1.2779254342521613e-05,0.0,9.303297161355734e-06,0.0,5.111701737008645e-07,1.2779254342521612e-07
5114f990-627e-43d5-b709-e4b6145f673d,1274,17,38,431,116675825,140.0,25.0,38,0,38,1.0000838123789644,1.0000099682981567,0.026317995062604325,0.9999950158878457,0.999995565858842,1.0000314416943707,0.026316616886693966,116369773,170393900,0.999995187753782,0.0,0.0,0.0,0.0,0.0,1.3749274908356142e-06,0.0,2.7498549816712285e-06,6.874637454178071e-07
512b8fe4-ef2c-47ad-bf22-99c026392aae,1538,68,138,3334,883929,25.0,25.0,138,0,138,10.835511336790068,10.212033913135471,0.07851819809268165,0.10543795901103549,0.5070125350867074,12.503042046095144,0.09060175395721119,416112,1687135,0.9890822663129157,0.0,0.0,0.001081439612412043,0.003744184258084362,0.0,0.004977025416234091,0.0,0.0009228284692582767,0.0001922559310954743
5137a1c6-266b-4fe5-9416-df29fea8ba00,1702,16,37,446,185480,25.0,25.0,37,0,37,25.789678363765013,12.800000000000002,0.6970183341558112,0.25,0.33333333333333326,25.789678363765013,0.6970183341558112,768,384,0.0,0.0,0.0,0.0,0.0,0.0,0.4791666666666667,0.0,0.4166666666666667,0.10416666666666667
513c407e-16df-47bd-ba01-bde8567b9f02,1097,30,56,657,2785024,60.0,25.0,56,0,56,1.120914119420636,1.039034807520681,0.020016323561082787,0.9809156136184184,0.9977903932038986,1.1110227368835321,0.019839691730063076,2563352,2560624,0.0,0.9966918316329556,0.0,0.0,0.003042890714970086,0.0,0.00010923197438354156,0.0,0.0001248365421526189,3.120913553815473e-05
5157e04e-d924-44da-99cd-ea5c41ba5b35,1169,32,117,3004,1088487,60.0,25.0,117,0,117,14.193270268796978,7.599195858767231,0.12131000229741007,0.2882397682585406,0.6541550013755604,21.586441477281145,0.18449949980582175,308965,745223,0.7867493081740651,0.0,0.0,0.0,0.2076513520948975,0.0,0.004201123104558769,0.0,0.0011392876215752593,0.000258929004903468
5191efc0-4e25-4352-b959-56fa98e1a311,336,68,391,46939,90180336,1000.0,25.0,391,0,391,66.7066567983553,41.65544651965522,0.17060526035384987,0.04946791012429485,0.1978716404971794,58.88390185690081,0.15059821446777702,77910710,75069366,0.6442661349126455,0.2174220206695588,0.0,0.0,0.13829993334677607,0.0,5.134082336048536e-06,0.0,5.75017221637436e-06,1.0268164672097071e-06
519fc5a8-6d43-4ea1-b31a-2d0c693777a0,351,25,49,554,18860232,500.0,60.0,49,0,49,4.780280377816148,4.314765024404126,0.09755674240441117,0.35921657643077326,0.9948301519323283,4.779116513871405,0.09753299007900827,18665152,18664784,0.7235704268574936,0.27639699907078175,0.0,0.0,0.0,0.0,7.714911724265626e-06,0.0,2.0573097931375002e-05,4.286062069036459e-06
52506155-f5fd-4778-9d45-3e47bf96bccf,1746,83,216,12992,12377464,580.0,80.0,216,0,216,60.08350412736894,60.01536056053188,0.2781643709600414,0.01666453360636505,0.08332266803182525,60.069463461298184,0.2780993678763805,12001536,12001248,0.49997600307160683,0.0,0.0,0.49997600307160683,0.0,0.0,1.8664277639128857e-05,0.0,2.266376570465647e-05,6.665813442546021e-06
5258f6e9-e21e-4932-bd54-453e3089b74f,1748,257,1002,237438,44631419,1180.0,25.0,1002,28,974,21.63840115002626,6.998111582123147,0.022216017607829836,0.30909759376910945,0.6449066479695432,32.35184546471394,0.03321544708902868,28034259,624827696,0.6366334490952659,0.000228934176573028,0.0,0.03660717410080288,0.003242247280372205,0.0,0.3232740697729874,0.0,1.0273144726243701e-05,3.852429272341387e-06
52714790-af2d-441d-9c66-e045a8e30b8f,336,67,256,14371,104357821,1140.0,25.0,256,0,256,62.933042395308895,46.41392991975082,0.24583219685667537,0.041400507045587905,0.18914732875958637,58.518187632999826,0.22858667044140557,92421670,92532808,0.539786394251478,0.34361898026729015,0.0,0.0,0.11658570982324816,0.0,3.202712091222762e-06,0.0,4.847348029958775e-06,8.655978624926384e-07
52838fe8-3006-4b37-95fa-30059c5b0566,1348,402,1635,710556,68980621,1560.0,80.0,1635,12,1623,29.85715399532316,7.448601587387019,0.01839627479687194,0.30136767242028395,0.6168606698941281,34.35854173595597,0.02116977309670731,30347691,528447268,0.6410666300773921,6.43212032177341e-05,0.0,0.02772375664428638,0.002984082050921106,0.0,0.32814822715836933,0.0,9.49001358950175e-06,3.492852223913839e-06
528cc828-77be-44e9-ab6c-07031b0829ea,1359,223,911,214064,45855606,500.0,25.0,911,12,899,11.443077730941436,3.9588280189575404,0.01272867378302718,0.4506162221611418,0.7682617209687499,32.245732161131386,0.03586844511805493,22051057,385064348,0.64176488229113,2.3309540218412206e-05,0.0,0.029192296768358994,0.002035503332107844,0.0,0.3269661857932706,0.0,1.3060598410316567e-05,4.7616765037612485e-06
52a79e53-e3ce-4392-8ae6-404be567bd6f,1475,54,138,4015,5097176,720.0,80.0,138,0,138,30.128029250949915,30.027698514314785,0.21831905254311532,0.033317951545703064,0.1665897577285153,30.108457689922393,0.21817722963711877,4802216,4801888,0.49981925011286454,0.0,0.0,0.49981925011286454,0.0,0.0,0.0002782048954066206,0.0,6.663590309140613e-05,1.6658975772851532e-05
52afea77-96fb-47ea-8793-23a26a964f41,1564,20,41,432,5011464,60.0,25.0,41,0,41,1.0066808418923372,1.0012257415850594,0.02455319126566676,0.9993876668482915,0.999820734837259,1.0059665718885016,0.024535770046061015,4802941,4802677,0.0,0.9993893324944029,0.0,0.0,0.0005007348622437794,0.0,2.6650337782621105e-05,0.0,6.662584445655276e-05,1.665646111413819e-05
52b7a75e-dab8-4539-ac08-968c0406ded2,35,181,537,87781,9369386,12320.0,240.0,537,0,537,83.63249341819046,80.92530313395146,0.15574021120705858,0.013245733437707609,0.0657209036823585,159.08191756341068,0.29624193214787836,8340497,30226975,0.9927364040775988,0.0,0.0,0.006693006423957709,0.0,0.0,0.0005283857784494138,0.0,3.2611965450020544e-05,9.59175454412369e-06
52c4aad5-eefe-401b-8cf7-de53f07eed2d,1205,27,41,539,284091040,140.0,25.0,41,0,41,1.0000380207412192,1.000004289632247,0.02439117123759071,0.9999978551907178,0.9999980809601161,1.0000025436127482,0.024390305941774347,283475088,2591076672,0.9999978834118927,0.0,0.0,0.0,0.0,0.0,7.05529369127491e-07,0.0,1.1288469906039856e-06,2.822117476509964e-07
52c9de5f-3230-43f4-9387-719525c2242b,1339,34,56,809,63341581,200.0,25.0,56,0,56,1.6434760504800046,1.2172332367656225,0.029347786615714366,0.9056452229123626,0.968451042163867,1.0692876116361767,0.019094421636360298,62883345,681216016,0.905645350132058,0.09156955629507305,0.0,0.0027758065351008283,0.0,0.0,2.9260529954314613e-06,0.0,5.088787818141671e-06,1.2721969545354178e-06
52e10fcd-f3a5-4843-96c7-5c5a0075cfe7,946,28,50,690,4657256,120.0,60.0,50,0,50,1.0333066314395574,1.0074877101811732,0.020666132628791148,0.996275801273758,0.9990667197250481,1.0308500825358438,0.020617001650716876,4483112,4482072,0.0,0.0,0.0,0.0,0.002676712069651617,0.9965167053600267,0.0007173588346666333,0.0,7.137898852404312e-05,1.784474713101078e-05
5301d037-aea2-460a-bb55-b23034801ffb,1521,17,38,431,29849207,80.0,25.0,38,0,38,1.000302681617159,1.0000391867043996,0.02632375477939892,0.9999804072183996,0.9999825691805072,1.0001053792127874,0.026318562610862826,29602739,47186220,0.9999810828315583,0.0,0.0,0.0,0.0,0.0,5.404905269069865e-06,0.0,1.080981053813973e-05,2.7024526345349325e-06
5312e9ac-9f81-4d69-a5a9-3545db543d54,293,55,185,7866,2595091,7520.0,520.0,185,0,185,32.13216160775182,31.777273706722106,0.17368736004190172,0.035069834374516676,0.17390518843289018,32.09032179154217,0.17346119887320094,2230635,6608200,0.5462892853380316,0.0,0.0,0.45314405987532697,0.0,0.0,0.00037298796082729807,0.0,0.00015780259881154917,3.5864227002624815e-05
53351ce9-7ae9-4aaf-8c89-6068470243a6,351,22,44,527,334432,120.0,80.0,44,0,44,2.9533957837997207,2.692617449174176,0.06712263144999366,0.4975842758317778,0.9957175798836061,2.897899084084072,0.06586134282009254,145712,145376,0.9958273855276161,0.0,0.0,0.0,0.0,0.0,0.000988250796090919,0.0,0.002635335456242451,0.0005490282200505106
5360bb05-bafb-48f1-9b68-37ae0345375c,1271,17,38,431,724719,60.0,25.0,38,0,38,1.012544974336301,1.0021857549917546,0.026645920377271082,0.9989088945785229,0.9990292924181343,1.0059880795590124,0.026473370514710853,531571,614700,0.9989465189034015,0.0,0.0,0.0,0.0,0.0,0.0003009945990281637,0.0,0.0006019891980563273,0.00015049729951408184
53677fb3-85a6-49f3-b524-2fbf3c785f21,1747,22,44,569,10666205821,1580.0,25.0,44,0,44,1.000047370104839,1.0000060037248866,0.02272834932056452,0.9999969981503363,0.9999991873057161,1.0000454916900612,0.022728306629319572,10665757312,21171235448,0.9999976604567993,0.0,0.0,0.0,0.0,0.0,2.3020400035143795e-06,0.0,3.0002557778055694e-08,7.500639444513924e-09
53700d07-edf8-46e0-926f-d329d348b60c,1692,63,106,3045,23312084845,3400.0,25.0,106,0,106,2.0601952673464687,1.9982746672128298,0.01943580440892895,0.5469203339861866,0.9975512139098517,2.0826287527977656,0.019647441064129863,23311513092,26557833080,0.996271510062132,0.0037280812127902865,0.0,0.0,0.0,0.0,3.9019346209326705e-07,0.0,1.5099834944682277e-08,3.431780669245972e-09
5388a6cc-1922-402c-936f-30173e8b8183,1767,73,123,4677,5165128,140.0,25.0,123,0,123,27.565048205517588,24.20939343557056,0.22410608297168771,0.045162871461362365,0.22581435730681182,27.550844198530275,0.22399060324008355,4884189,4883925,0.18065803759846313,0.8129841003286319,0.0,0.0,0.006249758148179769,0.0,3.275876506826415e-05,0.0,5.568990061604905e-05,1.9655259040958487e-05
53a6c0b5-c5cc-4bff-9fec-139313caa062,362,79,198,7581,7937029601,10500.0,160.0,198,0,198,5.508564387541752,4.627719842239638,0.02782103226031188,0.2368553120009332,0.9375601688343161,5.145818431110841,0.025988981975307277,7932974237,10803244052,0.9978024680934054,0.002190837317854761,5.491004848702624e-06,0.0,1.0049194364981018e-06,0.0,1.4824200417985045e-07,0.0,4.033796032104774e-08,1.0084490080261936e-08
53b605b6-788d-40d2-9efc-d668c14ba020,1636,60,186,6636,20709120,940.0,120.0,186,0,186,17.086234813690105,16.309408369902265,0.09186147749295755,0.07592901949909882,0.34811352210072144,18.306872577755847,0.09842404611696692,20025387,33737453,0.7289392709364368,0.2702080613972654,0.0,0.0,0.00025967038739376175,0.0005022624531550876,6.596626572060754e-05,0.0,2.0773630991500938e-05,3.9949290368271035e-06
53c91869-ea73-44ad-916a-2eecb5a658e6,766,17,35,401,183256,100.0,60.0,35,0,35,7.021511073073011,3.51460361613352,0.20061460208780033,0.37593984962406013,0.774436090225564,4.473193896008645,0.1278055398859613,2128,1864,0.7518796992481203,0.0,0.0,0.0,0.0,0.0,0.06015037593984962,0.0,0.15037593984962405,0.03759398496240601
53cd51cb-5676-4169-a9e4-0007fc1effa1,1636,59,186,6641,12988514,900.0,120.0,186,0,186,16.303607315182546,15.102242061070006,0.08765380276979863,0.07669434941533886,0.3834717470766943,18.755296975725443,0.10083492997701851,12312602,23303296,0.8548725119190891,0.14412981106674283,0.0,0.0,0.0005465132390375325,0.00030594670403542645,0.00010493314085844731,0.0,3.378652213398923e-05,6.497408102690236e-06
53e24dca-5e07-4a21-8e4d-633648cfd491,20,215,853,160890,47850044,38780.0,420.0,853,32,821,27.26626923500843,13.994516314052523,0.033211046571264835,0.10616190120983057,0.5303120794703311,79.42779473004781,0.09674518237521049,31817761,230171052,0.2843076544575214,0.00012753882964926412,0.0,0.04660447352030836,0.0,0.0,0.668935032857906,0.0,2.2126006917960065e-05,3.1743276970368847e-06
53e40c92-b36e-4bdc-942e-e8c44dc4f0a7,1856,363,1485,558425,66216476,1220.0,25.0,1485,58,1427,24.642977731584544,6.730415304308286,0.017269080400549787,0.32320369721926223,0.6345300584856508,25.723755955168315,0.01802645827271781,29360877,606966364,0.6198124803969581,8.187766325917308e-05,0.0,0.054650104627324315,0.00767320403951149,0.0,0.3177688459374017,0.0,9.80897130559145e-06,3.678364239596794e-06
5404bccf-87f4-4bcf-9a8b-c76b8339ddf7,766,17,35,401,192088,100.0,60.0,35,0,35,5.337919522535643,2.9751650424394844,0.1525119863581612,0.40934065934065933,0.8351648351648351,3.6585062429744664,0.10452874979927047,2912,2648,0.8186813186813187,0.0,0.0,0.0,0.0,0.0,0.04395604395604396,0.0,0.10989010989010989,0.027472527472527472
5434ab71-231c-4af5-bae8-1e68f2c23f5b,1751,231,1293,793519,29335040,1460.0,80.0,1293,0,1293,201.717644082018,201.13433622144692,0.15600745868678886,0.004973462620754825,0.024867313103774123,201.66949613571745,0.15597022129599183,28310256,28309536,0.994975107254417,0.0,0.0,0.004974027786961728,0.0,0.0,3.84313020694691e-05,0.0,9.607825517367275e-06,2.8258310345197867e-06
543f83fd-5a59-4403-9b78-ba1bcdaac717,1751,271,1533,1124479,35140024,1560.0,80.0,1533,0,1533,241.84024560779497,241.1570659929554,0.1577561941342433,0.004148026081656721,0.020740130408283607,241.79210013832403,0.15772478808762166,33943856,33943136,0.9958090795577261,0.0,0.0,0.00414849744825691,0.0,0.0,3.205292881280194e-05,0.0,8.013232203200486e-06,2.356833000941319e-06
5455a546-aaad-49e1-b440-4a8c37ea98c1,690,27,55,937,2065260863,640.0,60.0,55,0,55,1.0431644715507384,1.01429420083202,0.018966626755467973,0.9929033061548415,0.9999955655538855,1.1048041258715093,0.02008734774311835,2063842871,4129516728,0.9999937049471244,0.0,0.0,0.0,0.0,0.0,6.070229558672638e-06,0.0,1.8606067612789695e-07,3.876264085997853e-08
5477b875-462a-41ad-a0bf-32803a8cf174,289,36,50,626,113748213,300.0,25.0,50,0,50,1.1740542055874696,1.0757060271862593,0.023481084111749394,0.9635036852085486,0.9999549657349612,1.0996126164242686,0.02199225232848537,113469155,221196134,0.9635231442412698,0.036471426970615936,0.0,0.0,0.0,0.0,1.9036010270808837e-06,0.0,2.8201496697494573e-06,7.050374174373643e-07
54839311-8587-471d-91ff-9ac2dbab97f5,1827,24,61,1192,17577031,25.0,25.0,61,0,61,1.0012115259330385,1.0001716497189808,0.016413303703820305,0.9999141860556037,0.9999399417885788,1.0009075659855802,0.01640832075386197,17316533,25552496,0.9999220398217126,0.0,0.0,0.0,0.0,0.0,5.301292123544592e-05,0.0,2.0327394634942224e-05,4.6198624170323236e-06
54a5c34b-b2ba-4d93-b594-8475b3bfb626,1526,17,38,431,33723260,80.0,25.0,38,0,38,1.0002697809108554,1.000034651763319,0.0263228889713383,0.9999826745645162,0.9999845863367074,1.0000954437819103,0.026318301152155534,33476792,52429100,0.999983271993326,0.0,0.0,0.0,0.0,0.0,4.779430478284777e-06,0.0,9.558860956569554e-06,2.3897152391423884e-06
54a7f937-087e-443c-b8b5-ecc77033cbe5,10,34,65,833,78814964,1500.0,80.0,65,0,65,4.531489382953818,3.596717925011433,0.06971522127621257,0.3601467730722677,0.9334223961868005,4.529750282278052,0.06968846588120081,78611150,78608198,0.17340400184961038,0.8265115063193962,0.0,0.0,7.624872553066581e-05,0.0,4.172436098441506e-06,0.0,3.0530020232498824e-06,1.017667341083294e-06
54bcd0c0-040b-4896-81df-de1abdd4c884,1181,25,70,952,787210,25.0,25.0,70,0,70,2.7934784016267202,2.107868707840767,0.03990683430895314,0.5906511235524197,0.9513766393128308,2.67226547550941,0.03817522107870586,547638,704036,0.9448467783462798,0.0,0.0,0.015922927189128584,0.038090855638213565,0.0,0.0004090293222895416,0.0,0.0005843276032707738,0.00014608190081769344
54cdaee8-590d-48cf-8e31-5556e3e7adf0,1710,62,111,4797,617886348,460.0,25.0,111,0,111,4.1424027309087625,3.008949754680936,0.037318943521700565,0.47062420685627004,0.951808115243024,4.142362656837956,0.03731858249403564,617520484,617520116,3.8865107509534855e-08,0.9999987174514522,0.0,0.0,0.0,0.0,5.959316484795345e-07,0.0,5.182014334604648e-07,1.295503583651162e-07
54f13dfd-b5e4-4a73-b32d-94ff80ba929c,1465,184,605,78634,37888909,1440.0,80.0,605,32,573,15.130512348154074,5.749640071036613,0.026405780712310777,0.35864214760178864,0.6840979936892445,31.654865611474662,0.05524409356278301,20443194,384775440,0.6615246130325819,2.0055574486061228e-05,0.0,0.03797625752609891,0.0018101868034906875,0.0,0.29864971197749235,0.0,1.4087818175574717e-05,5.0872676745130926e-06
5534938a-7e7c-4ada-86a8-d8e043e7a9fa,1195,201,578,101611,223896417,1340.0,25.0,578,0,578,112.49085416379309,100.34680378769708,0.19462085495465933,0.010766838267338655,0.053834191336693274,142.8069290346747,0.24707081147867596,222906664,257918255,0.09554180488744832,0.0,0.0,0.9044204438858768,0.0,0.0,3.5813195786735204e-05,0.0,1.5791362792096695e-06,3.5889460891128854e-07
55619bbc-3d45-4402-ab0f-b26f148dad5a,339,29,43,630,1410012928,760.0,25.0,43,0,43,1.0000453502250344,1.0000054587698926,0.02325686860988452,0.9999972706259126,0.9999985416857787,1.000033735296663,0.023256598495271234,1409847048,1409846024,0.0,0.9999974578802678,0.0,0.0,0.0,0.0,2.247052263218272e-06,0.0,2.2697497608265376e-07,6.809249282479613e-08
556d4c0e-2ecd-4770-a315-e561a05c4fab,1603,22,46,608,4767937148,1800.0,60.0,46,0,46,1.000069112147948,1.0000089248748771,0.021740632872781475,0.9999955375909236,0.9999986571871723,1.0000416545378086,0.02174003596821323,4767604143,14768558996,0.9999964739102711,0.0,0.0,0.0,0.0,0.0,3.4421901457769583e-06,0.0,6.711966648276319e-08,1.6779916620690797e-08
556f529d-9ada-48cb-b130-51ec4361244d,1031,17,37,427,432394,120.0,60.0,37,0,37,1.024667000362366,1.004587780508459,0.027693702712496375,0.997713899331074,0.9979714881388405,1.0108826563453885,0.02732115287419969,248458,307488,0.9977460979320448,0.0,0.0,0.0,0.0,0.0,0.0006439720194157564,0.0,0.0012879440388315127,0.0003219860097078782
559b1652-844f-4567-8936-66f3621eafb9,1363,24,37,469,3025968,80.0,25.0,37,0,37,1.0076858171288468,1.001493286200897,0.027234751814293155,0.9992541197360475,0.9998218793399516,1.0063878131084332,0.02719967062455225,2874456,2874152,0.0,0.0,0.0,0.0,0.0,0.9997884817161926,7.236151814465067e-05,0.0,0.00011132541253023181,2.7831353132557953e-05
55a1ac80-5bfe-48b8-a583-46cfc63be448,1701,30,61,788,27219892,540.0,80.0,61,0,61,2.329073254406086,1.8683994924856993,0.03818152876075551,0.6892167486960076,0.9981044320212947,2.3183019125483972,0.0380049493860393,26919636,26903972,0.0,0.3086618258879875,0.0,0.0,0.0,0.689605015461576,0.0017182996085088223,0.0,1.1887233542088014e-05,2.9718083855220034e-06
55abcdb2-73e7-43c5-8fa8-706c9465e9a3,1181,18,54,762,215816,25.0,25.0,54,0,54,20.022118785338154,17.243016596005578,0.3707799775062621,0.06201935003721161,0.31009675018605803,18.499143642832532,0.3425767341265284,16124,15812,0.0,0.0,0.0,0.0,0.9612999255767799,0.0,0.013892334408335401,0.0,0.019846192011907716,0.004961548002976929
55bde233-8163-41de-8228-5d2570cb453b,620,26,73,1194,408905062,1280.0,120.0,73,0,73,4.962579384272141,4.054177313719461,0.06798053951057728,0.3748975462898822,0.9525163357086591,4.845557053624493,0.06637749388526702,398963102,395832422,0.0,0.9374250955167278,0.0,0.0,0.06257346074073787,0.0,3.609356335914994e-07,0.0,8.822871043347764e-07,2.0051979643972188e-07
55dc310a-25a0-4802-af97-9a57a0ed431f,1625,240,940,211084,59363126,1040.0,25.0,940,20,920,11.372204430617412,4.567049516775533,0.01236109177241023,0.3835037971585766,0.7687293349998906,17.957972398021646,0.01951953521524092,38181708,703365076,0.43837371025937344,0.00022314350107124594,0.0,0.028240276731465234,0.0030249039671038287,0.0,0.5301275940824858,0.0,7.542878909450567e-06,2.828579591043963e-06
55e98e3a-491e-4175-923c-d3e8b8e084b7,1363,28,46,630,3982155192,1440.0,25.0,46,0,46,1.0000621115445576,1.0000080201690609,0.02174048068575125,0.9999959899380071,0.9999991622265277,1.0000577321029365,0.021740385480498618,3981983328,3981982304,0.9999960562366272,0.0,0.0,0.0,3.0437093783834147e-06,0.0,7.955834414784371e-07,0.0,8.036196378570071e-08,2.4108589135710215e-08
55fd0c01-1c35-4f89-baa7-e8119eceaf06,1445,22,45,579,203556,25.0,25.0,45,0,45,17.12131748478395,8.847789342585179,0.3804737218840878,0.18385650224215247,0.6524663677130046,10.999638226999672,0.24443640504443714,1784,1472,0.6434977578475336,0.0,0.0,0.0,0.0,0.0,0.13228699551569506,0.0,0.17937219730941703,0.04484304932735426
55fdc99e-8976-4ee5-a974-670898e35852,1847,116,278,38147,23838956513,3800.0,25.0,278,0,278,1.6404701638500268,1.1241946084948735,0.005900971812410168,0.943132454856438,0.9463775546957351,1.640459492161872,0.005900933425042706,23816803127,23816792815,0.0,0.9999926070682509,0.0,0.0,7.34355484518088e-06,0.0,2.3848708702474215e-08,0.0,2.216922217413096e-08,3.3589730566865093e-09
5607437e-7549-4b1b-a5c7-129cb4b94028,1603,19,43,443,28090112,120.0,25.0,43,1,42,1.1329991873360319,1.0554816341610964,0.02697617112704838,0.9729897222224214,0.9999685835258607,1.1328022110412197,0.026971481215267136,27883460,27883116,0.0,0.9729900091308611,0.0,0.0,0.0,0.026985316743330993,1.0328703826569586e-05,0.0,1.1476337585077319e-05,2.8690843962693297e-06
560a44b2-c769-46dc-960c-b611439efb5f,1676,35,66,895,102694624,220.0,25.0,66,0,66,3.7767821258275096,2.9387972938882845,0.05722397160344712,0.49460779874528077,0.9635208646258482,3.776588716405071,0.05722104115765259,102473920,102473560,0.062539932111507,0.9368669803985248,0.0,0.0,0.0,0.0,3.435020344688678e-06,0.000585749037413617,3.122745767898798e-06,7.806864419746995e-07
561a9fa7-945d-4b22-bca4-2bd6ac323c79,1281,64,233,13046,12786872,6020.0,160.0,233,0,233,42.09100690687186,42.017526607334446,0.18064809831275477,0.023804556867719203,0.11902278433859602,42.07915559968143,0.1805972343333967,12434594,12434242,0.49996324769429545,0.0,0.0,0.4999227156109801,0.0,0.0,8.186837463289915e-05,0.0,2.573465607320995e-05,6.433664018302488e-06
561c1618-520d-4d3b-a2df-94ac8a1dbc2c,226,6161,12284,152962727,140086280,9020.0,60.0,12284,0,12284,5866.422075143889,5738.120811536122,0.47756610836404173,0.0020491251757961317,0.002751538276208724,5963.521034800316,0.48547061501142263,110833639,118002636,0.0,0.9977151702110945,0.0,0.0,0.00019199947048567087,0.0020876333402713595,1.5879655453702103e-06,0.0,2.8872100824912914e-06,7.218025206228229e-07
5649d72f-ca9a-491c-9c6b-4e1ae95a146e,1538,24,62,797,267816,25.0,25.0,62,0,62,42.30603597180909,22.493445684436548,0.6823554189001466,0.16212792906903103,0.34135528815706145,38.12811713553401,0.6149696312182905,1579,1318,0.0,0.18999366687777075,0.0,0.0,0.12096263457884737,0.0,0.39518682710576314,0.0,0.24319189360354654,0.0506649778340722
565bcfcf-10cc-423b-b973-7dd621281b99,1273,17,38,431,59032547,120.0,25.0,38,0,38,1.000159186787932,1.0000197339049954,0.026319978599682423,0.9999901331922085,0.9999912219434133,1.000061332380012,0.026317403483684526,58782943,83886380,0.9999904734269599,0.0,0.0,0.0,0.0,0.0,2.721878011449682e-06,0.0,5.443756022899364e-06,1.360939005724841e-06
566e0aee-0c5b-474e-80ed-d3de56dcd6eb,1348,222,889,192280,41888773,1340.0,80.0,889,4,885,16.593507623898116,4.695272293006392,0.018749726128698435,0.4274974686095681,0.6819228339232922,33.983245966218114,0.03839914798442725,19319422,414973300,0.6927484165934157,0.000233443836984357,0.0,0.0364241228334885,0.0025947463645651513,0.0,0.2679789281480574,0.0,1.4907278281927897e-05,5.434945206952879e-06
56a280f6-e2a7-4139-bc75-b39eebce2c67,1417,70,300,13016,17956789173,21880.0,280.0,300,0,300,10.32624255642323,9.005793479973358,0.034420808521410766,0.15662476839590528,0.6070577462978368,10.285798657852984,0.034285995526176616,17921285048,17909936344,0.0006005930362232136,0.6192191335764975,0.0,0.0,0.00010191601746794558,0.38006030598570945,1.8005851652697845e-05,0.0,4.106848353947347e-08,4.463965602116682e-09
56c0d6c2-f58f-4120-bbca-e01b435adcf8,1445,22,45,579,203556,25.0,25.0,45,0,45,17.12131748478395,8.847789342585179,0.3804737218840878,0.18385650224215247,0.6524663677130046,10.999638226999672,0.24443640504443714,1784,1472,0.6434977578475336,0.0,0.0,0.0,0.0,0.0,0.13228699551569506,0.0,0.17937219730941703,0.04484304932735426
56c7ca35-31ed-4e34-9abc-390fa7a802b9,1063,18,21,164,693856,100.0,60.0,21,0,21,1.4315460273299636,1.248708616304527,0.06816885844428398,0.8879789844973669,0.999617675715008,1.4250691624877692,0.06786043630894138,648664,648336,0.9994573461761405,0.0,0.0,0.0,0.0,0.0,0.0003946573264432742,0.0,0.0,0.00014799649741622782
56d91c5e-bab5-4990-a16d-1260117eaf28,1435,26,49,692,37329368,420.0,100.0,49,0,49,1.0023957660492586,1.0003930318923062,0.02045705644998487,0.9998035401331552,0.999900578744342,1.0000027682943835,0.020408219761109868,36933752,37919954224,0.9998176193959389,0.0,0.0,0.0,0.0,0.0,0.00016981756957700912,0.0,1.0396994055735253e-05,2.1660404282781777e-06
56df68a9-32cc-4682-9735-7cc81526a015,246,33,46,581,12760256,25.0,25.0,46,0,46,1.9022566862106316,1.8028057982725094,0.04135340622197025,0.6661474248613485,0.9999498122724877,1.9016664360446824,0.041340574696623535,12592720,12592424,0.33307434771836425,0.6668767351295034,0.0,0.0,0.0,0.0,1.7152767630821617e-05,0.0,2.541150760121721e-05,6.352876900304303e-06
56e3f9d3-7d99-4df8-b3cd-387e8d801c10,946,28,47,646,1787728,80.0,25.0,47,0,47,1.0844471600316796,1.0216283617947477,0.02307334383046127,0.9893468624948162,0.9977702735454267,1.0776868466407992,0.022929507375336153,1485384,1484360,0.0,0.0,0.0,0.0,0.008078719038309286,0.9895084368755823,0.0021435534514980636,0.0,0.0002154325076882476,5.38581269220619e-05
56ff05eb-a5c9-4244-aadb-9856e5f95596,768,212,828,157490,62349523,19120.0,220.0,828,36,792,14.792694682719794,4.039383555466908,0.018677644801413883,0.47819165278665277,0.6816873041506514,29.68826663529895,0.03748518514557948,19411604,345588820,0.7316224872504096,0.00012384344951607296,0.0,0.04231762609622574,0.012244325610598692,0.0,0.21367142045551724,0.0,1.4836486464487943e-05,5.4606512681795895e-06
57048114-c762-4e52-ab66-be61bd268146,1363,24,37,469,3965592,100.0,25.0,37,0,37,1.0059468732839816,1.0011251217675978,0.027187753331999503,0.9994378723047236,0.9998657605503819,1.0049474033715446,0.02716074063166337,3814080,3813776,0.0,0.0,0.0,0.0,0.0,0.9998405906535783,5.453477640741673e-05,0.0,8.389965601141036e-05,2.097491400285259e-05
57406805-935d-46b4-8a26-6879c4beeecb,1517,17,38,431,36598626,80.0,25.0,38,0,38,1.0002497543077025,1.0000319108293416,0.026322361955465855,0.9999840449637131,0.9999858055194414,1.0000954437819103,0.026318301152155534,36352158,52429100,0.9999845951373781,0.0,0.0,0.0,0.0,0.0,4.401389320545977e-06,0.0,8.802778641091954e-06,2.2006946602729886e-06
57470351-de93-427f-9c72-4f3dc582cbb8,1029,33,48,620,194905088,200.0,25.0,48,0,48,2.0105245454289524,1.5752731434756297,0.04188592802976984,0.7754006017967465,0.991918925424341,2.0104798294557065,0.04188499644699389,194731528,194731256,0.9999972064102532,0.0,0.0,0.0,0.0,0.0,7.394796388595071e-07,0.0,1.6432880863544602e-06,4.1082202158861505e-07
575390db-887b-4c4b-b7a2-46eb6c824278,579,85,193,12100,1059090468,7780.0,160.0,193,0,193,14.870150265252306,11.365558643517367,0.07704741070078915,0.11807808232917705,0.550053178552067,14.86596708206626,0.07702573617650912,1058592192,1058557360,0.14253362828506486,0.8573159644087003,0.0,0.0,0.0001492208247838654,0.0,7.783922895210623e-07,0.0,3.3251709455268684e-07,7.557206694379246e-08
5763c36b-7e31-450b-981c-205e24e2d45e,1634,254,72,23975,730912,100.0,25.0,72,0,72,11.534628444800735,4.847879033109256,0.16020317284445465,0.43466454422023504,0.626433821808137,9.910500403621397,0.13764583893918605,42718,38134,0.0,0.0,0.0,0.0,0.018235872465939416,0.43604569502317525,0.5356055995130858,0.0,0.008240086146355166,0.001872746851444356
5765eaa1-f855-4454-9b93-aafcee6b4f22,1347,17,36,413,5375088,60.0,25.0,36,0,36,1.0014595557853445,1.0002129739749344,0.027818320994037346,0.9998935298556172,0.9999058742201833,1.0007770476838713,0.027799362435663093,5184552,5184280,0.999895072901188,0.0,0.0,0.0,0.0,0.0,2.7774820273767146e-05,0.0,6.172182283059366e-05,1.5430455707648415e-05
5777465f-99f3-4fb0-93f0-c312a44f5ec5,628,2708,8086,64786898,86383607,1360.0,100.0,8086,0,8086,2597.4183918204135,2512.813985944364,0.3212241394781615,0.0010888849010088988,0.0053643654609876155,2591.752292382397,0.3205234098914664,78142327,78120583,0.9999916178590381,0.0,0.0,0.0,0.0,0.0,3.2632762523184137e-06,0.0,4.095091767615265e-06,1.0237729419038162e-06
57ddc300-efe1-4a15-b98c-c6714593a43a,1710,62,111,4797,564529840,600.0,25.0,111,0,111,4.636870017438745,3.152062284520175,0.04177360376070941,0.4597522744355534,0.9310630067719384,4.63682153154079,0.04177316695081793,564161072,564160704,4.254104225043021e-08,0.9999985961456057,0.0,0.0,0.0,0.0,6.522959811732633e-07,0.0,5.672138966724028e-07,1.418034741681007e-07
57e3247f-d64c-420d-8695-75c6ae818340,1475,54,138,4015,5097176,600.0,80.0,138,0,138,30.128029250949915,30.027698514314785,0.21831905254311532,0.033317951545703064,0.1665897577285153,30.108457689922393,0.21817722963711877,4802216,4801888,0.49981925011286454,0.0,0.0,0.49981925011286454,0.0,0.0,0.0002782048954066206,0.0,6.663590309140613e-05,1.6658975772851532e-05
57fdf4f4-d3c5-4d07-af2e-e1e27dea2586,1414,27,45,590,668984510,280.0,25.0,45,0,45,1.000018670172629,1.0000020095358284,0.022222637114947312,0.9999989952335885,0.9999990909256277,1.0000081691756793,0.02222240375945954,668812166,838861152,0.9999990071950934,0.0,0.0,0.0,0.0,0.0,3.9472966166108886e-07,0.0,4.78460195952835e-07,1.1961504898820874e-07
58008d83-8e27-4971-ab6e-e6f65fe2278b,1632,32,76,1058,1085118,25.0,25.0,76,0,76,2.9016515598255057,2.661371325765379,0.03817962578717771,0.5029965989741719,0.9973214221424302,2.9376594006945176,0.03865341316703313,833278,883648,0.5039662633598871,0.4941520116935765,0.0,0.0,0.0011520764978794592,0.0,0.0001728114746819189,0.0,0.00046083059915178365,9.600637482328827e-05
580fbb6d-8bd5-4fc8-b292-e95fc1870644,1474,21,45,466,11203360,80.0,25.0,45,0,45,5.000597172932598,4.9940393183852105,0.1111243816207244,0.21448891829308633,0.9999396567706196,4.998905592680397,0.11108679094845327,11003720,11003408,0.9999432919049194,0.0,0.0,0.0,0.0,0.0,2.0356752080205604e-05,0.0,2.9081074400293718e-05,7.270268600073429e-06
582a9cea-4551-41e4-9ee0-d2fff6d882cf,483,33,58,718,7009923604,4380.0,25.0,58,0,58,1.0152121368186944,1.0040332432179329,0.0175036575313568,0.9979876911921303,0.9999987594021382,1.0125445426256634,0.01745766452802868,7007911482,8735861698,0.9979876980415319,0.0020121935096097435,0.0,0.0,0.0,0.0,5.137051187428226e-08,0.0,4.566267722158423e-08,1.1415669305396058e-08
582d55b0-c068-4f21-9b8f-d90873944bd8,628,26,39,494,4753057,240.0,100.0,39,0,39,1.005671624642676,1.0010970323388386,0.02578645191391477,0.9994518770536874,0.9998843069846491,1.0000455303888929,0.02564219308689469,4581089,511727061,0.0,0.9998640061347859,0.0,0.0,0.0,0.0,4.867838193058463e-05,0.0,6.98523866268479e-05,1.7463096656711974e-05
58310416-4ac3-42fb-a78a-87f0b6ce14b7,399,27,47,681,898568,100.0,25.0,47,0,47,1.0112379603077701,1.0019041464203706,0.021515701283144045,0.9990492738419172,0.9991585527106623,1.006388797869059,0.0214125276142353,732072,731752,0.9990711296156662,0.0,0.0,0.0,0.0,0.0,0.0003824760406080276,0.0,0.000437115474980603,0.00010927886874515075
5832422d-2488-45f6-8d5a-7b17f8392518,688,31,69,793,78581724,3440.0,800.0,69,0,69,2.2703525847804813,1.490865618015945,0.032903660648992486,0.8146861496833445,0.9534192402172963,2.268553372050066,0.032877585102174874,78330238,78324222,0.0,0.08301917836634175,0.0,0.0,0.0003013906328230485,0.9165429830559176,0.0001313413601526399,0.0,4.085267811901708e-06,1.021316952975427e-06
584ceab1-0c0d-4c6f-bd17-bb7bef71e2da,1359,187,724,117616,43070454,640.0,25.0,724,20,704,11.706358442640665,3.691877712681972,0.016628350060569126,0.4956633620113221,0.7298150558031339,26.09622736634435,0.037068504781739134,18088321,295039760,0.6983644308391033,8.768088536243911e-05,0.0,0.04958835040576735,0.007275523250610159,0.0,0.2446622326085434,0.0,1.5921875778299157e-05,5.86013483506844e-06
5858b2f1-a18c-441b-9a52-e4edac785aab,1357,24,62,687,1774648,1100.0,180.0,62,0,62,2.5468570327849145,1.4612628087902726,0.04107833923846636,0.8258414481968763,0.8984336271588196,2.21254457412338,0.03568620280844161,1404008,1350600,0.0,0.0,0.0,0.0,0.15555466920416408,0.8265536948507416,0.01760673728354824,0.0,0.00022791892923687044,5.697973230921761e-05
5858ed0d-4dcf-48cc-9d07-2d30a18c7523,1337,34,56,809,109390299,220.0,25.0,56,0,56,4.179051164993234,3.316852367787103,0.07462591366059346,0.469611662033597,0.9710180703164942,1.4705580536750003,0.026259965244196434,108931739,733058796,0.46961173547408436,0.5287805053768581,0.0,0.0016023979934810368,0.0,0.0,1.6891312090409207e-06,0.0,2.93761949398421e-06,7.344048734960525e-07
587ad15b-4fcb-4a58-8ff0-299646390cc7,1607,259,74,23259,3017040,80.0,25.0,74,0,74,7.7198447428339385,6.507205851420283,0.10432222625451268,0.26979773724868655,0.7194606326631642,7.630614930618804,0.10311641798133518,2244259,2239675,0.0,0.0,0.0,0.0,0.00034710788728038966,0.0,0.01018777244515896,0.9892726285156928,0.00015684464226276915,3.56465096051748e-05
587ccf86-9a82-4b81-a2b2-544cf0bb520e,1201,31,71,972,45594866,580.0,220.0,71,0,71,2.678712744754767,2.220420624969606,0.037728348517672775,0.47440500899847415,0.9636351745281505,2.674825704750539,0.037673601475359704,45351022,45343886,0.0,0.0,0.9982441410030407,0.0,0.0014718521668596574,0.0,0.00027518674220836743,0.0,7.056070313035062e-06,1.7640175782587656e-06
588d72d0-394a-4203-a5a5-f9de149dae2e,1702,16,37,446,185480,25.0,25.0,37,0,37,30.147721663842752,19.360000000000003,0.8148032882119662,0.18181818181818182,0.2727272727272727,30.147721663842752,0.8148032882119662,704,352,0.0,0.0,0.0,0.0,0.0,0.0,0.4318181818181818,0.0,0.45454545454545453,0.11363636363636363
588f57da-b20c-43bf-8258-1624c2f6c8eb,1361,46,80,1970,370050636,1000.0,60.0,80,0,80,3.544284352875283,3.1818972010948836,0.04430355441094104,0.32359237990783807,0.9843942501757417,3.54424019555031,0.044303002444378875,369798572,369798284,1.2980039306371361e-07,0.9999982476946936,0.0,0.0,0.0,0.0,5.408349710988067e-07,0.0,8.653359537580908e-07,2.163339884395227e-07
589728fd-2709-4a3d-8ffd-f2d7f145e63b,20,235,994,218554,61749179,45160.0,340.0,994,22,972,40.09501748620981,20.777547770715756,0.04125001798992779,0.08277064052162082,0.41346537688086715,92.98221185080928,0.09566071178066798,40809567,193836272,0.4137687371199013,8.512709777097121e-05,0.0,0.041377429954108556,0.0,0.0,0.5447489800614645,0.0,1.7250856888533026e-05,2.4749098661105617e-06
58da58b3-3a6b-42c4-abca-d9d44b9d0a48,1281,84,323,27356,28826640,8280.0,160.0,323,0,323,62.08143560519171,62.01525665826646,0.19220258701297743,0.01612704789740268,0.0806352394870134,62.07344518771595,0.19217784887837755,28399494,28399142,0.49998214756924897,0.0,0.0,0.4999559499193894,0.0,0.0,4.781775337264812e-05,0.0,1.1267806391198378e-05,2.8169515977995944e-06
58dbb8bf-53ee-4313-b41e-89c5a1833877,1205,27,41,539,293045715,140.0,25.0,41,0,41,1.0000369211268263,1.0000041582763242,0.02439114441772747,0.9999979208682668,0.9999981397242388,1.0000025436127482,0.024390305941774347,292429763,2591076672,0.9999979482252632,0.0,0.0,0.0,0.0,0.0,6.839249122532032e-07,0.0,1.0942798596051251e-06,2.735699649012813e-07
58f13683-6266-4da8-b241-8b9a8cc1ef4a,1636,60,186,6636,12942661,920.0,120.0,186,0,186,16.019033281621937,14.902580882079125,0.08612383484742976,0.07727849145362604,0.3863924572681302,18.467964312109533,0.09929013071026631,12263037,23232334,0.7195472051499151,0.27977563795983,0.0,0.0,0.00040569069472757847,0.0001247651784790342,0.00010625426637789644,0.0,3.392308120737139e-05,6.523669462956036e-06
58f17fbb-3bc6-4ce1-95d5-b3db30fba2b1,1836,108,76,1751,47219224,60.0,25.0,76,0,76,5.396912205999458,4.773786889165861,0.07101200271051918,0.33301609696757617,0.8880429252468698,5.390574760035067,0.07092861526361931,46706499,46699899,0.0,0.0,0.0,0.0,9.656043798101844e-06,0.0,0.0009307484168316704,0.999048976032222,8.906683414657133e-06,1.7128237335879103e-06
58f5b00e-3f8f-4981-8085-8e89f5f6c1aa,728,23,48,605,46188827629,17320.0,25.0,48,0,48,1.0003838138306487,1.0000638025993807,0.020841329454805182,0.9999680999613973,0.9999999854508456,1.000369159944754,0.02084102416551571,46188251317,65206640240,0.9999999847580288,0.0,0.0,0.0,0.0,0.0,6.581760325013865e-09,0.0,6.92816876317249e-09,1.7320421907931225e-09
58f5cc94-4d75-4c9f-9f7a-be643376e978,939,41,92,1299,23072413263,3440.0,25.0,92,0,92,1.2752171142032247,1.12998996170423,0.013861055589165486,0.9388849516583896,0.9995112746108323,1.8015360332268822,0.019581913404640022,23070688059,34211307304,0.9388849741978127,0.05963406919124345,0.0,0.0,1.0056050318338709e-07,0.0014804673320818358,3.7138034106692264e-07,0.0,1.3870414232191323e-08,3.4676035580478306e-09
59057530-165c-485b-ae14-1609c09d4041,617,60,167,5466,21151382021,8160.0,25.0,167,0,167,1.0700339891404433,1.0144106124570846,0.006407389156529601,0.9928699605977614,0.9963999461762522,1.0725073880056242,0.00642219992817739,21108920233,21118102453,0.9932519803273824,0.004694629943462348,0.0,0.0,0.0020533499355518646,0.0,1.478048126366237e-08,0.0,2.122325514782289e-08,3.789866990682659e-09
59072cde-40e8-4f72-961c-4404989194b7,1612,49,99,3510,1248731328,580.0,25.0,99,0,99,8.350065827239009,8.106753820590345,0.0843440992650405,0.1261140844607704,0.627357324610584,8.350019738142285,0.08434363371860894,1248469976,1248469552,0.0,0.9999991349411513,0.0,0.0,0.0,0.0,5.446666824769521e-07,0.0,2.563137329303304e-07,6.40784332325826e-08
59348d27-9a2a-435a-9525-ed9c7caaf0b0,1767,71,123,4617,5166608,140.0,25.0,123,0,123,27.489672301344903,24.18069801915446,0.2234932707426415,0.04518992637814647,0.22594963189073236,27.475512475914172,0.22337815021068433,4887815,4887551,0.18076625240521582,0.813471049947676,0.0,0.0,0.0056546739187141905,0.0,3.273446314968958e-05,0.0,5.5648587354472296e-05,1.9640677889813753e-05
59589ddc-3f18-4285-8e1d-86eaede3afee,932,31,52,761,603368675,460.0,25.0,52,0,52,1.0164218385703376,1.003719417155422,0.01954657381866034,0.9981447665801909,0.9997507196142511,1.1390400773933784,0.021904616872949586,602979651,1261151816,0.9997749575797874,0.0,0.0,0.0,0.0,0.0,0.0002243790479091972,0.0,5.306978427369848e-07,1.326744606842462e-07
595fb712-9a2b-4113-ac11-f16fd496f44a,1552,20,42,448,839868,700.0,160.0,42,0,42,2.12725280217564,2.018423482810554,0.050648876242277145,0.5526119955980614,0.9991170896753098,4.002356643952919,0.09529420580840284,634266,6851344,0.9991423156845866,0.0,0.0,0.0,0.0,0.0,0.00022703408349178421,0.0,0.0005045201855372983,0.00012613004638432456
5980f27d-bbe7-49a0-9f8a-2a1d81aff38c,1033,17,38,431,700607,60.0,25.0,38,0,38,1.0131524734623008,1.0023014910438783,0.026661907196376334,0.998851218995292,0.9989779810371907,1.0059880795590124,0.026473370514710853,504883,614700,0.9988908321333854,0.0,0.0,0.0,0.0,0.0,0.0003169051047470404,0.0,0.0006338102094940808,0.0001584525523735202
598e3c64-c452-48a2-a64e-2d8796d5e702,408,22,45,579,195212,540.0,200.0,45,0,45,12.750399486692528,6.86888960828747,0.2833422108153895,0.21035598705501618,0.7491909385113268,8.535274424609867,0.18967276499133037,2472,2152,0.7362459546925566,0.0,0.0,0.0,0.0,0.0,0.10194174757281553,0.0,0.12944983818770225,0.032362459546925564
5990b098-acc2-407e-a107-331506c62bc4,1552,20,42,448,800734,60.0,25.0,42,0,42,2.095310946237027,1.9682346453656465,0.04988835586278636,0.5914001045220147,0.9990528749473585,4.003197438831288,0.09531422473407829,591263,4924624,0.9990799356631482,0.0,0.0,0.0,0.0,0.0,0.0002435464421078268,0.0,0.0005412143157951707,0.00013530357894879266
59934d72-ce8f-4d78-b6ce-a1d6225bd79d,1515,17,38,431,25594279,80.0,25.0,38,0,38,1.000349906860658,1.0000457592155707,0.026324997548964685,0.9999771211702664,0.9999796457307888,1.0001334347683368,0.026319300914956233,25350947,36700460,0.9999779100954296,0.0,0.0,0.0,0.0,0.0,6.31140130583682e-06,0.0,1.262280261167364e-05,3.15570065291841e-06
59a50231-f725-4176-9376-942c85c81fb2,1538,96,283,16320,8106970,200.0,25.0,283,0,283,39.528221906560994,24.927047136439157,0.13967569578290104,0.09908797460238564,0.3286640209449849,35.957636159875705,0.12705878501722864,7307143,19622214,0.9436242044257243,0.05437638212362889,0.0,0.0008519061417027147,0.0,0.0,0.001084007798944129,0.0,5.255131862069758e-05,1.0948191379311996e-05
59c54833-1393-46b7-a62c-e947b9d304ab,1777,105,294,34380,41261840,640.0,25.0,294,0,294,85.04871927692,85.00826677709577,0.2892813580847619,0.01176413382251216,0.0588206691125608,85.04181595496495,0.28925787739784,40801984,40801672,0.9999847066260308,0.0,0.0,0.0,0.0,0.0,5.489929117172342e-06,0.0,7.842755881674773e-06,1.960688970418693e-06
59c5edc8-4515-41ac-bdc1-993f32209b29,232,1925,4064,14704912,354573026,24040.0,80.0,4064,0,4064,250.53382367900176,195.5573127008495,0.06164710228321894,0.012215856855218135,0.05877525697301423,347.31835634038475,0.08546219398139389,344004604,580101786,0.0,0.9947858314128842,0.0,0.0,0.0001674861305053929,0.00502421764099413,2.1302040480830307e-05,0.0,9.302201083332013e-07,2.3255502708330032e-07
59cf93f8-f3e1-4a28-8755-0fef133c1caf,483,33,58,718,6560166897,2400.0,25.0,58,0,58,1.0035327063115673,1.0007430830708584,0.017302288039854608,0.9996286156842091,0.9999996816177841,1.0027334577055986,0.01728850789147584,6558155249,8724195212,0.9996286230033405,0.00037126111041230095,0.0,0.0,0.0,0.0,5.489348548967234e-08,0.0,4.879420932415319e-08,1.2198552331038298e-08
59d5d9d6-4769-4af9-8b19-04528bc15a6b,1281,110,440,54032,35728248,11220.0,140.0,440,0,440,88.12127717129113,88.0233166232463,0.20027562993475256,0.011362130881294593,0.05681065440647296,88.11224688784982,0.20025510656329504,35204664,35204312,0.49998375215283974,0.0,0.0,0.49995375612731313,0.0,0.0,5.1129588965825665e-05,0.0,9.089704705035674e-06,2.2724261762589186e-06
59e78f9e-e415-4009-86fe-86509e32b47b,1455,167,694,107597,22122807,860.0,25.0,694,14,680,67.95307410130455,44.45585471617872,0.09993099132544787,0.05772214200540247,0.22008832243646423,60.309495735748754,0.08869043490551287,7889728,109683540,0.735537017245715,0.0004486846694841698,0.0,0.033638422008971665,0.0,0.0,0.23032657146101868,0.0,3.650315955125449e-05,1.280145525929411e-05
5a208e28-4455-443e-86f2-6d4e4c7dd23e,1634,253,64,23788,617864,740.0,140.0,64,0,64,21.715035232167725,17.99192361418178,0.3392974255026207,0.08594569642032818,0.3867556338914768,21.829530002560364,0.3410864062900057,23829,19309,0.0,0.0,0.0,0.0,0.02236770321876705,0.0,0.95950312644257,0.0,0.014771916572243905,0.0033572537664190694
5a49341c-049b-4dbd-842f-0c2a6c60b875,1065,449,2245,1528946,45780673,900.0,60.0,2245,0,2245,104.05007861639126,53.45745517690478,0.04634747377122105,0.05945125582011858,0.21687745367544248,190.09279044926095,0.08467384875245476,29347555,266803624,0.853104117191364,0.0,0.0,0.04100767508570986,0.0029203114194691856,0.0,0.10295440284548406,0.0,9.8134239802941e-06,3.6800339926102872e-06
5a50d343-d93e-46fc-acf2-ab309397d59e,488,110,2188,5879857,1600722220,87200.0,180.0,2188,0,2188,604.2846896445114,34.005362036072626,0.27618130239694305,0.11836793777843753,0.2719490479910519,603.9915551497097,0.27604732867902637,1597201164,1596882780,0.0,0.27310580898124115,0.0,0.7257984793204171,0.0010953160061684003,0.0,1.4525408898337117e-07,0.0,2.0035046756327057e-07,5.0087616890817644e-08
5a5ae765-6b06-4434-ab9f-54a6bdf731c9,1200,29,53,741,348824,80.0,25.0,53,0,53,1.4819047258285722,1.141498970794703,0.027960466525067403,0.9356389864989828,0.9803495468836692,1.415528011998751,0.026708075698089643,173024,171840,0.0,0.0,0.0,0.0,0.041751433327168484,0.9385981135565008,0.01733863510264472,0.0,0.0018494544109487702,0.00046236360273719255
5a6f1998-0739-4b00-95f7-9ffa38b8c630,1837,22,45,579,198444,25.0,25.0,45,0,45,13.111884964512322,7.007795600179582,0.29137522143360717,0.20819112627986347,0.735494880546075,8.727954961308132,0.19395455469573628,2344,2032,0.7286689419795221,0.0,0.0,0.0,0.0,0.0,0.10068259385665529,0.0,0.13651877133105803,0.034129692832764506
5a818637-af27-4277-bde4-cbb976d19d0c,1510,33,90,1895,126529973,200.0,25.0,90,0,90,2.124543351005337,2.0372971006486753,0.02360603723339263,0.5269725764652368,0.9999878734975712,4.000025419803491,0.04444472688670545,125345293,2524971856,0.9999878734975712,4.978248365497059e-06,0.0,0.0,0.0,0.0,3.957069213600227e-06,0.0,2.5529478797420816e-06,6.382369699355204e-07
5a90700b-860e-4623-a384-4aceaa19b0a8,1266,28,42,516,1714455523,7580.0,25.0,42,0,42,1.0670638540164803,1.020910835239285,0.025406282238487628,0.9896791022552889,0.9999996638680858,1.0354156384652289,0.024652753296791164,1713612947,3570290032,0.9999996732050834,0.0,0.0,0.0,0.0,0.0,9.336997615483119e-08,0.0,1.8673995230966238e-07,4.6684988077415596e-08
5a9af71d-6e19-43d1-87cf-7014ea0432df,1517,17,38,431,36685597,80.0,25.0,38,0,38,1.0002491961779207,1.0000318346644472,0.02632234726784002,0.9999840830443559,0.9999858393980824,1.0000954437819103,0.026318301152155534,36439129,52429100,0.9999846319048954,0.0,0.0,0.0,0.0,0.0,4.390884315593822e-06,0.0,8.781768631187645e-06,2.195442157796911e-06
5ae053dc-3d34-41c4-ad3d-9b81af2e9940,952,18,33,385,507696932,260.0,25.0,33,0,33,1.0013026026371505,1.000242933978519,0.030342503110216683,0.9998785511024354,0.9999991330145542,1.0012945566396745,0.03034225929211135,507505636,507505404,0.9999990857244391,0.0,0.0,0.0,0.0,0.0,1.2610697391348772e-07,0.0,6.305348695674387e-07,1.5763371739185968e-07
5ae6f47f-9afd-4992-b101-c223c2eaffb3,341,3347,13758,63775878,2865379940,24920.0,25.0,13758,0,13758,202.23075869338902,65.98117360912313,0.014699139314826939,0.04212501976634195,0.18935143395761148,202.23041931837852,0.014699114647359974,2853411124,2853410780,0.6511417693625,0.0,0.0,0.3488422567739313,0.0,0.0,1.5833680474570127e-05,0.0,1.1214647525149272e-07,2.803661881287318e-08
5ae8e084-ab50-46c1-bbe8-dde837121584,951,18,33,433,187360,420.0,160.0,33,0,33,33.0,32.99999999999999,1.0,0.030303030303030304,0.15151515151515152,33.0,1.0,528,264,0.0,0.0,0.0,0.0,0.0,0.0,0.18181818181818182,0.0,0.6666666666666666,0.15151515151515152
5af727a3-4de8-49b2-ae20-8f2919e0a3c6,1872,26,46,634,794031296,120.0,25.0,46,0,46,1.0001529225408166,1.000020537706802,0.021742454837843837,0.9999897312979759,0.999996244509786,1.0000891100390998,0.02174106760954565,793771207,2304090152,0.9999916764428569,0.0,0.0,0.0,0.0,0.0,7.779319715233762e-06,0.0,4.4345271898984363e-07,1.007847088613281e-07
5afc8bb0-bb15-4980-bfee-8484d71a5b12,54,50,85,2236,777030128,600.0,25.0,85,0,85,5.456739084099138,5.137712575712728,0.06419693040116634,0.1972903106984416,0.986451553492208,5.4566972266556055,0.06419643796065418,776569328,776568960,3.0905160858992876e-08,0.9999989904314119,0.0,0.0,0.0,0.0,4.635774128848931e-07,0.0,4.120688114532383e-07,1.0301720286330958e-07
5b15d9aa-4ac1-4acb-9140-a038cd34b099,871,78,420,48024,4008767279,4160.0,25.0,420,0,420,13.129315980416436,11.522177083698093,0.03126027614384866,0.11436378551368234,0.5285170165494739,13.046654960364101,0.0310634641913431,3996472117,3993630709,0.01253185047556282,0.004200012287987645,0.0,0.9805717876349692,0.002696139416102925,0.0,7.806885444610747e-08,0.0,1.1209886792261587e-07,2.0017654986181402e-08
5b193abb-78d4-4635-8729-17f9c647d9d7,467,22,48,624,84086336,480.0,120.0,48,0,48,1.0001684552072136,1.0000209809397163,0.020836842816816952,0.9999895096925673,0.999992179952641,1.000095401416789,0.02083532086284977,83886960,83886560,0.9999896050589985,0.0,0.0,0.0,0.0,0.0,5.626619441209933e-06,0.0,3.814657248277921e-06,9.536643120694802e-07
5b23b0c9-8820-4d80-ba86-bda05f587da9,620,26,73,1194,151975114,580.0,80.0,73,0,73,5.775212615197066,4.517671067084115,0.079112501578042,0.35372196533162015,0.9125539325046819,5.589395446065505,0.07656706090500692,145299204,143199460,0.0,0.8847072830488459,0.0,0.0,0.11528875271746154,0.0,9.910584231418088e-07,0.0,2.422587256568866e-06,5.505880128565605e-07
5b430c78-6958-4189-addd-291a88ff92cb,1626,305,1237,388672,66313136,1860.0,80.0,1237,20,1217,15.686501975225395,5.384611364529603,0.012889483956635493,0.3024894130757629,0.6980966930587374,17.1356197878766,0.014080213465798356,32379801,590743840,0.553245092519253,0.00040364670554954925,0.0,0.030741171015844105,0.002858788415654562,0.0,0.4127390714970731,0.0,8.894433909584558e-06,3.3354127160942094e-06
5b6c1547-5d34-4af3-aa01-aaaadcde9de5,617,56,170,5053,556355464,1020.0,25.0,170,0,170,8.994372990298185,5.424988663816528,0.05290807641351874,0.21446320692399676,0.8617623132388724,8.266946470078043,0.048629096882812015,515668872,505588272,0.015637942171541432,0.040637737001119584,0.0,0.8578530138619653,0.08586905745980339,0.0,6.050394292560673e-07,0.0,1.4893278258610887e-06,1.551383151938634e-07
5b9ce762-3aa9-4782-9680-e32d79bc3f11,1678,25,47,524,4140057427,760.0,25.0,47,0,47,3.4447985836375636,2.9729339839678177,0.0732935868859056,0.5038812634133052,0.9999996763133333,3.5702267368167346,0.07596227099610074,4139805983,6155535760,0.9999997768011342,0.0,0.0,0.0,0.0,0.0,1.2657598016713626e-07,0.0,7.72983084990145e-08,1.9324577124753627e-08
5ba906fd-408e-424f-93f3-ccc176bb272e,932,31,52,761,604721319,460.0,25.0,52,0,52,1.0163433264238626,1.0037039463722246,0.019545063969689667,0.9981524535272437,0.9997516051992555,1.1390400773933784,0.021904616872949586,604332295,1261151816,0.9997754612799569,0.0,0.0,0.0,0.0,0.0,0.00022387683252969297,0.0,5.295100107135595e-07,1.3237750267838987e-07
5bc42aed-432b-4f10-ba9f-1c7376d344de,1336,32,53,580,3689063320,3440.0,160.0,53,0,53,2.000087998469273,2.0000121187698685,0.037737509405080624,0.49999848515900736,0.9999995879459004,2.0000817822742754,0.037737392118382555,3688836008,3688835344,0.9999970093547189,2.5612415351373897e-06,0.0,0.0,0.0,0.0,3.209684565625179e-07,0.0,8.674823150338322e-08,2.1687057875845804e-08
