content_id,dandiset_id,subsection,storage_bytes,share
005a769e-65ab-4727-b8e2-eeb8bed416e6,37,acquisition,45327881642,0.9576153388278451
005a769e-65ab-4727-b8e2-eeb8bed416e6,37,general,32,6.760450683425971e-10
005a769e-65ab-4727-b8e2-eeb8bed416e6,37,general/optophysiology,104,2.1971464721134405e-09
005a769e-65ab-4727-b8e2-eeb8bed416e6,37,general/subject,80,1.6901126708564928e-09
005a769e-65ab-4727-b8e2-eeb8bed416e6,37,intervals,108104448,0.0022838587167593356
005a769e-65ab-4727-b8e2-eeb8bed416e6,37,other,96,2.0281352050277912e-09
005a769e-65ab-4727-b8e2-eeb8bed416e6,37,processing/behavior,7073488,0.00014943739619939188
005a769e-65ab-4727-b8e2-eeb8bed416e6,37,processing/ophys,431167557,0.009109021891849239
005a769e-65ab-4727-b8e2-eeb8bed416e6,37,specifications,320,6.760450683425971e-09
005a769e-65ab-4727-b8e2-eeb8bed416e6,37,stimulus,1459894614,0.030842329815456856
007193f7-bc30-4164-a138-db4acdf23cf2,246,general,128,1.5241651623474048e-05
007193f7-bc30-4164-a138-db4acdf23cf2,246,general/optophysiology,80,9.52603226467128e-06
007193f7-bc30-4164-a138-db4acdf23cf2,246,general/subject,80,9.52603226467128e-06
007193f7-bc30-4164-a138-db4acdf23cf2,246,other,80,9.52603226467128e-06
007193f7-bc30-4164-a138-db4acdf23cf2,246,processing/ophys,8397400,0.9999237917418826
007193f7-bc30-4164-a138-db4acdf23cf2,246,specifications,272,3.238850969988235e-05
00c49d88-ac72-4a7b-9806-67f596410cf5,1634,general,96,0.0005077403965664056
00c49d88-ac72-4a7b-9806-67f596410cf5,1634,general/extracellular_ephys,22656,0.11982673358967172
00c49d88-ac72-4a7b-9806-67f596410cf5,1634,general/subject,128,0.0006769871954218741
00c49d88-ac72-4a7b-9806-67f596410cf5,1634,intervals,779,0.004120101759637812
00c49d88-ac72-4a7b-9806-67f596410cf5,1634,other,80,0.0004231169971386713
00c49d88-ac72-4a7b-9806-67f596410cf5,1634,specifications,352,0.0018617147874101538
00c49d88-ac72-4a7b-9806-67f596410cf5,1634,units,164982,0.8725836052741534
00d54796-39cd-4f73-a51e-93f3fd74f8aa,1526,acquisition,34390904,0.9999837168897492
00d54796-39cd-4f73-a51e-93f3fd74f8aa,1526,general,64,1.8609268858109676e-06
00d54796-39cd-4f73-a51e-93f3fd74f8aa,1526,general/subject,96,2.791390328716451e-06
00d54796-39cd-4f73-a51e-93f3fd74f8aa,1526,other,80,2.3261586072637095e-06
00d54796-39cd-4f73-a51e-93f3fd74f8aa,1526,specifications,320,9.304634429054838e-06
00ee6218-496b-44e2-85b8-e050c59a74d2,570,acquisition,7967231,0.7813928750452007
00ee6218-496b-44e2-85b8-e050c59a74d2,570,general,242,2.373435334822582e-05
00ee6218-496b-44e2-85b8-e050c59a74d2,570,general/intracellular_ephys,905,8.875863545514202e-05
00ee6218-496b-44e2-85b8-e050c59a74d2,570,general/labnotebook,540048,0.05296566139257297
00ee6218-496b-44e2-85b8-e050c59a74d2,570,general/stimsets,656475,0.06438433724907663
00ee6218-496b-44e2-85b8-e050c59a74d2,570,general/subject,96,9.415280667064788e-06
00ee6218-496b-44e2-85b8-e050c59a74d2,570,general/testpulse,782947,0.07678818492121224
00ee6218-496b-44e2-85b8-e050c59a74d2,570,general/user_comment,31,3.0403510487396715e-06
00ee6218-496b-44e2-85b8-e050c59a74d2,570,other,101,9.905659868474414e-06
00ee6218-496b-44e2-85b8-e050c59a74d2,570,processing/spikes,5916,0.0005802166711078677
00ee6218-496b-44e2-85b8-e050c59a74d2,570,specifications,288,2.824584200119437e-05
00ee6218-496b-44e2-85b8-e050c59a74d2,570,stimulus,241911,0.02372562459844073
0100b938-3437-4663-b464-fe6004d3730a,351,acquisition,14383792,0.6668073484864219
0100b938-3437-4663-b464-fe6004d3730a,351,general,48,2.2251957430521974e-06
0100b938-3437-4663-b464-fe6004d3730a,351,general/subject,96,4.450391486104395e-06
0100b938-3437-4663-b464-fe6004d3730a,351,other,80,3.708659571753662e-06
0100b938-3437-4663-b464-fe6004d3730a,351,processing/photometry,7186736,0.3331644657008328
0100b938-3437-4663-b464-fe6004d3730a,351,specifications,384,1.780156594441758e-05
01050afe-b466-4ce2-8a35-ccfcf2be3262,951,general,16,0.030303030303030304
01050afe-b466-4ce2-8a35-ccfcf2be3262,951,general/subject,80,0.15151515151515152
01050afe-b466-4ce2-8a35-ccfcf2be3262,951,other,80,0.15151515151515152
01050afe-b466-4ce2-8a35-ccfcf2be3262,951,specifications,352,0.6666666666666666
01056498-1fd5-4fd5-8d3d-b4c70a111f0d,1347,acquisition,2592008,0.9997901681432041
01056498-1fd5-4fd5-8d3d-b4c70a111f0d,1347,general,64,2.468610079952109e-05
01056498-1fd5-4fd5-8d3d-b4c70a111f0d,1347,general/subject,80,3.085762599940136e-05
01056498-1fd5-4fd5-8d3d-b4c70a111f0d,1347,other,80,3.085762599940136e-05
01056498-1fd5-4fd5-8d3d-b4c70a111f0d,1347,specifications,320,0.00012343050399760545
011cdd2c-78cb-414c-a11b-f9f975357a34,1258,acquisition,3203976,0.9455853465047315
011cdd2c-78cb-414c-a11b-f9f975357a34,1258,general,112,3.3054417014525056e-05
011cdd2c-78cb-414c-a11b-f9f975357a34,1258,general/fiber_photometry,184,5.4303685095291165e-05
011cdd2c-78cb-414c-a11b-f9f975357a34,1258,general/subject,96,2.8332357441021476e-05
011cdd2c-78cb-414c-a11b-f9f975357a34,1258,intervals,183552,0.05417146742723306
011cdd2c-78cb-414c-a11b-f9f975357a34,1258,other,80,2.3610297867517895e-05
011cdd2c-78cb-414c-a11b-f9f975357a34,1258,specifications,352,0.00010388531061707874
0123f79e-501a-4d70-9e9a-1b260eb0aa21,1552,acquisition,1341563,0.9979083217108322
0123f79e-501a-4d70-9e9a-1b260eb0aa21,1552,general,48,3.570432357043236e-05
0123f79e-501a-4d70-9e9a-1b260eb0aa21,1552,general/subject,96,7.140864714086472e-05
0123f79e-501a-4d70-9e9a-1b260eb0aa21,1552,other,80,5.9507205950720594e-05
0123f79e-501a-4d70-9e9a-1b260eb0aa21,1552,processing/behavior,2268,0.0016870292887029288
0123f79e-501a-4d70-9e9a-1b260eb0aa21,1552,specifications,320,0.00023802882380288237
0131750d-2670-4250-9f8b-3e4b2b72185c,971,general,400,0.34393809114359414
0131750d-2670-4250-9f8b-3e4b2b72185c,971,general/subject,112,0.09630266552020636
0131750d-2670-4250-9f8b-3e4b2b72185c,971,other,80,0.06878761822871883
0131750d-2670-4250-9f8b-3e4b2b72185c,971,processing/behavior,187,0.16079105760963028
0131750d-2670-4250-9f8b-3e4b2b72185c,971,specifications,384,0.3301805674978504
0137953b-9715-42b9-ad92-4ca42e42a1c7,1084,acquisition,5170303601,0.8155832701174581
0137953b-9715-42b9-ad92-4ca42e42a1c7,1084,general,224,3.533460829475778e-08
0137953b-9715-42b9-ad92-4ca42e42a1c7,1084,general/FiberPhotometry,3532,5.571510557905557e-07
0137953b-9715-42b9-ad92-4ca42e42a1c7,1084,general/optophysiology,80,1.2619502962413492e-08
0137953b-9715-42b9-ad92-4ca42e42a1c7,1084,general/subject,96,1.5143403554896192e-08
0137953b-9715-42b9-ad92-4ca42e42a1c7,1084,other,80,1.2619502962413492e-08
0137953b-9715-42b9-ad92-4ca42e42a1c7,1084,processing/behavior,233490,3.683159683367408e-05
0137953b-9715-42b9-ad92-4ca42e42a1c7,1084,processing/ophys,1168852437,0.18437920989182163
0137953b-9715-42b9-ad92-4ca42e42a1c7,1084,specifications,352,5.552581303461937e-08
015dd50c-80af-47cc-9642-3f52bd3c1f7b,1065,acquisition,12004299,0.8747941599543579
015dd50c-80af-47cc-9642-3f52bd3c1f7b,1065,general,297,2.1643401710207676e-05
015dd50c-80af-47cc-9642-3f52bd3c1f7b,1065,general/intracellular_ephys,943,6.871962226507016e-05
015dd50c-80af-47cc-9642-3f52bd3c1f7b,1065,general/labnotebook,146109,0.010647460540325702
015dd50c-80af-47cc-9642-3f52bd3c1f7b,1065,general/results,3765,0.0002743683752152589
015dd50c-80af-47cc-9642-3f52bd3c1f7b,1065,general/stimsets,209418,0.015261003028108658
015dd50c-80af-47cc-9642-3f52bd3c1f7b,1065,general/subject,84,6.121366140260757e-06
015dd50c-80af-47cc-9642-3f52bd3c1f7b,1065,general/testpulse,806555,0.05877641032450018
015dd50c-80af-47cc-9642-3f52bd3c1f7b,1065,general/user_comment,14,1.0202276900434594e-06
015dd50c-80af-47cc-9642-3f52bd3c1f7b,1065,intervals,21703,0.0015815715397866574
015dd50c-80af-47cc-9642-3f52bd3c1f7b,1065,other,107,7.797454488189298e-06
015dd50c-80af-47cc-9642-3f52bd3c1f7b,1065,specifications,288,2.0987541052322595e-05
015dd50c-80af-47cc-9642-3f52bd3c1f7b,1065,stimulus,528845,0.038538736624359526
015fa704-fb54-4ac6-898f-d4972619e1a8,409,general,80,1.1250171876258679e-07
015fa704-fb54-4ac6-898f-d4972619e1a8,409,general/extracellular_ephys,15781,2.2192370297404776e-05
015fa704-fb54-4ac6-898f-d4972619e1a8,409,general/ibl_metadata,16,2.2500343752517358e-08
015fa704-fb54-4ac6-898f-d4972619e1a8,409,general/ibl_probe_insertion_trajectories,340,4.781323047409938e-07
015fa704-fb54-4ac6-898f-d4972619e1a8,409,general/localization,15171,2.1334544691840053e-05
015fa704-fb54-4ac6-898f-d4972619e1a8,409,general/subject,112,1.575024062676215e-07
015fa704-fb54-4ac6-898f-d4972619e1a8,409,intervals,78831,0.00011085778739716849
015fa704-fb54-4ac6-898f-d4972619e1a8,409,other,80,1.1250171876258679e-07
015fa704-fb54-4ac6-898f-d4972619e1a8,409,processing/lick_times,348508,0.0004900968625313949
015fa704-fb54-4ac6-898f-d4972619e1a8,409,processing/passive_protocol,9041,1.271410049165684e-05
015fa704-fb54-4ac6-898f-d4972619e1a8,409,processing/wheel,83439504,0.11733859515872169
015fa704-fb54-4ac6-898f-d4972619e1a8,409,specifications,448,6.30009625070486e-07
015fa704-fb54-4ac6-898f-d4972619e1a8,409,units,627192335,0.8820026960277515
01882761-9aec-4f41-92e5-5c81c5310c75,1201,analysis,40093728,0.9980178405798191
01882761-9aec-4f41-92e5-5c81c5310c75,1201,general,112,2.7879173057925603e-06
01882761-9aec-4f41-92e5-5c81c5310c75,1201,general/extracellular_ephys,12288,0.0003058743558355266
01882761-9aec-4f41-92e5-5c81c5310c75,1201,general/subject,80,1.991369504137543e-06
01882761-9aec-4f41-92e5-5c81c5310c75,1201,intervals,66750,0.0016615489300147626
01882761-9aec-4f41-92e5-5c81c5310c75,1201,other,80,1.991369504137543e-06
01882761-9aec-4f41-92e5-5c81c5310c75,1201,specifications,320,7.965478016550172e-06
01a01a4b-74f3-4112-84a8-423e650b55da,1184,acquisition,56,2.501950896211321e-07
01a01a4b-74f3-4112-84a8-423e650b55da,1184,general,224,1.0007803584845284e-06
01a01a4b-74f3-4112-84a8-423e650b55da,1184,general/optophysiology,104,4.646480235821024e-07
01a01a4b-74f3-4112-84a8-423e650b55da,1184,general/subject,80,3.5742155660161723e-07
01a01a4b-74f3-4112-84a8-423e650b55da,1184,intervals,544,2.4304665848909975e-06
01a01a4b-74f3-4112-84a8-423e650b55da,1184,other,80,3.5742155660161723e-07
01a01a4b-74f3-4112-84a8-423e650b55da,1184,processing/behavior,3121916,0.013948000953743682
01a01a4b-74f3-4112-84a8-423e650b55da,1184,processing/ophys,220702012,0.9860457084268601
01a01a4b-74f3-4112-84a8-423e650b55da,1184,specifications,320,1.429686226406469e-06
01ac7679-1778-4133-8cb7-6024f43c9303,1552,acquisition,1382511,0.9996066678476272
01ac7679-1778-4133-8cb7-6024f43c9303,1552,general,48,3.470577815054354e-05
01ac7679-1778-4133-8cb7-6024f43c9303,1552,general/subject,96,6.941155630108708e-05
01ac7679-1778-4133-8cb7-6024f43c9303,1552,other,80,5.784296358423924e-05
01ac7679-1778-4133-8cb7-6024f43c9303,1552,specifications,320,0.00023137185433695696
01ba9a69-fc3b-4a13-8cf9-fde0aba3ef2c,1518,acquisition,36482403,0.9999846503695438
01ba9a69-fc3b-4a13-8cf9-fde0aba3ef2c,1518,general,64,1.7542434807172872e-06
01ba9a69-fc3b-4a13-8cf9-fde0aba3ef2c,1518,general/subject,96,2.631365221075931e-06
01ba9a69-fc3b-4a13-8cf9-fde0aba3ef2c,1518,other,80,2.192804350896609e-06
01ba9a69-fc3b-4a13-8cf9-fde0aba3ef2c,1518,specifications,320,8.771217403586435e-06
01be77d3-0d23-49c2-ab85-80a64751377e,988,acquisition,472177648,0.9999994917169861
01be77d3-0d23-49c2-ab85-80a64751377e,988,general,80,1.694276712932394e-07
01be77d3-0d23-49c2-ab85-80a64751377e,988,general/subject,80,1.694276712932394e-07
01be77d3-0d23-49c2-ab85-80a64751377e,988,other,80,1.694276712932394e-07
01e9105e-ab4f-4bfe-b766-09d971af09f0,1776,acquisition,22988436,0.5404154086088789
01e9105e-ab4f-4bfe-b766-09d971af09f0,1776,general,112,2.6329118589970385e-06
01e9105e-ab4f-4bfe-b766-09d971af09f0,1776,general/intracellular_ephys,23392,0.00054990244826481
01e9105e-ab4f-4bfe-b766-09d971af09f0,1776,general/subject,96,2.2567815934260328e-06
01e9105e-ab4f-4bfe-b766-09d971af09f0,1776,other,96,2.2567815934260328e-06
01e9105e-ab4f-4bfe-b766-09d971af09f0,1776,processing/misc,56,1.3164559294985193e-06
01e9105e-ab4f-4bfe-b766-09d971af09f0,1776,specifications,272,6.394214514707093e-06
01e9105e-ab4f-4bfe-b766-09d971af09f0,1776,stimulus,19525994,0.4590198317973662
020fff3e-fa5a-4cad-8873-80c57c7879a7,1841,acquisition,11351576,0.9829440881177519
020fff3e-fa5a-4cad-8873-80c57c7879a7,1841,general,64,5.541822707220225e-06
020fff3e-fa5a-4cad-8873-80c57c7879a7,1841,general/intracellular_ephys,18467,0.0015990756239724357
020fff3e-fa5a-4cad-8873-80c57c7879a7,1841,general/subject,80,6.927278384025281e-06
020fff3e-fa5a-4cad-8873-80c57c7879a7,1841,other,80,6.927278384025281e-06
020fff3e-fa5a-4cad-8873-80c57c7879a7,1841,specifications,320,2.7709113536101123e-05
020fff3e-fa5a-4cad-8873-80c57c7879a7,1841,stimulus,177960,0.015409730765264236
0210e42f-7f5b-49a7-b82a-e3a02a6a0584,1181,general,144,0.008037508372404554
0210e42f-7f5b-49a7-b82a-e3a02a6a0584,1181,general/subject,80,0.004465282429113641
0210e42f-7f5b-49a7-b82a-e3a02a6a0584,1181,intervals,17292,0.9651707970529136
0210e42f-7f5b-49a7-b82a-e3a02a6a0584,1181,other,80,0.004465282429113641
0210e42f-7f5b-49a7-b82a-e3a02a6a0584,1181,specifications,320,0.017861129716454566
0254c31f-10c2-4ae9-b05f-eb1dc701a235,1187,acquisition,45486,0.0001231746605800992
0254c31f-10c2-4ae9-b05f-eb1dc701a235,1187,general,144,3.8994748106086015e-07
0254c31f-10c2-4ae9-b05f-eb1dc701a235,1187,general/extracellular_ephys,920,2.4913311289999398e-06
0254c31f-10c2-4ae9-b05f-eb1dc701a235,1187,general/subject,80,2.1663748947825564e-07
0254c31f-10c2-4ae9-b05f-eb1dc701a235,1187,intervals,40260,0.00010902281657993215
0254c31f-10c2-4ae9-b05f-eb1dc701a235,1187,other,96,2.5996498737390675e-07
0254c31f-10c2-4ae9-b05f-eb1dc701a235,1187,specifications,320,8.665499579130226e-07
0254c31f-10c2-4ae9-b05f-eb1dc701a235,1187,stimulus,173175368,0.4689534620374131
0254c31f-10c2-4ae9-b05f-eb1dc701a235,1187,units,196017824,0.5308101160543821
025c13c1-96df-47dd-913a-3149613afea7,1777,acquisition,48001600,0.9999870006023054
025c13c1-96df-47dd-913a-3149613afea7,1777,general,80,1.6665894480222417e-06
025c13c1-96df-47dd-913a-3149613afea7,1777,general/intracellular_ephys,64,1.3332715584177932e-06
025c13c1-96df-47dd-913a-3149613afea7,1777,general/subject,80,1.6665894480222417e-06
025c13c1-96df-47dd-913a-3149613afea7,1777,other,80,1.6665894480222417e-06
025c13c1-96df-47dd-913a-3149613afea7,1777,specifications,320,6.666357792088967e-06
027c8f97-0908-4148-a0bf-7c4024d917a4,971,general,400,0.14129282938890853
027c8f97-0908-4148-a0bf-7c4024d917a4,971,general/optogenetics,40,0.01412928293889085
027c8f97-0908-4148-a0bf-7c4024d917a4,971,general/subject,112,0.03956199222889439
027c8f97-0908-4148-a0bf-7c4024d917a4,971,other,80,0.0282585658777817
027c8f97-0908-4148-a0bf-7c4024d917a4,971,processing/behavior,1062,0.3751324620275521
027c8f97-0908-4148-a0bf-7c4024d917a4,971,specifications,384,0.13564111621335218
027c8f97-0908-4148-a0bf-7c4024d917a4,971,stimulus,753,0.26598375132462027
029f2922-284e-43b3-b894-87b47189b1d9,1607,general,80,3.144684991008166e-05
029f2922-284e-43b3-b894-87b47189b1d9,1607,general/extracellular_ephys,22656,0.008905747894535127
029f2922-284e-43b3-b894-87b47189b1d9,1607,general/subject,128,5.031495985613066e-05
029f2922-284e-43b3-b894-87b47189b1d9,1607,intervals,205,8.058255289458426e-05
029f2922-284e-43b3-b894-87b47189b1d9,1607,other,80,3.144684991008166e-05
029f2922-284e-43b3-b894-87b47189b1d9,1607,scratch,2520474,0.9907620947532897
029f2922-284e-43b3-b894-87b47189b1d9,1607,specifications,352,0.00013836613960435933
02a5f418-f92c-4a9f-a500-d7204d455973,8,acquisition,7761155,0.992333320163859
02a5f418-f92c-4a9f-a500-d7204d455973,8,general,80,1.0228717969568796e-05
02a5f418-f92c-4a9f-a500-d7204d455973,8,general/DandiIcephysMetadata,192,2.4548923126965114e-05
02a5f418-f92c-4a9f-a500-d7204d455973,8,general/intracellular_ephys,3355,0.0004289668598487914
02a5f418-f92c-4a9f-a500-d7204d455973,8,general/subject,112,1.4320205157396315e-05
02a5f418-f92c-4a9f-a500-d7204d455973,8,other,80,1.0228717969568796e-05
02a5f418-f92c-4a9f-a500-d7204d455973,8,specifications,320,4.0914871878275186e-05
02a5f418-f92c-4a9f-a500-d7204d455973,8,stimulus,55823,0.007137471540190487
02be558a-caac-4b37-88cf-281804f589ff,1051,acquisition,3310004480,0.9991803279044826
02be558a-caac-4b37-88cf-281804f589ff,1051,general,32,9.659736319433454e-09
02be558a-caac-4b37-88cf-281804f589ff,1051,general/extracellular_ephys,10464,3.1587337764547394e-06
02be558a-caac-4b37-88cf-281804f589ff,1051,general/subject,96,2.897920895830036e-08
02be558a-caac-4b37-88cf-281804f589ff,1051,other,80,2.4149340798583635e-08
02be558a-caac-4b37-88cf-281804f589ff,1051,processing/current_source_density,2704224,0.0008163153371463629
02be558a-caac-4b37-88cf-281804f589ff,1051,specifications,448,1.3523630847206836e-07
037ab83d-7c48-470d-b1ec-5bb51cfb530d,952,acquisition,493934612,0.9999990606052849
037ab83d-7c48-470d-b1ec-5bb51cfb530d,952,general/subject,64,1.2957168484224028e-07
037ab83d-7c48-470d-b1ec-5bb51cfb530d,952,other,80,1.6196460605280034e-07
037ab83d-7c48-470d-b1ec-5bb51cfb530d,952,specifications,320,6.478584242112013e-07
037f3a81-05b7-49e5-b269-a4a1d708b819,1856,acquisition,21225070,0.5177437074405709
037f3a81-05b7-49e5-b269-a4a1d708b819,1856,general,330,8.049698938820385e-06
037f3a81-05b7-49e5-b269-a4a1d708b819,1856,general/intracellular_ephys,1585,3.8662947933425186e-05
037f3a81-05b7-49e5-b269-a4a1d708b819,1856,general/labnotebook,15113241,0.36865769709041435
037f3a81-05b7-49e5-b269-a4a1d708b819,1856,general/results,191444,0.0046698986777076665
037f3a81-05b7-49e5-b269-a4a1d708b819,1856,general/stimsets,341102,0.008320510325543973
037f3a81-05b7-49e5-b269-a4a1d708b819,1856,general/subject,80,1.9514421669867603e-06
037f3a81-05b7-49e5-b269-a4a1d708b819,1856,general/testpulse,2974934,0.07256764564503237
037f3a81-05b7-49e5-b269-a4a1d708b819,1856,general/user_comment,14,3.4150237922268304e-07
037f3a81-05b7-49e5-b269-a4a1d708b819,1856,intervals,71853,0.0017527121753062459
037f3a81-05b7-49e5-b269-a4a1d708b819,1856,other,108,2.634446925432126e-06
037f3a81-05b7-49e5-b269-a4a1d708b819,1856,processing/spikes,1942,4.73712586036036e-05
037f3a81-05b7-49e5-b269-a4a1d708b819,1856,specifications,288,7.025191801152337e-06
037f3a81-05b7-49e5-b269-a4a1d708b819,1856,stimulus,1073331,0.026181792156675827
03837a74-e74b-4d75-8669-895452dbfbd6,1461,acquisition,5728800,0.0042230994001155415
03837a74-e74b-4d75-8669-895452dbfbd6,1461,general,32,2.3589439464407437e-08
03837a74-e74b-4d75-8669-895452dbfbd6,1461,general/optophysiology,856,6.31017505672899e-07
03837a74-e74b-4d75-8669-895452dbfbd6,1461,general/subject,96,7.076831839322232e-08
03837a74-e74b-4d75-8669-895452dbfbd6,1461,intervals,623760,0.000459817148759962
03837a74-e74b-4d75-8669-895452dbfbd6,1461,other,80,5.8973598661018596e-08
03837a74-e74b-4d75-8669-895452dbfbd6,1461,processing/VISal_6,153778552,0.11336093260400723
03837a74-e74b-4d75-8669-895452dbfbd6,1461,processing/VISal_7,109227852,0.08051949383066422
03837a74-e74b-4d75-8669-895452dbfbd6,1461,processing/VISl_2,274956456,0.20268964606750023
03837a74-e74b-4d75-8669-895452dbfbd6,1461,processing/VISl_3,102099740,0.07526486362692933
03837a74-e74b-4d75-8669-895452dbfbd6,1461,processing/VISp_0,285648624,0.21057159137310255
03837a74-e74b-4d75-8669-895452dbfbd6,1461,processing/VISp_1,148432468,0.10941995995120607
03837a74-e74b-4d75-8669-895452dbfbd6,1461,processing/VISrl_4,176944916,0.1304384807661456
03837a74-e74b-4d75-8669-895452dbfbd6,1461,processing/VISrl_5,94971628,0.07001023342319446
03837a74-e74b-4d75-8669-895452dbfbd6,1461,processing/running,4052520,0.0029873961005718887
03837a74-e74b-4d75-8669-895452dbfbd6,1461,processing/stimulus,72320,5.331213318956081e-05
03837a74-e74b-4d75-8669-895452dbfbd6,1461,specifications,528,3.8922575116272275e-07
0388bf1e-bcec-4dfc-a696-92d7141c1913,1708,acquisition,96,0.0007178482498710117
0388bf1e-bcec-4dfc-a696-92d7141c1913,1708,general,112,0.0008374896248495136
0388bf1e-bcec-4dfc-a696-92d7141c1913,1708,general/subject,112,0.0008374896248495136
0388bf1e-bcec-4dfc-a696-92d7141c1913,1708,other,80,0.0005982068748925097
0388bf1e-bcec-4dfc-a696-92d7141c1913,1708,specifications,320,0.0023928274995700387
0388bf1e-bcec-4dfc-a696-92d7141c1913,1708,stimulus,96,0.0007178482498710117
0388bf1e-bcec-4dfc-a696-92d7141c1913,1708,units,132917,0.9938982898760964
03a5475c-4e01-4b68-ab27-2599f8d94dfc,773,acquisition,83886088,0.9999896050589985
03a5475c-4e01-4b68-ab27-2599f8d94dfc,773,general,240,2.8609929362084404e-06
03a5475c-4e01-4b68-ab27-2599f8d94dfc,773,general/optophysiology,136,1.6212293305181162e-06
03a5475c-4e01-4b68-ab27-2599f8d94dfc,773,general/subject,96,1.1443971744833762e-06
03a5475c-4e01-4b68-ab27-2599f8d94dfc,773,other,80,9.536643120694802e-07
03a5475c-4e01-4b68-ab27-2599f8d94dfc,773,specifications,320,3.814657248277921e-06
03b2ebd9-4df3-46c9-87be-d7737d93aca5,1640,acquisition,2450465600,0.9999994845880109
03b2ebd9-4df3-46c9-87be-d7737d93aca5,1640,general,16,6.529368032511117e-09
03b2ebd9-4df3-46c9-87be-d7737d93aca5,1640,general/extracellular_ephys,783,3.195309480910128e-07
03b2ebd9-4df3-46c9-87be-d7737d93aca5,1640,general/subject,64,2.611747213004447e-08
03b2ebd9-4df3-46c9-87be-d7737d93aca5,1640,other,80,3.2646840162555585e-08
03b2ebd9-4df3-46c9-87be-d7737d93aca5,1640,specifications,320,1.3058736065022234e-07
03ba189f-f95c-4a99-8bda-298c893a81fd,1063,acquisition,648312,0.9994573461761405
03ba189f-f95c-4a99-8bda-298c893a81fd,1063,general,160,0.00024666082902704634
03ba189f-f95c-4a99-8bda-298c893a81fd,1063,general/subject,96,0.00014799649741622782
03ba189f-f95c-4a99-8bda-298c893a81fd,1063,other,96,0.00014799649741622782
03c4312a-052f-43ef-8e53-7d066c676257,576,general,288,1.3801057563540213e-05
03c4312a-052f-43ef-8e53-7d066c676257,576,general/extracellular_ephys,234,1.1213359270376423e-05
03c4312a-052f-43ef-8e53-7d066c676257,576,general/subject,80,3.833627100983392e-06
03c4312a-052f-43ef-8e53-7d066c676257,576,intervals,901,4.317622522482546e-05
03c4312a-052f-43ef-8e53-7d066c676257,576,other,80,3.833627100983392e-06
03c4312a-052f-43ef-8e53-7d066c676257,576,processing/ecephys,20615391,0.987896520437114
03c4312a-052f-43ef-8e53-7d066c676257,576,specifications,320,1.533450840393357e-05
03c4312a-052f-43ef-8e53-7d066c676257,576,units,250672,0.012012287158221361
03c5424b-b4c7-4ebe-9926-98909e35f04b,1032,acquisition,496978,0.9988744578303567
03c5424b-b4c7-4ebe-9926-98909e35f04b,1032,general,64,0.00012863339081637984
03c5424b-b4c7-4ebe-9926-98909e35f04b,1032,general/subject,96,0.00019295008622456978
03c5424b-b4c7-4ebe-9926-98909e35f04b,1032,other,80,0.0001607917385204748
03c5424b-b4c7-4ebe-9926-98909e35f04b,1032,specifications,320,0.0006431669540818992
03d55f2c-01cf-4215-85a6-276ebb15ed33,1475,acquisition,1600320,0.49967277977329383
03d55f2c-01cf-4215-85a6-276ebb15ed33,1475,general,80,2.497864326001269e-05
03d55f2c-01cf-4215-85a6-276ebb15ed33,1475,general/intracellular_ephys,1520,0.0004745942219402411
03d55f2c-01cf-4215-85a6-276ebb15ed33,1475,general/subject,96,2.9974371912015227e-05
03d55f2c-01cf-4215-85a6-276ebb15ed33,1475,other,80,2.497864326001269e-05
03d55f2c-01cf-4215-85a6-276ebb15ed33,1475,specifications,320,9.991457304005076e-05
03d55f2c-01cf-4215-85a6-276ebb15ed33,1475,stimulus,1600320,0.49967277977329383
03e5527f-5988-422d-84f9-079f65976230,1339,acquisition,48006672,0.900485631934886
03e5527f-5988-422d-84f9-079f65976230,1339,general/optophysiology,104,1.9507810439604756e-06
03e5527f-5988-422d-84f9-079f65976230,1339,general/subject,80,1.5006008030465198e-06
03e5527f-5988-422d-84f9-079f65976230,1339,other,80,1.5006008030465198e-06
03e5527f-5988-422d-84f9-079f65976230,1339,processing/ophys,5130156,0.09622895266692402
03e5527f-5988-422d-84f9-079f65976230,1339,specifications,320,6.002403212186079e-06
03e5527f-5988-422d-84f9-079f65976230,1339,stimulus,174568,0.003274461012327811
03f9cf7e-bcb9-45dd-8ca4-4bba62571a2d,951,general,16,0.030303030303030304
03f9cf7e-bcb9-45dd-8ca4-4bba62571a2d,951,general/subject,80,0.15151515151515152
03f9cf7e-bcb9-45dd-8ca4-4bba62571a2d,951,other,80,0.15151515151515152
03f9cf7e-bcb9-45dd-8ca4-4bba62571a2d,951,specifications,352,0.6666666666666666
040d9a73-5aa8-4370-b01d-a5ab60daf9d3,1701,general,80,2.2196840751401904e-06
040d9a73-5aa8-4370-b01d-a5ab60daf9d3,1701,general/extracellular_ephys,46080,0.0012785380272807496
040d9a73-5aa8-4370-b01d-a5ab60daf9d3,1701,general/subject,96,2.6636208901682283e-06
040d9a73-5aa8-4370-b01d-a5ab60daf9d3,1701,other,80,2.2196840751401904e-06
040d9a73-5aa8-4370-b01d-a5ab60daf9d3,1701,processing/behavior,4533312,0.1257815056755241
040d9a73-5aa8-4370-b01d-a5ab60daf9d3,1701,processing/probe_0_channel_159,15782528,0.43790282583817697
040d9a73-5aa8-4370-b01d-a5ab60daf9d3,1701,specifications,320,8.878736300560761e-06
040d9a73-5aa8-4370-b01d-a5ab60daf9d3,1701,units,15678669,0.4350211487336772
041c6e64-6bc0-43f5-aec8-7285652f52a1,690,acquisition,2037526284,0.9999936236811957
041c6e64-6bc0-43f5-aec8-7285652f52a1,690,general,48,2.355782809459816e-08
041c6e64-6bc0-43f5-aec8-7285652f52a1,690,general/extracellular_ephys,12384,6.077919648406326e-06
041c6e64-6bc0-43f5-aec8-7285652f52a1,690,general/subject,96,4.711565618919632e-08
041c6e64-6bc0-43f5-aec8-7285652f52a1,690,other,80,3.9263046824330274e-08
041c6e64-6bc0-43f5-aec8-7285652f52a1,690,specifications,384,1.884626247567853e-07
044590e6-5a76-45c2-b2e9-dd788d877e58,1789,acquisition,14400048,0.499988055880701
044590e6-5a76-45c2-b2e9-dd788d877e58,1789,general,176,6.110944757614931e-06
044590e6-5a76-45c2-b2e9-dd788d877e58,1789,general/intracellular_ephys,32,1.1110808650208967e-06
044590e6-5a76-45c2-b2e9-dd788d877e58,1789,general/subject,80,2.7777021625522415e-06
044590e6-5a76-45c2-b2e9-dd788d877e58,1789,other,80,2.7777021625522415e-06
044590e6-5a76-45c2-b2e9-dd788d877e58,1789,specifications,320,1.1110808650208966e-05
044590e6-5a76-45c2-b2e9-dd788d877e58,1789,stimulus,14400048,0.499988055880701
0459b2d8-5635-41fc-b65d-9a69d3e19a15,1516,acquisition,20713982,0.999972965851719
0459b2d8-5635-41fc-b65d-9a69d3e19a15,1516,general,64,3.0896169463944703e-06
0459b2d8-5635-41fc-b65d-9a69d3e19a15,1516,general/subject,96,4.634425419591705e-06
0459b2d8-5635-41fc-b65d-9a69d3e19a15,1516,other,80,3.862021182993087e-06
0459b2d8-5635-41fc-b65d-9a69d3e19a15,1516,specifications,320,1.544808473197235e-05
04aedb24-1ec8-4992-b32f-a11b8ce890ce,552,general,208,1.3581597802110922e-06
04aedb24-1ec8-4992-b32f-a11b8ce890ce,552,general/extracellular_ephys,9216,6.017692564627609e-05
04aedb24-1ec8-4992-b32f-a11b8ce890ce,552,general/subject,96,6.268429754820425e-07
04aedb24-1ec8-4992-b32f-a11b8ce890ce,552,intervals,1347,8.79539049973241e-06
04aedb24-1ec8-4992-b32f-a11b8ce890ce,552,other,80,5.223691462350355e-07
04aedb24-1ec8-4992-b32f-a11b8ce890ce,552,processing/behavior,1576699,0.010295236381245427
04aedb24-1ec8-4992-b32f-a11b8ce890ce,552,processing/ecephys,73595360,0.480549317125751
04aedb24-1ec8-4992-b32f-a11b8ce890ce,552,specifications,352,2.2984242434341563e-06
04aedb24-1ec8-4992-b32f-a11b8ce890ce,552,units,77965044,0.5090816683807122
04dc0b29-cecb-4c27-a967-07da9750ab5e,1425,acquisition,11056915139,0.995739253965237
04dc0b29-cecb-4c27-a967-07da9750ab5e,1425,analysis,32,2.881785355709022e-09
04dc0b29-cecb-4c27-a967-07da9750ab5e,1425,general,80,7.204463389272555e-09
04dc0b29-cecb-4c27-a967-07da9750ab5e,1425,general/optophysiology,216,1.9452051151035898e-08
04dc0b29-cecb-4c27-a967-07da9750ab5e,1425,general/subject,144,1.29680341006906e-08
04dc0b29-cecb-4c27-a967-07da9750ab5e,1425,intervals,3264,2.939421062823202e-07
04dc0b29-cecb-4c27-a967-07da9750ab5e,1425,other,80,7.204463389272555e-09
04dc0b29-cecb-4c27-a967-07da9750ab5e,1425,processing/downsampled,2635674,0.0002373577104882194
04dc0b29-cecb-4c27-a967-07da9750ab5e,1425,processing/ophys,44672451,0.004023012971732152
04dc0b29-cecb-4c27-a967-07da9750ab5e,1425,specifications,352,3.169963891279924e-08
04fc7f38-18a2-41d3-8adb-42e24845a583,1872,acquisition,1456866903,0.9999921791682782
04fc7f38-18a2-41d3-8adb-42e24845a583,1872,general,64,4.392954451431436e-08
04fc7f38-18a2-41d3-8adb-42e24845a583,1872,general/extracellular_ephys,10818,7.425465821185199e-06
04fc7f38-18a2-41d3-8adb-42e24845a583,1872,general/subject,80,5.491193064289295e-08
04fc7f38-18a2-41d3-8adb-42e24845a583,1872,other,80,5.491193064289295e-08
04fc7f38-18a2-41d3-8adb-42e24845a583,1872,specifications,352,2.41612494828729e-07
04fd9b82-57ef-403f-b6f4-6dd2a4aa3cf5,1201,analysis,36140992,0.9978226858672594
04fd9b82-57ef-403f-b6f4-6dd2a4aa3cf5,1201,general,112,3.0922267107978956e-06
04fd9b82-57ef-403f-b6f4-6dd2a4aa3cf5,1201,general/extracellular_ephys,11520,0.0003180576045392121
04fd9b82-57ef-403f-b6f4-6dd2a4aa3cf5,1201,general/subject,80,2.2087333648556397e-06
04fd9b82-57ef-403f-b6f4-6dd2a4aa3cf5,1201,intervals,66750,0.0018429119013014244
04fd9b82-57ef-403f-b6f4-6dd2a4aa3cf5,1201,other,80,2.2087333648556397e-06
04fd9b82-57ef-403f-b6f4-6dd2a4aa3cf5,1201,specifications,320,8.834933459422559e-06
05129448-01e4-43c4-b3f6-e671138335f6,1620,acquisition,2207580,0.9996377435042882
05129448-01e4-43c4-b3f6-e671138335f6,1620,general,208,9.418668888506508e-05
05129448-01e4-43c4-b3f6-e671138335f6,1620,general/optophysiology,80,3.6225649571178875e-05
05129448-01e4-43c4-b3f6-e671138335f6,1620,general/subject,80,3.6225649571178875e-05
05129448-01e4-43c4-b3f6-e671138335f6,1620,other,80,3.6225649571178875e-05
05129448-01e4-43c4-b3f6-e671138335f6,1620,specifications,352,0.00015939285811318704
051655d8-4641-41a1-8312-bec72f58fb71,1035,acquisition,473719,0.9988192603931442
051655d8-4641-41a1-8312-bec72f58fb71,1035,general,64,0.00013494166935495774
051655d8-4641-41a1-8312-bec72f58fb71,1035,general/subject,96,0.0002024125040324366
051655d8-4641-41a1-8312-bec72f58fb71,1035,other,80,0.00016867708669369717
051655d8-4641-41a1-8312-bec72f58fb71,1035,specifications,320,0.0006747083467747887
054daca4-d915-4148-8471-36879b0e7f81,728,acquisition,47421180388,0.9999999851543132
054daca4-d915-4148-8471-36879b0e7f81,728,general,96,2.0244118301008595e-09
054daca4-d915-4148-8471-36879b0e7f81,728,general/optophysiology,96,2.0244118301008595e-09
054daca4-d915-4148-8471-36879b0e7f81,728,general/subject,112,2.3618138017843362e-09
054daca4-d915-4148-8471-36879b0e7f81,728,other,80,1.687009858417383e-09
054daca4-d915-4148-8471-36879b0e7f81,728,specifications,320,6.748039433669532e-09
0560da9d-d37c-4eb1-8e7b-9b5aae8eb648,405,acquisition,4850296,0.999887854474689
0560da9d-d37c-4eb1-8e7b-9b5aae8eb648,405,general,64,1.3193591213068252e-05
0560da9d-d37c-4eb1-8e7b-9b5aae8eb648,405,general/subject,80,1.6491989016335316e-05
0560da9d-d37c-4eb1-8e7b-9b5aae8eb648,405,other,80,1.6491989016335316e-05
0560da9d-d37c-4eb1-8e7b-9b5aae8eb648,405,specifications,320,6.596795606534126e-05
0562aa7a-ac42-48f1-807b-28629a144e32,1708,acquisition,346248,0.802125732342128
0562aa7a-ac42-48f1-807b-28629a144e32,1708,general,112,0.00025946166338092447
0562aa7a-ac42-48f1-807b-28629a144e32,1708,general/subject,112,0.00025946166338092447
0562aa7a-ac42-48f1-807b-28629a144e32,1708,other,80,0.00018532975955780318
0562aa7a-ac42-48f1-807b-28629a144e32,1708,specifications,320,0.0007413190382312127
0562aa7a-ac42-48f1-807b-28629a144e32,1708,stimulus,168,0.00038919249507138673
0562aa7a-ac42-48f1-807b-28629a144e32,1708,units,84623,0.19603950303824974
0587436e-be44-47a0-8615-9b329feefbac,773,acquisition,83886088,0.9999896050589985
0587436e-be44-47a0-8615-9b329feefbac,773,general,240,2.8609929362084404e-06
0587436e-be44-47a0-8615-9b329feefbac,773,general/optophysiology,136,1.6212293305181162e-06
0587436e-be44-47a0-8615-9b329feefbac,773,general/subject,96,1.1443971744833762e-06
0587436e-be44-47a0-8615-9b329feefbac,773,other,80,9.536643120694802e-07
0587436e-be44-47a0-8615-9b329feefbac,773,specifications,320,3.814657248277921e-06
059ce8ff-422c-483d-b492-6ecd798557b1,1692,acquisition,8697225165,0.992695256109921
059ce8ff-422c-483d-b492-6ecd798557b1,1692,general,240,2.73934337615118e-08
059ce8ff-422c-483d-b492-6ecd798557b1,1692,general/FiberPhotometry,8002,9.133427373317393e-07
059ce8ff-422c-483d-b492-6ecd798557b1,1692,general/optophysiology,160,1.8262289174341203e-08
059ce8ff-422c-483d-b492-6ecd798557b1,1692,general/subject,96,1.0957373504604721e-08
059ce8ff-422c-483d-b492-6ecd798557b1,1692,other,80,9.131144587170601e-09
059ce8ff-422c-483d-b492-6ecd798557b1,1692,processing/behavior,188038,2.146252707352982e-05
059ce8ff-422c-483d-b492-6ecd798557b1,1692,processing/ophys,63801527,0.007282262098990862
059ce8ff-422c-483d-b492-6ecd798557b1,1692,specifications,352,4.0177036183550645e-08
059e94d0-150c-48dd-9e60-bd592c99ee8e,1435,acquisition,15515889734,0.9999995658645948
059e94d0-150c-48dd-9e60-bd592c99ee8e,1435,general,64,4.124801949003981e-09
059e94d0-150c-48dd-9e60-bd592c99ee8e,1435,general/extracellular_ephys,6144,3.9598098710438226e-07
059e94d0-150c-48dd-9e60-bd592c99ee8e,1435,general/subject,64,4.124801949003981e-09
059e94d0-150c-48dd-9e60-bd592c99ee8e,1435,other,80,5.156002436254977e-09
059e94d0-150c-48dd-9e60-bd592c99ee8e,1435,specifications,384,2.474881169402389e-08
05a43a52-9ecb-47bc-97aa-4854ffe83f24,1452,acquisition,3280656,0.9998537092031541
05a43a52-9ecb-47bc-97aa-4854ffe83f24,1452,general/intracellular_ephys,16,4.87635989486568e-06
05a43a52-9ecb-47bc-97aa-4854ffe83f24,1452,general/subject,64,1.950543957946272e-05
05a43a52-9ecb-47bc-97aa-4854ffe83f24,1452,other,80,2.4381799474328403e-05
05a43a52-9ecb-47bc-97aa-4854ffe83f24,1452,specifications,320,9.752719789731361e-05
05ba3c8f-7a76-485a-b753-5d8acb1616c8,248,acquisition,2324319759,0.9999947989354402
05ba3c8f-7a76-485a-b753-5d8acb1616c8,248,general,48,2.0651095944540877e-08
05ba3c8f-7a76-485a-b753-5d8acb1616c8,248,general/extracellular_ephys,11481,4.939484011234871e-06
05ba3c8f-7a76-485a-b753-5d8acb1616c8,248,general/subject,96,4.1302191889081753e-08
05ba3c8f-7a76-485a-b753-5d8acb1616c8,248,other,80,3.4418493240901463e-08
05ba3c8f-7a76-485a-b753-5d8acb1616c8,248,specifications,384,1.6520876755632701e-07
05c270fc-4a5f-4ca1-97c4-2526deae0cb9,947,acquisition,608527612,0.11264441116968253
05c270fc-4a5f-4ca1-97c4-2526deae0cb9,947,general,224,4.146459027402176e-08
05c270fc-4a5f-4ca1-97c4-2526deae0cb9,947,general/extracellular_ephys,5632,1.0425382697468327e-06
05c270fc-4a5f-4ca1-97c4-2526deae0cb9,947,general/subject,80,1.4808782240722057e-08
05c270fc-4a5f-4ca1-97c4-2526deae0cb9,947,intervals,12288,2.274628952174908e-06
05c270fc-4a5f-4ca1-97c4-2526deae0cb9,947,other,80,1.4808782240722057e-08
05c270fc-4a5f-4ca1-97c4-2526deae0cb9,947,processing/ecephys,4792628433,0.8871623853123748
05c270fc-4a5f-4ca1-97c4-2526deae0cb9,947,specifications,352,6.515864185917705e-08
05c270fc-4a5f-4ca1-97c4-2526deae0cb9,947,units,1025068,0.00018975010992415596
05cc77ad-3937-4017-a698-47571cd7f540,1676,acquisition,6409992,0.07966770298610334
05cc77ad-3937-4017-a698-47571cd7f540,1676,general,128,1.5908703134452006e-06
05cc77ad-3937-4017-a698-47571cd7f540,1676,general/optophysiology,128,1.5908703134452006e-06
05cc77ad-3937-4017-a698-47571cd7f540,1676,general/subject,96,1.1931527350839006e-06
05cc77ad-3937-4017-a698-47571cd7f540,1676,other,80,9.942939459032504e-07
05cc77ad-3937-4017-a698-47571cd7f540,1676,processing/ophys,73988336,0.919576931903194
05cc77ad-3937-4017-a698-47571cd7f540,1676,scratch,60024,0.0007460187476112088
05cc77ad-3937-4017-a698-47571cd7f540,1676,specifications,320,3.977175783613002e-06
05d5369b-32f3-46b3-bb2e-c6b2916fc401,336,acquisition,49887960,0.43531348394283303
05d5369b-32f3-46b3-bb2e-c6b2916fc401,336,general,112,9.772921202149235e-07
05d5369b-32f3-46b3-bb2e-c6b2916fc401,336,general/optophysiology,88,7.678723801688686e-07
05d5369b-32f3-46b3-bb2e-c6b2916fc401,336,general/subject,96,8.376789601842203e-07
05d5369b-32f3-46b3-bb2e-c6b2916fc401,336,intervals,10775046,0.09402113884601189
05d5369b-32f3-46b3-bb2e-c6b2916fc401,336,other,80,6.980658001535168e-07
05d5369b-32f3-46b3-bb2e-c6b2916fc401,336,processing/ophys,38878115,0.3392435306991931
05d5369b-32f3-46b3-bb2e-c6b2916fc401,336,processing/running,10394208,0.09069801405602608
05d5369b-32f3-46b3-bb2e-c6b2916fc401,336,processing/stimulus,3779712,0.03298109602037312
05d5369b-32f3-46b3-bb2e-c6b2916fc401,336,processing/stimulus_ophys,886512,0.007735546357821182
05d5369b-32f3-46b3-bb2e-c6b2916fc401,336,specifications,448,3.909168480859694e-06
05d9533b-de3d-41a8-aefb-5ba8ee0f46c0,579,acquisition,182192847,0.27578855672176494
05d9533b-de3d-41a8-aefb-5ba8ee0f46c0,579,general,256,3.8751175846531356e-07
05d9533b-de3d-41a8-aefb-5ba8ee0f46c0,579,general/optophysiology,456,6.902553197663398e-07
05d9533b-de3d-41a8-aefb-5ba8ee0f46c0,579,general/subject,112,1.6953639432857468e-07
05d9533b-de3d-41a8-aefb-5ba8ee0f46c0,579,intervals,173848,0.00026315681322530406
05d9533b-de3d-41a8-aefb-5ba8ee0f46c0,579,other,80,1.210974245204105e-07
05d9533b-de3d-41a8-aefb-5ba8ee0f46c0,579,processing/behavior,21727328,0.03288904328137752
05d9533b-de3d-41a8-aefb-5ba8ee0f46c0,579,processing/ophys,456529836,0.6910573419540672
05d9533b-de3d-41a8-aefb-5ba8ee0f46c0,579,specifications,352,5.328286678898061e-07
05f2c053-4b80-48a3-a6e4-b8a4a0230d22,954,acquisition,143903,0.16010694342301288
05f2c053-4b80-48a3-a6e4-b8a4a0230d22,954,general,64,7.120660708305472e-05
05f2c053-4b80-48a3-a6e4-b8a4a0230d22,954,general/subject,80,8.90082588538184e-05
05f2c053-4b80-48a3-a6e4-b8a4a0230d22,954,intervals,1682,0.0018713986424015317
05f2c053-4b80-48a3-a6e4-b8a4a0230d22,954,other,80,8.90082588538184e-05
05f2c053-4b80-48a3-a6e4-b8a4a0230d22,954,specifications,320,0.0003560330354152736
05f2c053-4b80-48a3-a6e4-b8a4a0230d22,954,units,752664,0.8374164017743796
06040f49-34dc-473a-ac9a-f926e8ac6d54,1199,general,32,8.426552065558575e-05
06040f49-34dc-473a-ac9a-f926e8ac6d54,1199,general/extracellular_ephys,3072,0.008089489982936232
06040f49-34dc-473a-ac9a-f926e8ac6d54,1199,general/subject,80,0.00021066380163896437
06040f49-34dc-473a-ac9a-f926e8ac6d54,1199,intervals,11976,0.03153637110535297
06040f49-34dc-473a-ac9a-f926e8ac6d54,1199,other,80,0.00021066380163896437
06040f49-34dc-473a-ac9a-f926e8ac6d54,1199,specifications,320,0.0008426552065558575
06040f49-34dc-473a-ac9a-f926e8ac6d54,1199,units,364192,0.9590258905812215
060a6129-7e17-436e-9ba1-c039a856bfa3,1181,acquisition,413677,0.948119813069975
060a6129-7e17-436e-9ba1-c039a856bfa3,1181,general,144,0.0003300382981941863
060a6129-7e17-436e-9ba1-c039a856bfa3,1181,general/subject,80,0.00018335461010788126
060a6129-7e17-436e-9ba1-c039a856bfa3,1181,intervals,15260,0.034974891878078354
060a6129-7e17-436e-9ba1-c039a856bfa3,1181,other,80,0.00018335461010788126
060a6129-7e17-436e-9ba1-c039a856bfa3,1181,specifications,320,0.000733418440431525
060a6129-7e17-436e-9ba1-c039a856bfa3,1181,stimulus,6752,0.015475129093105179
0615ec65-cb24-43d6-acaa-8958492b2655,981,acquisition,1667818766,0.9734992024304403
0615ec65-cb24-43d6-acaa-8958492b2655,981,general,48,2.8017409726556063e-08
0615ec65-cb24-43d6-acaa-8958492b2655,981,general/optophysiology,524,3.0585672284823704e-07
0615ec65-cb24-43d6-acaa-8958492b2655,981,general/subject,120,7.004352431639016e-08
0615ec65-cb24-43d6-acaa-8958492b2655,981,other,80,4.669568287759344e-08
0615ec65-cb24-43d6-acaa-8958492b2655,981,processing/CalciumActivity,6939264,0.004050420889348757
0615ec65-cb24-43d6-acaa-8958492b2655,981,processing/NeuroPAL,38461321,0.02244972060586656
0615ec65-cb24-43d6-acaa-8958492b2655,981,specifications,352,2.0546100466141113e-07
0616c832-f9f3-47ea-b8c9-87ef29198000,713,acquisition,8082144,0.04249595552922183
0616c832-f9f3-47ea-b8c9-87ef29198000,713,general,80,4.206404194651501e-07
0616c832-f9f3-47ea-b8c9-87ef29198000,713,general/subject,96,5.047685033581802e-07
0616c832-f9f3-47ea-b8c9-87ef29198000,713,intervals,915321,0.004812762617315758
0616c832-f9f3-47ea-b8c9-87ef29198000,713,other,80,4.206404194651501e-07
0616c832-f9f3-47ea-b8c9-87ef29198000,713,processing/licking,65072,0.0003421489171929531
0616c832-f9f3-47ea-b8c9-87ef29198000,713,processing/rewards,3700,1.9454619400263194e-05
0616c832-f9f3-47ea-b8c9-87ef29198000,713,processing/running,11112948,0.05843193885268001
0616c832-f9f3-47ea-b8c9-87ef29198000,713,processing/stimulus,4041072,0.021247977764610914
0616c832-f9f3-47ea-b8c9-87ef29198000,713,specifications,480,2.523842516790901e-06
0616c832-f9f3-47ea-b8c9-87ef29198000,713,stimulus,165965200,0.8726458918077192
063a5840-c1c4-49b3-889c-9f14142415f8,336,acquisition,19719044909,0.827693008088955
063a5840-c1c4-49b3-889c-9f14142415f8,336,general,128,5.372709759742564e-09
063a5840-c1c4-49b3-889c-9f14142415f8,336,general/optophysiology,88,3.6937379598230132e-09
063a5840-c1c4-49b3-889c-9f14142415f8,336,general/subject,96,4.0295323198069235e-09
063a5840-c1c4-49b3-889c-9f14142415f8,336,intervals,10775046,0.0004522749594208991
063a5840-c1c4-49b3-889c-9f14142415f8,336,other,80,3.357943599839103e-09
063a5840-c1c4-49b3-889c-9f14142415f8,336,processing/ophys,160395695,0.006732496218337435
063a5840-c1c4-49b3-889c-9f14142415f8,336,processing/running,10394208,0.00043628955286245506
063a5840-c1c4-49b3-889c-9f14142415f8,336,processing/stimulus,3779712,0.0001586507464954382
063a5840-c1c4-49b3-889c-9f14142415f8,336,processing/stimulus_ophys,886512,3.721071620725703e-05
063a5840-c1c4-49b3-889c-9f14142415f8,336,specifications,448,1.8804484159098976e-08
063a5840-c1c4-49b3-889c-9f14142415f8,336,stimulus,3918827808,0.16449003445931376
06535891-a77f-4b02-a1bd-a203bbaa73f7,293,acquisition,1170588,0.9919043640511057
06535891-a77f-4b02-a1bd-a203bbaa73f7,293,general,64,5.4230762060836744e-05
06535891-a77f-4b02-a1bd-a203bbaa73f7,293,general/intracellular_ephys,562,0.0004762138793467227
06535891-a77f-4b02-a1bd-a203bbaa73f7,293,general/subject,80,6.778845257604593e-05
06535891-a77f-4b02-a1bd-a203bbaa73f7,293,other,80,6.778845257604593e-05
06535891-a77f-4b02-a1bd-a203bbaa73f7,293,specifications,352,0.0002982691913346021
06535891-a77f-4b02-a1bd-a203bbaa73f7,293,stimulus,8416,0.007131345211000032
065de941-1093-4483-97a2-09c361d0701c,728,acquisition,38699657251,0.9999999818086247
065de941-1093-4483-97a2-09c361d0701c,728,general,96,2.480642079876491e-09
065de941-1093-4483-97a2-09c361d0701c,728,general/optophysiology,96,2.480642079876491e-09
065de941-1093-4483-97a2-09c361d0701c,728,general/subject,112,2.894082426522573e-09
065de941-1093-4483-97a2-09c361d0701c,728,other,80,2.0672017332304092e-09
065de941-1093-4483-97a2-09c361d0701c,728,specifications,320,8.268806932921637e-09
066c773d-eaae-4717-9d3b-3fd205ccbbb5,1534,acquisition,17684416,0.7216640878786954
066c773d-eaae-4717-9d3b-3fd205ccbbb5,1534,general,330,1.34666108849718e-05
066c773d-eaae-4717-9d3b-3fd205ccbbb5,1534,general/intracellular_ephys,1452,5.9253087893875924e-05
066c773d-eaae-4717-9d3b-3fd205ccbbb5,1534,general/labnotebook,2449784,0.09997056933402958
066c773d-eaae-4717-9d3b-3fd205ccbbb5,1534,general/results,84987,0.0034681419978215104
066c773d-eaae-4717-9d3b-3fd205ccbbb5,1534,general/stimsets,341085,0.013918966586971535
066c773d-eaae-4717-9d3b-3fd205ccbbb5,1534,general/subject,96,3.9175595301736146e-06
066c773d-eaae-4717-9d3b-3fd205ccbbb5,1534,general/testpulse,3238768,0.1321673587960556
066c773d-eaae-4717-9d3b-3fd205ccbbb5,1534,general/user_comment,14,5.713107648169855e-07
066c773d-eaae-4717-9d3b-3fd205ccbbb5,1534,intervals,43939,0.001793058835378109
066c773d-eaae-4717-9d3b-3fd205ccbbb5,1534,other,108,4.407254471445316e-06
066c773d-eaae-4717-9d3b-3fd205ccbbb5,1534,processing/spikes,2194,8.953255842917616e-05
066c773d-eaae-4717-9d3b-3fd205ccbbb5,1534,specifications,288,1.1752678590520844e-05
066c773d-eaae-4717-9d3b-3fd205ccbbb5,1534,stimulus,657591,0.02683491551048331
0672754b-9e67-4c77-9f0d-3506fbe89bdb,579,acquisition,167899477,0.14695990120783742
0672754b-9e67-4c77-9f0d-3506fbe89bdb,579,general,272,2.380775321207926e-07
0672754b-9e67-4c77-9f0d-3506fbe89bdb,579,general/optophysiology,456,3.9912998032015234e-07
0672754b-9e67-4c77-9f0d-3506fbe89bdb,579,general/subject,112,9.803192499091461e-08
0672754b-9e67-4c77-9f0d-3506fbe89bdb,579,intervals,173848,0.00015216655442696895
0672754b-9e67-4c77-9f0d-3506fbe89bdb,579,other,80,7.0022803564939e-08
0672754b-9e67-4c77-9f0d-3506fbe89bdb,579,processing/behavior,20328000,0.017792794385851
0672754b-9e67-4c77-9f0d-3506fbe89bdb,579,processing/ophys,954082364,0.8350940244893079
0672754b-9e67-4c77-9f0d-3506fbe89bdb,579,specifications,352,3.081003356857316e-07
067eb3da-42df-423e-8994-ed5893d7a4ff,1333,general,160,0.00025776849811184573
067eb3da-42df-423e-8994-ed5893d7a4ff,1333,general/extracellular_ephys,768,0.0012372887909368596
067eb3da-42df-423e-8994-ed5893d7a4ff,1333,general/subject,80,0.00012888424905592287
067eb3da-42df-423e-8994-ed5893d7a4ff,1333,other,80,0.00012888424905592287
067eb3da-42df-423e-8994-ed5893d7a4ff,1333,processing/ecephys,619304,0.9977316372166157
067eb3da-42df-423e-8994-ed5893d7a4ff,1333,specifications,320,0.0005155369962236915
0691baf1-ccdb-4966-8740-83d11ac20f32,1359,acquisition,11842639,0.6719855750491975
0691baf1-ccdb-4966-8740-83d11ac20f32,1359,general,329,1.8668411170110476e-05
0691baf1-ccdb-4966-8740-83d11ac20f32,1359,general/intracellular_ephys,986,5.5948490619236874e-05
0691baf1-ccdb-4966-8740-83d11ac20f32,1359,general/labnotebook,1835667,0.104161052666879
0691baf1-ccdb-4966-8740-83d11ac20f32,1359,general/results,83239,0.00472322151182014
0691baf1-ccdb-4966-8740-83d11ac20f32,1359,general/stimsets,295413,0.016762587686917466
0691baf1-ccdb-4966-8740-83d11ac20f32,1359,general/subject,80,4.539431287564858e-06
0691baf1-ccdb-4966-8740-83d11ac20f32,1359,general/testpulse,3075748,0.17452683379831296
0691baf1-ccdb-4966-8740-83d11ac20f32,1359,general/user_comment,14,7.944004753238501e-07
0691baf1-ccdb-4966-8740-83d11ac20f32,1359,intervals,32763,0.0018590673409310929
0691baf1-ccdb-4966-8740-83d11ac20f32,1359,other,104,5.901260673834315e-06
0691baf1-ccdb-4966-8740-83d11ac20f32,1359,processing/spikes,336,1.9065611407772404e-05
0691baf1-ccdb-4966-8740-83d11ac20f32,1359,specifications,288,1.634195263523349e-05
0691baf1-ccdb-4966-8740-83d11ac20f32,1359,stimulus,455747,0.025860402387672766
06a8e0cb-5d8e-47d4-b147-3851c5848d47,934,acquisition,14013497,0.6934124295893178
06a8e0cb-5d8e-47d4-b147-3851c5848d47,934,general,330,1.6328979252250516e-05
06a8e0cb-5d8e-47d4-b147-3851c5848d47,934,general/intracellular_ephys,1133,5.6062828766060105e-05
06a8e0cb-5d8e-47d4-b147-3851c5848d47,934,general/labnotebook,1788775,0.08851172685437703
06a8e0cb-5d8e-47d4-b147-3851c5848d47,934,general/results,95282,0.004714720609433133
06a8e0cb-5d8e-47d4-b147-3851c5848d47,934,general/stimsets,374925,0.01855194710954553
06a8e0cb-5d8e-47d4-b147-3851c5848d47,934,general/subject,80,3.9585404247880045e-06
06a8e0cb-5d8e-47d4-b147-3851c5848d47,934,general/testpulse,2978573,0.147385020358526
06a8e0cb-5d8e-47d4-b147-3851c5848d47,934,general/user_comment,14,6.927445743379007e-07
06a8e0cb-5d8e-47d4-b147-3851c5848d47,934,intervals,100474,0.004971629883001874
06a8e0cb-5d8e-47d4-b147-3851c5848d47,934,other,106,5.2450660628441055e-06
06a8e0cb-5d8e-47d4-b147-3851c5848d47,934,processing/spikes,2220,0.00010984949678786711
06a8e0cb-5d8e-47d4-b147-3851c5848d47,934,specifications,288,1.4250745529236814e-05
06a8e0cb-5d8e-47d4-b147-3851c5848d47,934,stimulus,853772,0.0422461371944013
06e63cf8-d33e-4fdd-863d-7b4b61683546,1702,general,272,0.3541666666666667
06e63cf8-d33e-4fdd-863d-7b4b61683546,1702,general/subject,96,0.125
06e63cf8-d33e-4fdd-863d-7b4b61683546,1702,other,80,0.10416666666666667
06e63cf8-d33e-4fdd-863d-7b4b61683546,1702,specifications,320,0.4166666666666667
06ea3883-bb4f-4ef3-a882-09b1a111b0a4,971,general,400,0.07293946024799416
06ea3883-bb4f-4ef3-a882-09b1a111b0a4,971,general/optogenetics,40,0.007293946024799417
06ea3883-bb4f-4ef3-a882-09b1a111b0a4,971,general/subject,112,0.020423048869438368
06ea3883-bb4f-4ef3-a882-09b1a111b0a4,971,other,80,0.014587892049598834
06ea3883-bb4f-4ef3-a882-09b1a111b0a4,971,processing/behavior,4468,0.8147337709700948
06ea3883-bb4f-4ef3-a882-09b1a111b0a4,971,specifications,384,0.0700218818380744
06f3a9aa-295d-47c8-9c07-876b84e54294,488,general,48,3.6540364723448344e-08
06f3a9aa-295d-47c8-9c07-876b84e54294,488,general/optophysiology,104,7.917079023413809e-08
06f3a9aa-295d-47c8-9c07-876b84e54294,488,general/subject,80,6.090060787241391e-08
06f3a9aa-295d-47c8-9c07-876b84e54294,488,intervals,1749440,0.0013317744929539474
06f3a9aa-295d-47c8-9c07-876b84e54294,488,other,80,6.090060787241391e-08
06f3a9aa-295d-47c8-9c07-876b84e54294,488,processing/behavior,2757588,0.0020992348182709264
06f3a9aa-295d-47c8-9c07-876b84e54294,488,processing/ophys,149941472,0.11414408487605662
06f3a9aa-295d-47c8-9c07-876b84e54294,488,specifications,320,2.4360243148965563e-07
06f3a9aa-295d-47c8-9c07-876b84e54294,488,stimulus,1159166656,0.8824244246979163
07145b2c-2855-43f8-b896-ae0a9f63577e,1445,acquisition,1148,0.6434977578475336
07145b2c-2855-43f8-b896-ae0a9f63577e,1445,general,48,0.026905829596412557
07145b2c-2855-43f8-b896-ae0a9f63577e,1445,general/extracellular_ephys,108,0.06053811659192825
07145b2c-2855-43f8-b896-ae0a9f63577e,1445,general/subject,80,0.04484304932735426
07145b2c-2855-43f8-b896-ae0a9f63577e,1445,other,80,0.04484304932735426
07145b2c-2855-43f8-b896-ae0a9f63577e,1445,specifications,320,0.17937219730941703
072f9246-c39b-405e-baf7-680f3c22ff0b,628,acquisition,33636368,0.9999805274087424
072f9246-c39b-405e-baf7-680f3c22ff0b,628,general,143,4.251268015008343e-06
072f9246-c39b-405e-baf7-680f3c22ff0b,628,general/devices,32,9.513327026592098e-07
072f9246-c39b-405e-baf7-680f3c22ff0b,628,general/subject,80,2.3783317566480244e-06
072f9246-c39b-405e-baf7-680f3c22ff0b,628,other,80,2.3783317566480244e-06
072f9246-c39b-405e-baf7-680f3c22ff0b,628,specifications,320,9.513327026592098e-06
07501b6d-774a-4863-868b-1be89c672fc4,617,acquisition,8064000,0.013805596894782966
07501b6d-774a-4863-868b-1be89c672fc4,617,general,128,2.1913645864734867e-07
07501b6d-774a-4863-868b-1be89c672fc4,617,general/optophysiology,88,1.5065631532005222e-07
07501b6d-774a-4863-868b-1be89c672fc4,617,general/subject,96,1.643523439855115e-07
07501b6d-774a-4863-868b-1be89c672fc4,617,intervals,44280000,0.07580751866331718
07501b6d-774a-4863-868b-1be89c672fc4,617,other,80,1.3696028665459292e-07
07501b6d-774a-4863-868b-1be89c672fc4,617,processing/ophys,70245671,0.12026084045505281
07501b6d-774a-4863-868b-1be89c672fc4,617,processing/running,11088000,0.018982695730326578
07501b6d-774a-4863-868b-1be89c672fc4,617,processing/stimulus,4032000,0.006902798447391483
07501b6d-774a-4863-868b-1be89c672fc4,617,processing/stimulus_ophys,4032000,0.006902798447391483
07501b6d-774a-4863-868b-1be89c672fc4,617,specifications,768,1.314818751884092e-06
07501b6d-774a-4863-868b-1be89c672fc4,617,stimulus,442368096,0.757335765437581
079fc9a3-e20c-4c88-b3c0-bb38d840e517,1626,acquisition,16046905,0.5800870869615953
079fc9a3-e20c-4c88-b3c0-bb38d840e517,1626,general,330,1.192932460791202e-05
079fc9a3-e20c-4c88-b3c0-bb38d840e517,1626,general/intracellular_ephys,1499,5.418805329472763e-05
079fc9a3-e20c-4c88-b3c0-bb38d840e517,1626,general/labnotebook,4871713,0.17610983567752997
079fc9a3-e20c-4c88-b3c0-bb38d840e517,1626,general/results,180372,0.006520351933873657
079fc9a3-e20c-4c88-b3c0-bb38d840e517,1626,general/stimsets,506944,0.01832575616373743
079fc9a3-e20c-4c88-b3c0-bb38d840e517,1626,general/subject,80,2.8919574807059443e-06
079fc9a3-e20c-4c88-b3c0-bb38d840e517,1626,general/testpulse,4275923,0.15457234383465754
079fc9a3-e20c-4c88-b3c0-bb38d840e517,1626,general/user_comment,14,5.060925591235402e-07
079fc9a3-e20c-4c88-b3c0-bb38d840e517,1626,intervals,345915,0.01250464339922996
079fc9a3-e20c-4c88-b3c0-bb38d840e517,1626,other,108,3.904142598953025e-06
079fc9a3-e20c-4c88-b3c0-bb38d840e517,1626,processing/spikes,8424,0.00030452312271833594
079fc9a3-e20c-4c88-b3c0-bb38d840e517,1626,specifications,288,1.0411046930541399e-05
079fc9a3-e20c-4c88-b3c0-bb38d840e517,1626,stimulus,1424409,0.051491628289185916
07a35fd4-e5b6-468a-b0d8-dd262a94d96c,1349,general,144,4.630530606070857e-06
07a35fd4-e5b6-468a-b0d8-dd262a94d96c,1349,general/optophysiology,108,3.472897954553143e-06
07a35fd4-e5b6-468a-b0d8-dd262a94d96c,1349,general/subject,112,3.6015238047217776e-06
07a35fd4-e5b6-468a-b0d8-dd262a94d96c,1349,other,80,2.5725170033726986e-06
07a35fd4-e5b6-468a-b0d8-dd262a94d96c,1349,processing/ophys,31097184,0.9999754324626178
07a35fd4-e5b6-468a-b0d8-dd262a94d96c,1349,specifications,320,1.0290068013490794e-05
07b5af34-697c-4485-bb65-d5944deab5b5,341,acquisition,1119228912,0.6624820067858187
07b5af34-697c-4485-bb65-d5944deab5b5,341,general,160,9.470548870679191e-08
07b5af34-697c-4485-bb65-d5944deab5b5,341,general/intracellular_ephys,5360,3.172633871677529e-06
07b5af34-697c-4485-bb65-d5944deab5b5,341,general/subject,80,4.7352744353395955e-08
07b5af34-697c-4485-bb65-d5944deab5b5,341,other,80,4.7352744353395955e-08
07b5af34-697c-4485-bb65-d5944deab5b5,341,specifications,320,1.8941097741358382e-07
07b5af34-697c-4485-bb65-d5944deab5b5,341,stimulus,570213104,0.33751444175835477
07c58f8f-ce58-45a9-9337-ba20ce077686,1526,acquisition,33554055,0.999983310790483
07c58f8f-ce58-45a9-9337-ba20ce077686,1526,general,64,1.9073382305235808e-06
07c58f8f-ce58-45a9-9337-ba20ce077686,1526,general/subject,96,2.861007345785371e-06
07c58f8f-ce58-45a9-9337-ba20ce077686,1526,other,80,2.384172788154476e-06
07c58f8f-ce58-45a9-9337-ba20ce077686,1526,specifications,320,9.536691152617904e-06
07d0b33d-b7c8-4349-96ec-9ffbef92673e,1702,general,192,0.27906976744186046
07d0b33d-b7c8-4349-96ec-9ffbef92673e,1702,general/subject,96,0.13953488372093023
07d0b33d-b7c8-4349-96ec-9ffbef92673e,1702,other,80,0.11627906976744186
07d0b33d-b7c8-4349-96ec-9ffbef92673e,1702,specifications,320,0.46511627906976744
07e09157-9913-46ed-ac9d-d63b57444601,1035,acquisition,527086,0.9989386823741675
07e09157-9913-46ed-ac9d-d63b57444601,1035,general,64,0.0001212934429522824
07e09157-9913-46ed-ac9d-d63b57444601,1035,general/subject,96,0.0001819401644284236
07e09157-9913-46ed-ac9d-d63b57444601,1035,other,80,0.000151616803690353
07e09157-9913-46ed-ac9d-d63b57444601,1035,specifications,320,0.000606467214761412
07e7fef6-d880-4d4d-97c0-48872ad14036,1063,acquisition,648312,0.9994573461761405
07e7fef6-d880-4d4d-97c0-48872ad14036,1063,general,160,0.00024666082902704634
07e7fef6-d880-4d4d-97c0-48872ad14036,1063,general/subject,96,0.00014799649741622782
07e7fef6-d880-4d4d-97c0-48872ad14036,1063,other,96,0.00014799649741622782
07fbd991-4660-46dd-bb12-a469d1055842,1169,acquisition,213120,0.7815152859725487
07fbd991-4660-46dd-bb12-a469d1055842,1169,general,192,0.0007040678252004943
07fbd991-4660-46dd-bb12-a469d1055842,1169,general/subject,80,0.0002933615938335393
07fbd991-4660-46dd-bb12-a469d1055842,1169,general/task,1004,0.0036816880026109182
07fbd991-4660-46dd-bb12-a469d1055842,1169,intervals,57873,0.21222144399910525
07fbd991-4660-46dd-bb12-a469d1055842,1169,other,80,0.0002933615938335393
07fbd991-4660-46dd-bb12-a469d1055842,1169,specifications,352,0.001290791012867573
080e0f9d-403f-4429-8df8-a10820c9579f,713,acquisition,4644308968,0.9994152682028588
080e0f9d-403f-4429-8df8-a10820c9579f,713,general,32,6.886124244284232e-09
080e0f9d-403f-4429-8df8-a10820c9579f,713,general/extracellular_ephys,12384,2.664930082537998e-06
080e0f9d-403f-4429-8df8-a10820c9579f,713,general/subject,96,2.0658372732852696e-08
080e0f9d-403f-4429-8df8-a10820c9579f,713,other,80,1.7215310610710578e-08
080e0f9d-403f-4429-8df8-a10820c9579f,713,processing/current_source_density,2704224,0.0005819257015117276
080e0f9d-403f-4429-8df8-a10820c9579f,713,specifications,448,9.640573941997924e-08
0812dca0-a664-407d-aa40-e40b68df1996,1776,acquisition,34660700,0.9506877316088839
0812dca0-a664-407d-aa40-e40b68df1996,1776,general,128,3.510835893272125e-06
0812dca0-a664-407d-aa40-e40b68df1996,1776,general/intracellular_ephys,9840,0.0002698955092952946
0812dca0-a664-407d-aa40-e40b68df1996,1776,general/subject,96,2.6331269199540934e-06
0812dca0-a664-407d-aa40-e40b68df1996,1776,other,80,2.194272433295078e-06
0812dca0-a664-407d-aa40-e40b68df1996,1776,processing/misc,56,1.5359907033065546e-06
0812dca0-a664-407d-aa40-e40b68df1996,1776,specifications,272,7.460526273203265e-06
0812dca0-a664-407d-aa40-e40b68df1996,1776,stimulus,1787382,0.04902503812959779
081bda25-9792-4a5a-a67e-898818e44093,711,acquisition,8644736,0.04468607769582553
081bda25-9792-4a5a-a67e-898818e44093,711,general,80,4.1353330115182725e-07
081bda25-9792-4a5a-a67e-898818e44093,711,general/subject,96,4.962399613821927e-07
081bda25-9792-4a5a-a67e-898818e44093,711,intervals,2601952,0.013449922499982489
081bda25-9792-4a5a-a67e-898818e44093,711,other,80,4.1353330115182725e-07
081bda25-9792-4a5a-a67e-898818e44093,711,processing/licking,31344,0.0001620223473912859
081bda25-9792-4a5a-a67e-898818e44093,711,processing/rewards,2075,1.0726019998625518e-05
081bda25-9792-4a5a-a67e-898818e44093,711,processing/running,11886512,0.0614433568317601
081bda25-9792-4a5a-a67e-898818e44093,711,processing/stimulus,4322368,0.022343038847912763
081bda25-9792-4a5a-a67e-898818e44093,711,specifications,480,2.481199806910963e-06
081bda25-9792-4a5a-a67e-898818e44093,711,stimulus,165965072,0.8579010512507587
08266912-7632-4494-8710-88ca7f72e099,1034,acquisition,505166,0.9988926810169934
08266912-7632-4494-8710-88ca7f72e099,1034,general,64,0.00012655074091504095
08266912-7632-4494-8710-88ca7f72e099,1034,general/subject,96,0.00018982611137256144
08266912-7632-4494-8710-88ca7f72e099,1034,other,80,0.00015818842614380118
08266912-7632-4494-8710-88ca7f72e099,1034,specifications,320,0.0006327537045752047
08309a0e-8d8c-43ec-88b2-1efc4279266a,1701,general,80,3.4179243987593275e-06
08309a0e-8d8c-43ec-88b2-1efc4279266a,1701,general/extracellular_ephys,92160,0.003937448907370745
08309a0e-8d8c-43ec-88b2-1efc4279266a,1701,general/subject,96,4.101509278511193e-06
08309a0e-8d8c-43ec-88b2-1efc4279266a,1701,other,80,3.4179243987593275e-06
08309a0e-8d8c-43ec-88b2-1efc4279266a,1701,processing/behavior,1516488,0.0647905166953217
08309a0e-8d8c-43ec-88b2-1efc4279266a,1701,processing/probe_0_channel_308,5306472,0.2267140015016651
08309a0e-8d8c-43ec-88b2-1efc4279266a,1701,processing/probe_1_channel_107,5306464,0.22671365970922522
08309a0e-8d8c-43ec-88b2-1efc4279266a,1701,specifications,320,1.367169759503731e-05
08309a0e-8d8c-43ec-88b2-1efc4279266a,1701,units,11183858,0.4778197641307462
08691bd2-2b94-41b0-90da-682f356d5ef9,1640,acquisition,9853576903,0.9999998718232119
08691bd2-2b94-41b0-90da-682f356d5ef9,1640,general,16,1.623775620434856e-09
08691bd2-2b94-41b0-90da-682f356d5ef9,1640,general/extracellular_ephys,783,7.946351942503076e-08
08691bd2-2b94-41b0-90da-682f356d5ef9,1640,general/subject,64,6.495102481739424e-09
08691bd2-2b94-41b0-90da-682f356d5ef9,1640,other,80,8.11887810217428e-09
08691bd2-2b94-41b0-90da-682f356d5ef9,1640,specifications,320,3.247551240869712e-08
086b9617-79a5-435b-a319-bf3a0e7ff51a,1836,general,96,0.00010210973605696872
086b9617-79a5-435b-a319-bf3a0e7ff51a,1836,general/extracellular_ephys,43264,0.046017454383007236
086b9617-79a5-435b-a319-bf3a0e7ff51a,1836,general/subject,96,0.00010210973605696872
086b9617-79a5-435b-a319-bf3a0e7ff51a,1836,intervals,451,0.00047970303085096767
086b9617-79a5-435b-a319-bf3a0e7ff51a,1836,other,80,8.50914467141406e-05
086b9617-79a5-435b-a319-bf3a0e7ff51a,1836,scratch,895762,0.9527710561444002
086b9617-79a5-435b-a319-bf3a0e7ff51a,1836,specifications,416,0.0004424755229135311
08cc65d1-4e06-4f60-b646-cf7cc7fae43c,1435,acquisition,48252310,0.9998604199511113
08cc65d1-4e06-4f60-b646-cf7cc7fae43c,1435,general,64,1.326176236471811e-06
08cc65d1-4e06-4f60-b646-cf7cc7fae43c,1435,general/extracellular_ephys,6144,0.00012731291870129384
08cc65d1-4e06-4f60-b646-cf7cc7fae43c,1435,general/subject,64,1.326176236471811e-06
08cc65d1-4e06-4f60-b646-cf7cc7fae43c,1435,other,80,1.6577202955897637e-06
08cc65d1-4e06-4f60-b646-cf7cc7fae43c,1435,specifications,384,7.957057418830865e-06
08cfd2b1-dbdf-43d7-80b8-3a6380e39ab9,1266,acquisition,1714400366,0.9999996733552861
08cfd2b1-dbdf-43d7-80b8-3a6380e39ab9,1266,general,80,4.666353055854567e-08
08cfd2b1-dbdf-43d7-80b8-3a6380e39ab9,1266,general/subject,80,4.666353055854567e-08
08cfd2b1-dbdf-43d7-80b8-3a6380e39ab9,1266,other,80,4.666353055854567e-08
08cfd2b1-dbdf-43d7-80b8-3a6380e39ab9,1266,specifications,320,1.8665412223418268e-07
08dfb382-3be3-4897-b661-404857119d2a,766,acquisition,1584,0.75
08dfb382-3be3-4897-b661-404857119d2a,766,general,64,0.030303030303030304
08dfb382-3be3-4897-b661-404857119d2a,766,general/subject,64,0.030303030303030304
08dfb382-3be3-4897-b661-404857119d2a,766,other,80,0.03787878787878788
08dfb382-3be3-4897-b661-404857119d2a,766,specifications,320,0.15151515151515152
08e080bd-d3b5-455e-92b0-58449af57900,341,acquisition,31080669,0.7655593447081147
08e080bd-d3b5-455e-92b0-58449af57900,341,general,160,3.941018616854687e-06
08e080bd-d3b5-455e-92b0-58449af57900,341,general/intracellular_ephys,916,2.2562331581493086e-05
08e080bd-d3b5-455e-92b0-58449af57900,341,general/subject,80,1.9705093084273437e-06
08e080bd-d3b5-455e-92b0-58449af57900,341,other,80,1.9705093084273437e-06
08e080bd-d3b5-455e-92b0-58449af57900,341,specifications,320,7.882037233709375e-06
08e080bd-d3b5-455e-92b0-58449af57900,341,stimulus,9516416,0.23440232888583634
08f062d8-24a9-4d9f-904a-fc135f724b91,37,acquisition,44560574267,0.9642469772716395
08f062d8-24a9-4d9f-904a-fc135f724b91,37,general,32,6.924485103762064e-10
08f062d8-24a9-4d9f-904a-fc135f724b91,37,general/optophysiology,104,2.2504576587226706e-09
08f062d8-24a9-4d9f-904a-fc135f724b91,37,general/subject,80,1.731121275940516e-09
08f062d8-24a9-4d9f-904a-fc135f724b91,37,intervals,108104448,0.0023392738744575643
08f062d8-24a9-4d9f-904a-fc135f724b91,37,other,96,2.077345531128619e-09
08f062d8-24a9-4d9f-904a-fc135f724b91,37,processing/behavior,7073464,0.00015306280031249133
08f062d8-24a9-4d9f-904a-fc135f724b91,37,processing/ophys,112285872,0.0024297557750841683
08f062d8-24a9-4d9f-904a-fc135f724b91,37,specifications,320,6.924485103762064e-09
08f062d8-24a9-4d9f-904a-fc135f724b91,37,stimulus,1424783672,0.03083091660264817
08f2fc15-80cb-455f-b8c5-c60cb49f9f6e,469,acquisition,7029,0.00014925138296407894
08f2fc15-80cb-455f-b8c5-c60cb49f9f6e,469,general,144,3.0576467700707596e-06
08f2fc15-80cb-455f-b8c5-c60cb49f9f6e,469,general/extracellular_ephys,460,9.767482737726037e-06
08f2fc15-80cb-455f-b8c5-c60cb49f9f6e,469,general/subject,80,1.698692650039311e-06
08f2fc15-80cb-455f-b8c5-c60cb49f9f6e,469,intervals,7560,0.0001605264554287149
08f2fc15-80cb-455f-b8c5-c60cb49f9f6e,469,other,96,2.0384311800471732e-06
08f2fc15-80cb-455f-b8c5-c60cb49f9f6e,469,specifications,320,6.794770600157244e-06
08f2fc15-80cb-455f-b8c5-c60cb49f9f6e,469,stimulus,22686552,0.48171848921418287
08f2fc15-80cb-455f-b8c5-c60cb49f9f6e,469,units,24392800,0.5179483759234863
092b825c-4896-43a8-99c0-c6eed82c538d,579,acquisition,154774067,0.2791468657641949
092b825c-4896-43a8-99c0-c6eed82c538d,579,general,256,4.617155769101415e-07
092b825c-4896-43a8-99c0-c6eed82c538d,579,general/optophysiology,456,8.224308713711894e-07
092b825c-4896-43a8-99c0-c6eed82c538d,579,general/subject,112,2.020005648981869e-07
092b825c-4896-43a8-99c0-c6eed82c538d,579,intervals,167160,0.00030148584311054394
092b825c-4896-43a8-99c0-c6eed82c538d,579,other,80,1.442861177844192e-07
092b825c-4896-43a8-99c0-c6eed82c538d,579,processing/behavior,18308460,0.033020707700141594
092b825c-4896-43a8-99c0-c6eed82c538d,579,processing/ophys,381202952,0.6875286754005038
092b825c-4896-43a8-99c0-c6eed82c538d,579,specifications,352,6.348589182514445e-07
093e6cfb-70ab-4c4c-bed5-35655613491e,768,acquisition,14543005,0.6593153685711277
093e6cfb-70ab-4c4c-bed5-35655613491e,768,general,330,1.4960736906057045e-05
093e6cfb-70ab-4c4c-bed5-35655613491e,768,general/intracellular_ephys,1116,5.059449208230201e-05
093e6cfb-70ab-4c4c-bed5-35655613491e,768,general/labnotebook,1889853,0.08567755613370492
093e6cfb-70ab-4c4c-bed5-35655613491e,768,general/results,84966,0.0038519817332122513
093e6cfb-70ab-4c4c-bed5-35655613491e,768,general/stimsets,428990,0.019448504622210337
093e6cfb-70ab-4c4c-bed5-35655613491e,768,general/subject,80,3.6268453105592836e-06
093e6cfb-70ab-4c4c-bed5-35655613491e,768,general/testpulse,4008128,0.181710753011517
093e6cfb-70ab-4c4c-bed5-35655613491e,768,general/user_comment,14,6.346979293478747e-07
093e6cfb-70ab-4c4c-bed5-35655613491e,768,intervals,234032,0.010609973271510129
093e6cfb-70ab-4c4c-bed5-35655613491e,768,other,106,4.805570036491051e-06
093e6cfb-70ab-4c4c-bed5-35655613491e,768,processing/spikes,2786,0.00012630488794022706
093e6cfb-70ab-4c4c-bed5-35655613491e,768,specifications,288,1.3056643118013422e-05
093e6cfb-70ab-4c4c-bed5-35655613491e,768,stimulus,864043,0.03917187878339469
0949bbf3-1c61-43c8-beee-78843c4e637c,579,acquisition,237651644,0.23257789307115428
0949bbf3-1c61-43c8-beee-78843c4e637c,579,general,256,2.50534520292296e-07
0949bbf3-1c61-43c8-beee-78843c4e637c,579,general/optophysiology,456,4.462646142706522e-07
0949bbf3-1c61-43c8-beee-78843c4e637c,579,general/subject,112,1.0960885262787948e-07
0949bbf3-1c61-43c8-beee-78843c4e637c,579,intervals,209172,0.00020470627608820362
0949bbf3-1c61-43c8-beee-78843c4e637c,579,other,80,7.829203759134249e-08
0949bbf3-1c61-43c8-beee-78843c4e637c,579,processing/behavior,27828824,0.027234691684135677
0949bbf3-1c61-43c8-beee-78843c4e637c,579,processing/ophys,756124380,0.7399814797836316
0949bbf3-1c61-43c8-beee-78843c4e637c,579,specifications,352,3.4448496540190695e-07
094c66d5-09e3-4d91-8225-c96fb9b3b571,1751,acquisition,3854080,0.9693516193419612
094c66d5-09e3-4d91-8225-c96fb9b3b571,1751,general,112,2.8169467516579745e-05
094c66d5-09e3-4d91-8225-c96fb9b3b571,1751,general/intracellular_ephys,896,0.00022535574013263796
094c66d5-09e3-4d91-8225-c96fb9b3b571,1751,general/subject,80,2.012104822612839e-05
094c66d5-09e3-4d91-8225-c96fb9b3b571,1751,other,80,2.012104822612839e-05
094c66d5-09e3-4d91-8225-c96fb9b3b571,1751,specifications,272,6.841156396883652e-05
094c66d5-09e3-4d91-8225-c96fb9b3b571,1751,stimulus,120416,0.03028620178996845
095d3ee6-eee7-4f01-881a-ad34edbf3124,1200,general,64,0.0001938548027527382
095d3ee6-eee7-4f01-881a-ad34edbf3124,1200,general/extracellular_ephys,2816,0.00852961132112048
095d3ee6-eee7-4f01-881a-ad34edbf3124,1200,general/optogenetics,40,0.00012115925172046138
095d3ee6-eee7-4f01-881a-ad34edbf3124,1200,general/subject,80,0.00024231850344092276
095d3ee6-eee7-4f01-881a-ad34edbf3124,1200,intervals,11976,0.036275079965106136
095d3ee6-eee7-4f01-881a-ad34edbf3124,1200,other,80,0.00024231850344092276
095d3ee6-eee7-4f01-881a-ad34edbf3124,1200,specifications,320,0.000969274013763691
095d3ee6-eee7-4f01-881a-ad34edbf3124,1200,units,314768,0.9534263836386546
0988a8f6-fcf0-4c39-89d5-177b967ec73b,1777,acquisition,8001600,0.3333457757538107
0988a8f6-fcf0-4c39-89d5-177b967ec73b,1777,general,80,3.3327911992982475e-06
0988a8f6-fcf0-4c39-89d5-177b967ec73b,1777,general/intracellular_ephys,64,2.666232959438598e-06
0988a8f6-fcf0-4c39-89d5-177b967ec73b,1777,general/subject,80,3.3327911992982475e-06
0988a8f6-fcf0-4c39-89d5-177b967ec73b,1777,intervals,80,3.3327911992982475e-06
0988a8f6-fcf0-4c39-89d5-177b967ec73b,1777,other,80,3.3327911992982475e-06
0988a8f6-fcf0-4c39-89d5-177b967ec73b,1777,specifications,320,1.333116479719299e-05
0988a8f6-fcf0-4c39-89d5-177b967ec73b,1777,stimulus,16001600,0.6666248956836355
0988e8a0-16d2-4a22-94c0-369e7fdc8853,336,acquisition,23183037335,0.9959941519124037
0988e8a0-16d2-4a22-94c0-369e7fdc8853,336,general,112,4.811765749338522e-09
0988e8a0-16d2-4a22-94c0-369e7fdc8853,336,general/optophysiology,88,3.780673088765982e-09
0988e8a0-16d2-4a22-94c0-369e7fdc8853,336,general/subject,96,4.1243706422901615e-09
0988e8a0-16d2-4a22-94c0-369e7fdc8853,336,intervals,10775046,0.0004629196186638129
0988e8a0-16d2-4a22-94c0-369e7fdc8853,336,other,80,3.4369755352418014e-09
0988e8a0-16d2-4a22-94c0-369e7fdc8853,336,processing/ophys,67404614,0.002895850116005213
0988e8a0-16d2-4a22-94c0-369e7fdc8853,336,processing/running,10394208,0.0004465579825526827
0988e8a0-16d2-4a22-94c0-369e7fdc8853,336,processing/stimulus,3779712,0.00016238472092824826
0988e8a0-16d2-4a22-94c0-369e7fdc8853,336,processing/stimulus_ophys,886512,3.80865006962285e-05
0988e8a0-16d2-4a22-94c0-369e7fdc8853,336,specifications,768,3.299496513832129e-08
098bb8ee-ce8e-4889-9930-51365857abc6,1837,acquisition,1708,0.7286689419795221
098bb8ee-ce8e-4889-9930-51365857abc6,1837,general,48,0.020477815699658702
098bb8ee-ce8e-4889-9930-51365857abc6,1837,general/extracellular_ephys,108,0.04607508532423208
098bb8ee-ce8e-4889-9930-51365857abc6,1837,general/subject,80,0.034129692832764506
098bb8ee-ce8e-4889-9930-51365857abc6,1837,other,80,0.034129692832764506
098bb8ee-ce8e-4889-9930-51365857abc6,1837,specifications,320,0.13651877133105803
098e0838-8668-4b46-b03e-57a76470abb6,678,acquisition,22193660,0.996706694824339
098e0838-8668-4b46-b03e-57a76470abb6,678,general,32,1.4371047512838735e-06
098e0838-8668-4b46-b03e-57a76470abb6,678,general/subject,64,2.874209502567747e-06
098e0838-8668-4b46-b03e-57a76470abb6,678,intervals,72852,0.0032717486043916484
098e0838-8668-4b46-b03e-57a76470abb6,678,other,80,3.5927618782096836e-06
098e0838-8668-4b46-b03e-57a76470abb6,678,specifications,304,1.3652495137196798e-05
09a150af-dc98-476e-b166-e6457d564848,1339,acquisition,49868515,0.932975317325355
09a150af-dc98-476e-b166-e6457d564848,1339,general/optophysiology,104,1.9457052812147485e-06
09a150af-dc98-476e-b166-e6457d564848,1339,general/subject,80,1.4966963701651913e-06
09a150af-dc98-476e-b166-e6457d564848,1339,other,80,1.4966963701651913e-06
09a150af-dc98-476e-b166-e6457d564848,1339,processing/ophys,3407404,0.06374811498107942
09a150af-dc98-476e-b166-e6457d564848,1339,specifications,320,5.986785480660765e-06
09a150af-dc98-476e-b166-e6457d564848,1339,stimulus,174552,0.003265641810063431
09a7f7bb-9a77-4a91-9841-dc6b721dbd00,728,general,96,2.9136653813982823e-07
09a7f7bb-9a77-4a91-9841-dc6b721dbd00,728,general/optophysiology,96,2.9136653813982823e-07
09a7f7bb-9a77-4a91-9841-dc6b721dbd00,728,general/subject,112,3.399276278297996e-07
09a7f7bb-9a77-4a91-9841-dc6b721dbd00,728,intervals,234,7.102059367158314e-07
09a7f7bb-9a77-4a91-9841-dc6b721dbd00,728,other,80,2.4280544844985686e-07
09a7f7bb-9a77-4a91-9841-dc6b721dbd00,728,processing/behavior,4325911,0.01312943450386461
09a7f7bb-9a77-4a91-9841-dc6b721dbd00,728,processing/ophys,141699980,0.4300690898654469
09a7f7bb-9a77-4a91-9841-dc6b721dbd00,728,specifications,320,9.712217937994274e-07
09a7f7bb-9a77-4a91-9841-dc6b721dbd00,728,stimulus,183455069,0.5567986287368054
09b2a71c-c91d-4b2e-a668-11adc1220678,1550,acquisition,607265,0.638190431951506
09b2a71c-c91d-4b2e-a668-11adc1220678,1550,general,176,0.00018496293384842708
09b2a71c-c91d-4b2e-a668-11adc1220678,1550,general/subject,96,0.00010088887300823295
09b2a71c-c91d-4b2e-a668-11adc1220678,1550,general/task,4256,0.004472740036698328
09b2a71c-c91d-4b2e-a668-11adc1220678,1550,intervals,339221,0.35649608740339367
09b2a71c-c91d-4b2e-a668-11adc1220678,1550,other,80,8.407406084019412e-05
09b2a71c-c91d-4b2e-a668-11adc1220678,1550,specifications,448,0.0004708147407050871
09b855b9-1efc-4bad-8667-dcda34149bbd,871,acquisition,39357323878,0.9081370146007597
09b855b9-1efc-4bad-8667-dcda34149bbd,871,general,128,2.953491914979363e-09
09b855b9-1efc-4bad-8667-dcda34149bbd,871,general/optophysiology,88,2.030525691548312e-09
09b855b9-1efc-4bad-8667-dcda34149bbd,871,general/subject,96,2.2151189362345224e-09
09b855b9-1efc-4bad-8667-dcda34149bbd,871,intervals,10775046,0.0002486250878478963
09b855b9-1efc-4bad-8667-dcda34149bbd,871,other,80,1.845932446862102e-09
09b855b9-1efc-4bad-8667-dcda34149bbd,871,processing/ophys,36542366,0.000843184238556381
09b855b9-1efc-4bad-8667-dcda34149bbd,871,processing/running,10394208,0.00023983757258292044
09b855b9-1efc-4bad-8667-dcda34149bbd,871,processing/stimulus,3779712,8.721366275742562e-05
09b855b9-1efc-4bad-8667-dcda34149bbd,871,processing/stimulus_ophys,886512,2.0455515816657697e-05
09b855b9-1efc-4bad-8667-dcda34149bbd,871,specifications,768,1.772095148987618e-08
09b855b9-1efc-4bad-8667-dcda34149bbd,871,stimulus,3918827808,0.09042364255565859
09c96d05-40a7-4764-8bec-03ba03f6d4dc,1517,acquisition,34057603,0.999983557539495
09c96d05-40a7-4764-8bec-03ba03f6d4dc,1517,general,64,1.8791383434273891e-06
09c96d05-40a7-4764-8bec-03ba03f6d4dc,1517,general/subject,96,2.818707515141084e-06
09c96d05-40a7-4764-8bec-03ba03f6d4dc,1517,other,80,2.3489229292842364e-06
09c96d05-40a7-4764-8bec-03ba03f6d4dc,1517,specifications,320,9.395691717136946e-06
09cd3ec6-76d8-4cf5-a8a2-edadd06c6d0f,1788,acquisition,10112158015,0.9188803786090315
09cd3ec6-76d8-4cf5-a8a2-edadd06c6d0f,1788,general,144,1.3085117372911278e-08
09cd3ec6-76d8-4cf5-a8a2-edadd06c6d0f,1788,general/extracellular_ephys,24576,2.2331933649768582e-06
09cd3ec6-76d8-4cf5-a8a2-edadd06c6d0f,1788,general/subject,80,7.269509651617377e-09
09cd3ec6-76d8-4cf5-a8a2-edadd06c6d0f,1788,intervals,8400,7.632985134198245e-07
09cd3ec6-76d8-4cf5-a8a2-edadd06c6d0f,1788,other,80,7.269509651617377e-09
09cd3ec6-76d8-4cf5-a8a2-edadd06c6d0f,1788,processing/ecephys,885086279,0.08042679059630763
09cd3ec6-76d8-4cf5-a8a2-edadd06c6d0f,1788,specifications,320,2.907803860646951e-08
09cd3ec6-76d8-4cf5-a8a2-edadd06c6d0f,1788,units,7590912,0.0006897776006072271
09de58b4-cf2d-41c1-8e1c-85183a948c13,1750,acquisition,1768544,0.4999185903466242
09de58b4-cf2d-41c1-8e1c-85183a948c13,1750,general,96,2.713655112526232e-05
09de58b4-cf2d-41c1-8e1c-85183a948c13,1750,general/intracellular_ephys,48,1.356827556263116e-05
09de58b4-cf2d-41c1-8e1c-85183a948c13,1750,general/subject,80,2.2613792604385267e-05
09de58b4-cf2d-41c1-8e1c-85183a948c13,1750,other,80,2.2613792604385267e-05
09de58b4-cf2d-41c1-8e1c-85183a948c13,1750,specifications,272,7.688689485490991e-05
09de58b4-cf2d-41c1-8e1c-85183a948c13,1750,stimulus,1768544,0.4999185903466242
0a0b678b-5935-4312-a90c-ddc30cdfc266,1374,acquisition,10677094237,0.9999972776375085
0a0b678b-5935-4312-a90c-ddc30cdfc266,1374,general,112,1.0489716828318461e-08
0a0b678b-5935-4312-a90c-ddc30cdfc266,1374,general/extracellular_ephys,28475,2.6669168454140016e-06
0a0b678b-5935-4312-a90c-ddc30cdfc266,1374,general/subject,80,7.492654877370329e-09
0a0b678b-5935-4312-a90c-ddc30cdfc266,1374,other,80,7.492654877370329e-09
0a0b678b-5935-4312-a90c-ddc30cdfc266,1374,specifications,320,2.9970619509481317e-08
0a10a85b-8dc4-4c28-955d-da674bfad83a,1445,acquisition,1148,0.6434977578475336
0a10a85b-8dc4-4c28-955d-da674bfad83a,1445,general,48,0.026905829596412557
0a10a85b-8dc4-4c28-955d-da674bfad83a,1445,general/extracellular_ephys,108,0.06053811659192825
0a10a85b-8dc4-4c28-955d-da674bfad83a,1445,general/subject,80,0.04484304932735426
0a10a85b-8dc4-4c28-955d-da674bfad83a,1445,other,80,0.04484304932735426
0a10a85b-8dc4-4c28-955d-da674bfad83a,1445,specifications,320,0.17937219730941703
0a2a1e0f-ec0f-4b29-8dc7-5c477db24415,766,acquisition,2384,0.8186813186813187
0a2a1e0f-ec0f-4b29-8dc7-5c477db24415,766,general,64,0.02197802197802198
0a2a1e0f-ec0f-4b29-8dc7-5c477db24415,766,general/subject,64,0.02197802197802198
0a2a1e0f-ec0f-4b29-8dc7-5c477db24415,766,other,80,0.027472527472527472
0a2a1e0f-ec0f-4b29-8dc7-5c477db24415,766,specifications,320,0.10989010989010989
0a3796ca-8664-45eb-b9bf-265790142602,951,general,16,0.030303030303030304
0a3796ca-8664-45eb-b9bf-265790142602,951,general/subject,80,0.15151515151515152
0a3796ca-8664-45eb-b9bf-265790142602,951,other,80,0.15151515151515152
0a3796ca-8664-45eb-b9bf-265790142602,951,specifications,352,0.6666666666666666
0a418868-df73-4da7-8232-8a69a3d02b1b,293,acquisition,535866,0.574103595901418
0a418868-df73-4da7-8232-8a69a3d02b1b,293,general,64,6.856682479890636e-05
0a418868-df73-4da7-8232-8a69a3d02b1b,293,general/intracellular_ephys,688,0.0007370933665882433
0a418868-df73-4da7-8232-8a69a3d02b1b,293,general/subject,80,8.570853099863295e-05
0a418868-df73-4da7-8232-8a69a3d02b1b,293,other,80,8.570853099863295e-05
0a418868-df73-4da7-8232-8a69a3d02b1b,293,specifications,352,0.00037711753639398495
0a418868-df73-4da7-8232-8a69a3d02b1b,293,stimulus,396266,0.42454220930880354
0a45e921-a37a-47a7-a7b6-c0b217befe9c,230,acquisition,17664,0.0006617962846118164
0a45e921-a37a-47a7-a7b6-c0b217befe9c,230,general,48,1.798359469053849e-06
0a45e921-a37a-47a7-a7b6-c0b217befe9c,230,general/extracellular_ephys,1536,5.7547503009723165e-05
0a45e921-a37a-47a7-a7b6-c0b217befe9c,230,general/subject,96,3.596718938107698e-06
0a45e921-a37a-47a7-a7b6-c0b217befe9c,230,intervals,304,1.1389609970674377e-05
0a45e921-a37a-47a7-a7b6-c0b217befe9c,230,other,80,2.997265781756415e-06
0a45e921-a37a-47a7-a7b6-c0b217befe9c,230,processing/animal_behaviour,3600096,0.1348805568979768
0a45e921-a37a-47a7-a7b6-c0b217befe9c,230,processing/ecephys,22820032,0.8549712631523301
0a45e921-a37a-47a7-a7b6-c0b217befe9c,230,specifications,352,1.3187969439728225e-05
0a45e921-a37a-47a7-a7b6-c0b217befe9c,230,units,250785,0.009395866238472281
0a6f3cb5-a895-464c-91b6-cd710845092b,1517,acquisition,36360107,0.9999845987423718
0a6f3cb5-a895-464c-91b6-cd710845092b,1517,general,64,1.7601437289365456e-06
0a6f3cb5-a895-464c-91b6-cd710845092b,1517,general/subject,96,2.6402155934048185e-06
0a6f3cb5-a895-464c-91b6-cd710845092b,1517,other,80,2.200179661170682e-06
0a6f3cb5-a895-464c-91b6-cd710845092b,1517,specifications,320,8.800718644682729e-06
0a8335e3-b22d-41ad-81ab-6b84dcdbeab0,1199,general,32,2.460735883065831e-05
0a8335e3-b22d-41ad-81ab-6b84dcdbeab0,1199,general/extracellular_ephys,3072,0.0023623064477431978
0a8335e3-b22d-41ad-81ab-6b84dcdbeab0,1199,general/subject,80,6.151839707664578e-05
0a8335e3-b22d-41ad-81ab-6b84dcdbeab0,1199,intervals,11976,0.009209304042373872
0a8335e3-b22d-41ad-81ab-6b84dcdbeab0,1199,other,80,6.151839707664578e-05
0a8335e3-b22d-41ad-81ab-6b84dcdbeab0,1199,specifications,320,0.0002460735883065831
0a8335e3-b22d-41ad-81ab-6b84dcdbeab0,1199,units,1284864,0.9880346717685924
0a926a46-4f7e-45d9-bede-97ba526f1ac6,1359,acquisition,20062861,0.5273612571340673
0a926a46-4f7e-45d9-bede-97ba526f1ac6,1359,general,330,8.674197306866763e-06
0a926a46-4f7e-45d9-bede-97ba526f1ac6,1359,general/intracellular_ephys,1678,4.4106979033098265e-05
0a926a46-4f7e-45d9-bede-97ba526f1ac6,1359,general/labnotebook,2458788,0.06463034014471611
0a926a46-4f7e-45d9-bede-97ba526f1ac6,1359,general/results,139237,0.0036599066982309315
0a926a46-4f7e-45d9-bede-97ba526f1ac6,1359,general/stimsets,559474,0.014706023830490834
0a926a46-4f7e-45d9-bede-97ba526f1ac6,1359,general/subject,80,2.102835710755579e-06
0a926a46-4f7e-45d9-bede-97ba526f1ac6,1359,general/testpulse,13442291,0.35333661936460403
0a926a46-4f7e-45d9-bede-97ba526f1ac6,1359,general/user_comment,14,3.679962493822263e-07
0a926a46-4f7e-45d9-bede-97ba526f1ac6,1359,intervals,251230,0.006603692695164051
0a926a46-4f7e-45d9-bede-97ba526f1ac6,1359,other,106,2.786257316751142e-06
0a926a46-4f7e-45d9-bede-97ba526f1ac6,1359,processing/spikes,3856,0.0001013566812584189
0a926a46-4f7e-45d9-bede-97ba526f1ac6,1359,specifications,288,7.570208558720084e-06
0a926a46-4f7e-45d9-bede-97ba526f1ac6,1359,stimulus,1123633,0.029535194977292793
0a947e81-8163-4025-bd84-91752ebcc3fa,1038,acquisition,20095812,0.8439882598186055
0a947e81-8163-4025-bd84-91752ebcc3fa,1038,analysis,6706,0.00028164003874755437
0a947e81-8163-4025-bd84-91752ebcc3fa,1038,general,208,8.735628997836462e-06
0a947e81-8163-4025-bd84-91752ebcc3fa,1038,general/FiberPhotometry,492,2.066312243719009e-05
0a947e81-8163-4025-bd84-91752ebcc3fa,1038,general/subject,96,4.0318287682322135e-06
0a947e81-8163-4025-bd84-91752ebcc3fa,1038,other,80,3.3598573068601778e-06
0a947e81-8163-4025-bd84-91752ebcc3fa,1038,processing/behavior,1313145,0.05514974779021135
0a947e81-8163-4025-bd84-91752ebcc3fa,1038,processing/ophys,2393612,0.10052743459985254
0a947e81-8163-4025-bd84-91752ebcc3fa,1038,specifications,384,1.6127315072928854e-05
0aa0de37-c5b1-4fac-8361-bfa1e07431a0,1848,general,192,4.369717421298658e-06
0aa0de37-c5b1-4fac-8361-bfa1e07431a0,1848,general/extracellular_ephys,6768,0.0001540325391007777
0aa0de37-c5b1-4fac-8361-bfa1e07431a0,1848,general/optogenetics,40,9.103577961038871e-07
0aa0de37-c5b1-4fac-8361-bfa1e07431a0,1848,general/subject,80,1.8207155922077742e-06
0aa0de37-c5b1-4fac-8361-bfa1e07431a0,1848,intervals,68992,0.0015701851267199845
0aa0de37-c5b1-4fac-8361-bfa1e07431a0,1848,other,80,1.8207155922077742e-06
0aa0de37-c5b1-4fac-8361-bfa1e07431a0,1848,specifications,272,6.190433013506433e-06
0aa0de37-c5b1-4fac-8361-bfa1e07431a0,1848,units,43862344,0.998260670394764
0aab34c8-70c6-4969-a185-48b476370fa2,232,general,64,2.3118746500986747e-07
0aab34c8-70c6-4969-a185-48b476370fa2,232,general/extracellular_ephys,7168,2.5892996081105156e-05
0aab34c8-70c6-4969-a185-48b476370fa2,232,general/subject,96,3.467811975148012e-07
0aab34c8-70c6-4969-a185-48b476370fa2,232,intervals,34832,0.00012582377783162038
0aab34c8-70c6-4969-a185-48b476370fa2,232,other,80,2.8898433126233433e-07
0aab34c8-70c6-4969-a185-48b476370fa2,232,processing/behavior,8813845,0.031838288789685865
0aab34c8-70c6-4969-a185-48b476370fa2,232,processing/ecephys,265432883,0.9588243023598555
0aab34c8-70c6-4969-a185-48b476370fa2,232,specifications,320,1.1559373250493373e-06
0aab34c8-70c6-4969-a185-48b476370fa2,232,units,2542330,0.009183669186227131
0ab82328-50e5-4b86-9fb1-6687df6b268e,773,acquisition,83886088,0.9999896050589985
0ab82328-50e5-4b86-9fb1-6687df6b268e,773,general,240,2.8609929362084404e-06
0ab82328-50e5-4b86-9fb1-6687df6b268e,773,general/optophysiology,136,1.6212293305181162e-06
0ab82328-50e5-4b86-9fb1-6687df6b268e,773,general/subject,96,1.1443971744833762e-06
0ab82328-50e5-4b86-9fb1-6687df6b268e,773,other,80,9.536643120694802e-07
0ab82328-50e5-4b86-9fb1-6687df6b268e,773,specifications,320,3.814657248277921e-06
0acc1af5-64e2-4766-95a8-697a4fe74e2c,1169,acquisition,359358,0.7585184997562072
0acc1af5-64e2-4766-95a8-697a4fe74e2c,1169,general,192,0.0004052659241012911
0acc1af5-64e2-4766-95a8-697a4fe74e2c,1169,general/subject,80,0.0001688608017088713
0acc1af5-64e2-4766-95a8-697a4fe74e2c,1169,general/task,1031,0.002176193582023079
0acc1af5-64e2-4766-95a8-697a4fe74e2c,1169,intervals,112670,0.23781933160673163
0acc1af5-64e2-4766-95a8-697a4fe74e2c,1169,other,80,0.0001688608017088713
0acc1af5-64e2-4766-95a8-697a4fe74e2c,1169,specifications,352,0.0007429875275190337
0ad3c3a7-73be-4c6e-b981-4c3714e42717,1181,general,144,0.00951625693893735
0ad3c3a7-73be-4c6e-b981-4c3714e42717,1181,general/subject,80,0.005286809410520751
0ad3c3a7-73be-4c6e-b981-4c3714e42717,1181,intervals,14508,0.9587628865979382
0ad3c3a7-73be-4c6e-b981-4c3714e42717,1181,other,80,0.005286809410520751
0ad3c3a7-73be-4c6e-b981-4c3714e42717,1181,specifications,320,0.021147237642083004
0ae0f203-582c-4987-be74-cd5e76d9fd84,1266,acquisition,604059848,0.9999990729404004
0ae0f203-582c-4987-be74-cd5e76d9fd84,1266,general,80,1.324370856631279e-07
0ae0f203-582c-4987-be74-cd5e76d9fd84,1266,general/subject,80,1.324370856631279e-07
0ae0f203-582c-4987-be74-cd5e76d9fd84,1266,other,80,1.324370856631279e-07
0ae0f203-582c-4987-be74-cd5e76d9fd84,1266,specifications,320,5.297483426525116e-07
0af4ce07-75fa-45e6-84d1-2b4cca635112,1765,general,80,2.3064941372148123e-07
0af4ce07-75fa-45e6-84d1-2b4cca635112,1765,general/extracellular_ephys,27576,7.950485290979458e-05
0af4ce07-75fa-45e6-84d1-2b4cca635112,1765,general/subject,80,2.3064941372148123e-07
0af4ce07-75fa-45e6-84d1-2b4cca635112,1765,other,80,2.3064941372148123e-07
0af4ce07-75fa-45e6-84d1-2b4cca635112,1765,specifications,320,9.225976548859249e-07
0af4ce07-75fa-45e6-84d1-2b4cca635112,1765,units,346818616,0.9999188806011942
0b013191-fa07-4324-aed1-f3b597f8ee94,1777,acquisition,48001600,0.9999870006023054
0b013191-fa07-4324-aed1-f3b597f8ee94,1777,general,80,1.6665894480222417e-06
0b013191-fa07-4324-aed1-f3b597f8ee94,1777,general/intracellular_ephys,64,1.3332715584177932e-06
0b013191-fa07-4324-aed1-f3b597f8ee94,1777,general/subject,80,1.6665894480222417e-06
0b013191-fa07-4324-aed1-f3b597f8ee94,1777,other,80,1.6665894480222417e-06
0b013191-fa07-4324-aed1-f3b597f8ee94,1777,specifications,320,6.666357792088967e-06
0b087c80-3bdd-4ee1-9642-648998233856,21,acquisition,2405620117,0.9988735515302373
0b087c80-3bdd-4ee1-9642-648998233856,21,general,48,1.9930798771854214e-08
0b087c80-3bdd-4ee1-9642-648998233856,21,general/extracellular_ephys,11223,4.660069887844163e-06
0b087c80-3bdd-4ee1-9642-648998233856,21,general/subject,80,3.3217997953090355e-08
0b087c80-3bdd-4ee1-9642-648998233856,21,other,80,3.3217997953090355e-08
0b087c80-3bdd-4ee1-9642-648998233856,21,processing/current_source_density,2701144,0.0011215824482875287
0b087c80-3bdd-4ee1-9642-648998233856,21,specifications,288,1.195847926311253e-07
0b3479de-87b0-496d-a535-3e9af2393a43,1035,acquisition,500378,0.9988820971856797
0b3479de-87b0-496d-a535-3e9af2393a43,1035,general,64,0.00012776032163660972
0b3479de-87b0-496d-a535-3e9af2393a43,1035,general/subject,96,0.0001916404824549146
0b3479de-87b0-496d-a535-3e9af2393a43,1035,other,80,0.00015970040204576214
0b3479de-87b0-496d-a535-3e9af2393a43,1035,specifications,320,0.0006388016081830486
0b8d9fea-da34-48dc-bc83-a337131ec295,1361,acquisition,48,9.603831083465167e-08
0b8d9fea-da34-48dc-bc83-a337131ec295,1361,general,32,6.402554055643445e-08
0b8d9fea-da34-48dc-bc83-a337131ec295,1361,general/optophysiology,104,2.0808300680841197e-07
0b8d9fea-da34-48dc-bc83-a337131ec295,1361,general/subject,64,1.280510811128689e-07
0b8d9fea-da34-48dc-bc83-a337131ec295,1361,other,80,1.600638513910861e-07
0b8d9fea-da34-48dc-bc83-a337131ec295,1361,processing/behavior,3119552,0.006241593846684569
0b8d9fea-da34-48dc-bc83-a337131ec295,1361,processing/ophys,496680344,0.9937571096361192
0b8d9fea-da34-48dc-bc83-a337131ec295,1361,specifications,320,6.402554055643444e-07
0b944a2f-de00-4ed2-9a30-6b21e9cfcbeb,339,general,16,8.809111034506103e-09
0b944a2f-de00-4ed2-9a30-6b21e9cfcbeb,339,general/extracellular_ephys,3072,1.6913493186251717e-06
0b944a2f-de00-4ed2-9a30-6b21e9cfcbeb,339,general/subject,80,4.4045555172530516e-08
0b944a2f-de00-4ed2-9a30-6b21e9cfcbeb,339,other,96,5.2854666207036616e-08
0b944a2f-de00-4ed2-9a30-6b21e9cfcbeb,339,processing/ecephys,1816297736,0.9999980267591283
0b944a2f-de00-4ed2-9a30-6b21e9cfcbeb,339,specifications,320,1.7618222069012207e-07
0bc63bf7-48b5-4f32-9413-15f6c2af74dd,1841,acquisition,309972,0.9820739473434085
0bc63bf7-48b5-4f32-9413-15f6c2af74dd,1841,general,64,0.00020276906504451415
0bc63bf7-48b5-4f32-9413-15f6c2af74dd,1841,general/intracellular_ephys,1532,0.004853784494503057
0bc63bf7-48b5-4f32-9413-15f6c2af74dd,1841,general/subject,80,0.00025346133130564266
0bc63bf7-48b5-4f32-9413-15f6c2af74dd,1841,other,80,0.00025346133130564266
0bc63bf7-48b5-4f32-9413-15f6c2af74dd,1841,specifications,320,0.0010138453252225706
0bc63bf7-48b5-4f32-9413-15f6c2af74dd,1841,stimulus,3582,0.01134873110921015
0bcba855-7e9b-456e-bd5b-39749b933e19,469,acquisition,8532,8.538350398108593e-05
0bcba855-7e9b-456e-bd5b-39749b933e19,469,general,144,1.4410717971491296e-06
0bcba855-7e9b-456e-bd5b-39749b933e19,469,general/extracellular_ephys,736,7.365478074317774e-06
0bcba855-7e9b-456e-bd5b-39749b933e19,469,general/subject,80,8.005954428606276e-07
0bcba855-7e9b-456e-bd5b-39749b933e19,469,intervals,14445,0.00014455751465152207
0bcba855-7e9b-456e-bd5b-39749b933e19,469,other,96,9.607145314327532e-07
0bcba855-7e9b-456e-bd5b-39749b933e19,469,specifications,320,3.2023817714425104e-06
0bcba855-7e9b-456e-bd5b-39749b933e19,469,stimulus,2166528,0.02168140554537437
0bcba855-7e9b-456e-bd5b-39749b933e19,469,units,97734744,0.9780748831943759
0bd5cb3e-5c90-425a-89ac-77271ad47ea0,1607,general,80,0.0016167821992279865
0bd5cb3e-5c90-425a-89ac-77271ad47ea0,1607,general/extracellular_ephys,22656,0.45787271882136577
0bd5cb3e-5c90-425a-89ac-77271ad47ea0,1607,general/subject,128,0.0025868515187647784
0bd5cb3e-5c90-425a-89ac-77271ad47ea0,1607,intervals,779,0.01574341666498252
0bd5cb3e-5c90-425a-89ac-77271ad47ea0,1607,other,80,0.0016167821992279865
0bd5cb3e-5c90-425a-89ac-77271ad47ea0,1607,specifications,352,0.007113841676603141
0bd5cb3e-5c90-425a-89ac-77271ad47ea0,1607,units,25406,0.5134496069198278
0bdf7973-7c95-44a8-ab5d-730a5b93d1c4,1455,acquisition,4823377,0.5890328770181317
0bdf7973-7c95-44a8-ab5d-730a5b93d1c4,1455,general,242,2.9553144246943142e-05
0bdf7973-7c95-44a8-ab5d-730a5b93d1c4,1455,general/intracellular_ephys,748,9.134608221782425e-05
0bdf7973-7c95-44a8-ab5d-730a5b93d1c4,1455,general/labnotebook,497454,0.060749296769499396
0bdf7973-7c95-44a8-ab5d-730a5b93d1c4,1455,general/stimsets,606447,0.07405956888068566
0bdf7973-7c95-44a8-ab5d-730a5b93d1c4,1455,general/subject,112,1.367748824651914e-05
0bdf7973-7c95-44a8-ab5d-730a5b93d1c4,1455,general/testpulse,2021637,0.24688318130560907
0bdf7973-7c95-44a8-ab5d-730a5b93d1c4,1455,general/user_comment,31,3.785733353947262e-06
0bdf7973-7c95-44a8-ab5d-730a5b93d1c4,1455,other,101,1.2334163508021725e-05
0bdf7973-7c95-44a8-ab5d-730a5b93d1c4,1455,processing/spikes,1200,0.0001465445169269908
0bdf7973-7c95-44a8-ab5d-730a5b93d1c4,1455,specifications,288,3.517068406247779e-05
0bdf7973-7c95-44a8-ab5d-730a5b93d1c4,1455,stimulus,237001,0.028942664213511455
0be065b3-9f2c-4f6c-9b96-1e38be76bf99,713,acquisition,4007740784,0.9993229054660759
0be065b3-9f2c-4f6c-9b96-1e38be76bf99,713,general,32,7.979142039969427e-09
0be065b3-9f2c-4f6c-9b96-1e38be76bf99,713,general/extracellular_ephys,10578,2.6376051405873936e-06
0be065b3-9f2c-4f6c-9b96-1e38be76bf99,713,general/subject,96,2.3937426119908278e-08
0be065b3-9f2c-4f6c-9b96-1e38be76bf99,713,other,80,1.9947855099923565e-08
0be065b3-9f2c-4f6c-9b96-1e38be76bf99,713,processing/current_source_density,2704224,0.0006742933563716963
0be065b3-9f2c-4f6c-9b96-1e38be76bf99,713,specifications,448,1.1170798855957197e-07
0bf08a59-9cdb-4430-b17f-113916442462,1847,general,288,0.003692686429377372
0bf08a59-9cdb-4430-b17f-113916442462,1847,general/subject,144,0.001846343214688686
0bf08a59-9cdb-4430-b17f-113916442462,1847,intervals,72312,0.9271720176428352
0bf08a59-9cdb-4430-b17f-113916442462,1847,other,80,0.0010257462303826033
0bf08a59-9cdb-4430-b17f-113916442462,1847,processing/behavior,4528,0.05805723663965535
0bf08a59-9cdb-4430-b17f-113916442462,1847,specifications,640,0.008205969843060826
0bf27c89-bf82-48c4-8779-e6f71f59ec3b,1635,general,160,2.8667873440799155e-06
0bf27c89-bf82-48c4-8779-e6f71f59ec3b,1635,general/optophysiology,88,1.5767330392439537e-06
0bf27c89-bf82-48c4-8779-e6f71f59ec3b,1635,general/subject,96,1.7200724064479495e-06
0bf27c89-bf82-48c4-8779-e6f71f59ec3b,1635,intervals,5000,8.958710450249736e-05
0bf27c89-bf82-48c4-8779-e6f71f59ec3b,1635,other,80,1.4333936720399578e-06
0bf27c89-bf82-48c4-8779-e6f71f59ec3b,1635,processing/behavior,53837348,0.9646264242826635
0bf27c89-bf82-48c4-8779-e6f71f59ec3b,1635,processing/ophys,1968512,0.03527065805168402
0bf27c89-bf82-48c4-8779-e6f71f59ec3b,1635,specifications,320,5.733574688159831e-06
0bf5eba7-af86-4ea5-a359-eb9142dbde02,971,general,400,0.04457817898138861
0bf5eba7-af86-4ea5-a359-eb9142dbde02,971,general/optogenetics,40,0.004457817898138861
0bf5eba7-af86-4ea5-a359-eb9142dbde02,971,general/subject,112,0.012481890114788811
0bf5eba7-af86-4ea5-a359-eb9142dbde02,971,other,80,0.008915635796277722
0bf5eba7-af86-4ea5-a359-eb9142dbde02,971,processing/behavior,1524,0.1698428619190906
0bf5eba7-af86-4ea5-a359-eb9142dbde02,971,specifications,384,0.042795051822133064
0bf5eba7-af86-4ea5-a359-eb9142dbde02,971,stimulus,6433,0.7169285634681823
0c041d60-07d6-4d45-8367-db4ec42ba92c,1374,acquisition,5366667828,0.9999960148614643
0c041d60-07d6-4d45-8367-db4ec42ba92c,1374,general,112,2.0869477533179645e-08
0c041d60-07d6-4d45-8367-db4ec42ba92c,1374,general/extracellular_ephys,20795,3.874828440200631e-06
0c041d60-07d6-4d45-8367-db4ec42ba92c,1374,general/subject,80,1.490676966655689e-08
0c041d60-07d6-4d45-8367-db4ec42ba92c,1374,other,80,1.490676966655689e-08
0c041d60-07d6-4d45-8367-db4ec42ba92c,1374,specifications,320,5.962707866622756e-08
0c0f8432-6891-492b-ba3e-9805722afc9e,246,acquisition,4194312,0.3330906151116116
0c0f8432-6891-492b-ba3e-9805722afc9e,246,general,48,3.8119123053691183e-06
0c0f8432-6891-492b-ba3e-9805722afc9e,246,general/optophysiology,88,6.988505893176717e-06
0c0f8432-6891-492b-ba3e-9805722afc9e,246,general/subject,80,6.353187175615197e-06
0c0f8432-6891-492b-ba3e-9805722afc9e,246,other,80,6.353187175615197e-06
0c0f8432-6891-492b-ba3e-9805722afc9e,246,processing/ophys,8397177,0.6668604653471362
0c0f8432-6891-492b-ba3e-9805722afc9e,246,specifications,320,2.5412748702460787e-05
0c117514-bff6-48d8-8ec9-75716106b1a1,947,acquisition,513468651,0.14875057910962688
0c117514-bff6-48d8-8ec9-75716106b1a1,947,general,272,7.87977171323328e-08
0c117514-bff6-48d8-8ec9-75716106b1a1,947,general/extracellular_ephys,2992,8.667748884556608e-07
0c117514-bff6-48d8-8ec9-75716106b1a1,947,general/subject,80,2.3175799156568472e-08
0c117514-bff6-48d8-8ec9-75716106b1a1,947,intervals,6344,1.8378408731158798e-06
0c117514-bff6-48d8-8ec9-75716106b1a1,947,other,80,2.3175799156568472e-08
0c117514-bff6-48d8-8ec9-75716106b1a1,947,processing/ecephys,2938397881,0.8512464891517798
0c117514-bff6-48d8-8ec9-75716106b1a1,947,specifications,352,1.0197351628890127e-07
0c18c381-0a03-4c92-be06-b749731aa8ab,1455,acquisition,19233829,0.4202213288755772
0c18c381-0a03-4c92-be06-b749731aa8ab,1455,general,242,5.287223962939968e-06
0c18c381-0a03-4c92-be06-b749731aa8ab,1455,general/intracellular_ephys,1504,3.285944148868476e-05
0c18c381-0a03-4c92-be06-b749731aa8ab,1455,general/labnotebook,1025397,0.022402907396391548
0c18c381-0a03-4c92-be06-b749731aa8ab,1455,general/stimsets,21096906,0.46092589647558674
0c18c381-0a03-4c92-be06-b749731aa8ab,1455,general/subject,112,2.4469796853275886e-06
0c18c381-0a03-4c92-be06-b749731aa8ab,1455,general/testpulse,2033179,0.044420961693166616
0c18c381-0a03-4c92-be06-b749731aa8ab,1455,general/user_comment,34,7.428331187601608e-07
0c18c381-0a03-4c92-be06-b749731aa8ab,1455,other,101,2.206651323375772e-06
0c18c381-0a03-4c92-be06-b749731aa8ab,1455,processing/spikes,2244,4.902698583817061e-05
0c18c381-0a03-4c92-be06-b749731aa8ab,1455,specifications,288,6.292233476556657e-06
0c18c381-0a03-4c92-be06-b749731aa8ab,1455,stimulus,2376875,0.05193004321038404
0c27b238-e531-4c26-80d9-43936e5e90dc,1205,acquisition,362870700,0.9999983465212047
0c27b238-e531-4c26-80d9-43936e5e90dc,1205,general,32,8.818553575330978e-08
0c27b238-e531-4c26-80d9-43936e5e90dc,1205,general/optophysiology,88,2.4251022332160193e-07
0c27b238-e531-4c26-80d9-43936e5e90dc,1205,general/subject,80,2.2046383938327445e-07
0c27b238-e531-4c26-80d9-43936e5e90dc,1205,other,80,2.2046383938327445e-07
0c27b238-e531-4c26-80d9-43936e5e90dc,1205,specifications,320,8.818553575330978e-07
0c5fc160-cedd-4e73-85e5-6a7743399783,1032,acquisition,387230,0.9985559194409346
0c5fc160-cedd-4e73-85e5-6a7743399783,1032,general,64,0.00016503777817891127
0c5fc160-cedd-4e73-85e5-6a7743399783,1032,general/subject,96,0.0002475566672683669
0c5fc160-cedd-4e73-85e5-6a7743399783,1032,other,80,0.00020629722272363907
0c5fc160-cedd-4e73-85e5-6a7743399783,1032,specifications,320,0.0008251888908945563
0c6cb278-a154-4c42-8e86-17bbddf251f3,1607,general,96,0.0038424591738712775
0c6cb278-a154-4c42-8e86-17bbddf251f3,1607,general/extracellular_ephys,22656,0.9068203650336215
0c6cb278-a154-4c42-8e86-17bbddf251f3,1607,general/subject,128,0.005123278898495036
0c6cb278-a154-4c42-8e86-17bbddf251f3,1607,intervals,533,0.02133365353826449
0c6cb278-a154-4c42-8e86-17bbddf251f3,1607,other,80,0.003202049311559398
0c6cb278-a154-4c42-8e86-17bbddf251f3,1607,scratch,1139,0.04558917707332693
0c6cb278-a154-4c42-8e86-17bbddf251f3,1607,specifications,352,0.01408901697086135
0c89b0a3-e33d-431b-a357-088784b326a8,1358,general,64,0.00031562698808014955
0c89b0a3-e33d-431b-a357-088784b326a8,1358,general/extracellular_ephys,64,0.00031562698808014955
0c89b0a3-e33d-431b-a357-088784b326a8,1358,general/subject,80,0.0003945337351001869
0c89b0a3-e33d-431b-a357-088784b326a8,1358,intervals,105840,0.5219681315375473
0c89b0a3-e33d-431b-a357-088784b326a8,1358,other,80,0.0003945337351001869
0c89b0a3-e33d-431b-a357-088784b326a8,1358,specifications,320,0.0015781349404007476
0c89b0a3-e33d-431b-a357-088784b326a8,1358,units,96323,0.4750334120756913
0c933ebf-b5bc-4440-a437-315c863a1de0,1475,acquisition,1600320,0.49967277977329383
0c933ebf-b5bc-4440-a437-315c863a1de0,1475,general,80,2.497864326001269e-05
0c933ebf-b5bc-4440-a437-315c863a1de0,1475,general/intracellular_ephys,1520,0.0004745942219402411
0c933ebf-b5bc-4440-a437-315c863a1de0,1475,general/subject,96,2.9974371912015227e-05
0c933ebf-b5bc-4440-a437-315c863a1de0,1475,other,80,2.497864326001269e-05
0c933ebf-b5bc-4440-a437-315c863a1de0,1475,specifications,320,9.991457304005076e-05
0c933ebf-b5bc-4440-a437-315c863a1de0,1475,stimulus,1600320,0.49967277977329383
0c94f279-9116-42c9-bbc3-b06d33f1584b,1702,general,208,0.29545454545454547
0c94f279-9116-42c9-bbc3-b06d33f1584b,1702,general/subject,96,0.13636363636363635
0c94f279-9116-42c9-bbc3-b06d33f1584b,1702,other,80,0.11363636363636363
0c94f279-9116-42c9-bbc3-b06d33f1584b,1702,specifications,320,0.45454545454545453
0c9d01d4-9573-46ab-b282-0b68ff24e1a2,1281,acquisition,4000512,0.49994851189375256
0c9d01d4-9573-46ab-b282-0b68ff24e1a2,1281,general,208,2.5993995387065588e-05
0c9d01d4-9573-46ab-b282-0b68ff24e1a2,1281,general/intracellular_ephys,424,5.298775982747985e-05
0c9d01d4-9573-46ab-b282-0b68ff24e1a2,1281,general/subject,80,9.997690533486765e-06
0c9d01d4-9573-46ab-b282-0b68ff24e1a2,1281,other,80,9.997690533486765e-06
0c9d01d4-9573-46ab-b282-0b68ff24e1a2,1281,specifications,320,3.999076213394706e-05
0c9d01d4-9573-46ab-b282-0b68ff24e1a2,1281,stimulus,4000224,0.499912520207832
0c9dd610-aab9-4121-bd56-da7eb373bfc6,1205,acquisition,242227088,0.9999975229916739
0c9dd610-aab9-4121-bd56-da7eb373bfc6,1205,general,32,1.321071107279858e-07
0c9dd610-aab9-4121-bd56-da7eb373bfc6,1205,general/optophysiology,88,3.6329455450196096e-07
0c9dd610-aab9-4121-bd56-da7eb373bfc6,1205,general/subject,80,3.302677768199645e-07
0c9dd610-aab9-4121-bd56-da7eb373bfc6,1205,other,80,3.302677768199645e-07
0c9dd610-aab9-4121-bd56-da7eb373bfc6,1205,specifications,320,1.321071107279858e-06
0cc5118a-1f87-4451-a5e2-179bdfec4fb0,485,acquisition,105258,0.0030131721292828272
0cc5118a-1f87-4451-a5e2-179bdfec4fb0,485,general,48,1.374073820570177e-06
0cc5118a-1f87-4451-a5e2-179bdfec4fb0,485,general/subject,64,1.8320984274269028e-06
0cc5118a-1f87-4451-a5e2-179bdfec4fb0,485,other,80,2.2901230342836284e-06
0cc5118a-1f87-4451-a5e2-179bdfec4fb0,485,processing/Experimental information,12006560,0.3437062452313555
0cc5118a-1f87-4451-a5e2-179bdfec4fb0,485,processing/Recorded behavior data,10813699,0.309558764571373
0cc5118a-1f87-4451-a5e2-179bdfec4fb0,485,scratch,32,9.160492137134514e-07
0cc5118a-1f87-4451-a5e2-179bdfec4fb0,485,specifications,320,9.160492137134513e-06
0cc5118a-1f87-4451-a5e2-179bdfec4fb0,485,stimulus,12006560,0.3437062452313555
0cd4be7a-87ae-4d4e-bfeb-8be69f78f571,8,acquisition,7309110,0.9918630188441638
0cd4be7a-87ae-4d4e-bfeb-8be69f78f571,8,general,80,1.0856183790849106e-05
0cd4be7a-87ae-4d4e-bfeb-8be69f78f571,8,general/DandiIcephysMetadata,192,2.6054841098037852e-05
0cd4be7a-87ae-4d4e-bfeb-8be69f78f571,8,general/intracellular_ephys,3355,0.00045528120772873437
0cd4be7a-87ae-4d4e-bfeb-8be69f78f571,8,general/subject,112,1.5198657307188748e-05
0cd4be7a-87ae-4d4e-bfeb-8be69f78f571,8,other,80,1.0856183790849106e-05
0cd4be7a-87ae-4d4e-bfeb-8be69f78f571,8,specifications,320,4.342473516339642e-05
0cd4be7a-87ae-4d4e-bfeb-8be69f78f571,8,stimulus,55823,0.00757530934695712
0cdda2e2-e39a-4189-94dc-ddc454d95b2f,239,general,48,0.0003266906239790918
0cdda2e2-e39a-4189-94dc-ddc454d95b2f,239,general/subject,96,0.0006533812479581836
0cdda2e2-e39a-4189-94dc-ddc454d95b2f,239,intervals,146384,0.9962975062615703
0cdda2e2-e39a-4189-94dc-ddc454d95b2f,239,other,80,0.0005444843732984863
0cdda2e2-e39a-4189-94dc-ddc454d95b2f,239,specifications,320,0.0021779374931939453
0ced516d-3531-4aed-b8b0-4be5d1450cc7,336,acquisition,23183323721,0.9988033849395495
0ced516d-3531-4aed-b8b0-4be5d1450cc7,336,general,128,5.514603290314911e-09
0ced516d-3531-4aed-b8b0-4be5d1450cc7,336,general/optophysiology,88,3.7912897620915016e-09
0ced516d-3531-4aed-b8b0-4be5d1450cc7,336,general/subject,96,4.135952467736183e-09
0ced516d-3531-4aed-b8b0-4be5d1450cc7,336,intervals,10775046,0.00046421956347573844
0ced516d-3531-4aed-b8b0-4be5d1450cc7,336,other,80,3.4466270564468195e-09
0ced516d-3531-4aed-b8b0-4be5d1450cc7,336,processing/ophys,1938112,8.349936572030322e-05
0ced516d-3531-4aed-b8b0-4be5d1450cc7,336,processing/running,10394208,0.00044781198153919974
0ced516d-3531-4aed-b8b0-4be5d1450cc7,336,processing/stimulus,3779712,0.00016284072055970902
0ced516d-3531-4aed-b8b0-4be5d1450cc7,336,processing/stimulus_ophys,886512,3.819345306330978e-05
0ced516d-3531-4aed-b8b0-4be5d1450cc7,336,specifications,768,3.308761974188946e-08
0cffc55a-d33b-4b6d-84c5-0a913b77890c,871,acquisition,49904244,0.04700695770500804
0cffc55a-d33b-4b6d-84c5-0a913b77890c,871,general,128,1.2056871528283303e-07
0cffc55a-d33b-4b6d-84c5-0a913b77890c,871,general/optophysiology,88,8.289099175694772e-08
0cffc55a-d33b-4b6d-84c5-0a913b77890c,871,general/subject,96,9.042653646212478e-08
0cffc55a-d33b-4b6d-84c5-0a913b77890c,871,intervals,10775046,0.010149480104167413
0cffc55a-d33b-4b6d-84c5-0a913b77890c,871,other,80,7.535544705177065e-08
0cffc55a-d33b-4b6d-84c5-0a913b77890c,871,processing/ophys,6187751,0.005828509285625511
0cffc55a-d33b-4b6d-84c5-0a913b77890c,871,processing/running,10394208,0.009790752382363635
0cffc55a-d33b-4b6d-84c5-0a913b77890c,871,processing/stimulus,3779712,0.0035602735935867766
0cffc55a-d33b-4b6d-84c5-0a913b77890c,871,processing/stimulus_ophys,886512,0.0008350438509594913
0cffc55a-d33b-4b6d-84c5-0a913b77890c,871,specifications,448,4.219905034899156e-07
0cffc55a-d33b-4b6d-84c5-0a913b77890c,871,stimulus,979706952,0.9228281918460951
0d1591df-f20a-459a-9268-46da4eb81251,579,acquisition,216944972,0.1220641931693977
0d1591df-f20a-459a-9268-46da4eb81251,579,general,256,1.4403852351722545e-07
0d1591df-f20a-459a-9268-46da4eb81251,579,general/optophysiology,456,2.565686200150578e-07
0d1591df-f20a-459a-9268-46da4eb81251,579,general/subject,112,6.301685403878613e-08
0d1591df-f20a-459a-9268-46da4eb81251,579,intervals,183044,0.00010298979491674614
0d1591df-f20a-459a-9268-46da4eb81251,579,other,80,4.501203859913295e-08
0d1591df-f20a-459a-9268-46da4eb81251,579,processing/behavior,25988492,0.014622437562965723
0d1591df-f20a-459a-9268-46da4eb81251,579,processing/ophys,1534184542,0.8632096727837139
0d1591df-f20a-459a-9268-46da4eb81251,579,specifications,352,1.9805296983618497e-07
0d50fac0-3079-4831-8a2a-6fdf95058bf9,1612,general,144,2.396714264524288e-07
0d50fac0-3079-4831-8a2a-6fdf95058bf9,1612,general/optophysiology,440,7.323293586046436e-07
0d50fac0-3079-4831-8a2a-6fdf95058bf9,1612,general/subject,96,1.5978095096828587e-07
0d50fac0-3079-4831-8a2a-6fdf95058bf9,1612,other,80,1.3315079247357155e-07
0d50fac0-3079-4831-8a2a-6fdf95058bf9,1612,processing/ophys,600821480,0.9999982024643016
0d50fac0-3079-4831-8a2a-6fdf95058bf9,1612,specifications,320,5.326031698942862e-07
0d7619c4-fe50-435b-858d-376a6018ddcb,1034,acquisition,535830,0.9989559835194541
0d7619c4-fe50-435b-858d-376a6018ddcb,1034,general,64,0.00011931616920524245
0d7619c4-fe50-435b-858d-376a6018ddcb,1034,general/subject,96,0.00017897425380786368
0d7619c4-fe50-435b-858d-376a6018ddcb,1034,other,80,0.00014914521150655307
0d7619c4-fe50-435b-858d-376a6018ddcb,1034,specifications,320,0.0005965808460262123
0d76687c-a3cd-4815-a712-9bec027ce588,1841,acquisition,752645,0.998939536315904
0d76687c-a3cd-4815-a712-9bec027ce588,1841,general,64,8.494327381995211e-05
0d76687c-a3cd-4815-a712-9bec027ce588,1841,general/intracellular_ephys,255,0.0003384458566263717
0d76687c-a3cd-4815-a712-9bec027ce588,1841,general/subject,80,0.00010617909227494014
0d76687c-a3cd-4815-a712-9bec027ce588,1841,other,80,0.00010617909227494014
0d76687c-a3cd-4815-a712-9bec027ce588,1841,specifications,320,0.0004247163690997606
0d78163f-d59a-4d47-be2b-778f3eb9788c,1710,acquisition,24,5.337964931296344e-08
0d78163f-d59a-4d47-be2b-778f3eb9788c,1710,general,160,3.5586432875308957e-07
0d78163f-d59a-4d47-be2b-778f3eb9788c,1710,general/optophysiology,128,2.8469146300247165e-07
0d78163f-d59a-4d47-be2b-778f3eb9788c,1710,general/subject,80,1.7793216437654479e-07
0d78163f-d59a-4d47-be2b-778f3eb9788c,1710,other,80,1.7793216437654479e-07
0d78163f-d59a-4d47-be2b-778f3eb9788c,1710,processing/behavior,21841440,0.048578683653755506
0d78163f-d59a-4d47-be2b-778f3eb9788c,1710,processing/ophys,427767316,0.9514195548178171
0d78163f-d59a-4d47-be2b-778f3eb9788c,1710,specifications,320,7.117286575061791e-07
0d86380c-4163-4ccf-bb8b-648e1c966f98,947,acquisition,84934167,0.1294445838034474
0d86380c-4163-4ccf-bb8b-648e1c966f98,947,general,224,3.413889580146493e-07
0d86380c-4163-4ccf-bb8b-648e1c966f98,947,general/extracellular_ephys,704,1.072936725188898e-06
0d86380c-4163-4ccf-bb8b-648e1c966f98,947,general/subject,80,1.2192462786237478e-07
0d86380c-4163-4ccf-bb8b-648e1c966f98,947,intervals,10480,1.5972126249971095e-05
0d86380c-4163-4ccf-bb8b-648e1c966f98,947,other,80,1.2192462786237478e-07
0d86380c-4163-4ccf-bb8b-648e1c966f98,947,processing/ecephys,570487490,0.8694559364798781
0d86380c-4163-4ccf-bb8b-648e1c966f98,947,specifications,352,5.36468362594449e-07
0d86380c-4163-4ccf-bb8b-648e1c966f98,947,units,709496,0.001081312947123043
0da6bc84-7aa5-4e83-b2f3-4c08ed6f3aaf,1789,acquisition,9920496,0.4999826627583955
0da6bc84-7aa5-4e83-b2f3-4c08ed6f3aaf,1789,general,176,8.870216634881723e-06
0da6bc84-7aa5-4e83-b2f3-4c08ed6f3aaf,1789,general/intracellular_ephys,32,1.6127666608875861e-06
0da6bc84-7aa5-4e83-b2f3-4c08ed6f3aaf,1789,general/subject,80,4.031916652218965e-06
0da6bc84-7aa5-4e83-b2f3-4c08ed6f3aaf,1789,other,80,4.031916652218965e-06
0da6bc84-7aa5-4e83-b2f3-4c08ed6f3aaf,1789,specifications,320,1.612766660887586e-05
0da6bc84-7aa5-4e83-b2f3-4c08ed6f3aaf,1789,stimulus,9920496,0.4999826627583955
0de73007-b679-427a-b414-24640e7ba6d0,989,acquisition,1428,0.6918604651162791
0de73007-b679-427a-b414-24640e7ba6d0,989,general,48,0.023255813953488372
0de73007-b679-427a-b414-24640e7ba6d0,989,general/extracellular_ephys,108,0.05232558139534884
0de73007-b679-427a-b414-24640e7ba6d0,989,general/subject,80,0.03875968992248062
0de73007-b679-427a-b414-24640e7ba6d0,989,other,80,0.03875968992248062
0de73007-b679-427a-b414-24640e7ba6d0,989,specifications,320,0.15503875968992248
0dfc73ea-c722-48df-ad6a-3d09c19f8d39,1366,acquisition,407399283,0.9999985861556226
0dfc73ea-c722-48df-ad6a-3d09c19f8d39,1366,general,80,1.963672746386493e-07
0dfc73ea-c722-48df-ad6a-3d09c19f8d39,1366,general/subject,96,2.3564072956637915e-07
0dfc73ea-c722-48df-ad6a-3d09c19f8d39,1366,other,80,1.963672746386493e-07
0dfc73ea-c722-48df-ad6a-3d09c19f8d39,1366,specifications,320,7.854690985545972e-07
0e0faf20-0f2d-4a18-83b9-a65dcafb0ca2,1550,acquisition,236794,0.5857453476837984
0e0faf20-0f2d-4a18-83b9-a65dcafb0ca2,1550,general,176,0.00043536230306658323
0e0faf20-0f2d-4a18-83b9-a65dcafb0ca2,1550,general/subject,96,0.0002374703471272272
0e0faf20-0f2d-4a18-83b9-a65dcafb0ca2,1550,general/task,4252,0.010517957458176772
0e0faf20-0f2d-4a18-83b9-a65dcafb0ca2,1550,intervals,162415,0.4017577752986313
0e0faf20-0f2d-4a18-83b9-a65dcafb0ca2,1550,other,80,0.000197891955939356
0e0faf20-0f2d-4a18-83b9-a65dcafb0ca2,1550,specifications,448,0.0011081949532603936
0e145d76-b8ba-4613-a145-488a3efe55fb,1837,acquisition,1708,0.7286689419795221
0e145d76-b8ba-4613-a145-488a3efe55fb,1837,general,48,0.020477815699658702
0e145d76-b8ba-4613-a145-488a3efe55fb,1837,general/extracellular_ephys,108,0.04607508532423208
0e145d76-b8ba-4613-a145-488a3efe55fb,1837,general/subject,80,0.034129692832764506
0e145d76-b8ba-4613-a145-488a3efe55fb,1837,other,80,0.034129692832764506
0e145d76-b8ba-4613-a145-488a3efe55fb,1837,specifications,320,0.13651877133105803
0e179fb8-4ece-44da-bb7d-c44fa5a682ac,337,acquisition,55820467,0.5076660155614975
0e179fb8-4ece-44da-bb7d-c44fa5a682ac,337,general,345,3.137644394281342e-06
0e179fb8-4ece-44da-bb7d-c44fa5a682ac,337,general/intracellular_ephys,1507,1.370559449907821e-05
0e179fb8-4ece-44da-bb7d-c44fa5a682ac,337,general/labnotebook,653318,0.0059416798851684
0e179fb8-4ece-44da-bb7d-c44fa5a682ac,337,general/stimsets,21000663,0.19099307982070027
0e179fb8-4ece-44da-bb7d-c44fa5a682ac,337,general/subject,64,5.820557716927707e-07
0e179fb8-4ece-44da-bb7d-c44fa5a682ac,337,general/testpulse,931238,0.008469257073744256
0e179fb8-4ece-44da-bb7d-c44fa5a682ac,337,general/user_comment,34,3.092171287117844e-07
0e179fb8-4ece-44da-bb7d-c44fa5a682ac,337,other,108,9.822191147315506e-07
0e179fb8-4ece-44da-bb7d-c44fa5a682ac,337,specifications,288,2.619250972617468e-06
0e179fb8-4ece-44da-bb7d-c44fa5a682ac,337,stimulus,31547067,0.2869086316770085
0e215fae-50fd-4063-b8a9-a6bd746a7dd3,1038,acquisition,12155510,0.7664350223725954
0e215fae-50fd-4063-b8a9-a6bd746a7dd3,1038,analysis,30540,0.0019256226668612887
0e215fae-50fd-4063-b8a9-a6bd746a7dd3,1038,general,208,1.3114915347319844e-05
0e215fae-50fd-4063-b8a9-a6bd746a7dd3,1038,general/FiberPhotometry,470,2.963466448673234e-05
0e215fae-50fd-4063-b8a9-a6bd746a7dd3,1038,general/subject,112,7.061877494710685e-06
0e215fae-50fd-4063-b8a9-a6bd746a7dd3,1038,other,80,5.044198210507633e-06
0e215fae-50fd-4063-b8a9-a6bd746a7dd3,1038,processing/behavior,1117518,0.07046227869762585
0e215fae-50fd-4063-b8a9-a6bd746a7dd3,1038,processing/ophys,2554983,0.16109800845596778
0e215fae-50fd-4063-b8a9-a6bd746a7dd3,1038,specifications,384,2.4212151410436636e-05
0e23fc8b-9b17-4ad9-a9f7-3484f9a7ebe4,1445,acquisition,1148,0.6434977578475336
0e23fc8b-9b17-4ad9-a9f7-3484f9a7ebe4,1445,general,48,0.026905829596412557
0e23fc8b-9b17-4ad9-a9f7-3484f9a7ebe4,1445,general/extracellular_ephys,108,0.06053811659192825
0e23fc8b-9b17-4ad9-a9f7-3484f9a7ebe4,1445,general/subject,80,0.04484304932735426
0e23fc8b-9b17-4ad9-a9f7-3484f9a7ebe4,1445,other,80,0.04484304932735426
0e23fc8b-9b17-4ad9-a9f7-3484f9a7ebe4,1445,specifications,320,0.17937219730941703
0e518fcf-1c15-411f-aa7e-2c27f0f98204,1871,general,192,1.666546304989084e-05
0e518fcf-1c15-411f-aa7e-2c27f0f98204,1871,general/subject,80,6.943942937454517e-06
0e518fcf-1c15-411f-aa7e-2c27f0f98204,1871,intervals,55440,0.00481215245565598
0e518fcf-1c15-411f-aa7e-2c27f0f98204,1871,other,80,6.943942937454517e-06
0e518fcf-1c15-411f-aa7e-2c27f0f98204,1871,processing/behavior,11464720,0.9951295184236694
0e518fcf-1c15-411f-aa7e-2c27f0f98204,1871,specifications,320,2.7775771749818068e-05
0e690f88-e0ce-4ba8-a40b-cb5daf518310,1747,acquisition,10551405180,0.9999976352020827
0e690f88-e0ce-4ba8-a40b-cb5daf518310,1747,general,64,6.065528482807566e-09
0e690f88-e0ce-4ba8-a40b-cb5daf518310,1747,general/extracellular_ephys,24424,2.3147573072514376e-06
0e690f88-e0ce-4ba8-a40b-cb5daf518310,1747,general/subject,64,6.065528482807566e-09
0e690f88-e0ce-4ba8-a40b-cb5daf518310,1747,other,80,7.581910603509459e-09
0e690f88-e0ce-4ba8-a40b-cb5daf518310,1747,specifications,320,3.0327642414037835e-08
0e6a3506-da9b-4700-b59b-d7e401c18127,363,acquisition,355368609094,0.9996886286613379
0e6a3506-da9b-4700-b59b-d7e401c18127,363,general,96,2.700579226627836e-10
0e6a3506-da9b-4700-b59b-d7e401c18127,363,general/extracellular_ephys,234080,6.584912347594207e-07
0e6a3506-da9b-4700-b59b-d7e401c18127,363,general/optogenetics,120,3.3757240332847955e-10
0e6a3506-da9b-4700-b59b-d7e401c18127,363,general/subject,80,2.2504826888565302e-10
0e6a3506-da9b-4700-b59b-d7e401c18127,363,intervals,95040,2.6735734343615577e-07
0e6a3506-da9b-4700-b59b-d7e401c18127,363,other,80,2.2504826888565302e-10
0e6a3506-da9b-4700-b59b-d7e401c18127,363,specifications,320,9.001930755426121e-10
0e6a3506-da9b-4700-b59b-d7e401c18127,363,units,110356248,0.0003104435321639476
0e6f8525-4692-4c18-9e9b-dc39107082bb,232,general,64,5.404431786064216e-06
0e6f8525-4692-4c18-9e9b-dc39107082bb,232,general/subject,96,8.106647679096326e-06
0e6f8525-4692-4c18-9e9b-dc39107082bb,232,intervals,81928,0.006918348240135455
0e6f8525-4692-4c18-9e9b-dc39107082bb,232,other,80,6.755539732580271e-06
0e6f8525-4692-4c18-9e9b-dc39107082bb,232,processing/behavior,11759645,0.9930343629817365
0e6f8525-4692-4c18-9e9b-dc39107082bb,232,specifications,320,2.7022158930321082e-05
0e83a965-5231-4738-adb7-fe73dec76b09,711,acquisition,32761914,0.07616888307104629
0e83a965-5231-4738-adb7-fe73dec76b09,711,general,112,2.603912245162839e-07
0e83a965-5231-4738-adb7-fe73dec76b09,711,general/optophysiology,88,2.045931049770802e-07
0e83a965-5231-4738-adb7-fe73dec76b09,711,general/subject,96,2.2319247815681477e-07
0e83a965-5231-4738-adb7-fe73dec76b09,711,intervals,2594923,0.006032992656209544
0e83a965-5231-4738-adb7-fe73dec76b09,711,other,80,1.8599373179734565e-07
0e83a965-5231-4738-adb7-fe73dec76b09,711,processing/eye_tracking_rig_metadata,120,2.7899059769601844e-07
0e83a965-5231-4738-adb7-fe73dec76b09,711,processing/licking,29344,6.822250082326637e-05
0e83a965-5231-4738-adb7-fe73dec76b09,711,processing/ophys,212555373,0.49417458797308456
0e83a965-5231-4738-adb7-fe73dec76b09,711,processing/rewards,1700,3.952366800693595e-06
0e83a965-5231-4738-adb7-fe73dec76b09,711,processing/running,11891616,0.0276470754617628
0e83a965-5231-4738-adb7-fe73dec76b09,711,processing/stimulus,4324224,0.010053481986095564
0e83a965-5231-4738-adb7-fe73dec76b09,711,specifications,480,1.1159623907840738e-06
0e83a965-5231-4738-adb7-fe73dec76b09,711,stimulus,165961952,0.3858485348606494
0e85d047-ead7-4fef-b72f-9d469288cd51,20,acquisition,14395377,0.3758510963690132
0e85d047-ead7-4fef-b72f-9d469288cd51,20,general,242,6.318414955113798e-06
0e85d047-ead7-4fef-b72f-9d469288cd51,20,general/intracellular_ephys,884,2.308049099306032e-05
0e85d047-ead7-4fef-b72f-9d469288cd51,20,general/labnotebook,485513,0.01267633305827341
0e85d047-ead7-4fef-b72f-9d469288cd51,20,general/stimsets,21000952,0.5483170627620951
0e85d047-ead7-4fef-b72f-9d469288cd51,20,general/subject,112,2.9242251031931625e-06
0e85d047-ead7-4fef-b72f-9d469288cd51,20,general/testpulse,643448,0.016799882091066375
0e85d047-ead7-4fef-b72f-9d469288cd51,20,general/user_comment,31,8.09383733919536e-07
0e85d047-ead7-4fef-b72f-9d469288cd51,20,other,101,2.6370244234152627e-06
0e85d047-ead7-4fef-b72f-9d469288cd51,20,processing/spikes,3322,8.673460529292577e-05
0e85d047-ead7-4fef-b72f-9d469288cd51,20,specifications,704,1.8380843505785592e-05
0e85d047-ead7-4fef-b72f-9d469288cd51,20,stimulus,1770059,0.04621474073154452
0eb1042b-c13d-4253-aaac-1ae6271f23be,239,general,48,0.0003211862478754868
0eb1042b-c13d-4253-aaac-1ae6271f23be,239,general/subject,96,0.0006423724957509736
0eb1042b-c13d-4253-aaac-1ae6271f23be,239,intervals,148902,0.9963598891907445
0eb1042b-c13d-4253-aaac-1ae6271f23be,239,other,80,0.0005353104131258113
0eb1042b-c13d-4253-aaac-1ae6271f23be,239,specifications,320,0.0021412416525032453
0eb2e000-da35-4dcf-9562-50da6c8f9cd0,699,general,48,5.382774113566441e-06
0eb2e000-da35-4dcf-9562-50da6c8f9cd0,699,general/subject,64,7.177032151421922e-06
0eb2e000-da35-4dcf-9562-50da6c8f9cd0,699,other,80,8.971290189277402e-06
0eb2e000-da35-4dcf-9562-50da6c8f9cd0,699,processing/wt:nacre: behavior left lane,4412359,0.4948069126033731
0eb2e000-da35-4dcf-9562-50da6c8f9cd0,699,processing/wt:nacre: behavior right lane,4504400,0.5051284941072641
0eb2e000-da35-4dcf-9562-50da6c8f9cd0,699,scratch,64,7.177032151421922e-06
0eb2e000-da35-4dcf-9562-50da6c8f9cd0,699,specifications,320,3.588516075710961e-05
0eb78cd0-734b-45ee-80ed-6dceaae29760,1260,analysis,64,5.102524762977221e-08
0eb78cd0-734b-45ee-80ed-6dceaae29760,1260,general,160,1.2756311907443053e-07
0eb78cd0-734b-45ee-80ed-6dceaae29760,1260,general/extracellular_ephys,42896,3.419967222385482e-05
0eb78cd0-734b-45ee-80ed-6dceaae29760,1260,general/subject,96,7.653787144465831e-08
0eb78cd0-734b-45ee-80ed-6dceaae29760,1260,intervals,13244,1.0559037181385986e-05
0eb78cd0-734b-45ee-80ed-6dceaae29760,1260,other,80,6.378155953721526e-08
0eb78cd0-734b-45ee-80ed-6dceaae29760,1260,processing/ecephys,1068261399,0.851692225270342
0eb78cd0-734b-45ee-80ed-6dceaae29760,1260,specifications,352,2.8063886196374715e-07
0eb78cd0-734b-45ee-80ed-6dceaae29760,1260,stimulus,4928,3.92894406749246e-06
0eb78cd0-734b-45ee-80ed-6dceaae29760,1260,units,185957808,0.14825848752952556
0ebd84d4-6c36-4537-8de7-11120dc9c3d7,1856,acquisition,17260929,0.631937770586425
0ebd84d4-6c36-4537-8de7-11120dc9c3d7,1856,general,330,1.2081589831782534e-05
0ebd84d4-6c36-4537-8de7-11120dc9c3d7,1856,general/intracellular_ephys,1245,4.5580543456270465e-05
0ebd84d4-6c36-4537-8de7-11120dc9c3d7,1856,general/labnotebook,4023448,0.14730196498638112
0ebd84d4-6c36-4537-8de7-11120dc9c3d7,1856,general/results,169423,0.0062027248305154305
0ebd84d4-6c36-4537-8de7-11120dc9c3d7,1856,general/stimsets,561001,0.020538739324908583
0ebd84d4-6c36-4537-8de7-11120dc9c3d7,1856,general/subject,80,2.928870262250311e-06
0ebd84d4-6c36-4537-8de7-11120dc9c3d7,1856,general/testpulse,3353908,0.1227895175440427
0ebd84d4-6c36-4537-8de7-11120dc9c3d7,1856,general/user_comment,14,5.125522958938044e-07
0ebd84d4-6c36-4537-8de7-11120dc9c3d7,1856,intervals,472158,0.01728611906604478
0ebd84d4-6c36-4537-8de7-11120dc9c3d7,1856,other,108,3.95397485403792e-06
0ebd84d4-6c36-4537-8de7-11120dc9c3d7,1856,processing/spikes,11812,0.0004324476942212584
0ebd84d4-6c36-4537-8de7-11120dc9c3d7,1856,specifications,288,1.054393294410112e-05
0ebd84d4-6c36-4537-8de7-11120dc9c3d7,1856,stimulus,1459542,0.05343511450381679
0ebe7952-7ff4-4d87-a9bd-adc7048fedcb,1751,acquisition,18027520,0.9921707345208879
0ebe7952-7ff4-4d87-a9bd-adc7048fedcb,1751,general,112,6.164082595184443e-06
0ebe7952-7ff4-4d87-a9bd-adc7048fedcb,1751,general/intracellular_ephys,896,4.931266076147554e-05
0ebe7952-7ff4-4d87-a9bd-adc7048fedcb,1751,general/subject,80,4.402916139417459e-06
0ebe7952-7ff4-4d87-a9bd-adc7048fedcb,1751,other,80,4.402916139417459e-06
0ebe7952-7ff4-4d87-a9bd-adc7048fedcb,1751,specifications,272,1.496991487401936e-05
0ebe7952-7ff4-4d87-a9bd-adc7048fedcb,1751,stimulus,140816,0.007750012988602611
0ec32601-1246-4741-9912-041b47536fb3,1689,acquisition,230592,0.9978536315169979
0ec32601-1246-4741-9912-041b47536fb3,1689,general,16,6.923769300006924e-05
0ec32601-1246-4741-9912-041b47536fb3,1689,general/subject,80,0.0003461884650003462
0ec32601-1246-4741-9912-041b47536fb3,1689,other,80,0.0003461884650003462
0ec32601-1246-4741-9912-041b47536fb3,1689,specifications,320,0.0013847538600013848
0ec4b5c4-d999-44af-ba2a-599b7d4bd2d9,399,acquisition,525080,0.9987066342057213
0ec4b5c4-d999-44af-ba2a-599b7d4bd2d9,399,general,112,0.0002130249543517955
0ec4b5c4-d999-44af-ba2a-599b7d4bd2d9,399,general/extracellular_ephys,72,0.00013694461351186854
0ec4b5c4-d999-44af-ba2a-599b7d4bd2d9,399,general/subject,96,0.0001825928180158247
0ec4b5c4-d999-44af-ba2a-599b7d4bd2d9,399,other,80,0.00015216068167985393
0ec4b5c4-d999-44af-ba2a-599b7d4bd2d9,399,specifications,320,0.0006086427267194157
0ec6be8a-d31f-4a6a-a44c-be876fed76f0,728,acquisition,49550036925,0.99999998579214
0ec6be8a-d31f-4a6a-a44c-be876fed76f0,728,general,96,1.937435461074491e-09
0ec6be8a-d31f-4a6a-a44c-be876fed76f0,728,general/optophysiology,96,1.937435461074491e-09
0ec6be8a-d31f-4a6a-a44c-be876fed76f0,728,general/subject,112,2.260341371253573e-09
0ec6be8a-d31f-4a6a-a44c-be876fed76f0,728,other,80,1.6145295508954092e-09
0ec6be8a-d31f-4a6a-a44c-be876fed76f0,728,specifications,320,6.458118203581637e-09
0ed22b37-a345-4096-9401-a46d1d6f1b6f,1074,general,16,1.9923160851307698e-08
0ed22b37-a345-4096-9401-a46d1d6f1b6f,1074,general/optophysiology,88,1.0957738468219233e-07
0ed22b37-a345-4096-9401-a46d1d6f1b6f,1074,general/subject,64,7.969264340523079e-08
0ed22b37-a345-4096-9401-a46d1d6f1b6f,1074,other,80,9.961580425653849e-08
0ed22b37-a345-4096-9401-a46d1d6f1b6f,1074,processing/ophys,803084852,0.9999992927277898
0ed22b37-a345-4096-9401-a46d1d6f1b6f,1074,specifications,320,3.9846321702615395e-07
0ed5e8c2-3972-4bc6-84fb-b841150236c4,713,acquisition,6921408,0.03704570663321841
0ed5e8c2-3972-4bc6-84fb-b841150236c4,713,general,80,4.2818694269395376e-07
0ed5e8c2-3972-4bc6-84fb-b841150236c4,713,general/subject,96,5.138243312327446e-07
0ed5e8c2-3972-4bc6-84fb-b841150236c4,713,intervals,924682,0.004949209481801632
0ed5e8c2-3972-4bc6-84fb-b841150236c4,713,other,80,4.2818694269395376e-07
0ed5e8c2-3972-4bc6-84fb-b841150236c4,713,processing/licking,41696,0.0002231710345320887
0ed5e8c2-3972-4bc6-84fb-b841150236c4,713,processing/rewards,3000,1.6057010351023267e-05
0ed5e8c2-3972-4bc6-84fb-b841150236c4,713,processing/running,9516936,0.05093784662067532
0ed5e8c2-3972-4bc6-84fb-b841150236c4,713,processing/stimulus,3460704,0.018522853316609206
0ed5e8c2-3972-4bc6-84fb-b841150236c4,713,specifications,480,2.569121656163723e-06
0ed5e8c2-3972-4bc6-84fb-b841150236c4,713,stimulus,165965120,0.8883012165829395
0eeee889-14d9-4879-abe6-f9413ad82f6d,1521,acquisition,30193430,0.9999814532627188
0eeee889-14d9-4879-abe6-f9413ad82f6d,1521,general,64,2.1196271178469622e-06
0eeee889-14d9-4879-abe6-f9413ad82f6d,1521,general/subject,96,3.1794406767704436e-06
0eeee889-14d9-4879-abe6-f9413ad82f6d,1521,other,80,2.6495338973087027e-06
0eeee889-14d9-4879-abe6-f9413ad82f6d,1521,specifications,320,1.059813558923481e-05
0f114e1f-1331-4bcc-87f8-487d2af23651,1349,general,144,4.458458038571978e-06
0f114e1f-1331-4bcc-87f8-487d2af23651,1349,general/optophysiology,108,3.343843528928984e-06
0f114e1f-1331-4bcc-87f8-487d2af23651,1349,general/subject,112,3.467689585555983e-06
0f114e1f-1331-4bcc-87f8-487d2af23651,1349,other,80,2.4769211325399877e-06
0f114e1f-1331-4bcc-87f8-487d2af23651,1349,processing/ophys,32297398,0.9999763454031843
0f114e1f-1331-4bcc-87f8-487d2af23651,1349,specifications,320,9.90768453015995e-06
0f2d3156-98c7-45ee-930a-4d9a336c7bda,37,general,32,1.714138997149697e-08
0f2d3156-98c7-45ee-930a-4d9a336c7bda,37,general/optophysiology,104,5.570951740736515e-08
0f2d3156-98c7-45ee-930a-4d9a336c7bda,37,general/subject,80,4.285347492874242e-08
0f2d3156-98c7-45ee-930a-4d9a336c7bda,37,intervals,108104448,0.05790814065066924
0f2d3156-98c7-45ee-930a-4d9a336c7bda,37,other,96,5.142416991449091e-08
0f2d3156-98c7-45ee-930a-4d9a336c7bda,37,processing/behavior,7083424,0.003794366659920655
0f2d3156-98c7-45ee-930a-4d9a336c7bda,37,processing/ophys,287841584,0.15418765129241885
0f2d3156-98c7-45ee-930a-4d9a336c7bda,37,specifications,320,1.714138997149697e-07
0f2d3156-98c7-45ee-930a-4d9a336c7bda,37,stimulus,1463796351,0.7841095028545393
0f334535-2fd4-43df-92ae-6e053f030788,289,acquisition,8666568800,0.9992111260520329
0f334535-2fd4-43df-92ae-6e053f030788,289,general,32,3.6894365892145287e-09
0f334535-2fd4-43df-92ae-6e053f030788,289,general/optophysiology,88,1.0145950620339954e-08
0f334535-2fd4-43df-92ae-6e053f030788,289,general/subject,96,1.1068309767643586e-08
0f334535-2fd4-43df-92ae-6e053f030788,289,intervals,96,1.1068309767643586e-08
0f334535-2fd4-43df-92ae-6e053f030788,289,other,80,9.223591473036322e-09
0f334535-2fd4-43df-92ae-6e053f030788,289,processing/behavior,176336,2.033064032486666e-05
0f334535-2fd4-43df-92ae-6e053f030788,289,processing/ophys,6665180,0.0007684612176781529
0f334535-2fd4-43df-92ae-6e053f030788,289,specifications,320,3.6894365892145287e-08
0f60f7d8-01e5-4aaa-b54b-6ef1dc6be45e,678,acquisition,32077208,0.9957285487185211
0f60f7d8-01e5-4aaa-b54b-6ef1dc6be45e,678,general,32,9.93331887207661e-07
0f60f7d8-01e5-4aaa-b54b-6ef1dc6be45e,678,general/subject,64,1.986663774415322e-06
0f60f7d8-01e5-4aaa-b54b-6ef1dc6be45e,678,intervals,137124,0.004256551303170728
0f60f7d8-01e5-4aaa-b54b-6ef1dc6be45e,678,other,80,2.4833297180191523e-06
0f60f7d8-01e5-4aaa-b54b-6ef1dc6be45e,678,specifications,304,9.436652928472778e-06
0f743bea-fa75-4585-b33b-8f82acf673c3,897,acquisition,17981787986,0.9999997980179018
0f743bea-fa75-4585-b33b-8f82acf673c3,897,general,64,3.559155915027688e-09
0f743bea-fa75-4585-b33b-8f82acf673c3,897,general/extracellular_ephys,3072,1.7083948392132903e-07
0f743bea-fa75-4585-b33b-8f82acf673c3,897,general/subject,64,3.559155915027688e-09
0f743bea-fa75-4585-b33b-8f82acf673c3,897,other,80,4.44894489378461e-09
0f743bea-fa75-4585-b33b-8f82acf673c3,897,specifications,352,1.9575357532652284e-08
0f8d8bc0-e96f-4c4d-b178-c0d4152af4db,537,acquisition,43116248,0.9999881252672974
0f8d8bc0-e96f-4c4d-b178-c0d4152af4db,537,general,32,7.421707939093754e-07
0f8d8bc0-e96f-4c4d-b178-c0d4152af4db,537,general/subject,80,1.8554269847734384e-06
0f8d8bc0-e96f-4c4d-b178-c0d4152af4db,537,other,80,1.8554269847734384e-06
0f8d8bc0-e96f-4c4d-b178-c0d4152af4db,537,specifications,320,7.4217079390937535e-06
0fb37c9d-7dc4-4f8e-a1a8-7ca0925a8109,1611,general,48,3.404085356305614e-06
0fb37c9d-7dc4-4f8e-a1a8-7ca0925a8109,1611,general/extracellular_ephys,96384,0.006835403395461673
0fb37c9d-7dc4-4f8e-a1a8-7ca0925a8109,1611,general/subject,96,6.808170712611228e-06
0fb37c9d-7dc4-4f8e-a1a8-7ca0925a8109,1611,intervals,75776,0.005373916082487796
0fb37c9d-7dc4-4f8e-a1a8-7ca0925a8109,1611,other,80,5.67347559384269e-06
0fb37c9d-7dc4-4f8e-a1a8-7ca0925a8109,1611,specifications,320,2.269390237537076e-05
0fb37c9d-7dc4-4f8e-a1a8-7ca0925a8109,1611,units,13928000,0.9877521008880124
0fc4a3ee-b6cd-475f-8a77-232fa30dfd27,1751,acquisition,22534400,0.9937267646517194
0fc4a3ee-b6cd-475f-8a77-232fa30dfd27,1751,general,112,4.93899982431272e-06
0fc4a3ee-b6cd-475f-8a77-232fa30dfd27,1751,general/intracellular_ephys,896,3.951199859450176e-05
0fc4a3ee-b6cd-475f-8a77-232fa30dfd27,1751,general/subject,80,3.527857017366229e-06
0fc4a3ee-b6cd-475f-8a77-232fa30dfd27,1751,other,80,3.527857017366229e-06
0fc4a3ee-b6cd-475f-8a77-232fa30dfd27,1751,specifications,272,1.1994713859045178e-05
0fc4a3ee-b6cd-475f-8a77-232fa30dfd27,1751,stimulus,140816,0.006209733921968036
0fdc2561-3ad7-4a8f-ad6d-d5c9c360f7a4,54,acquisition,24,2.3427232100405743e-08
0fdc2561-3ad7-4a8f-ad6d-d5c9c360f7a4,54,general,160,1.5618154733603829e-07
0fdc2561-3ad7-4a8f-ad6d-d5c9c360f7a4,54,general/optophysiology,104,1.0151800576842489e-07
0fdc2561-3ad7-4a8f-ad6d-d5c9c360f7a4,54,general/subject,96,9.370892840162297e-08
0fdc2561-3ad7-4a8f-ad6d-d5c9c360f7a4,54,other,80,7.809077366801914e-08
0fdc2561-3ad7-4a8f-ad6d-d5c9c360f7a4,54,processing/behavior,5001744,0.004882375733117159
0fdc2561-3ad7-4a8f-ad6d-d5c9c360f7a4,54,processing/ophys,1019446280,0.9951168589773008
0fdc2561-3ad7-4a8f-ad6d-d5c9c360f7a4,54,specifications,320,3.1236309467207657e-07
0ffc9fca-a216-42fc-9f01-1b3118b4af82,399,acquisition,901056,0.9992458990214431
0ffc9fca-a216-42fc-9f01-1b3118b4af82,399,general,112,0.00012420486705643337
0ffc9fca-a216-42fc-9f01-1b3118b4af82,399,general/extracellular_ephys,72,7.984598596485003e-05
0ffc9fca-a216-42fc-9f01-1b3118b4af82,399,general/subject,96,0.00010646131461980003
0ffc9fca-a216-42fc-9f01-1b3118b4af82,399,other,80,8.871776218316669e-05
0ffc9fca-a216-42fc-9f01-1b3118b4af82,399,specifications,320,0.00035487104873266676
1016325e-b181-4b12-a946-cbc3df61627f,728,acquisition,38938991575,0.999999981920436
1016325e-b181-4b12-a946-cbc3df61627f,728,general,96,2.4653950803902363e-09
1016325e-b181-4b12-a946-cbc3df61627f,728,general/optophysiology,96,2.4653950803902363e-09
1016325e-b181-4b12-a946-cbc3df61627f,728,general/subject,112,2.876294260455276e-09
1016325e-b181-4b12-a946-cbc3df61627f,728,other,80,2.054495900325197e-09
1016325e-b181-4b12-a946-cbc3df61627f,728,specifications,320,8.217983601300789e-09
10367fca-73b1-4043-a769-1dd1a5f81b7e,711,acquisition,32698858,0.12855225379117177
10367fca-73b1-4043-a769-1dd1a5f81b7e,711,general,112,4.403166748089869e-07
10367fca-73b1-4043-a769-1dd1a5f81b7e,711,general/optophysiology,88,3.4596310163563256e-07
10367fca-73b1-4043-a769-1dd1a5f81b7e,711,general/subject,96,3.774142926934173e-07
10367fca-73b1-4043-a769-1dd1a5f81b7e,711,intervals,2613242,0.01027369667777845
10367fca-73b1-4043-a769-1dd1a5f81b7e,711,other,80,3.145119105778478e-07
10367fca-73b1-4043-a769-1dd1a5f81b7e,711,processing/eye_tracking_rig_metadata,120,4.7176786586677165e-07
10367fca-73b1-4043-a769-1dd1a5f81b7e,711,processing/licking,30928,0.00012159030462939595
10367fca-73b1-4043-a769-1dd1a5f81b7e,711,processing/ophys,36855092,0.1448920674930294
10367fca-73b1-4043-a769-1dd1a5f81b7e,711,processing/rewards,2950,1.1597626702558137e-05
10367fca-73b1-4043-a769-1dd1a5f81b7e,711,processing/running,11878900,0.04670069418203995
10367fca-73b1-4043-a769-1dd1a5f81b7e,711,processing/stimulus,4319600,0.01698207061165089
10367fca-73b1-4043-a769-1dd1a5f81b7e,711,specifications,480,1.8870714634670866e-06
10367fca-73b1-4043-a769-1dd1a5f81b7e,711,stimulus,165961840,0.6524621922676885
10383fe5-f108-4235-8e50-92e532e70cd2,563,acquisition,2117711474,0.9999938651131398
10383fe5-f108-4235-8e50-92e532e70cd2,563,general,48,2.266583815347015e-08
10383fe5-f108-4235-8e50-92e532e70cd2,563,general/extracellular_ephys,12384,5.8477862435952985e-06
10383fe5-f108-4235-8e50-92e532e70cd2,563,general/subject,96,4.53316763069403e-08
10383fe5-f108-4235-8e50-92e532e70cd2,563,other,80,3.7776396922450254e-08
10383fe5-f108-4235-8e50-92e532e70cd2,563,specifications,384,1.813267052277612e-07
104ddb62-daec-48ce-b6d4-8d641b6bdb73,569,acquisition,14183306,0.6686757149744392
104ddb62-daec-48ce-b6d4-8d641b6bdb73,569,general,329,1.5510792069676177e-05
104ddb62-daec-48ce-b6d4-8d641b6bdb73,569,general/intracellular_ephys,1082,5.1011176350728335e-05
104ddb62-daec-48ce-b6d4-8d641b6bdb73,569,general/labnotebook,2846318,0.13419041538655488
104ddb62-daec-48ce-b6d4-8d641b6bdb73,569,general/results,75843,0.003575638306809879
104ddb62-daec-48ce-b6d4-8d641b6bdb73,569,general/stimsets,347896,0.016401648990492592
104ddb62-daec-48ce-b6d4-8d641b6bdb73,569,general/subject,80,3.7716211719577324e-06
104ddb62-daec-48ce-b6d4-8d641b6bdb73,569,general/testpulse,3172830,0.14958391003778315
104ddb62-daec-48ce-b6d4-8d641b6bdb73,569,general/user_comment,14,6.600337050926032e-07
104ddb62-daec-48ce-b6d4-8d641b6bdb73,569,intervals,37512,0.0017685131675309808
104ddb62-daec-48ce-b6d4-8d641b6bdb73,569,other,104,4.903107523545052e-06
104ddb62-daec-48ce-b6d4-8d641b6bdb73,569,processing/spikes,12222,0.0005762094245458425
104ddb62-daec-48ce-b6d4-8d641b6bdb73,569,specifications,288,1.3577836219047837e-05
104ddb62-daec-48ce-b6d4-8d641b6bdb73,569,stimulus,533214,0.02513851514480338
107634f1-d43e-4eb7-8e6b-670b3335bd72,289,acquisition,14813067448,0.9993594389506129
107634f1-d43e-4eb7-8e6b-670b3335bd72,289,general,32,2.1588710210549506e-09
107634f1-d43e-4eb7-8e6b-670b3335bd72,289,general/optophysiology,88,5.9368953079011144e-09
107634f1-d43e-4eb7-8e6b-670b3335bd72,289,general/subject,96,6.476613063164852e-09
107634f1-d43e-4eb7-8e6b-670b3335bd72,289,intervals,96,6.476613063164852e-09
107634f1-d43e-4eb7-8e6b-670b3335bd72,289,other,80,5.397177552637377e-09
107634f1-d43e-4eb7-8e6b-670b3335bd72,289,processing/behavior,528848,3.5678581929464644e-05
107634f1-d43e-4eb7-8e6b-670b3335bd72,289,processing/ophys,8965196,0.00060483443257743
107634f1-d43e-4eb7-8e6b-670b3335bd72,289,specifications,320,2.1588710210549507e-08
107d3834-f563-4213-9fa8-81ffc3b7df50,1871,general,192,3.805802580334149e-05
107d3834-f563-4213-9fa8-81ffc3b7df50,1871,general/subject,80,1.5857510751392288e-05
107d3834-f563-4213-9fa8-81ffc3b7df50,1871,intervals,26040,0.00516161974957819
107d3834-f563-4213-9fa8-81ffc3b7df50,1871,other,80,1.5857510751392288e-05
107d3834-f563-4213-9fa8-81ffc3b7df50,1871,processing/behavior,5018216,0.9947051771601101
107d3834-f563-4213-9fa8-81ffc3b7df50,1871,specifications,320,6.343004300556915e-05
108433fb-8e5c-4497-b4d8-219774211f1d,1836,general,96,3.187347293693136e-05
108433fb-8e5c-4497-b4d8-219774211f1d,1836,general/extracellular_ephys,43264,0.014364311803577067
108433fb-8e5c-4497-b4d8-219774211f1d,1836,general/subject,112,3.718571842641992e-05
108433fb-8e5c-4497-b4d8-219774211f1d,1836,intervals,533,0.00017696417786858766
108433fb-8e5c-4497-b4d8-219774211f1d,1836,other,80,2.6561227447442803e-05
108433fb-8e5c-4497-b4d8-219774211f1d,1836,scratch,2967408,0.9852249852170168
108433fb-8e5c-4497-b4d8-219774211f1d,1836,specifications,416,0.00013811838272670258
1085cf5c-0124-4afe-8c64-4a5f0cf86ca5,637,general,16,7.69897026272736e-06
1085cf5c-0124-4afe-8c64-4a5f0cf86ca5,637,general/extracellular_ephys,3072,0.0014782022904436531
1085cf5c-0124-4afe-8c64-4a5f0cf86ca5,637,general/subject,80,3.84948513136368e-05
1085cf5c-0124-4afe-8c64-4a5f0cf86ca5,637,intervals,5520,0.0026561447406409392
1085cf5c-0124-4afe-8c64-4a5f0cf86ca5,637,other,80,3.84948513136368e-05
1085cf5c-0124-4afe-8c64-4a5f0cf86ca5,637,specifications,320,0.0001539794052545472
1085cf5c-0124-4afe-8c64-4a5f0cf86ca5,637,units,2069112,0.9956269848907708
108fda77-1940-4f26-89e5-48e4735a53d6,1272,acquisition,488763,0.9988555616637681
108fda77-1940-4f26-89e5-48e4735a53d6,1272,general,64,0.00013079295271221667
108fda77-1940-4f26-89e5-48e4735a53d6,1272,general/subject,96,0.00019618942906832502
108fda77-1940-4f26-89e5-48e4735a53d6,1272,other,80,0.00016349119089027083
108fda77-1940-4f26-89e5-48e4735a53d6,1272,specifications,320,0.0006539647635610833
10ad044f-99f0-4855-8848-2422dd1ae565,165,general,128,1.1086541333778828e-06
10ad044f-99f0-4855-8848-2422dd1ae565,165,general/extracellular_ephys,4736,4.102020293498166e-05
10ad044f-99f0-4855-8848-2422dd1ae565,165,general/subject,96,8.314906000334121e-07
10ad044f-99f0-4855-8848-2422dd1ae565,165,other,80,6.929088333611767e-07
10ad044f-99f0-4855-8848-2422dd1ae565,165,processing/behavior,1085824,0.009404713013444579
10ad044f-99f0-4855-8848-2422dd1ae565,165,processing/ecephys,96450888,0.835395903509119
10ad044f-99f0-4855-8848-2422dd1ae565,165,specifications,272,2.355890033428001e-06
10ad044f-99f0-4855-8848-2422dd1ae565,165,units,17913280,0.15515337433090123
10b44451-0aca-4b9f-8ca7-bb614096a24d,165,general,128,4.6879995649536405e-07
10b44451-0aca-4b9f-8ca7-bb614096a24d,165,general/extracellular_ephys,4736,1.734559839032847e-05
10b44451-0aca-4b9f-8ca7-bb614096a24d,165,general/subject,96,3.5159996737152303e-07
10b44451-0aca-4b9f-8ca7-bb614096a24d,165,other,80,2.929999728096025e-07
10b44451-0aca-4b9f-8ca7-bb614096a24d,165,processing/behavior,3041824,0.011140679366144955
10b44451-0aca-4b9f-8ca7-bb614096a24d,165,processing/ecephys,269853448,0.9883381615822187
10b44451-0aca-4b9f-8ca7-bb614096a24d,165,specifications,272,9.961999075526486e-07
10b44451-0aca-4b9f-8ca7-bb614096a24d,165,units,136984,0.0005017038534418824
10c3388a-20bc-4c45-a792-3c19baa7583b,1747,acquisition,9837612715,0.9999974635170716
10c3388a-20bc-4c45-a792-3c19baa7583b,1747,general,64,6.50562687505559e-09
10c3388a-20bc-4c45-a792-3c19baa7583b,1747,general/extracellular_ephys,24425,2.4828115066130123e-06
10c3388a-20bc-4c45-a792-3c19baa7583b,1747,general/subject,64,6.50562687505559e-09
10c3388a-20bc-4c45-a792-3c19baa7583b,1747,other,80,8.132033593819487e-09
10c3388a-20bc-4c45-a792-3c19baa7583b,1747,specifications,320,3.252813437527795e-08
10ec23ae-0635-4b8e-939e-743d837bb1e3,165,general,128,1.305290685788305e-06
10ec23ae-0635-4b8e-939e-743d837bb1e3,165,general/extracellular_ephys,4736,4.829575537416729e-05
10ec23ae-0635-4b8e-939e-743d837bb1e3,165,general/subject,96,9.789680143412288e-07
10ec23ae-0635-4b8e-939e-743d837bb1e3,165,other,80,8.158066786176906e-07
10ec23ae-0635-4b8e-939e-743d837bb1e3,165,processing/behavior,1081000,0.011023587744821544
10ec23ae-0635-4b8e-939e-743d837bb1e3,165,processing/ecephys,96082760,0.9798119663502588
10ec23ae-0635-4b8e-939e-743d837bb1e3,165,specifications,272,2.773742707300148e-06
10ec23ae-0635-4b8e-939e-743d837bb1e3,165,units,893376,0.009110276341459474
10f8478e-ceee-4c50-b29b-0039ef950a7c,336,acquisition,19664393600,0.9986004392230724
10f8478e-ceee-4c50-b29b-0039ef950a7c,336,general,128,6.500116851838913e-09
10f8478e-ceee-4c50-b29b-0039ef950a7c,336,general/optophysiology,176,8.937660671278505e-09
10f8478e-ceee-4c50-b29b-0039ef950a7c,336,general/subject,96,4.875087638879185e-09
10f8478e-ceee-4c50-b29b-0039ef950a7c,336,intervals,10775046,0.0005471801412807771
10f8478e-ceee-4c50-b29b-0039ef950a7c,336,other,80,4.0625730323993205e-09
10f8478e-ceee-4c50-b29b-0039ef950a7c,336,processing/ophys,1723360,8.751594826394617e-05
10f8478e-ceee-4c50-b29b-0039ef950a7c,336,processing/running,10394208,0.000527840363924366
10f8478e-ceee-4c50-b29b-0039ef950a7c,336,processing/stimulus,3779712,0.00019194195051795127
10f8478e-ceee-4c50-b29b-0039ef950a7c,336,processing/stimulus_ophys,886512,4.501899680122983e-05
10f8478e-ceee-4c50-b29b-0039ef950a7c,336,specifications,768,3.900070111103348e-08
1116e8f3-7a55-4cbb-909d-187ae10eac90,989,acquisition,1428,0.6918604651162791
1116e8f3-7a55-4cbb-909d-187ae10eac90,989,general,48,0.023255813953488372
1116e8f3-7a55-4cbb-909d-187ae10eac90,989,general/extracellular_ephys,108,0.05232558139534884
1116e8f3-7a55-4cbb-909d-187ae10eac90,989,general/subject,80,0.03875968992248062
1116e8f3-7a55-4cbb-909d-187ae10eac90,989,other,80,0.03875968992248062
1116e8f3-7a55-4cbb-909d-187ae10eac90,989,specifications,320,0.15503875968992248
112861b3-a7b9-44a7-88da-153341759be4,1474,acquisition,7348664,0.9999150938158907
112861b3-a7b9-44a7-88da-153341759be4,1474,general,160,2.177081643827266e-05
112861b3-a7b9-44a7-88da-153341759be4,1474,general/subject,64,8.708326575309064e-06
112861b3-a7b9-44a7-88da-153341759be4,1474,other,80,1.088540821913633e-05
112861b3-a7b9-44a7-88da-153341759be4,1474,specifications,320,4.354163287654532e-05
1140d7d1-44f5-4efb-823a-4b80f6215fe0,1620,acquisition,2207580,0.9996377435042882
1140d7d1-44f5-4efb-823a-4b80f6215fe0,1620,general,208,9.418668888506508e-05
1140d7d1-44f5-4efb-823a-4b80f6215fe0,1620,general/optophysiology,80,3.6225649571178875e-05
1140d7d1-44f5-4efb-823a-4b80f6215fe0,1620,general/subject,80,3.6225649571178875e-05
1140d7d1-44f5-4efb-823a-4b80f6215fe0,1620,other,80,3.6225649571178875e-05
1140d7d1-44f5-4efb-823a-4b80f6215fe0,1620,specifications,352,0.00015939285811318704
1141cd97-db48-4327-8202-5f1ca133c5d2,1550,acquisition,289271,0.587844044154704
1141cd97-db48-4327-8202-5f1ca133c5d2,1550,general,176,0.00035765960559899855
1141cd97-db48-4327-8202-5f1ca133c5d2,1550,general/subject,96,0.00019508705759945375
1141cd97-db48-4327-8202-5f1ca133c5d2,1550,general/task,4196,0.008526930142576125
1141cd97-db48-4327-8202-5f1ca133c5d2,1550,intervals,197821,0.4020033002227244
1141cd97-db48-4327-8202-5f1ca133c5d2,1550,other,80,0.0001625725479995448
1141cd97-db48-4327-8202-5f1ca133c5d2,1550,specifications,448,0.0009104062687974509
114cff60-52dd-4279-8830-9810129e26e8,485,acquisition,112835,0.0032356438538409475
114cff60-52dd-4279-8830-9810129e26e8,485,general,48,1.3764426373409446e-06
114cff60-52dd-4279-8830-9810129e26e8,485,general/subject,64,1.835256849787926e-06
114cff60-52dd-4279-8830-9810129e26e8,485,other,80,2.2940710622349077e-06
114cff60-52dd-4279-8830-9810129e26e8,485,processing/Experimental information,12006944,0.34430978470343815
114cff60-52dd-4279-8830-9810129e26e8,485,processing/Recorded behavior data,10745236,0.30812918705605963
114cff60-52dd-4279-8830-9810129e26e8,485,scratch,32,9.17628424893963e-07
114cff60-52dd-4279-8830-9810129e26e8,485,specifications,320,9.17628424893963e-06
114cff60-52dd-4279-8830-9810129e26e8,485,stimulus,12006944,0.34430978470343815
116624c3-9961-45d2-b8ea-69c40d7a860d,351,acquisition,7605464,0.6694681974033436
116624c3-9961-45d2-b8ea-69c40d7a860d,351,general,48,4.225182510279517e-06
116624c3-9961-45d2-b8ea-69c40d7a860d,351,general/subject,96,8.450365020559033e-06
116624c3-9961-45d2-b8ea-69c40d7a860d,351,other,80,7.041970850465862e-06
116624c3-9961-45d2-b8ea-69c40d7a860d,351,processing/photometry,3754384,0.3304782836181928
116624c3-9961-45d2-b8ea-69c40d7a860d,351,specifications,384,3.3801460082236134e-05
116633ee-4982-49aa-b5f2-a1ec326ae3c6,563,acquisition,1935419128,0.9999937538467428
116633ee-4982-49aa-b5f2-a1ec326ae3c6,563,general,48,2.480067469119467e-08
116633ee-4982-49aa-b5f2-a1ec326ae3c6,563,general/extracellular_ephys,11481,5.9320113777001255e-06
116633ee-4982-49aa-b5f2-a1ec326ae3c6,563,general/subject,96,4.960134938238934e-08
116633ee-4982-49aa-b5f2-a1ec326ae3c6,563,other,80,4.133445781865778e-08
116633ee-4982-49aa-b5f2-a1ec326ae3c6,563,specifications,384,1.9840539752955737e-07
1183f978-0573-4a9c-8d78-088bd73222f4,1205,acquisition,684674777,0.9999991236722976
1183f978-0573-4a9c-8d78-088bd73222f4,1205,general,32,4.673747746006645e-08
1183f978-0573-4a9c-8d78-088bd73222f4,1205,general/optophysiology,88,1.2852806301518274e-07
1183f978-0573-4a9c-8d78-088bd73222f4,1205,general/subject,80,1.1684369365016613e-07
1183f978-0573-4a9c-8d78-088bd73222f4,1205,other,80,1.1684369365016613e-07
1183f978-0573-4a9c-8d78-088bd73222f4,1205,specifications,320,4.673747746006645e-07
11863e7b-497a-4362-b6b7-4f5b42f0a4bd,773,acquisition,83886088,0.9999896050589985
11863e7b-497a-4362-b6b7-4f5b42f0a4bd,773,general,240,2.8609929362084404e-06
11863e7b-497a-4362-b6b7-4f5b42f0a4bd,773,general/optophysiology,136,1.6212293305181162e-06
11863e7b-497a-4362-b6b7-4f5b42f0a4bd,773,general/subject,96,1.1443971744833762e-06
11863e7b-497a-4362-b6b7-4f5b42f0a4bd,773,other,80,9.536643120694802e-07
11863e7b-497a-4362-b6b7-4f5b42f0a4bd,773,specifications,320,3.814657248277921e-06
118786a2-0cb5-411b-ac73-019b4d3ad849,8,acquisition,8311790,0.9928375804730002
118786a2-0cb5-411b-ac73-019b4d3ad849,8,general,80,9.55594480104045e-06
118786a2-0cb5-411b-ac73-019b4d3ad849,8,general/DandiIcephysMetadata,192,2.2934267522497083e-05
118786a2-0cb5-411b-ac73-019b4d3ad849,8,general/intracellular_ephys,3355,0.0004007524350936339
118786a2-0cb5-411b-ac73-019b4d3ad849,8,general/subject,112,1.3378322721456632e-05
118786a2-0cb5-411b-ac73-019b4d3ad849,8,other,80,9.55594480104045e-06
118786a2-0cb5-411b-ac73-019b4d3ad849,8,specifications,320,3.82237792041618e-05
118786a2-0cb5-411b-ac73-019b4d3ad849,8,stimulus,55823,0.006668018832856014
1195c0fc-f16b-47e6-8bb2-ac45c5dd8c5b,399,acquisition,667968,0.998983022457257
1195c0fc-f16b-47e6-8bb2-ac45c5dd8c5b,399,general,112,0.0001675021835106065
1195c0fc-f16b-47e6-8bb2-ac45c5dd8c5b,399,general/extracellular_ephys,72,0.00010767997511396131
1195c0fc-f16b-47e6-8bb2-ac45c5dd8c5b,399,general/subject,96,0.0001435733001519484
1195c0fc-f16b-47e6-8bb2-ac45c5dd8c5b,399,other,80,0.00011964441679329035
1195c0fc-f16b-47e6-8bb2-ac45c5dd8c5b,399,specifications,320,0.0004785776671731614
1198014b-d859-4c7f-a592-bf2af236953f,1465,acquisition,18481905,0.5441788522095448
1198014b-d859-4c7f-a592-bf2af236953f,1465,general,330,9.716477886297422e-06
1198014b-d859-4c7f-a592-bf2af236953f,1465,general/intracellular_ephys,2455,7.228470669957627e-05
1198014b-d859-4c7f-a592-bf2af236953f,1465,general/labnotebook,9840393,0.28973927568780594
1198014b-d859-4c7f-a592-bf2af236953f,1465,general/results,200449,0.005901994775243734
1198014b-d859-4c7f-a592-bf2af236953f,1465,general/stimsets,288622,0.008498149334845257
1198014b-d859-4c7f-a592-bf2af236953f,1465,general/subject,80,2.3555097906175568e-06
1198014b-d859-4c7f-a592-bf2af236953f,1465,general/testpulse,4251284,0.12517426355869712
1198014b-d859-4c7f-a592-bf2af236953f,1465,general/user_comment,14,4.122142133580725e-07
1198014b-d859-4c7f-a592-bf2af236953f,1465,intervals,77814,0.0022911454855889324
1198014b-d859-4c7f-a592-bf2af236953f,1465,other,106,3.121050472568263e-06
1198014b-d859-4c7f-a592-bf2af236953f,1465,processing/spikes,672,1.978628224118748e-05
1198014b-d859-4c7f-a592-bf2af236953f,1465,specifications,288,8.479835246223205e-06
1198014b-d859-4c7f-a592-bf2af236953f,1465,stimulus,818512,0.024100162871724472
11c607a3-b305-46f9-8a8b-7319ed4d4a8e,1847,general,336,0.0028363047001620746
11c607a3-b305-46f9-8a8b-7319ed4d4a8e,1847,general/subject,144,0.0012155591572123178
11c607a3-b305-46f9-8a8b-7319ed4d4a8e,1847,intervals,111000,0.9369935170178282
11c607a3-b305-46f9-8a8b-7319ed4d4a8e,1847,other,80,0.000675310642895732
11c607a3-b305-46f9-8a8b-7319ed4d4a8e,1847,processing/behavior,6376,0.05382225823878984
11c607a3-b305-46f9-8a8b-7319ed4d4a8e,1847,specifications,528,0.004457050243111832
11c811ec-041b-44b7-9f3e-a94fc5757996,165,general,128,5.113632423088651e-07
11c811ec-041b-44b7-9f3e-a94fc5757996,165,general/extracellular_ephys,4736,1.892043996542801e-05
11c811ec-041b-44b7-9f3e-a94fc5757996,165,general/subject,96,3.8352243173164886e-07
11c811ec-041b-44b7-9f3e-a94fc5757996,165,other,80,3.196020264430407e-07
11c811ec-041b-44b7-9f3e-a94fc5757996,165,processing/behavior,2721208,0.010871294889662673
11c811ec-041b-44b7-9f3e-a94fc5757996,165,processing/ecephys,241798280,0.965990253480522
11c811ec-041b-44b7-9f3e-a94fc5757996,165,specifications,272,1.0866468899063384e-06
11c811ec-041b-44b7-9f3e-a94fc5757996,165,units,5786504,0.02311723005525951
11e63104-3860-4ce3-8592-bb09f1d8e2bb,1181,acquisition,243486,0.9576335847839595
11e63104-3860-4ce3-8592-bb09f1d8e2bb,1181,general,144,0.0005663538610387874
11e63104-3860-4ce3-8592-bb09f1d8e2bb,1181,general/subject,80,0.00031464103391043744
11e63104-3860-4ce3-8592-bb09f1d8e2bb,1181,intervals,7140,0.02808171227650654
11e63104-3860-4ce3-8592-bb09f1d8e2bb,1181,other,80,0.00031464103391043744
11e63104-3860-4ce3-8592-bb09f1d8e2bb,1181,specifications,320,0.0012585641356417498
11e63104-3860-4ce3-8592-bb09f1d8e2bb,1181,stimulus,3008,0.011830502875032447
11faa9a8-b478-4d7c-858c-47fb5f11f161,1868,general,304,8.868554227577078e-06
11faa9a8-b478-4d7c-858c-47fb5f11f161,1868,general/extracellular_ephys,2552,7.444917891044969e-05
11faa9a8-b478-4d7c-858c-47fb5f11f161,1868,general/optophysiology,128,3.7341280958219276e-06
11faa9a8-b478-4d7c-858c-47fb5f11f161,1868,general/subject,112,3.267362083844187e-06
11faa9a8-b478-4d7c-858c-47fb5f11f161,1868,intervals,23692,0.0006911637722360399
11faa9a8-b478-4d7c-858c-47fb5f11f161,1868,other,80,2.3338300598887047e-06
11faa9a8-b478-4d7c-858c-47fb5f11f161,1868,processing/behavior,28712320,0.8376209438142957
11faa9a8-b478-4d7c-858c-47fb5f11f161,1868,processing/ophys,4797865,0.139967519503599
11faa9a8-b478-4d7c-858c-47fb5f11f161,1868,specifications,320,9.335320239554819e-06
11faa9a8-b478-4d7c-858c-47fb5f11f161,1868,units,741044,0.021618384536252068
11fb5c01-9fa3-4c15-9da9-fb554b6a3e13,1359,acquisition,14956190,0.5878895967111305
11fb5c01-9fa3-4c15-9da9-fb554b6a3e13,1359,general,330,1.2971456428052402e-05
11fb5c01-9fa3-4c15-9da9-fb554b6a3e13,1359,general/intracellular_ephys,1657,6.513243424631161e-05
11fb5c01-9fa3-4c15-9da9-fb554b6a3e13,1359,general/labnotebook,2528636,0.09939421726183247
11fb5c01-9fa3-4c15-9da9-fb554b6a3e13,1359,general/results,182515,0.007174198090806013
11fb5c01-9fa3-4c15-9da9-fb554b6a3e13,1359,general/stimsets,456028,0.017925294945369336
11fb5c01-9fa3-4c15-9da9-fb554b6a3e13,1359,general/subject,80,3.144595497709673e-06
11fb5c01-9fa3-4c15-9da9-fb554b6a3e13,1359,general/testpulse,5458433,0.2145570479543738
11fb5c01-9fa3-4c15-9da9-fb554b6a3e13,1359,general/user_comment,14,5.503042120991928e-07
11fb5c01-9fa3-4c15-9da9-fb554b6a3e13,1359,intervals,387881,0.015246610578089072
11fb5c01-9fa3-4c15-9da9-fb554b6a3e13,1359,other,106,4.1665890344653166e-06
11fb5c01-9fa3-4c15-9da9-fb554b6a3e13,1359,processing/spikes,3230,0.00012696304322002804
11fb5c01-9fa3-4c15-9da9-fb554b6a3e13,1359,specifications,288,1.1320543791754824e-05
11fb5c01-9fa3-4c15-9da9-fb554b6a3e13,1359,stimulus,1465086,0.05758878549196843
11ff90f8-fca8-4a47-9d01-671086fa0474,1777,acquisition,9600128,0.3333262039512517
11ff90f8-fca8-4a47-9d01-671086fa0474,1777,general,80,2.7776813305093573e-06
11ff90f8-fca8-4a47-9d01-671086fa0474,1777,general/intracellular_ephys,64,2.222145064407486e-06
11ff90f8-fca8-4a47-9d01-671086fa0474,1777,general/subject,80,2.7776813305093573e-06
11ff90f8-fca8-4a47-9d01-671086fa0474,1777,intervals,120,4.166521995764036e-06
11ff90f8-fca8-4a47-9d01-671086fa0474,1777,other,80,2.7776813305093573e-06
11ff90f8-fca8-4a47-9d01-671086fa0474,1777,specifications,320,1.1110725322037429e-05
11ff90f8-fca8-4a47-9d01-671086fa0474,1777,stimulus,19200128,0.6666479636123746
120d715a-41d7-4026-91d2-2cb01ad98ac3,1611,general,48,2.218818800717344e-06
120d715a-41d7-4026-91d2-2cb01ad98ac3,1611,general/extracellular_ephys,94752,0.004379948312616037
120d715a-41d7-4026-91d2-2cb01ad98ac3,1611,general/subject,96,4.437637601434688e-06
120d715a-41d7-4026-91d2-2cb01ad98ac3,1611,intervals,75776,0.0035027752800657805
120d715a-41d7-4026-91d2-2cb01ad98ac3,1611,other,80,3.698031334528907e-06
120d715a-41d7-4026-91d2-2cb01ad98ac3,1611,specifications,320,1.4792125338115627e-05
120d715a-41d7-4026-91d2-2cb01ad98ac3,1611,units,21462060,0.9920921297942434
121c3ebd-055c-481b-9ecd-26d5392483fc,253,acquisition,8067424911,0.999993784424537
121c3ebd-055c-481b-9ecd-26d5392483fc,253,general,48,5.9498169715753775e-09
121c3ebd-055c-481b-9ecd-26d5392483fc,253,general/extracellular_ephys,49536,6.1402111146657895e-06
121c3ebd-055c-481b-9ecd-26d5392483fc,253,general/subject,96,1.1899633943150755e-08
121c3ebd-055c-481b-9ecd-26d5392483fc,253,other,80,9.916361619292296e-09
121c3ebd-055c-481b-9ecd-26d5392483fc,253,specifications,384,4.759853577260302e-08
122ff931-aad6-4114-a496-3c99f2f199eb,1349,general,144,4.307132270057911e-06
122ff931-aad6-4114-a496-3c99f2f199eb,1349,general/optophysiology,108,3.2303492025434332e-06
122ff931-aad6-4114-a496-3c99f2f199eb,1349,general/subject,112,3.3499917656005974e-06
122ff931-aad6-4114-a496-3c99f2f199eb,1349,other,80,2.3928512611432838e-06
122ff931-aad6-4114-a496-3c99f2f199eb,1349,processing/ophys,33432154,0.999977148270456
122ff931-aad6-4114-a496-3c99f2f199eb,1349,specifications,320,9.571405044573135e-06
123fe3fe-d402-4d5d-b993-a11c2a6b60df,1552,acquisition,1169869,0.9976020759268719
123fe3fe-d402-4d5d-b993-a11c2a6b60df,1552,general,48,4.093184762096427e-05
123fe3fe-d402-4d5d-b993-a11c2a6b60df,1552,general/subject,96,8.186369524192853e-05
123fe3fe-d402-4d5d-b993-a11c2a6b60df,1552,other,80,6.821974603494045e-05
123fe3fe-d402-4d5d-b993-a11c2a6b60df,1552,processing/behavior,2268,0.0019340298000905618
123fe3fe-d402-4d5d-b993-a11c2a6b60df,1552,specifications,320,0.0002728789841397618
124b75e8-b65f-4a49-81dc-06b027fddc2e,707,general,48,5.50458778722337e-06
124b75e8-b65f-4a49-81dc-06b027fddc2e,707,general/subject,64,7.339450382964493e-06
124b75e8-b65f-4a49-81dc-06b027fddc2e,707,other,80,9.174312978705617e-06
124b75e8-b65f-4a49-81dc-06b027fddc2e,707,processing/wt:nacre: behavior left lane,4862428,0.5576179538552699
124b75e8-b65f-4a49-81dc-06b027fddc2e,707,processing/wt:nacre: behavior right lane,3856995,0.4423159910912834
124b75e8-b65f-4a49-81dc-06b027fddc2e,707,scratch,64,7.339450382964493e-06
124b75e8-b65f-4a49-81dc-06b027fddc2e,707,specifications,320,3.669725191482247e-05
126ef7d1-575b-449a-aaa2-4b05e4b5bc27,35,acquisition,7993026,0.9923852403878745
126ef7d1-575b-449a-aaa2-4b05e4b5bc27,35,general,96,1.1919013284485244e-05
126ef7d1-575b-449a-aaa2-4b05e4b5bc27,35,general/DandiIcephysMetadata,192,2.3838026568970488e-05
126ef7d1-575b-449a-aaa2-4b05e4b5bc27,35,general/intracellular_ephys,4057,0.0005037024676578816
126ef7d1-575b-449a-aaa2-4b05e4b5bc27,35,general/subject,112,1.3905515498566117e-05
126ef7d1-575b-449a-aaa2-4b05e4b5bc27,35,other,80,9.93251107040437e-06
126ef7d1-575b-449a-aaa2-4b05e4b5bc27,35,specifications,272,3.377053763937486e-05
126ef7d1-575b-449a-aaa2-4b05e4b5bc27,35,stimulus,56523,0.007017691540405827
127c3d44-cd5b-4f42-bc49-ae1bed3322ce,363,acquisition,87552600,0.48655283209713773
127c3d44-cd5b-4f42-bc49-ae1bed3322ce,363,general,96,5.334972562930766e-07
127c3d44-cd5b-4f42-bc49-ae1bed3322ce,363,general/extracellular_ephys,202752,0.0011267462052909779
127c3d44-cd5b-4f42-bc49-ae1bed3322ce,363,general/optogenetics,120,6.668715703663458e-07
127c3d44-cd5b-4f42-bc49-ae1bed3322ce,363,general/subject,80,4.4458104691089723e-07
127c3d44-cd5b-4f42-bc49-ae1bed3322ce,363,intervals,70680,0.0003927873549457777
127c3d44-cd5b-4f42-bc49-ae1bed3322ce,363,other,80,4.4458104691089723e-07
127c3d44-cd5b-4f42-bc49-ae1bed3322ce,363,specifications,320,1.778324187643589e-06
127c3d44-cd5b-4f42-bc49-ae1bed3322ce,363,units,92117965,0.5119237664875174
129e3373-10f4-4234-a2e0-6df4b61b38bc,1177,acquisition,45643323867,0.9841424200498009
129e3373-10f4-4234-a2e0-6df4b61b38bc,1177,general,80,1.7249268224505152e-09
129e3373-10f4-4234-a2e0-6df4b61b38bc,1177,general/extracellular_ephys,881,1.89957566322363e-08
129e3373-10f4-4234-a2e0-6df4b61b38bc,1177,general/subject,96,2.0699121869406183e-09
129e3373-10f4-4234-a2e0-6df4b61b38bc,1177,other,80,1.7249268224505152e-09
129e3373-10f4-4234-a2e0-6df4b61b38bc,1177,processing/ecephys,735453708,0.015857547844998612
129e3373-10f4-4234-a2e0-6df4b61b38bc,1177,specifications,352,7.589678018782266e-09
12ada856-0a2e-455d-8726-e4555c19c05f,988,acquisition,202690102,0.999997237169219
12ada856-0a2e-455d-8726-e4555c19c05f,988,general,80,3.946901115750463e-07
12ada856-0a2e-455d-8726-e4555c19c05f,988,general/subject,80,3.946901115750463e-07
12ada856-0a2e-455d-8726-e4555c19c05f,988,other,80,3.946901115750463e-07
12ada856-0a2e-455d-8726-e4555c19c05f,988,specifications,320,1.5787604463001852e-06
12b190cf-0b40-45fb-8aff-21f688d1175e,1469,acquisition,590856456,0.9999925532382873
12b190cf-0b40-45fb-8aff-21f688d1175e,1469,general,80,1.353956675038226e-07
12b190cf-0b40-45fb-8aff-21f688d1175e,1469,general/extracellular_ephys,3840,6.498992040183484e-06
12b190cf-0b40-45fb-8aff-21f688d1175e,1469,general/subject,80,1.353956675038226e-07
12b190cf-0b40-45fb-8aff-21f688d1175e,1469,other,80,1.353956675038226e-07
12b190cf-0b40-45fb-8aff-21f688d1175e,1469,specifications,320,5.415826700152904e-07
12b547a8-18ad-461c-beeb-c66fe13e622e,932,acquisition,83225023,0.9983721829462627
12b547a8-18ad-461c-beeb-c66fe13e622e,932,general/extracellular_ephys,135168,0.0016214831352402324
12b547a8-18ad-461c-beeb-c66fe13e622e,932,general/subject,128,1.535495393219917e-06
12b547a8-18ad-461c-beeb-c66fe13e622e,932,other,80,9.59684620762448e-07
12b547a8-18ad-461c-beeb-c66fe13e622e,932,specifications,320,3.838738483049792e-06
12cb6d7c-03fb-4983-867f-54abd0c38aeb,248,acquisition,2313691598,0.9999948865529386
12cb6d7c-03fb-4983-867f-54abd0c38aeb,248,general,48,2.0745960523015673e-08
12cb6d7c-03fb-4983-867f-54abd0c38aeb,248,general/extracellular_ephys,11223,4.8506648947876025e-06
12cb6d7c-03fb-4983-867f-54abd0c38aeb,248,general/subject,96,4.149192104603135e-08
12cb6d7c-03fb-4983-867f-54abd0c38aeb,248,other,80,3.4576600871692794e-08
12cb6d7c-03fb-4983-867f-54abd0c38aeb,248,specifications,384,1.659676841841254e-07
12cdbf89-9952-447a-8fe0-f0afc8ff237e,409,general,80,1.5984725859144197e-07
12cdbf89-9952-447a-8fe0-f0afc8ff237e,409,general/extracellular_ephys,15617,3.120418296778187e-05
12cdbf89-9952-447a-8fe0-f0afc8ff237e,409,general/ibl_metadata,16,3.1969451718288394e-08
12cdbf89-9952-447a-8fe0-f0afc8ff237e,409,general/ibl_probe_insertion_trajectories,315,6.293985807038028e-07
12cdbf89-9952-447a-8fe0-f0afc8ff237e,409,general/localization,15508,3.0986391077951027e-05
12cdbf89-9952-447a-8fe0-f0afc8ff237e,409,general/subject,112,2.2378616202801879e-07
12cdbf89-9952-447a-8fe0-f0afc8ff237e,409,intervals,34243,6.842062094933435e-05
12cdbf89-9952-447a-8fe0-f0afc8ff237e,409,other,80,1.5984725859144197e-07
12cdbf89-9952-447a-8fe0-f0afc8ff237e,409,processing/lick_times,93137,0.00018609617654288916
12cdbf89-9952-447a-8fe0-f0afc8ff237e,409,processing/passive_protocol,91,1.8182625664776525e-07
12cdbf89-9952-447a-8fe0-f0afc8ff237e,409,processing/wheel,67935740,0.1357417724922621
12cdbf89-9952-447a-8fe0-f0afc8ff237e,409,specifications,448,8.951446481120751e-07
12cdbf89-9952-447a-8fe0-f0afc8ff237e,409,units,432382386,0.8639392383165836
12d2eb7f-4a1c-42e6-ae5f-8a8d43e8f273,1359,acquisition,16884231,0.6915706659921993
12d2eb7f-4a1c-42e6-ae5f-8a8d43e8f273,1359,general,330,1.3516654668929e-05
12d2eb7f-4a1c-42e6-ae5f-8a8d43e8f273,1359,general/intracellular_ephys,1509,6.180797544064807e-05
12d2eb7f-4a1c-42e6-ae5f-8a8d43e8f273,1359,general/labnotebook,3295383,0.1349774364026038
12d2eb7f-4a1c-42e6-ae5f-8a8d43e8f273,1359,general/results,178708,0.00731980097749989
12d2eb7f-4a1c-42e6-ae5f-8a8d43e8f273,1359,general/stimsets,374130,0.015324200034201232
12d2eb7f-4a1c-42e6-ae5f-8a8d43e8f273,1359,general/subject,80,3.276764768225212e-06
12d2eb7f-4a1c-42e6-ae5f-8a8d43e8f273,1359,general/testpulse,2877502,0.11786121467621981
12d2eb7f-4a1c-42e6-ae5f-8a8d43e8f273,1359,general/user_comment,14,5.734338344394121e-07
12d2eb7f-4a1c-42e6-ae5f-8a8d43e8f273,1359,intervals,48036,0.0019675334050808287
12d2eb7f-4a1c-42e6-ae5f-8a8d43e8f273,1359,other,104,4.259794198692775e-06
12d2eb7f-4a1c-42e6-ae5f-8a8d43e8f273,1359,processing/spikes,4816,0.00019726123904715775
12d2eb7f-4a1c-42e6-ae5f-8a8d43e8f273,1359,specifications,288,1.1796353165610763e-05
12d2eb7f-4a1c-42e6-ae5f-8a8d43e8f273,1359,stimulus,749194,0.030686656297071496
12f5c039-dbca-4eae-8aca-d7614e1d95f3,1276,acquisition,472137174,0.9999988139054354
12f5c039-dbca-4eae-8aca-d7614e1d95f3,1276,general,64,1.3555366451604143e-07
12f5c039-dbca-4eae-8aca-d7614e1d95f3,1276,general/subject,96,2.0333049677406213e-07
12f5c039-dbca-4eae-8aca-d7614e1d95f3,1276,other,80,1.6944208064505176e-07
12f5c039-dbca-4eae-8aca-d7614e1d95f3,1276,specifications,320,6.77768322580207e-07
12f77be0-812d-4353-8b66-a640b0ca2a06,20,acquisition,6648860,0.8569767353435397
12f77be0-812d-4353-8b66-a640b0ca2a06,20,general,238,3.067600506128305e-05
12f77be0-812d-4353-8b66-a640b0ca2a06,20,general/intracellular_ephys,831,0.00010710823615935385
12f77be0-812d-4353-8b66-a640b0ca2a06,20,general/labnotebook,152758,0.01968909739979612
12f77be0-812d-4353-8b66-a640b0ca2a06,20,general/stimsets,501367,0.06462158247714413
12f77be0-812d-4353-8b66-a640b0ca2a06,20,general/subject,112,1.4435767087662614e-05
12f77be0-812d-4353-8b66-a640b0ca2a06,20,general/testpulse,122638,0.015806907179435423
12f77be0-812d-4353-8b66-a640b0ca2a06,20,general/user_comment,34,4.38228643732615e-06
12f77be0-812d-4353-8b66-a640b0ca2a06,20,other,101,1.3017968534410036e-05
12f77be0-812d-4353-8b66-a640b0ca2a06,20,processing/spikes,1052,0.00013559309800197385
12f77be0-812d-4353-8b66-a640b0ca2a06,20,specifications,704,9.0739107408165e-05
12f77be0-812d-4353-8b66-a640b0ca2a06,20,stimulus,329812,0.042509725131394484
12fce8b2-f668-4427-ba81-cac4eacee58c,1747,acquisition,10675573745,0.9999976631755539
12fce8b2-f668-4427-ba81-cac4eacee58c,1747,general,64,5.994979939435138e-09
12fce8b2-f668-4427-ba81-cac4eacee58c,1747,general/extracellular_ephys,24419,2.287365861579166e-06
12fce8b2-f668-4427-ba81-cac4eacee58c,1747,general/subject,64,5.994979939435138e-09
12fce8b2-f668-4427-ba81-cac4eacee58c,1747,other,80,7.493724924293923e-09
12fce8b2-f668-4427-ba81-cac4eacee58c,1747,specifications,320,2.997489969717569e-08
1321c20e-db14-405f-9591-0583bbc92e39,552,general,192,1.401199455925928e-05
1321c20e-db14-405f-9591-0583bbc92e39,552,general/subject,96,7.00599727962964e-06
1321c20e-db14-405f-9591-0583bbc92e39,552,other,80,5.838331066358033e-06
1321c20e-db14-405f-9591-0583bbc92e39,552,processing/behavior,40,2.9191655331790163e-06
1321c20e-db14-405f-9591-0583bbc92e39,552,processing/ecephys,13701786,0.9999445358548696
1321c20e-db14-405f-9591-0583bbc92e39,552,specifications,352,2.5688656691975346e-05
133f9ac8-23f5-4070-bf82-5a4d94b2d331,1837,acquisition,1708,0.7286689419795221
133f9ac8-23f5-4070-bf82-5a4d94b2d331,1837,general,48,0.020477815699658702
133f9ac8-23f5-4070-bf82-5a4d94b2d331,1837,general/extracellular_ephys,108,0.04607508532423208
133f9ac8-23f5-4070-bf82-5a4d94b2d331,1837,general/subject,80,0.034129692832764506
133f9ac8-23f5-4070-bf82-5a4d94b2d331,1837,other,80,0.034129692832764506
133f9ac8-23f5-4070-bf82-5a4d94b2d331,1837,specifications,320,0.13651877133105803
1342b967-0dd5-4021-8824-ca717e8f715a,1184,acquisition,56,1.1963911748957e-07
1342b967-0dd5-4021-8824-ca717e8f715a,1184,general,224,4.7855646995828e-07
1342b967-0dd5-4021-8824-ca717e8f715a,1184,general/optophysiology,104,2.2218693248063002e-07
1342b967-0dd5-4021-8824-ca717e8f715a,1184,general/subject,96,2.0509562998212001e-07
1342b967-0dd5-4021-8824-ca717e8f715a,1184,intervals,320,6.836520999404e-07
1342b967-0dd5-4021-8824-ca717e8f715a,1184,other,80,1.709130249851e-07
1342b967-0dd5-4021-8824-ca717e8f715a,1184,processing/behavior,1763244,0.0037670170728353464
1342b967-0dd5-4021-8824-ca717e8f715a,1184,processing/ophys,466309888,0.9962304192317899
1342b967-0dd5-4021-8824-ca717e8f715a,1184,specifications,320,6.836520999404e-07
1350a827-f6c3-4c0a-9e5f-1b8e7ca01110,1474,acquisition,10965432,0.9999430971353784
1350a827-f6c3-4c0a-9e5f-1b8e7ca01110,1474,general,160,1.4590478108081885e-05
1350a827-f6c3-4c0a-9e5f-1b8e7ca01110,1474,general/subject,64,5.8361912432327535e-06
1350a827-f6c3-4c0a-9e5f-1b8e7ca01110,1474,other,80,7.295239054040943e-06
1350a827-f6c3-4c0a-9e5f-1b8e7ca01110,1474,specifications,320,2.918095621616377e-05
1370ce6d-4708-4783-aaaf-1d7bb79dff02,1337,acquisition,71996042,0.5454252795757473
1370ce6d-4708-4783-aaaf-1d7bb79dff02,1337,general/optophysiology,104,7.8787982644765e-07
1370ce6d-4708-4783-aaaf-1d7bb79dff02,1337,general/subject,80,6.060614049597308e-07
1370ce6d-4708-4783-aaaf-1d7bb79dff02,1337,other,80,6.060614049597308e-07
1370ce6d-4708-4783-aaaf-1d7bb79dff02,1337,processing/ophys,59828648,0.4532479307965148
1370ce6d-4708-4783-aaaf-1d7bb79dff02,1337,specifications,320,2.424245619838923e-06
1370ce6d-4708-4783-aaaf-1d7bb79dff02,1337,stimulus,174552,0.0013223653794816367
137dbb3a-ae62-4e48-a019-34ab2ce09c30,552,general,192,1.4875162638016815e-06
137dbb3a-ae62-4e48-a019-34ab2ce09c30,552,general/extracellular_ephys,4608,3.570039033124035e-05
137dbb3a-ae62-4e48-a019-34ab2ce09c30,552,general/subject,96,7.437581319008407e-07
137dbb3a-ae62-4e48-a019-34ab2ce09c30,552,intervals,1224,9.482916181735719e-06
137dbb3a-ae62-4e48-a019-34ab2ce09c30,552,other,80,6.197984432507006e-07
137dbb3a-ae62-4e48-a019-34ab2ce09c30,552,processing/behavior,1639583,0.012702637387253917
137dbb3a-ae62-4e48-a019-34ab2ce09c30,552,processing/ecephys,59127524,0.45808934160585546
137dbb3a-ae62-4e48-a019-34ab2ce09c30,552,specifications,352,2.7271131503030825e-06
137dbb3a-ae62-4e48-a019-34ab2ce09c30,552,units,68300560,0.5291572595143884
1384411c-7689-4796-96ef-e44f0f27666a,1033,acquisition,467336,0.9988031528373826
1384411c-7689-4796-96ef-e44f0f27666a,1033,general,64,0.00013678253287055243
1384411c-7689-4796-96ef-e44f0f27666a,1033,general/subject,96,0.00020517379930582865
1384411c-7689-4796-96ef-e44f0f27666a,1033,other,80,0.00017097816608819053
1384411c-7689-4796-96ef-e44f0f27666a,1033,specifications,320,0.0006839126643527621
138a075a-56b8-4152-a9ef-86156e3469e0,1565,acquisition,76283920,0.9999878350678499
138a075a-56b8-4152-a9ef-86156e3469e0,1565,general,176,2.307142304327591e-06
138a075a-56b8-4152-a9ef-86156e3469e0,1565,general/optophysiology,256,3.355843351749223e-06
138a075a-56b8-4152-a9ef-86156e3469e0,1565,general/subject,96,1.2584412569059585e-06
138a075a-56b8-4152-a9ef-86156e3469e0,1565,other,80,1.0487010474216321e-06
138a075a-56b8-4152-a9ef-86156e3469e0,1565,specifications,320,4.1948041896865286e-06
1397600d-0128-4c3e-96d4-be6c54458f80,409,general,80,4.054323396728278e-08
1397600d-0128-4c3e-96d4-be6c54458f80,409,general/extracellular_ephys,29683,1.5043060173135685e-05
1397600d-0128-4c3e-96d4-be6c54458f80,409,general/ibl_metadata,16,8.108646793456556e-09
1397600d-0128-4c3e-96d4-be6c54458f80,409,general/ibl_probe_insertion_trajectories,657,3.3296130895630985e-07
1397600d-0128-4c3e-96d4-be6c54458f80,409,general/localization,29538,1.4969575561569984e-05
1397600d-0128-4c3e-96d4-be6c54458f80,409,general/subject,128,6.486917434765245e-08
1397600d-0128-4c3e-96d4-be6c54458f80,409,intervals,63014,3.193489181517946e-05
1397600d-0128-4c3e-96d4-be6c54458f80,409,other,80,4.054323396728278e-08
1397600d-0128-4c3e-96d4-be6c54458f80,409,processing/lick_times,267959,0.00013579905538298908
1397600d-0128-4c3e-96d4-be6c54458f80,409,processing/motion_energy,11981572,0.006072145961148054
1397600d-0128-4c3e-96d4-be6c54458f80,409,processing/passive_protocol,9045,4.583919390425909e-06
1397600d-0128-4c3e-96d4-be6c54458f80,409,processing/pose_estimation,195884980,0.09927263218520635
1397600d-0128-4c3e-96d4-be6c54458f80,409,processing/pupil,25666656,0.013007615492072029
1397600d-0128-4c3e-96d4-be6c54458f80,409,processing/wheel,94277167,0.04777876549316989
1397600d-0128-4c3e-96d4-be6c54458f80,409,specifications,448,2.2704211021678356e-07
1397600d-0128-4c3e-96d4-be6c54458f80,409,units,1644991215,0.8336657962983721
13ab734b-3aa0-48a4-86a7-9ebea9398148,462,acquisition,271880016,0.9999973223554222
13ab734b-3aa0-48a4-86a7-9ebea9398148,462,general,160,5.884933138185027e-07
13ab734b-3aa0-48a4-86a7-9ebea9398148,462,general/optophysiology,88,3.236713226001765e-07
13ab734b-3aa0-48a4-86a7-9ebea9398148,462,general/subject,80,2.9424665690925135e-07
13ab734b-3aa0-48a4-86a7-9ebea9398148,462,other,80,2.9424665690925135e-07
13ab734b-3aa0-48a4-86a7-9ebea9398148,462,specifications,320,1.1769866276370054e-06
13ae864a-b53e-4bfe-a8ee-1ffe46644723,1249,acquisition,99850050016,0.9999999947120708
13ae864a-b53e-4bfe-a8ee-1ffe46644723,1249,general,48,4.807208382818824e-10
13ae864a-b53e-4bfe-a8ee-1ffe46644723,1249,general/subject,80,8.012013971364705e-10
13ae864a-b53e-4bfe-a8ee-1ffe46644723,1249,other,80,8.012013971364705e-10
13ae864a-b53e-4bfe-a8ee-1ffe46644723,1249,specifications,320,3.204805588545882e-09
13b5b884-57cc-43b6-ba2f-794617886e2a,165,general,128,4.939651810735883e-07
13b5b884-57cc-43b6-ba2f-794617886e2a,165,general/extracellular_ephys,4736,1.8276711699722765e-05
13b5b884-57cc-43b6-ba2f-794617886e2a,165,general/subject,96,3.704738858051912e-07
13b5b884-57cc-43b6-ba2f-794617886e2a,165,other,80,3.0872823817099266e-07
13b5b884-57cc-43b6-ba2f-794617886e2a,165,processing/behavior,2377384,0.00917456967219884
13b5b884-57cc-43b6-ba2f-794617886e2a,165,processing/ecephys,253464968,0.9781474126088379
13b5b884-57cc-43b6-ba2f-794617886e2a,165,specifications,272,1.049676009781375e-06
13b5b884-57cc-43b6-ba2f-794617886e2a,165,units,3279912,0.01265751816394871
13b68133-d1c4-46f2-81c5-ab4cc804084c,289,acquisition,8666568800,0.9989333693965261
13b68133-d1c4-46f2-81c5-ab4cc804084c,289,general,32,3.6884110145977075e-09
13b68133-d1c4-46f2-81c5-ab4cc804084c,289,general/optophysiology,88,1.0143130290143695e-08
13b68133-d1c4-46f2-81c5-ab4cc804084c,289,general/subject,96,1.1065233043793122e-08
13b68133-d1c4-46f2-81c5-ab4cc804084c,289,intervals,192,2.2130466087586244e-08
13b68133-d1c4-46f2-81c5-ab4cc804084c,289,other,80,9.221027536494268e-09
13b68133-d1c4-46f2-81c5-ab4cc804084c,289,processing/behavior,176336,2.0324988895940667e-05
13b68133-d1c4-46f2-81c5-ab4cc804084c,289,processing/ophys,9076754,0.0010462124821998063
13b68133-d1c4-46f2-81c5-ab4cc804084c,289,specifications,320,3.688411014597707e-08
13cd5c47-8158-46c8-82ff-7e64915d37da,1865,acquisition,3421365,0.27367224330026474
13cd5c47-8158-46c8-82ff-7e64915d37da,1865,general,160,1.2798271721386744e-05
13cd5c47-8158-46c8-82ff-7e64915d37da,1865,general/optophysiology,128,1.0238617377109396e-05
13cd5c47-8158-46c8-82ff-7e64915d37da,1865,general/subject,128,1.0238617377109396e-05
13cd5c47-8158-46c8-82ff-7e64915d37da,1865,other,80,6.399135860693372e-06
13cd5c47-8158-46c8-82ff-7e64915d37da,1865,processing/brightness_binned_fluorescence,4400000,0.3519524723381355
13cd5c47-8158-46c8-82ff-7e64915d37da,1865,processing/ophys,4679507,0.37431001317582074
13cd5c47-8158-46c8-82ff-7e64915d37da,1865,specifications,320,2.559654344277349e-05
13e9579e-e922-4255-b0e7-bb87d902ada9,1746,acquisition,4600368,0.4999687001158096
13e9579e-e922-4255-b0e7-bb87d902ada9,1746,general,112,1.2172177185166637e-05
13e9579e-e922-4255-b0e7-bb87d902ada9,1746,general/intracellular_ephys,32,3.4777649100476104e-06
13e9579e-e922-4255-b0e7-bb87d902ada9,1746,general/subject,80,8.694412275119026e-06
13e9579e-e922-4255-b0e7-bb87d902ada9,1746,other,80,8.694412275119026e-06
13e9579e-e922-4255-b0e7-bb87d902ada9,1746,specifications,272,2.956100173540469e-05
13e9579e-e922-4255-b0e7-bb87d902ada9,1746,stimulus,4600368,0.4999687001158096
13f12a49-75bd-43fb-83cf-1ad9cc55e6c2,22,acquisition,2073265187,0.998692040691317
13f12a49-75bd-43fb-83cf-1ad9cc55e6c2,22,general,48,2.312160463300309e-08
13f12a49-75bd-43fb-83cf-1ad9cc55e6c2,22,general/extracellular_ephys,10578,5.095423620998056e-06
13f12a49-75bd-43fb-83cf-1ad9cc55e6c2,22,general/subject,80,3.8536007721671814e-08
13f12a49-75bd-43fb-83cf-1ad9cc55e6c2,22,other,80,3.8536007721671814e-08
13f12a49-75bd-43fb-83cf-1ad9cc55e6c2,22,processing/current_source_density,2704224,0.001302624961814128
13f12a49-75bd-43fb-83cf-1ad9cc55e6c2,22,specifications,288,1.3872962779801853e-07
13f3dffb-cf94-4b18-82eb-51c936ec83c7,20,acquisition,15825885,0.37966523100059907
13f3dffb-cf94-4b18-82eb-51c936ec83c7,20,general,242,5.805614403374281e-06
13f3dffb-cf94-4b18-82eb-51c936ec83c7,20,general/intracellular_ephys,1146,2.749270291845837e-05
13f3dffb-cf94-4b18-82eb-51c936ec83c7,20,general/labnotebook,166276,0.003988984878245711
13f3dffb-cf94-4b18-82eb-51c936ec83c7,20,general/stimsets,20982512,0.503373445810635
13f3dffb-cf94-4b18-82eb-51c936ec83c7,20,general/subject,112,2.6868959222228077e-06
13f3dffb-cf94-4b18-82eb-51c936ec83c7,20,general/testpulse,49033,0.0011763086406638475
13f3dffb-cf94-4b18-82eb-51c936ec83c7,20,general/user_comment,34,8.156648335319238e-07
13f3dffb-cf94-4b18-82eb-51c936ec83c7,20,other,101,2.4230043584330675e-06
13f3dffb-cf94-4b18-82eb-51c936ec83c7,20,processing/spikes,16476,0.00039526158227270515
13f3dffb-cf94-4b18-82eb-51c936ec83c7,20,specifications,704,1.6889060082543362e-05
13f3dffb-cf94-4b18-82eb-51c936ec83c7,20,stimulus,4641267,0.11134465514506503
13f7062e-bda9-423c-8e9f-032f10cfb8bd,351,acquisition,13126832,0.6677429095345568
13f7062e-bda9-423c-8e9f-032f10cfb8bd,351,general,48,2.4416903985408457e-06
13f7062e-bda9-423c-8e9f-032f10cfb8bd,351,general/subject,96,4.8833807970816915e-06
13f7062e-bda9-423c-8e9f-032f10cfb8bd,351,other,80,4.069483997568076e-06
13f7062e-bda9-423c-8e9f-032f10cfb8bd,351,processing/photometry,6531072,0.33222616238706165
13f7062e-bda9-423c-8e9f-032f10cfb8bd,351,specifications,384,1.9533523188326766e-05
1421b98f-35c6-44b4-be4f-93cf2adf1531,1034,acquisition,525018,0.998934506391059
1421b98f-35c6-44b4-be4f-93cf2adf1531,1034,general,64,0.00012177069816468726
1421b98f-35c6-44b4-be4f-93cf2adf1531,1034,general/subject,96,0.0001826560472470309
1421b98f-35c6-44b4-be4f-93cf2adf1531,1034,other,80,0.00015221337270585907
1421b98f-35c6-44b4-be4f-93cf2adf1531,1034,specifications,320,0.0006088534908234363
1429305a-f5e8-4883-a0ab-699f4fe04411,246,general,128,1.5240577274965733e-05
1429305a-f5e8-4883-a0ab-699f4fe04411,246,general/optophysiology,80,9.525360796853583e-06
1429305a-f5e8-4883-a0ab-699f4fe04411,246,general/subject,80,9.525360796853583e-06
1429305a-f5e8-4883-a0ab-699f4fe04411,246,other,80,9.525360796853583e-06
1429305a-f5e8-4883-a0ab-699f4fe04411,246,processing/ophys,8397992,0.9999237971136252
1429305a-f5e8-4883-a0ab-699f4fe04411,246,specifications,272,3.238622670930218e-05
142da868-ca24-4090-ab5d-df3124ef3795,232,general,64,3.4939229488447645e-06
142da868-ca24-4090-ab5d-df3124ef3795,232,general/subject,96,5.240884423267147e-06
142da868-ca24-4090-ab5d-df3124ef3795,232,intervals,121648,0.006641074045016686
142da868-ca24-4090-ab5d-df3124ef3795,232,other,80,4.367403686055956e-06
142da868-ca24-4090-ab5d-df3124ef3795,232,processing/behavior,18195311,0.993328354129181
142da868-ca24-4090-ab5d-df3124ef3795,232,specifications,320,1.7469614744223823e-05
1463bd8e-2f27-4df0-b2eb-26092f7575b4,246,acquisition,4194312,0.33308347313354314
1463bd8e-2f27-4df0-b2eb-26092f7575b4,246,general,48,3.811830572072385e-06
1463bd8e-2f27-4df0-b2eb-26092f7575b4,246,general/optophysiology,88,6.988356048799373e-06
1463bd8e-2f27-4df0-b2eb-26092f7575b4,246,general/subject,80,6.353050953453975e-06
1463bd8e-2f27-4df0-b2eb-26092f7575b4,246,other,80,6.353050953453975e-06
1463bd8e-2f27-4df0-b2eb-26092f7575b4,246,processing/ophys,8397447,0.6668676083741153
1463bd8e-2f27-4df0-b2eb-26092f7575b4,246,specifications,320,2.54122038138159e-05
14656420-b459-440b-8546-88393df13d26,891,acquisition,733701710,0.9999992149404315
14656420-b459-440b-8546-88393df13d26,891,general,80,1.0903605117021538e-07
14656420-b459-440b-8546-88393df13d26,891,general/subject,96,1.3084326140425846e-07
14656420-b459-440b-8546-88393df13d26,891,other,80,1.0903605117021538e-07
14656420-b459-440b-8546-88393df13d26,891,specifications,320,4.3614420468086154e-07
14771180-33ec-462c-92e2-b365e39b0573,688,general,224,2.621117878691856e-06
14771180-33ec-462c-92e2-b365e39b0573,688,general/extracellular_ephys,19968,0.0002336539366148169
14771180-33ec-462c-92e2-b365e39b0573,688,general/subject,80,9.361135281042344e-07
14771180-33ec-462c-92e2-b365e39b0573,688,intervals,26520,0.00031032163456655367
14771180-33ec-462c-92e2-b365e39b0573,688,other,80,9.361135281042344e-07
14771180-33ec-462c-92e2-b365e39b0573,688,processing/behavior,9249064,0.10822717415877328
14771180-33ec-462c-92e2-b365e39b0573,688,specifications,320,3.7444541124169374e-06
14771180-33ec-462c-92e2-b365e39b0573,688,units,76163464,0.891220612470998
147c05f8-845a-4af2-b40d-41a923f810c7,341,acquisition,67867280,0.9334910423770201
147c05f8-845a-4af2-b40d-41a923f810c7,341,general,160,2.2007448475955308e-06
147c05f8-845a-4af2-b40d-41a923f810c7,341,general/intracellular_ephys,1018,1.4002239092826566e-05
147c05f8-845a-4af2-b40d-41a923f810c7,341,general/subject,80,1.1003724237977654e-06
147c05f8-845a-4af2-b40d-41a923f810c7,341,other,80,1.1003724237977654e-06
147c05f8-845a-4af2-b40d-41a923f810c7,341,specifications,320,4.4014896951910615e-06
147c05f8-845a-4af2-b40d-41a923f810c7,341,stimulus,4833720,0.06648615240449668
14853e54-f863-4467-a9ba-316cb4ff7aea,728,general,96,2.696406600880881e-07
14853e54-f863-4467-a9ba-316cb4ff7aea,728,general/optophysiology,96,2.696406600880881e-07
14853e54-f863-4467-a9ba-316cb4ff7aea,728,general/subject,112,3.145807701027694e-07
14853e54-f863-4467-a9ba-316cb4ff7aea,728,intervals,279,7.836431683810059e-07
14853e54-f863-4467-a9ba-316cb4ff7aea,728,other,80,2.247005500734067e-07
14853e54-f863-4467-a9ba-316cb4ff7aea,728,processing/behavior,4615141,0.012962809017079155
14853e54-f863-4467-a9ba-316cb4ff7aea,728,processing/ophys,244397633,0.6864535321467322
14853e54-f863-4467-a9ba-316cb4ff7aea,728,specifications,320,8.988022002936268e-07
14853e54-f863-4467-a9ba-316cb4ff7aea,728,stimulus,107015634,0.3005808978281796
148ab182-e413-4f5e-a27a-5ee7bf4dcab8,688,general,224,7.047482634483666e-06
148ab182-e413-4f5e-a27a-5ee7bf4dcab8,688,general/extracellular_ephys,19968,0.000628232737702544
148ab182-e413-4f5e-a27a-5ee7bf4dcab8,688,general/subject,80,2.5169580837441666e-06
148ab182-e413-4f5e-a27a-5ee7bf4dcab8,688,intervals,18616,0.0005856961460872675
148ab182-e413-4f5e-a27a-5ee7bf4dcab8,688,other,80,2.5169580837441666e-06
148ab182-e413-4f5e-a27a-5ee7bf4dcab8,688,processing/behavior,6479944,0.20387184291261887
148ab182-e413-4f5e-a27a-5ee7bf4dcab8,688,specifications,320,1.0067832334976666e-05
148ab182-e413-4f5e-a27a-5ee7bf4dcab8,688,units,25265167,0.7948920789724544
149832fd-8ffc-478a-912e-33c1bab4760f,1683,acquisition,657719816,0.9999777661026842
149832fd-8ffc-478a-912e-33c1bab4760f,1683,general,112,1.702814892892031e-07
149832fd-8ffc-478a-912e-33c1bab4760f,1683,general/extracellular_ephys,5632,8.562726318542784e-06
149832fd-8ffc-478a-912e-33c1bab4760f,1683,general/subject,80,1.2162963520657364e-07
149832fd-8ffc-478a-912e-33c1bab4760f,1683,intervals,8400,1.2771111696690232e-05
149832fd-8ffc-478a-912e-33c1bab4760f,1683,other,80,1.2162963520657364e-07
149832fd-8ffc-478a-912e-33c1bab4760f,1683,specifications,320,4.865185408262946e-07
149e92a7-786f-4da6-bbc3-c3a5a76193c6,688,general,224,2.9777248369024333e-06
149e92a7-786f-4da6-bbc3-c3a5a76193c6,688,general/extracellular_ephys,9984,0.00013272144987336562
149e92a7-786f-4da6-bbc3-c3a5a76193c6,688,general/subject,80,1.0634731560365835e-06
149e92a7-786f-4da6-bbc3-c3a5a76193c6,688,intervals,22672,0.0003013882924207677
149e92a7-786f-4da6-bbc3-c3a5a76193c6,688,other,80,1.0634731560365835e-06
149e92a7-786f-4da6-bbc3-c3a5a76193c6,688,processing/behavior,6575848,0.08741547282721068
149e92a7-786f-4da6-bbc3-c3a5a76193c6,688,specifications,320,4.253892624146334e-06
149e92a7-786f-4da6-bbc3-c3a5a76193c6,688,units,68616010,0.912141058866722
14ad2557-1fc8-4cba-b281-6d1028f26ec8,405,acquisition,54345792,0.9999899901255532
14ad2557-1fc8-4cba-b281-6d1028f26ec8,405,general,64,1.1776322878510154e-06
14ad2557-1fc8-4cba-b281-6d1028f26ec8,405,general/subject,80,1.4720403598137691e-06
14ad2557-1fc8-4cba-b281-6d1028f26ec8,405,other,80,1.4720403598137691e-06
14ad2557-1fc8-4cba-b281-6d1028f26ec8,405,specifications,320,5.8881614392550766e-06
14bf8333-5a76-4933-ad77-58a703cf853a,1550,acquisition,373461,0.5468190403678054
14bf8333-5a76-4933-ad77-58a703cf853a,1550,general,176,0.00025769799551956894
14bf8333-5a76-4933-ad77-58a703cf853a,1550,general/subject,96,0.00014056254301067397
14bf8333-5a76-4933-ad77-58a703cf853a,1550,general/task,4218,0.006175966733531488
14bf8333-5a76-4933-ad77-58a703cf853a,1550,intervals,304491,0.44583363837357426
14bf8333-5a76-4933-ad77-58a703cf853a,1550,other,80,0.00011713545250889497
14bf8333-5a76-4933-ad77-58a703cf853a,1550,specifications,448,0.0006559585340498119
14ce6596-f6d5-42a7-a103-1fb85fb560e3,1424,acquisition,5877184,0.002126902670019812
14ce6596-f6d5-42a7-a103-1fb85fb560e3,1424,general,112,4.053184297823906e-08
14ce6596-f6d5-42a7-a103-1fb85fb560e3,1424,general/optophysiology,152,5.500750118475301e-08
14ce6596-f6d5-42a7-a103-1fb85fb560e3,1424,general/subject,112,4.053184297823906e-08
14ce6596-f6d5-42a7-a103-1fb85fb560e3,1424,intervals,510240,0.00018465149608229195
14ce6596-f6d5-42a7-a103-1fb85fb560e3,1424,other,80,2.89513164130279e-08
14ce6596-f6d5-42a7-a103-1fb85fb560e3,1424,processing/ophys,2756871296,0.9976881650061287
14ce6596-f6d5-42a7-a103-1fb85fb560e3,1424,specifications,320,1.158052656521116e-07
14e44f01-1ab6-4f2f-97a5-3176f1820da8,341,acquisition,117946096,0.49997031023347416
14e44f01-1ab6-4f2f-97a5-3176f1820da8,341,general,192,8.138828059627089e-07
14e44f01-1ab6-4f2f-97a5-3176f1820da8,341,general/intracellular_ephys,39976,0.00016945718255815235
14e44f01-1ab6-4f2f-97a5-3176f1820da8,341,general/subject,80,3.391178358177954e-07
14e44f01-1ab6-4f2f-97a5-3176f1820da8,341,other,80,3.391178358177954e-07
14e44f01-1ab6-4f2f-97a5-3176f1820da8,341,specifications,320,1.3564713432711816e-06
14e44f01-1ab6-4f2f-97a5-3176f1820da8,341,stimulus,117919456,0.4998573839941468
14e7c802-ce0c-471c-a737-1ba4bbfbdd44,1836,general,96,0.000916319069936144
14e7c802-ce0c-471c-a737-1ba4bbfbdd44,1836,general/extracellular_ephys,21632,0.2064772304256111
14e7c802-ce0c-471c-a737-1ba4bbfbdd44,1836,general/subject,112,0.0010690389149255013
14e7c802-ce0c-471c-a737-1ba4bbfbdd44,1836,intervals,369,0.0035221014250670537
14e7c802-ce0c-471c-a737-1ba4bbfbdd44,1836,other,80,0.0007635992249467867
14e7c802-ce0c-471c-a737-1ba4bbfbdd44,1836,scratch,82062,0.7832809949697901
14e7c802-ce0c-471c-a737-1ba4bbfbdd44,1836,specifications,416,0.003970715969723291
1511c7a0-0bf6-4714-beb3-a1490528ee59,1455,acquisition,4922430,0.6926764935956944
1511c7a0-0bf6-4714-beb3-a1490528ee59,1455,general,242,3.405385377753631e-05
1511c7a0-0bf6-4714-beb3-a1490528ee59,1455,general/intracellular_ephys,870,0.0001224250115142834
1511c7a0-0bf6-4714-beb3-a1490528ee59,1455,general/labnotebook,540296,0.07602959082887502
1511c7a0-0bf6-4714-beb3-a1490528ee59,1455,general/stimsets,604855,0.08511423027525505
1511c7a0-0bf6-4714-beb3-a1490528ee59,1455,general/subject,112,1.5760461252413497e-05
1511c7a0-0bf6-4714-beb3-a1490528ee59,1455,general/testpulse,593925,0.08357617811910434
1511c7a0-0bf6-4714-beb3-a1490528ee59,1455,general/user_comment,31,4.3622705252215926e-06
1511c7a0-0bf6-4714-beb3-a1490528ee59,1455,other,101,1.4212558807980028e-05
1511c7a0-0bf6-4714-beb3-a1490528ee59,1455,processing/spikes,1500,0.00021107760605910934
1511c7a0-0bf6-4714-beb3-a1490528ee59,1455,specifications,288,4.052690036334899e-05
1511c7a0-0bf6-4714-beb3-a1490528ee59,1455,stimulus,441741,0.06216108851877134
15127a03-898e-434e-8f0f-d63e7fbc1eab,988,acquisition,408717178,0.9999986298612761
15127a03-898e-434e-8f0f-d63e7fbc1eab,988,general,80,1.9573410342176047e-07
15127a03-898e-434e-8f0f-d63e7fbc1eab,988,general/subject,80,1.9573410342176047e-07
15127a03-898e-434e-8f0f-d63e7fbc1eab,988,other,80,1.9573410342176047e-07
15127a03-898e-434e-8f0f-d63e7fbc1eab,988,specifications,320,7.829364136870419e-07
15178707-1039-42b2-82dc-b4989b33e00b,1552,acquisition,1197084,0.9976564635601752
15178707-1039-42b2-82dc-b4989b33e00b,1552,general,48,4.0003466967137155e-05
15178707-1039-42b2-82dc-b4989b33e00b,1552,general/subject,96,8.000693393427431e-05
15178707-1039-42b2-82dc-b4989b33e00b,1552,other,80,6.667244494522858e-05
15178707-1039-42b2-82dc-b4989b33e00b,1552,processing/behavior,2268,0.0018901638141972305
15178707-1039-42b2-82dc-b4989b33e00b,1552,specifications,320,0.00026668977978091434
151dcbdf-1109-4d52-ac01-4a04efef66e4,399,acquisition,1140992,0.9994043823444912
151dcbdf-1109-4d52-ac01-4a04efef66e4,399,general,112,9.81017314955609e-05
151dcbdf-1109-4d52-ac01-4a04efef66e4,399,general/extracellular_ephys,72,6.306539881857487e-05
151dcbdf-1109-4d52-ac01-4a04efef66e4,399,general/subject,96,8.408719842476648e-05
151dcbdf-1109-4d52-ac01-4a04efef66e4,399,other,80,7.007266535397208e-05
151dcbdf-1109-4d52-ac01-4a04efef66e4,399,specifications,320,0.0002802906614158883
15397905-76af-4f5d-a26c-1ab763d9e698,563,acquisition,1793046094,0.9999935456621318
15397905-76af-4f5d-a26c-1ab763d9e698,563,general,48,2.6769914255077887e-08
15397905-76af-4f5d-a26c-1ab763d9e698,563,general/extracellular_ephys,10965,6.115252287644355e-06
15397905-76af-4f5d-a26c-1ab763d9e698,563,general/subject,96,5.3539828510155774e-08
15397905-76af-4f5d-a26c-1ab763d9e698,563,other,80,4.4616523758463144e-08
15397905-76af-4f5d-a26c-1ab763d9e698,563,specifications,384,2.141593140406231e-07
15416d46-8d5d-4404-a5af-2b55dee2f9e5,232,general,64,4.193557032080776e-06
15416d46-8d5d-4404-a5af-2b55dee2f9e5,232,general/subject,96,6.290335548121165e-06
15416d46-8d5d-4404-a5af-2b55dee2f9e5,232,intervals,99648,0.006529368298949769
15416d46-8d5d-4404-a5af-2b55dee2f9e5,232,other,80,5.241946290100971e-06
15416d46-8d5d-4404-a5af-2b55dee2f9e5,232,processing/behavior,15161299,0.9934339380770195
15416d46-8d5d-4404-a5af-2b55dee2f9e5,232,specifications,320,2.0967785160403885e-05
155299e5-eba2-4250-9c55-a438ecf96f94,1865,acquisition,2135485,0.1397171328102622
155299e5-eba2-4250-9c55-a438ecf96f94,1865,general,160,1.0468226772673165e-05
155299e5-eba2-4250-9c55-a438ecf96f94,1865,general/optophysiology,256,1.6749162836277064e-05
155299e5-eba2-4250-9c55-a438ecf96f94,1865,general/subject,128,8.374581418138532e-06
155299e5-eba2-4250-9c55-a438ecf96f94,1865,other,80,5.234113386336583e-06
155299e5-eba2-4250-9c55-a438ecf96f94,1865,processing/brightness_binned_fluorescence,2807992,0.1837168564490754
155299e5-eba2-4250-9c55-a438ecf96f94,1865,processing/ophys,9005653,0.5892076115000275
155299e5-eba2-4250-9c55-a438ecf96f94,1865,processing/predicted_fluorescence,1334272,0.08729663670267605
155299e5-eba2-4250-9c55-a438ecf96f94,1865,specifications,320,2.093645354534633e-05
156c8420-46c4-4ffb-8b31-be0be86077df,1611,general,48,3.847859483867368e-06
156c8420-46c4-4ffb-8b31-be0be86077df,1611,general/extracellular_ephys,94368,0.0075648917452832455
156c8420-46c4-4ffb-8b31-be0be86077df,1611,general/subject,96,7.695718967734736e-06
156c8420-46c4-4ffb-8b31-be0be86077df,1611,intervals,75776,0.006074487505198618
156c8420-46c4-4ffb-8b31-be0be86077df,1611,other,80,6.413099139778947e-06
156c8420-46c4-4ffb-8b31-be0be86077df,1611,specifications,320,2.5652396559115787e-05
156c8420-46c4-4ffb-8b31-be0be86077df,1611,units,12303780,0.9863170116753677
15700823-31b5-4663-87ce-730740b1fb9a,713,acquisition,118980705,0.0354532194603093
15700823-31b5-4663-87ce-730740b1fb9a,713,general,64,1.9070369817188383e-08
15700823-31b5-4663-87ce-730740b1fb9a,713,general/extracellular_ephys,297216,8.856279743102285e-05
15700823-31b5-4663-87ce-730740b1fb9a,713,general/subject,96,2.8605554725782575e-08
15700823-31b5-4663-87ce-730740b1fb9a,713,intervals,2570111,0.0007658276131441227
15700823-31b5-4663-87ce-730740b1fb9a,713,other,80,2.383796227148548e-08
15700823-31b5-4663-87ce-730740b1fb9a,713,processing/eye_tracking_rig_metadata,120,3.575694340722822e-08
15700823-31b5-4663-87ce-730740b1fb9a,713,processing/licking,43808,1.3053668139865449e-05
15700823-31b5-4663-87ce-730740b1fb9a,713,processing/optotagging,37200,1.1084652456240747e-05
15700823-31b5-4663-87ce-730740b1fb9a,713,processing/rewards,4600,1.3706828306104152e-06
15700823-31b5-4663-87ce-730740b1fb9a,713,processing/running,23018992,0.006859073285295326
15700823-31b5-4663-87ce-730740b1fb9a,713,processing/stimulus,8378304,0.0024965211831379486
15700823-31b5-4663-87ce-730740b1fb9a,713,specifications,448,1.3349258872031868e-07
15700823-31b5-4663-87ce-730740b1fb9a,713,stimulus,165888272,0.04943047961522402
15700823-31b5-4663-87ce-730740b1fb9a,713,units,3036771536,0.9048805662786126
15b00ff0-5f57-438d-87f3-b3a18e886e07,988,acquisition,473537784,0.9999994931769196
15b00ff0-5f57-438d-87f3-b3a18e886e07,988,general,80,1.689410267928136e-07
15b00ff0-5f57-438d-87f3-b3a18e886e07,988,general/subject,80,1.689410267928136e-07
15b00ff0-5f57-438d-87f3-b3a18e886e07,988,other,80,1.689410267928136e-07
15c01f69-3b09-4cc7-b515-0d91b14660c2,1620,acquisition,2207580,0.9996377435042882
15c01f69-3b09-4cc7-b515-0d91b14660c2,1620,general,208,9.418668888506508e-05
15c01f69-3b09-4cc7-b515-0d91b14660c2,1620,general/optophysiology,80,3.6225649571178875e-05
15c01f69-3b09-4cc7-b515-0d91b14660c2,1620,general/subject,80,3.6225649571178875e-05
15c01f69-3b09-4cc7-b515-0d91b14660c2,1620,other,80,3.6225649571178875e-05
15c01f69-3b09-4cc7-b515-0d91b14660c2,1620,specifications,352,0.00015939285811318704
15d9174e-68c4-46c2-a493-c598dccfed4e,236,acquisition,3753119527,0.8053924434757345
15d9174e-68c4-46c2-a493-c598dccfed4e,236,general,48,1.0300454597494959e-08
15d9174e-68c4-46c2-a493-c598dccfed4e,236,general/optophysiology,4848,1.0403459143469908e-06
15d9174e-68c4-46c2-a493-c598dccfed4e,236,general/subject,80,1.7167424329158264e-08
15d9174e-68c4-46c2-a493-c598dccfed4e,236,other,80,1.7167424329158264e-08
15d9174e-68c4-46c2-a493-c598dccfed4e,236,processing/behavior,148746210,0.03191986630530105
15d9174e-68c4-46c2-a493-c598dccfed4e,236,processing/ophys,755688606,0.16216533699890118
15d9174e-68c4-46c2-a493-c598dccfed4e,236,scratch,16,3.433484865831653e-09
15d9174e-68c4-46c2-a493-c598dccfed4e,236,specifications,320,6.866969731663306e-08
15d9174e-68c4-46c2-a493-c598dccfed4e,236,stimulus,2428768,0.0005211961356635132
15d97611-b457-4f4e-98b0-3840bf043b4a,946,general,64,3.501078769895974e-05
15d97611-b457-4f4e-98b0-3840bf043b4a,946,general/extracellular_ephys,3072,0.0016805178095500677
15d97611-b457-4f4e-98b0-3840bf043b4a,946,general/subject,80,4.376348462369968e-05
15d97611-b457-4f4e-98b0-3840bf043b4a,946,intervals,12000,0.006564522693554952
15d97611-b457-4f4e-98b0-3840bf043b4a,946,other,80,4.376348462369968e-05
15d97611-b457-4f4e-98b0-3840bf043b4a,946,specifications,320,0.0001750539384947987
15d97611-b457-4f4e-98b0-3840bf043b4a,946,units,1812392,0.9914573678014538
15fcf25c-6249-4bad-af55-ff62f63db64b,1753,acquisition,19079172,0.6145376741632028
15fcf25c-6249-4bad-af55-ff62f63db64b,1753,general,330,1.0629257520916366e-05
15fcf25c-6249-4bad-af55-ff62f63db64b,1753,general/intracellular_ephys,1866,6.0103619800090724e-05
15fcf25c-6249-4bad-af55-ff62f63db64b,1753,general/labnotebook,5529087,0.17809118054106335
15fcf25c-6249-4bad-af55-ff62f63db64b,1753,general/results,210058,0.006765941140389848
15fcf25c-6249-4bad-af55-ff62f63db64b,1753,general/stimsets,453663,0.014612426832459034
15fcf25c-6249-4bad-af55-ff62f63db64b,1753,general/subject,80,2.5767897020403312e-06
15fcf25c-6249-4bad-af55-ff62f63db64b,1753,general/testpulse,4454680,0.14348466937356277
15fcf25c-6249-4bad-af55-ff62f63db64b,1753,general/user_comment,14,4.5093819785705796e-07
15fcf25c-6249-4bad-af55-ff62f63db64b,1753,intervals,195892,0.0063096561039010565
15fcf25c-6249-4bad-af55-ff62f63db64b,1753,other,108,3.478666097754447e-06
15fcf25c-6249-4bad-af55-ff62f63db64b,1753,processing/spikes,5056,0.0001628531091689489
15fcf25c-6249-4bad-af55-ff62f63db64b,1753,specifications,288,9.276442927345192e-06
15fcf25c-6249-4bad-af55-ff62f63db64b,1753,stimulus,1116089,0.03594908302200614
16081281-90b3-4e70-82ae-6cbdcaa34923,728,acquisition,38902334718,0.9999999819034001
16081281-90b3-4e70-82ae-6cbdcaa34923,728,general,96,2.4677181706091145e-09
16081281-90b3-4e70-82ae-6cbdcaa34923,728,general/optophysiology,96,2.4677181706091145e-09
16081281-90b3-4e70-82ae-6cbdcaa34923,728,general/subject,112,2.8790045323773003e-09
16081281-90b3-4e70-82ae-6cbdcaa34923,728,other,80,2.056431808840929e-09
16081281-90b3-4e70-82ae-6cbdcaa34923,728,specifications,320,8.225727235363716e-09
1656c4b5-7cc4-45b2-9ce9-eef68d9500c2,1746,acquisition,22000800,0.49999345486914104
1656c4b5-7cc4-45b2-9ce9-eef68d9500c2,1746,general,112,2.5453286673822676e-06
1656c4b5-7cc4-45b2-9ce9-eef68d9500c2,1746,general/intracellular_ephys,32,7.272367621092193e-07
1656c4b5-7cc4-45b2-9ce9-eef68d9500c2,1746,general/subject,80,1.8180919052730482e-06
1656c4b5-7cc4-45b2-9ce9-eef68d9500c2,1746,other,80,1.8180919052730482e-06
1656c4b5-7cc4-45b2-9ce9-eef68d9500c2,1746,specifications,272,6.1815124779283645e-06
1656c4b5-7cc4-45b2-9ce9-eef68d9500c2,1746,stimulus,22000800,0.49999345486914104
166f410d-2bc5-4b87-9972-2d0df866829b,1273,acquisition,59209706,0.9999905421806414
166f410d-2bc5-4b87-9972-2d0df866829b,1273,general,64,1.0808936409777317e-06
166f410d-2bc5-4b87-9972-2d0df866829b,1273,general/subject,96,1.6213404614665978e-06
166f410d-2bc5-4b87-9972-2d0df866829b,1273,other,80,1.3511170512221647e-06
166f410d-2bc5-4b87-9972-2d0df866829b,1273,specifications,320,5.404468204888659e-06
1670382d-1a59-47b2-9e05-1d81cdf941f8,1184,acquisition,56,7.916178615406982e-08
1670382d-1a59-47b2-9e05-1d81cdf941f8,1184,general,224,3.166471446162793e-07
1670382d-1a59-47b2-9e05-1d81cdf941f8,1184,general/optophysiology,104,1.470147457147011e-07
1670382d-1a59-47b2-9e05-1d81cdf941f8,1184,general/subject,80,1.1308826593438546e-07
1670382d-1a59-47b2-9e05-1d81cdf941f8,1184,intervals,640,9.047061274750837e-07
1670382d-1a59-47b2-9e05-1d81cdf941f8,1184,other,80,1.1308826593438546e-07
1670382d-1a59-47b2-9e05-1d81cdf941f8,1184,processing/behavior,2044012,0.002889422157863439
1670382d-1a59-47b2-9e05-1d81cdf941f8,1184,processing/ophys,705366516,0.997108451782737
1670382d-1a59-47b2-9e05-1d81cdf941f8,1184,specifications,320,4.5235306373754186e-07
16b7193d-b586-41d4-a08b-b49d432b4fbf,570,acquisition,2839832,0.6093704401803156
16b7193d-b586-41d4-a08b-b49d432b4fbf,570,general,239,5.1284560214511085e-05
16b7193d-b586-41d4-a08b-b49d432b4fbf,570,general/intracellular_ephys,1203,0.0002581394390713675
16b7193d-b586-41d4-a08b-b49d432b4fbf,570,general/labnotebook,960162,0.20603132177692632
16b7193d-b586-41d4-a08b-b49d432b4fbf,570,general/stimsets,392210,0.08416032368926106
16b7193d-b586-41d4-a08b-b49d432b4fbf,570,general/subject,96,2.0599655985745037e-05
16b7193d-b586-41d4-a08b-b49d432b4fbf,570,general/testpulse,45136,0.009685271589297792
16b7193d-b586-41d4-a08b-b49d432b4fbf,570,general/user_comment,34,7.295711494951368e-06
16b7193d-b586-41d4-a08b-b49d432b4fbf,570,other,101,2.167255473500259e-05
16b7193d-b586-41d4-a08b-b49d432b4fbf,570,processing/spikes,468,0.00010042332293050707
16b7193d-b586-41d4-a08b-b49d432b4fbf,570,specifications,608,0.00013046448790971857
16b7193d-b586-41d4-a08b-b49d432b4fbf,570,stimulus,420183,0.09016276303185737
16bf4dca-b67f-468a-a450-db49103326d6,678,acquisition,16596328,0.9954890768286921
16bf4dca-b67f-468a-a450-db49103326d6,678,general,32,1.9194396771694405e-06
16bf4dca-b67f-468a-a450-db49103326d6,678,general/subject,64,3.838879354338881e-06
16bf4dca-b67f-468a-a450-db49103326d6,678,intervals,74724,0.00448213157615029
16bf4dca-b67f-468a-a450-db49103326d6,678,other,80,4.798599192923602e-06
16bf4dca-b67f-468a-a450-db49103326d6,678,specifications,304,1.8234676933109687e-05
16cf8d4e-2aeb-49c4-9c13-b1a9331e9c80,1097,general,128,3.0482874935194123e-05
16cf8d4e-2aeb-49c4-9c13-b1a9331e9c80,1097,general/optophysiology,88,2.095697651794596e-05
16cf8d4e-2aeb-49c4-9c13-b1a9331e9c80,1097,general/subject,64,1.5241437467597062e-05
16cf8d4e-2aeb-49c4-9c13-b1a9331e9c80,1097,intervals,3380,0.0008049384162574698
16cf8d4e-2aeb-49c4-9c13-b1a9331e9c80,1097,other,80,1.9051796834496326e-05
16cf8d4e-2aeb-49c4-9c13-b1a9331e9c80,1097,processing/ophys,4195019,0.9990331213106494
16cf8d4e-2aeb-49c4-9c13-b1a9331e9c80,1097,specifications,320,7.62071873379853e-05
16e519cd-1a57-4692-9811-af49a30e3fbf,535,general/optophysiology,104,7.870702997266626e-07
16e519cd-1a57-4692-9811-af49a30e3fbf,535,general/subject,80,6.054386920974327e-07
16e519cd-1a57-4692-9811-af49a30e3fbf,535,intervals,36,2.7244741144384475e-07
16e519cd-1a57-4692-9811-af49a30e3fbf,535,other,80,6.054386920974327e-07
16e519cd-1a57-4692-9811-af49a30e3fbf,535,processing/behavior,2959908,0.0224005353531091
16e519cd-1a57-4692-9811-af49a30e3fbf,535,processing/ophys,129175064,0.9775947724970272
16e519cd-1a57-4692-9811-af49a30e3fbf,535,specifications,320,2.421754768389731e-06
16fd10ea-9e50-4f28-9f52-1eed6c1e76a4,1676,acquisition,6407072,0.05968229071303691
16fd10ea-9e50-4f28-9f52-1eed6c1e76a4,1676,general,128,1.1923282914986322e-06
16fd10ea-9e50-4f28-9f52-1eed6c1e76a4,1676,general/optophysiology,128,1.1923282914986322e-06
16fd10ea-9e50-4f28-9f52-1eed6c1e76a4,1676,general/subject,96,8.942462186239741e-07
16fd10ea-9e50-4f28-9f52-1eed6c1e76a4,1676,other,80,7.452051821866451e-07
16fd10ea-9e50-4f28-9f52-1eed6c1e76a4,1676,processing/ophys,100885136,0.9397515769100558
16fd10ea-9e50-4f28-9f52-1eed6c1e76a4,1676,scratch,60024,0.0005591274481946398
16fd10ea-9e50-4f28-9f52-1eed6c1e76a4,1676,specifications,320,2.9808207287465805e-06
170c3264-6079-4680-9c7a-b0cfb441f091,769,acquisition,14343385,0.6956137789034729
170c3264-6079-4680-9c7a-b0cfb441f091,769,general,329,1.5955573475803834e-05
170c3264-6079-4680-9c7a-b0cfb441f091,769,general/intracellular_ephys,924,4.4811397846938426e-05
170c3264-6079-4680-9c7a-b0cfb441f091,769,general/labnotebook,2176757,0.10556658435401314
170c3264-6079-4680-9c7a-b0cfb441f091,769,general/results,71083,0.0034473253172661515
170c3264-6079-4680-9c7a-b0cfb441f091,769,general/stimsets,374101,0.018142844963135837
170c3264-6079-4680-9c7a-b0cfb441f091,769,general/subject,80,3.879774705362634e-06
170c3264-6079-4680-9c7a-b0cfb441f091,769,general/testpulse,3103234,0.15049810972526637
170c3264-6079-4680-9c7a-b0cfb441f091,769,general/user_comment,14,6.78960573438461e-07
170c3264-6079-4680-9c7a-b0cfb441f091,769,intervals,31666,0.0015357118227501648
170c3264-6079-4680-9c7a-b0cfb441f091,769,other,104,5.0437071169714245e-06
170c3264-6079-4680-9c7a-b0cfb441f091,769,processing/spikes,1714,8.312417306239444e-05
170c3264-6079-4680-9c7a-b0cfb441f091,769,specifications,288,1.3967188939305484e-05
170c3264-6079-4680-9c7a-b0cfb441f091,769,stimulus,516075,0.025028184138375268
170efdf4-4259-410f-9c45-4fe6d7f6d0ae,1177,acquisition,36258661164,0.9820642104082513
170efdf4-4259-410f-9c45-4fe6d7f6d0ae,1177,general,80,2.1667964097544998e-09
170efdf4-4259-410f-9c45-4fe6d7f6d0ae,1177,general/extracellular_ephys,869,2.3536826000958254e-08
170efdf4-4259-410f-9c45-4fe6d7f6d0ae,1177,general/subject,96,2.6001556917054e-09
170efdf4-4259-410f-9c45-4fe6d7f6d0ae,1177,other,80,2.1667964097544998e-09
170efdf4-4259-410f-9c45-4fe6d7f6d0ae,1177,processing/ecephys,662203408,0.017935749587269928
170efdf4-4259-410f-9c45-4fe6d7f6d0ae,1177,specifications,352,9.533904202919799e-09
1719e94b-f64a-4a11-8cfa-ac99f6966057,728,acquisition,48254059937,0.9999999854105542
1719e94b-f64a-4a11-8cfa-ac99f6966057,728,general,96,1.989469875172158e-09
1719e94b-f64a-4a11-8cfa-ac99f6966057,728,general/optophysiology,96,1.989469875172158e-09
1719e94b-f64a-4a11-8cfa-ac99f6966057,728,general/subject,112,2.3210481877008506e-09
1719e94b-f64a-4a11-8cfa-ac99f6966057,728,other,80,1.6578915626434648e-09
1719e94b-f64a-4a11-8cfa-ac99f6966057,728,specifications,320,6.631566250573859e-09
175c8478-27d5-4e76-bc29-b097b6b05d04,1465,acquisition,14508028,0.661384897550273
175c8478-27d5-4e76-bc29-b097b6b05d04,1465,general,330,1.504387889185147e-05
175c8478-27d5-4e76-bc29-b097b6b05d04,1465,general/intracellular_ephys,1476,6.728716740719021e-05
175c8478-27d5-4e76-bc29-b097b6b05d04,1465,general/labnotebook,2529617,0.11531894482051103
175c8478-27d5-4e76-bc29-b097b6b05d04,1465,general/results,135506,0.006177381373088561
175c8478-27d5-4e76-bc29-b097b6b05d04,1465,general/stimsets,482260,0.02198503343752815
175c8478-27d5-4e76-bc29-b097b6b05d04,1465,general/subject,80,3.647000943479144e-06
175c8478-27d5-4e76-bc29-b097b6b05d04,1465,general/testpulse,2448692,0.1116297754286229
175c8478-27d5-4e76-bc29-b097b6b05d04,1465,general/user_comment,14,6.382251651088502e-07
175c8478-27d5-4e76-bc29-b097b6b05d04,1465,intervals,476238,0.02171050544150776
175c8478-27d5-4e76-bc29-b097b6b05d04,1465,other,108,4.923451273696845e-06
175c8478-27d5-4e76-bc29-b097b6b05d04,1465,processing/spikes,3382,0.0001541769648855808
175c8478-27d5-4e76-bc29-b097b6b05d04,1465,specifications,288,1.312920339652492e-05
175c8478-27d5-4e76-bc29-b097b6b05d04,1465,stimulus,1349813,0.061534616056505176
17621467-b075-4e62-aa88-de3e52b83bed,713,acquisition,8069504,0.042437778343462615
17621467-b075-4e62-aa88-de3e52b83bed,713,general,80,4.207225459553659e-07
17621467-b075-4e62-aa88-de3e52b83bed,713,general/subject,96,5.048670551464391e-07
17621467-b075-4e62-aa88-de3e52b83bed,713,intervals,923088,0.004854549168760585
17621467-b075-4e62-aa88-de3e52b83bed,713,other,80,4.207225459553659e-07
17621467-b075-4e62-aa88-de3e52b83bed,713,processing/licking,58064,0.0003053604238544046
17621467-b075-4e62-aa88-de3e52b83bed,713,processing/rewards,2300,1.2095773196216771e-05
17621467-b075-4e62-aa88-de3e52b83bed,713,processing/running,11095568,0.058351945222261094
17621467-b075-4e62-aa88-de3e52b83bed,713,processing/stimulus,4034752,0.021218889171731307
17621467-b075-4e62-aa88-de3e52b83bed,713,specifications,480,2.5243352757321955e-06
17621467-b075-4e62-aa88-de3e52b83bed,713,stimulus,165965056,0.872815511249311
1793a8da-bb52-49ee-b4b5-73ddaec28df9,711,acquisition,8637984,0.04463807858915712
1793a8da-bb52-49ee-b4b5-73ddaec28df9,711,general,80,4.1341200529343065e-07
1793a8da-bb52-49ee-b4b5-73ddaec28df9,711,general/subject,96,4.960944063521168e-07
1793a8da-bb52-49ee-b4b5-73ddaec28df9,711,intervals,2635610,0.013619910190892735
1793a8da-bb52-49ee-b4b5-73ddaec28df9,711,other,80,4.1341200529343065e-07
1793a8da-bb52-49ee-b4b5-73ddaec28df9,711,processing/licking,72656,0.00037546078320749375
1793a8da-bb52-49ee-b4b5-73ddaec28df9,711,processing/rewards,3325,1.7182436470008213e-05
1793a8da-bb52-49ee-b4b5-73ddaec28df9,711,processing/running,11877228,0.061377358060091036
1793a8da-bb52-49ee-b4b5-73ddaec28df9,711,processing/stimulus,4318992,0.02231903929457856
1793a8da-bb52-49ee-b4b5-73ddaec28df9,711,specifications,480,2.480472031760584e-06
1793a8da-bb52-49ee-b4b5-73ddaec28df9,711,stimulus,165965024,0.8576491672551544
17a3ceae-5903-41ae-a271-ba63742610ba,1603,acquisition,28009158543,0.9999990531677397
17a3ceae-5903-41ae-a271-ba63742610ba,1603,general,160,5.71241182633904e-09
17a3ceae-5903-41ae-a271-ba63742610ba,1603,general/extracellular_ephys,25880,9.239826129103398e-07
17a3ceae-5903-41ae-a271-ba63742610ba,1603,general/subject,80,2.85620591316952e-09
17a3ceae-5903-41ae-a271-ba63742610ba,1603,other,80,2.85620591316952e-09
17a3ceae-5903-41ae-a271-ba63742610ba,1603,specifications,320,1.142482365267808e-08
17abef46-c353-4982-ac7b-e28ece0c3b41,1333,general,160,0.00025776849811184573
17abef46-c353-4982-ac7b-e28ece0c3b41,1333,general/extracellular_ephys,768,0.0012372887909368596
17abef46-c353-4982-ac7b-e28ece0c3b41,1333,general/subject,80,0.00012888424905592287
17abef46-c353-4982-ac7b-e28ece0c3b41,1333,other,80,0.00012888424905592287
17abef46-c353-4982-ac7b-e28ece0c3b41,1333,processing/ecephys,619304,0.9977316372166157
17abef46-c353-4982-ac7b-e28ece0c3b41,1333,specifications,320,0.0005155369962236915
17d26a20-2532-434b-93af-645675f72f82,8,acquisition,8272561,0.9928038602473704
17d26a20-2532-434b-93af-645675f72f82,8,general,80,9.600933594782756e-06
17d26a20-2532-434b-93af-645675f72f82,8,general/DandiIcephysMetadata,192,2.3042240627478616e-05
17d26a20-2532-434b-93af-645675f72f82,8,general/intracellular_ephys,3355,0.00040263915263120183
17d26a20-2532-434b-93af-645675f72f82,8,general/subject,112,1.344130703269586e-05
17d26a20-2532-434b-93af-645675f72f82,8,other,80,9.600933594782756e-06
17d26a20-2532-434b-93af-645675f72f82,8,specifications,320,3.8403734379131025e-05
17d26a20-2532-434b-93af-645675f72f82,8,stimulus,55823,0.006699411450769473
18051e63-2452-4e9d-8a71-3d41ceef71dd,988,acquisition,473537784,0.9999994931769196
18051e63-2452-4e9d-8a71-3d41ceef71dd,988,general,80,1.689410267928136e-07
18051e63-2452-4e9d-8a71-3d41ceef71dd,988,general/subject,80,1.689410267928136e-07
18051e63-2452-4e9d-8a71-3d41ceef71dd,988,other,80,1.689410267928136e-07
1816c26b-b648-473f-9942-3d2f686696e4,1746,acquisition,12000960,0.49998800124787024
1816c26b-b648-473f-9942-3d2f686696e4,1746,general,112,4.666181383802751e-06
1816c26b-b648-473f-9942-3d2f686696e4,1746,general/intracellular_ephys,32,1.3331946810865004e-06
1816c26b-b648-473f-9942-3d2f686696e4,1746,general/subject,80,3.332986702716251e-06
1816c26b-b648-473f-9942-3d2f686696e4,1746,other,80,3.332986702716251e-06
1816c26b-b648-473f-9942-3d2f686696e4,1746,specifications,272,1.1332154789235253e-05
1816c26b-b648-473f-9942-3d2f686696e4,1746,stimulus,12000960,0.49998800124787024
18281944-cf96-47e0-892f-638927d7c8e8,1445,acquisition,1148,0.6434977578475336
18281944-cf96-47e0-892f-638927d7c8e8,1445,general,48,0.026905829596412557
18281944-cf96-47e0-892f-638927d7c8e8,1445,general/extracellular_ephys,108,0.06053811659192825
18281944-cf96-47e0-892f-638927d7c8e8,1445,general/subject,80,0.04484304932735426
18281944-cf96-47e0-892f-638927d7c8e8,1445,other,80,0.04484304932735426
18281944-cf96-47e0-892f-638927d7c8e8,1445,specifications,320,0.17937219730941703
183b685c-c1c9-44d9-8cb6-4787ab29023a,1625,acquisition,17728026,0.648784686947209
183b685c-c1c9-44d9-8cb6-4787ab29023a,1625,general,330,1.207686330630263e-05
183b685c-c1c9-44d9-8cb6-4787ab29023a,1625,general/intracellular_ephys,1472,5.387012965720446e-05
183b685c-c1c9-44d9-8cb6-4787ab29023a,1625,general/labnotebook,3386979,0.1239517648615684
183b685c-c1c9-44d9-8cb6-4787ab29023a,1625,general/results,168958,0.006183280819715999
183b685c-c1c9-44d9-8cb6-4787ab29023a,1625,general/stimsets,507723,0.01858091293474512
183b685c-c1c9-44d9-8cb6-4787ab29023a,1625,general/subject,80,2.9277244378915466e-06
183b685c-c1c9-44d9-8cb6-4787ab29023a,1625,general/testpulse,3473202,0.12710722966417243
183b685c-c1c9-44d9-8cb6-4787ab29023a,1625,general/user_comment,14,5.123517766310206e-07
183b685c-c1c9-44d9-8cb6-4787ab29023a,1625,intervals,309673,0.011332965123189861
183b685c-c1c9-44d9-8cb6-4787ab29023a,1625,other,108,3.9524279911535875e-06
183b685c-c1c9-44d9-8cb6-4787ab29023a,1625,processing/spikes,9322,0.00034115309012531245
183b685c-c1c9-44d9-8cb6-4787ab29023a,1625,specifications,288,1.0539807976409567e-05
183b685c-c1c9-44d9-8cb6-4787ab29023a,1625,stimulus,1738801,0.06363412725412823
183bce35-21da-48a4-8ce3-078a4a79d0bd,239,general,48,0.00037896133015426887
183bce35-21da-48a4-8ce3-078a4a79d0bd,239,general/subject,96,0.0007579226603085377
183bce35-21da-48a4-8ce3-078a4a79d0bd,239,intervals,126118,0.9957051049249183
183bce35-21da-48a4-8ce3-078a4a79d0bd,239,other,80,0.0006316022169237814
183bce35-21da-48a4-8ce3-078a4a79d0bd,239,specifications,320,0.0025264088676951258
1840adac-4efb-40c8-b143-3d6189c1d2b3,1832,acquisition,6891075,0.9991612124938015
1840adac-4efb-40c8-b143-3d6189c1d2b3,1832,general,272,3.9438237110801145e-05
1840adac-4efb-40c8-b143-3d6189c1d2b3,1832,general/optophysiology,296,4.291808156175419e-05
1840adac-4efb-40c8-b143-3d6189c1d2b3,1832,general/subject,80,1.1599481503176808e-05
1840adac-4efb-40c8-b143-3d6189c1d2b3,1832,intervals,147,2.1314047262087384e-05
1840adac-4efb-40c8-b143-3d6189c1d2b3,1832,other,80,1.1599481503176808e-05
1840adac-4efb-40c8-b143-3d6189c1d2b3,1832,processing/ophys,4558,0.0006608804586434986
1840adac-4efb-40c8-b143-3d6189c1d2b3,1832,specifications,352,5.1037718613977954e-05
1844133d-8226-45af-800e-8fc4f87d94cb,1284,acquisition,756585282,0.999999259832832
1844133d-8226-45af-800e-8fc4f87d94cb,1284,general,64,8.459053348238573e-08
1844133d-8226-45af-800e-8fc4f87d94cb,1284,general/subject,96,1.2688580022357859e-07
1844133d-8226-45af-800e-8fc4f87d94cb,1284,other,80,1.0573816685298216e-07
1844133d-8226-45af-800e-8fc4f87d94cb,1284,specifications,320,4.2295266741192864e-07
184ad3b4-dcec-498c-84ed-911b211fe99a,1780,acquisition,9374080,0.004429249222118917
184ad3b4-dcec-498c-84ed-911b211fe99a,1780,general,112,5.291995725205233e-08
184ad3b4-dcec-498c-84ed-911b211fe99a,1780,general/optophysiology,648,3.061797526725885e-07
184ad3b4-dcec-498c-84ed-911b211fe99a,1780,general/subject,96,4.5359963358901997e-08
184ad3b4-dcec-498c-84ed-911b211fe99a,1780,intervals,3720496,0.00175793293996814
184ad3b4-dcec-498c-84ed-911b211fe99a,1780,other,80,3.779996946575167e-08
184ad3b4-dcec-498c-84ed-911b211fe99a,1780,processing/behavior,12057201,0.005697022870530381
184ad3b4-dcec-498c-84ed-911b211fe99a,1780,processing/plane-0,204876158,0.09680390645825643
184ad3b4-dcec-498c-84ed-911b211fe99a,1780,processing/plane-1,240594314,0.11368072153541836
184ad3b4-dcec-498c-84ed-911b211fe99a,1780,processing/plane-2,279490712,0.1320592547445149
184ad3b4-dcec-498c-84ed-911b211fe99a,1780,processing/plane-3,262642088,0.12409828633526578
184ad3b4-dcec-498c-84ed-911b211fe99a,1780,processing/plane-4,170691039,0.08065145077846783
184ad3b4-dcec-498c-84ed-911b211fe99a,1780,processing/plane-5,101869450,0.04813327624366145
184ad3b4-dcec-498c-84ed-911b211fe99a,1780,specifications,320,1.5119987786300667e-07
184ad3b4-dcec-498c-84ed-911b211fe99a,1780,stimulus,831087032,0.3926883054122772
1875116a-7d7a-42b4-9859-2fbe05a35d55,21,acquisition,1775954540,0.9984742074627233
1875116a-7d7a-42b4-9859-2fbe05a35d55,21,general,48,2.6986480159683996e-08
1875116a-7d7a-42b4-9859-2fbe05a35d55,21,general/extracellular_ephys,9159,5.149357745469702e-06
1875116a-7d7a-42b4-9859-2fbe05a35d55,21,general/subject,80,4.4977466932806656e-08
1875116a-7d7a-42b4-9859-2fbe05a35d55,21,other,80,4.4977466932806656e-08
1875116a-7d7a-42b4-9859-2fbe05a35d55,21,processing/current_source_density,2704224,0.001520364319236277
1875116a-7d7a-42b4-9859-2fbe05a35d55,21,specifications,288,1.6191888095810398e-07
18b39e00-0389-4880-a30e-da418e96e6dd,1607,general,96,0.0037121534356753414
18b39e00-0389-4880-a30e-da418e96e6dd,1607,general/extracellular_ephys,22656,0.8760682108193806
18b39e00-0389-4880-a30e-da418e96e6dd,1607,general/subject,128,0.004949537914233788
18b39e00-0389-4880-a30e-da418e96e6dd,1607,intervals,533,0.020610185220989133
18b39e00-0389-4880-a30e-da418e96e6dd,1607,other,80,0.0030934611963961177
18b39e00-0389-4880-a30e-da418e96e6dd,1607,scratch,2016,0.07795522214918217
18b39e00-0389-4880-a30e-da418e96e6dd,1607,specifications,352,0.013611229264142918
18ca8283-8b6a-4675-b2dd-a6234eb3445d,628,general,154,8.559844988988926e-05
18ca8283-8b6a-4675-b2dd-a6234eb3445d,628,general/subject,80,4.446672721552689e-05
18ca8283-8b6a-4675-b2dd-a6234eb3445d,628,other,80,4.446672721552689e-05
18ca8283-8b6a-4675-b2dd-a6234eb3445d,628,processing/ecephys,1798464,0.999647601186817
18ca8283-8b6a-4675-b2dd-a6234eb3445d,628,specifications,320,0.00017786690886210756
18cd9e22-8007-4df4-a8d9-44cfec58dfb1,1452,acquisition,3280656,0.9998537092031541
18cd9e22-8007-4df4-a8d9-44cfec58dfb1,1452,general/intracellular_ephys,16,4.87635989486568e-06
18cd9e22-8007-4df4-a8d9-44cfec58dfb1,1452,general/subject,64,1.950543957946272e-05
18cd9e22-8007-4df4-a8d9-44cfec58dfb1,1452,other,80,2.4381799474328403e-05
18cd9e22-8007-4df4-a8d9-44cfec58dfb1,1452,specifications,320,9.752719789731361e-05
18d07e38-deaf-4882-adc2-0fda4c1f4ac1,1702,general,192,0.27906976744186046
18d07e38-deaf-4882-adc2-0fda4c1f4ac1,1702,general/subject,96,0.13953488372093023
18d07e38-deaf-4882-adc2-0fda4c1f4ac1,1702,other,80,0.11627906976744186
18d07e38-deaf-4882-adc2-0fda4c1f4ac1,1702,specifications,320,0.46511627906976744
18ea9733-da57-454c-b4d8-5bff7d9b7090,1746,acquisition,9400752,0.4999846825457609
18ea9733-da57-454c-b4d8-5bff7d9b7090,1746,general,112,5.9567877596521235e-06
18ea9733-da57-454c-b4d8-5bff7d9b7090,1746,general/intracellular_ephys,32,1.7019393599006068e-06
18ea9733-da57-454c-b4d8-5bff7d9b7090,1746,general/subject,80,4.254848399751517e-06
18ea9733-da57-454c-b4d8-5bff7d9b7090,1746,other,80,4.254848399751517e-06
18ea9733-da57-454c-b4d8-5bff7d9b7090,1746,specifications,272,1.4466484559155157e-05
18ea9733-da57-454c-b4d8-5bff7d9b7090,1746,stimulus,9400752,0.4999846825457609
18ef907c-f69a-41cb-97a2-a61a08c50599,1465,acquisition,16751129,0.630377994328862
18ef907c-f69a-41cb-97a2-a61a08c50599,1465,general,330,1.2418550303595922e-05
18ef907c-f69a-41cb-97a2-a61a08c50599,1465,general/intracellular_ephys,1365,5.1367639892146775e-05
18ef907c-f69a-41cb-97a2-a61a08c50599,1465,general/labnotebook,5183048,0.19504831004227952
18ef907c-f69a-41cb-97a2-a61a08c50599,1465,general/results,135630,0.005104024174777924
18ef907c-f69a-41cb-97a2-a61a08c50599,1465,general/stimsets,401170,0.015096817652404776
18ef907c-f69a-41cb-97a2-a61a08c50599,1465,general/subject,80,3.0105576493565873e-06
18ef907c-f69a-41cb-97a2-a61a08c50599,1465,general/testpulse,3018128,0.11357810421421623
18ef907c-f69a-41cb-97a2-a61a08c50599,1465,general/user_comment,14,5.268475886374028e-07
18ef907c-f69a-41cb-97a2-a61a08c50599,1465,intervals,115391,0.0043423907214613245
18ef907c-f69a-41cb-97a2-a61a08c50599,1465,other,108,4.064252826631393e-06
18ef907c-f69a-41cb-97a2-a61a08c50599,1465,processing/spikes,19298,0.0007262217689660428
18ef907c-f69a-41cb-97a2-a61a08c50599,1465,specifications,288,1.0838007537683714e-05
18ef907c-f69a-41cb-97a2-a61a08c50599,1465,stimulus,947171,0.0356439112412341
18efee01-0301-4f53-855d-e9a415d73289,1452,acquisition,800160,0.999400479616307
18efee01-0301-4f53-855d-e9a415d73289,1452,general/intracellular_ephys,16,1.9984012789768187e-05
18efee01-0301-4f53-855d-e9a415d73289,1452,general/subject,64,7.993605115907275e-05
18efee01-0301-4f53-855d-e9a415d73289,1452,other,80,9.992006394884092e-05
18efee01-0301-4f53-855d-e9a415d73289,1452,specifications,320,0.0003996802557953637
18ffa9f6-52f1-4d51-a1c1-308701e11d6c,678,acquisition,15105176,0.9948926147620453
18ffa9f6-52f1-4d51-a1c1-308701e11d6c,678,general,32,2.1076592336551025e-06
18ffa9f6-52f1-4d51-a1c1-308701e11d6c,678,general/subject,64,4.215318467310205e-06
18ffa9f6-52f1-4d51-a1c1-308701e11d6c,678,intervals,77064,0.005075770349449901
18ffa9f6-52f1-4d51-a1c1-308701e11d6c,678,other,80,5.269148084137757e-06
18ffa9f6-52f1-4d51-a1c1-308701e11d6c,678,specifications,304,2.0022762719723475e-05
190a0b89-6e78-48ff-81f8-24b94b826a7f,1702,general,192,0.27906976744186046
190a0b89-6e78-48ff-81f8-24b94b826a7f,1702,general/subject,96,0.13953488372093023
190a0b89-6e78-48ff-81f8-24b94b826a7f,1702,other,80,0.11627906976744186
190a0b89-6e78-48ff-81f8-24b94b826a7f,1702,specifications,320,0.46511627906976744
190f7d16-af82-40b3-a410-70e51b9ff00c,289,acquisition,14305163352,0.9993366969860054
190f7d16-af82-40b3-a410-70e51b9ff00c,289,general,32,2.235470753927548e-09
190f7d16-af82-40b3-a410-70e51b9ff00c,289,general/optophysiology,88,6.1475445733007575e-09
190f7d16-af82-40b3-a410-70e51b9ff00c,289,general/subject,96,6.706412261782644e-09
190f7d16-af82-40b3-a410-70e51b9ff00c,289,intervals,96,6.706412261782644e-09
190f7d16-af82-40b3-a410-70e51b9ff00c,289,other,80,5.58867688481887e-09
190f7d16-af82-40b3-a410-70e51b9ff00c,289,processing/behavior,528864,3.694562515016059e-05
190f7d16-af82-40b3-a410-70e51b9ff00c,289,processing/ophys,8965380,0.0006263076496202175
190f7d16-af82-40b3-a410-70e51b9ff00c,289,specifications,320,2.235470753927548e-08
192628eb-35ab-4c1c-9083-56552719226a,467,acquisition,83886088,0.9999896050589985
192628eb-35ab-4c1c-9083-56552719226a,467,general,240,2.8609929362084404e-06
192628eb-35ab-4c1c-9083-56552719226a,467,general/optophysiology,136,1.6212293305181162e-06
192628eb-35ab-4c1c-9083-56552719226a,467,general/subject,96,1.1443971744833762e-06
192628eb-35ab-4c1c-9083-56552719226a,467,other,80,9.536643120694802e-07
192628eb-35ab-4c1c-9083-56552719226a,467,specifications,320,3.814657248277921e-06
1927fb9b-6545-49fa-958c-b236e7157dee,1837,acquisition,1708,0.7286689419795221
1927fb9b-6545-49fa-958c-b236e7157dee,1837,general,48,0.020477815699658702
1927fb9b-6545-49fa-958c-b236e7157dee,1837,general/extracellular_ephys,108,0.04607508532423208
1927fb9b-6545-49fa-958c-b236e7157dee,1837,general/subject,80,0.034129692832764506
1927fb9b-6545-49fa-958c-b236e7157dee,1837,other,80,0.034129692832764506
1927fb9b-6545-49fa-958c-b236e7157dee,1837,specifications,320,0.13651877133105803
192bb6ec-22d5-45f2-b9e7-699fce7cef26,1048,acquisition,683723601,0.9999991809562512
192bb6ec-22d5-45f2-b9e7-699fce7cef26,1048,general,64,9.360499986777563e-08
192bb6ec-22d5-45f2-b9e7-699fce7cef26,1048,general/subject,96,1.4040749980166343e-07
192bb6ec-22d5-45f2-b9e7-699fce7cef26,1048,other,80,1.1700624983471954e-07
192bb6ec-22d5-45f2-b9e7-699fce7cef26,1048,specifications,320,4.6802499933887814e-07
193e81a5-a799-4b13-b32c-c7c78c7b7a86,1461,acquisition,7145778,0.004474240010100751
193e81a5-a799-4b13-b32c-c7c78c7b7a86,1461,general,32,2.003640195976198e-08
193e81a5-a799-4b13-b32c-c7c78c7b7a86,1461,general/optophysiology,856,5.359737524236329e-07
193e81a5-a799-4b13-b32c-c7c78c7b7a86,1461,general/subject,96,6.010920587928594e-08
193e81a5-a799-4b13-b32c-c7c78c7b7a86,1461,intervals,749112,0.000469047160777538
193e81a5-a799-4b13-b32c-c7c78c7b7a86,1461,other,80,5.0091004899404944e-08
193e81a5-a799-4b13-b32c-c7c78c7b7a86,1461,processing/VISal_6,271837340,0.1702075691222651
193e81a5-a799-4b13-b32c-c7c78c7b7a86,1461,processing/VISal_7,94653212,0.059265931325455184
193e81a5-a799-4b13-b32c-c7c78c7b7a86,1461,processing/VISl_2,281065680,0.17598577942418228
193e81a5-a799-4b13-b32c-c7c78c7b7a86,1461,processing/VISl_3,111264224,0.06966670986890612
193e81a5-a799-4b13-b32c-c7c78c7b7a86,1461,processing/VISp_0,260763332,0.1632737167599645
193e81a5-a799-4b13-b32c-c7c78c7b7a86,1461,processing/VISp_1,111264224,0.06966670986890612
193e81a5-a799-4b13-b32c-c7c78c7b7a86,1461,processing/VISrl_4,316133372,0.1979429785714676
193e81a5-a799-4b13-b32c-c7c78c7b7a86,1461,processing/VISrl_5,137103576,0.08584569871427424
193e81a5-a799-4b13-b32c-c7c78c7b7a86,1461,processing/running,5034860,0.003152514961597725
193e81a5-a799-4b13-b32c-c7c78c7b7a86,1461,processing/stimulus,76832,4.810740110538851e-05
193e81a5-a799-4b13-b32c-c7c78c7b7a86,1461,specifications,528,3.3060063233607263e-07
19430f4b-9fda-4492-bac3-47c5ca072fa3,1455,acquisition,2154204,0.7086640283438768
19430f4b-9fda-4492-bac3-47c5ca072fa3,1455,general,239,7.862333501106977e-05
19430f4b-9fda-4492-bac3-47c5ca072fa3,1455,general/intracellular_ephys,472,0.00015527286244863988
19430f4b-9fda-4492-bac3-47c5ca072fa3,1455,general/labnotebook,79164,0.026042417124754507
19430f4b-9fda-4492-bac3-47c5ca072fa3,1455,general/stimsets,503363,0.1655902836032515
19430f4b-9fda-4492-bac3-47c5ca072fa3,1455,general/subject,112,3.684440803866031e-05
19430f4b-9fda-4492-bac3-47c5ca072fa3,1455,general/testpulse,116502,0.03832542165464289
19430f4b-9fda-4492-bac3-47c5ca072fa3,1455,general/user_comment,34,1.1184909583164737e-05
19430f4b-9fda-4492-bac3-47c5ca072fa3,1455,other,101,3.32257608205776e-05
19430f4b-9fda-4492-bac3-47c5ca072fa3,1455,processing/spikes,1556,0.0005118740973942451
19430f4b-9fda-4492-bac3-47c5ca072fa3,1455,specifications,288,9.474276352798366e-05
19430f4b-9fda-4492-bac3-47c5ca072fa3,1455,stimulus,183775,0.060456081136649985
19525b90-3a94-45c1-829d-c01fec0f3ad0,220,acquisition,36552544,0.6009090307102819
19525b90-3a94-45c1-829d-c01fec0f3ad0,220,general,64,1.0521340994886169e-06
19525b90-3a94-45c1-829d-c01fec0f3ad0,220,general/DandiIcephysMetadata,64,1.0521340994886169e-06
19525b90-3a94-45c1-829d-c01fec0f3ad0,220,general/intracellular_ephys,16700,0.00027454124158531095
19525b90-3a94-45c1-829d-c01fec0f3ad0,220,general/subject,64,1.0521340994886169e-06
19525b90-3a94-45c1-829d-c01fec0f3ad0,220,other,80,1.315167624360771e-06
19525b90-3a94-45c1-829d-c01fec0f3ad0,220,specifications,352,5.7867375471873924e-06
19525b90-3a94-45c1-829d-c01fec0f3ad0,220,stimulus,24258880,0.39880616974066274
195e556c-7924-417d-885a-5217456c7e2f,1348,acquisition,13553565,0.5596538788491736
195e556c-7924-417d-885a-5217456c7e2f,1348,general,330,1.3626361774206808e-05
195e556c-7924-417d-885a-5217456c7e2f,1348,general/intracellular_ephys,1243,5.1325962682845645e-05
195e556c-7924-417d-885a-5217456c7e2f,1348,general/labnotebook,2114149,0.08729745187447742
195e556c-7924-417d-885a-5217456c7e2f,1348,general/results,104410,0.004311298281348281
195e556c-7924-417d-885a-5217456c7e2f,1348,general/stimsets,375751,0.015515512312181765
195e556c-7924-417d-885a-5217456c7e2f,1348,general/subject,80,3.3033604301107413e-06
195e556c-7924-417d-885a-5217456c7e2f,1348,general/testpulse,7142150,0.2949136961989429
195e556c-7924-417d-885a-5217456c7e2f,1348,general/user_comment,14,5.780880752693797e-07
195e556c-7924-417d-885a-5217456c7e2f,1348,intervals,136569,0.005639207882247423
195e556c-7924-417d-885a-5217456c7e2f,1348,other,106,4.376952569896733e-06
195e556c-7924-417d-885a-5217456c7e2f,1348,processing/spikes,1640,6.77188888172702e-05
195e556c-7924-417d-885a-5217456c7e2f,1348,specifications,288,1.1892097548398669e-05
195e556c-7924-417d-885a-5217456c7e2f,1348,stimulus,787468,0.03251613288973057
195eeaf4-e335-48dd-95cf-b33303f375eb,1620,acquisition,2207580,0.9996377435042882
195eeaf4-e335-48dd-95cf-b33303f375eb,1620,general,208,9.418668888506508e-05
195eeaf4-e335-48dd-95cf-b33303f375eb,1620,general/optophysiology,80,3.6225649571178875e-05
195eeaf4-e335-48dd-95cf-b33303f375eb,1620,general/subject,80,3.6225649571178875e-05
195eeaf4-e335-48dd-95cf-b33303f375eb,1620,other,80,3.6225649571178875e-05
195eeaf4-e335-48dd-95cf-b33303f375eb,1620,specifications,352,0.00015939285811318704
196492eb-95a8-412a-b96f-76d8170258b2,579,acquisition,205393503,0.5008476334021521
196492eb-95a8-412a-b96f-76d8170258b2,579,general,256,6.242504863990316e-07
196492eb-95a8-412a-b96f-76d8170258b2,579,general/optophysiology,456,1.111946178898275e-06
196492eb-95a8-412a-b96f-76d8170258b2,579,general/subject,112,2.731095877995763e-07
196492eb-95a8-412a-b96f-76d8170258b2,579,intervals,169668,0.0004137317637748082
196492eb-95a8-412a-b96f-76d8170258b2,579,other,80,1.9507827699969736e-07
196492eb-95a8-412a-b96f-76d8170258b2,579,processing/behavior,24714592,0.06026600030138131
196492eb-95a8-412a-b96f-76d8170258b2,579,processing/ophys,179812772,0.43846957180374285
196492eb-95a8-412a-b96f-76d8170258b2,579,specifications,352,8.583444187986684e-07
19829e38-5421-4cab-b918-11739964d4bf,1841,acquisition,845189,0.9684582384189129
19829e38-5421-4cab-b918-11739964d4bf,1841,general,64,7.333428056779067e-05
19829e38-5421-4cab-b918-11739964d4bf,1841,general/intracellular_ephys,2471,0.0028313907387970427
19829e38-5421-4cab-b918-11739964d4bf,1841,general/subject,80,9.166785070973833e-05
19829e38-5421-4cab-b918-11739964d4bf,1841,other,80,9.166785070973833e-05
19829e38-5421-4cab-b918-11739964d4bf,1841,specifications,320,0.00036667140283895333
19829e38-5421-4cab-b918-11739964d4bf,1841,stimulus,24512,0.028087029457463827
19842749-7a69-489a-bc57-ca5dc47b72cd,1271,acquisition,512233,0.9989079414110567
19842749-7a69-489a-bc57-ca5dc47b72cd,1271,general,64,0.0001248066958792339
19842749-7a69-489a-bc57-ca5dc47b72cd,1271,general/subject,96,0.00018721004381885088
19842749-7a69-489a-bc57-ca5dc47b72cd,1271,other,80,0.0001560083698490424
19842749-7a69-489a-bc57-ca5dc47b72cd,1271,specifications,320,0.0006240334793961696
1995d964-1763-4c5e-9645-fc64f3b9282f,1550,acquisition,441958,0.6312044582694214
1995d964-1763-4c5e-9645-fc64f3b9282f,1550,general,176,0.00025136321699215347
1995d964-1763-4c5e-9645-fc64f3b9282f,1550,general/subject,96,0.00013710720926844735
1995d964-1763-4c5e-9645-fc64f3b9282f,1550,general/task,4232,0.006044142808584054
1995d964-1763-4c5e-9645-fc64f3b9282f,1550,intervals,253192,0.36160883884475753
1995d964-1763-4c5e-9645-fc64f3b9282f,1550,other,80,0.00011425600772370613
1995d964-1763-4c5e-9645-fc64f3b9282f,1550,specifications,448,0.0006398336432527543
19ca0b38-b5c0-49ce-8814-8006ceac9f96,22,acquisition,1709784987,0.998415928972004
19ca0b38-b5c0-49ce-8814-8006ceac9f96,22,general,48,2.8029234643558253e-08
19ca0b38-b5c0-49ce-8814-8006ceac9f96,22,general/extracellular_ephys,7998,4.670371222482894e-06
19ca0b38-b5c0-49ce-8814-8006ceac9f96,22,general/subject,80,4.671539107259709e-08
19ca0b38-b5c0-49ce-8814-8006ceac9f96,22,other,80,4.671539107259709e-08
19ca0b38-b5c0-49ce-8814-8006ceac9f96,22,processing/current_source_density,2704224,0.0015791110213487847
19ca0b38-b5c0-49ce-8814-8006ceac9f96,22,specifications,288,1.681754078613495e-07
19ca9157-5075-492e-91d4-e60a3b79e6f7,1702,general,272,0.3541666666666667
19ca9157-5075-492e-91d4-e60a3b79e6f7,1702,general/subject,96,0.125
19ca9157-5075-492e-91d4-e60a3b79e6f7,1702,other,80,0.10416666666666667
19ca9157-5075-492e-91d4-e60a3b79e6f7,1702,specifications,320,0.4166666666666667
19d73ac7-4ef4-4066-a286-5069102910ab,1871,general,192,2.062417342179958e-05
19d73ac7-4ef4-4066-a286-5069102910ab,1871,general/subject,80,8.593405592416492e-06
19d73ac7-4ef4-4066-a286-5069102910ab,1871,intervals,45360,0.0048724609709001505
19d73ac7-4ef4-4066-a286-5069102910ab,1871,other,80,8.593405592416492e-06
19d73ac7-4ef4-4066-a286-5069102910ab,1871,processing/behavior,9263432,0.9950553544221236
19d73ac7-4ef4-4066-a286-5069102910ab,1871,specifications,320,3.437362236966597e-05
19ddcdc2-9b7b-451b-96f4-e69b7b340276,1361,acquisition,48,1.1728621857316996e-07
19ddcdc2-9b7b-451b-96f4-e69b7b340276,1361,general,32,7.81908123821133e-08
19ddcdc2-9b7b-451b-96f4-e69b7b340276,1361,general/optophysiology,104,2.5412014024186823e-07
19ddcdc2-9b7b-451b-96f4-e69b7b340276,1361,general/subject,64,1.563816247642266e-07
19ddcdc2-9b7b-451b-96f4-e69b7b340276,1361,other,80,1.9547703095528326e-07
19ddcdc2-9b7b-451b-96f4-e69b7b340276,1361,processing/behavior,3359472,0.008208745151717592
19ddcdc2-9b7b-451b-96f4-e69b7b340276,1361,processing/ophys,405895124,0.9917896714843317
19ddcdc2-9b7b-451b-96f4-e69b7b340276,1361,specifications,320,7.81908123821133e-07
19ffa0fc-6c21-4769-9e71-44aab5fbc500,1688,acquisition,76733472,0.9622731623298427
19ffa0fc-6c21-4769-9e71-44aab5fbc500,1688,general,288,3.6116529531075397e-06
19ffa0fc-6c21-4769-9e71-44aab5fbc500,1688,general/extracellular_ephys,549,6.884713441861247e-06
19ffa0fc-6c21-4769-9e71-44aab5fbc500,1688,general/subject,80,1.003236931418761e-06
19ffa0fc-6c21-4769-9e71-44aab5fbc500,1688,other,80,1.003236931418761e-06
19ffa0fc-6c21-4769-9e71-44aab5fbc500,1688,processing/behavior,3007060,0.03770992058740124
19ffa0fc-6c21-4769-9e71-44aab5fbc500,1688,specifications,352,4.4142424982425485e-06
1a0fdcd9-d958-401d-be4b-336f4e58423d,1474,acquisition,10983376,0.9999431900946831
1a0fdcd9-d958-401d-be4b-336f4e58423d,1474,general,160,1.4566642388929352e-05
1a0fdcd9-d958-401d-be4b-336f4e58423d,1474,general/subject,64,5.826656955571741e-06
1a0fdcd9-d958-401d-be4b-336f4e58423d,1474,other,80,7.283321194464676e-06
1a0fdcd9-d958-401d-be4b-336f4e58423d,1474,specifications,320,2.9133284777858705e-05
1a1d8710-b296-4f80-b72d-d1b0f6c23ade,1545,acquisition,3040760,0.49994212643269964
1a1d8710-b296-4f80-b72d-d1b0f6c23ade,1545,general,176,2.8936783650191114e-05
1a1d8710-b296-4f80-b72d-d1b0f6c23ade,1545,general/intracellular_ephys,488,8.023380921189354e-05
1a1d8710-b296-4f80-b72d-d1b0f6c23ade,1545,general/subject,80,1.3153083477359598e-05
1a1d8710-b296-4f80-b72d-d1b0f6c23ade,1545,other,96,1.5783700172831516e-05
1a1d8710-b296-4f80-b72d-d1b0f6c23ade,1545,specifications,320,5.261233390943839e-05
1a1d8710-b296-4f80-b72d-d1b0f6c23ade,1545,stimulus,3040304,0.4998671538568787
1a2814ba-5e47-4f62-9123-b5abe01809aa,1169,acquisition,209001,0.7473556609238559
1a2814ba-5e47-4f62-9123-b5abe01809aa,1169,general,192,0.0006865626810272695
1a2814ba-5e47-4f62-9123-b5abe01809aa,1169,general/subject,80,0.00028606778376136227
1a2814ba-5e47-4f62-9123-b5abe01809aa,1169,general/task,1040,0.0037188811888977094
1a2814ba-5e47-4f62-9123-b5abe01809aa,1169,intervals,68909,0.2464080613901464
1a2814ba-5e47-4f62-9123-b5abe01809aa,1169,other,80,0.00028606778376136227
1a2814ba-5e47-4f62-9123-b5abe01809aa,1169,specifications,352,0.0012586982485499939
1a2f2bbd-7ccc-4073-b817-3ea8606a0019,1414,acquisition,673514370,0.9999990141274263
1a2f2bbd-7ccc-4073-b817-3ea8606a0019,1414,general,80,1.1877982815748103e-07
1a2f2bbd-7ccc-4073-b817-3ea8606a0019,1414,general/optophysiology,88,1.3065781097322913e-07
1a2f2bbd-7ccc-4073-b817-3ea8606a0019,1414,general/subject,96,1.4253579378897725e-07
1a2f2bbd-7ccc-4073-b817-3ea8606a0019,1414,other,80,1.1877982815748103e-07
1a2f2bbd-7ccc-4073-b817-3ea8606a0019,1414,specifications,320,4.7511931262992414e-07
1a40d1d8-8a5d-4a28-be07-847e925cae32,628,acquisition,290472192,0.9999977071868106
1a40d1d8-8a5d-4a28-be07-847e925cae32,628,general,154,5.301700167800188e-07
1a40d1d8-8a5d-4a28-be07-847e925cae32,628,general/devices,32,1.1016519829195194e-07
1a40d1d8-8a5d-4a28-be07-847e925cae32,628,general/subject,80,2.754129957298799e-07
1a40d1d8-8a5d-4a28-be07-847e925cae32,628,other,80,2.754129957298799e-07
1a40d1d8-8a5d-4a28-be07-847e925cae32,628,specifications,320,1.1016519829195195e-06
1a45e6b3-6d0d-407f-9445-2a0982b661d4,363,acquisition,89820878,0.2650376517683501
1a45e6b3-6d0d-407f-9445-2a0982b661d4,363,general,96,2.832706063033765e-07
1a45e6b3-6d0d-407f-9445-2a0982b661d4,363,general/extracellular_ephys,202752,0.0005982675205127311
1a45e6b3-6d0d-407f-9445-2a0982b661d4,363,general/optogenetics,120,3.540882578792206e-07
1a45e6b3-6d0d-407f-9445-2a0982b661d4,363,general/subject,80,2.3605883858614707e-07
1a45e6b3-6d0d-407f-9445-2a0982b661d4,363,intervals,76000,0.0002242558966568397
1a45e6b3-6d0d-407f-9445-2a0982b661d4,363,other,80,2.3605883858614707e-07
1a45e6b3-6d0d-407f-9445-2a0982b661d4,363,specifications,320,9.442353543445883e-07
1a45e6b3-6d0d-407f-9445-2a0982b661d4,363,units,248798232,0.7341377711025846
1a668378-2a82-4c06-b69e-ded04fd3dc99,766,acquisition,4784,0.9006024096385542
1a668378-2a82-4c06-b69e-ded04fd3dc99,766,general,64,0.012048192771084338
1a668378-2a82-4c06-b69e-ded04fd3dc99,766,general/subject,64,0.012048192771084338
1a668378-2a82-4c06-b69e-ded04fd3dc99,766,other,80,0.015060240963855422
1a668378-2a82-4c06-b69e-ded04fd3dc99,766,specifications,320,0.060240963855421686
1a6afb60-ede6-46bc-9e7b-a0bfa549c910,959,acquisition,16883288,0.9878651990441574
1a6afb60-ede6-46bc-9e7b-a0bfa549c910,959,general,32,1.8723655231974386e-06
1a6afb60-ede6-46bc-9e7b-a0bfa549c910,959,general/subject,80,4.680913807993597e-06
1a6afb60-ede6-46bc-9e7b-a0bfa549c910,959,intervals,206880,0.01210484310747144
1a6afb60-ede6-46bc-9e7b-a0bfa549c910,959,other,80,4.680913807993597e-06
1a6afb60-ede6-46bc-9e7b-a0bfa549c910,959,scratch,48,2.8085482847961577e-06
1a6afb60-ede6-46bc-9e7b-a0bfa549c910,959,specifications,272,1.5915106947178228e-05
1acda188-eec2-493b-b27a-34a60b0a8be3,1051,acquisition,3039209312,0.9991073598767004
1acda188-eec2-493b-b27a-34a60b0a8be3,1051,general,32,1.0519655684726466e-08
1acda188-eec2-493b-b27a-34a60b0a8be3,1051,general/extracellular_ephys,10464,3.4399274089055542e-06
1acda188-eec2-493b-b27a-34a60b0a8be3,1051,general/subject,96,3.15589670541794e-08
1acda188-eec2-493b-b27a-34a60b0a8be3,1051,other,80,2.6299139211816167e-08
1acda188-eec2-493b-b27a-34a60b0a8be3,1051,processing/current_source_density,2704224,0.0008889845429491794
1acda188-eec2-493b-b27a-34a60b0a8be3,1051,specifications,448,1.4727517958617053e-07
1ad89777-a296-40d2-be59-3ee8297f5834,1518,acquisition,36607209,0.9999847027006754
1ad89777-a296-40d2-be59-3ee8297f5834,1518,general,64,1.748262779957992e-06
1ad89777-a296-40d2-be59-3ee8297f5834,1518,general/subject,96,2.622394169936988e-06
1ad89777-a296-40d2-be59-3ee8297f5834,1518,other,80,2.18532847494749e-06
1ad89777-a296-40d2-be59-3ee8297f5834,1518,specifications,320,8.74131389978996e-06
1ad8a921-c3e9-40dc-867d-43d1106735d0,1871,general,192,1.3235252757482192e-05
1ad8a921-c3e9-40dc-867d-43d1106735d0,1871,general/subject,80,5.514688648950913e-06
1ad8a921-c3e9-40dc-867d-43d1106735d0,1871,intervals,77504,0.0053426303631036445
1ad8a921-c3e9-40dc-867d-43d1106735d0,1871,other,80,5.514688648950913e-06
1ad8a921-c3e9-40dc-867d-43d1106735d0,1871,processing/behavior,14428536,0.9946110462522452
1ad8a921-c3e9-40dc-867d-43d1106735d0,1871,specifications,320,2.2058754595803653e-05
1affad22-82b9-4195-bf9b-c9cc6281be53,1634,general,96,0.0009095474054212815
1affad22-82b9-4195-bf9b-c9cc6281be53,1634,general/extracellular_ephys,22656,0.21465318767942243
1affad22-82b9-4195-bf9b-c9cc6281be53,1634,general/subject,128,0.0012127298738950421
1affad22-82b9-4195-bf9b-c9cc6281be53,1634,intervals,779,0.007380598216908107
1affad22-82b9-4195-bf9b-c9cc6281be53,1634,other,80,0.0007579561711844012
1affad22-82b9-4195-bf9b-c9cc6281be53,1634,scratch,81424,0.7714477910314836
1affad22-82b9-4195-bf9b-c9cc6281be53,1634,specifications,384,0.003638189621685126
1b084ef9-5e75-4dd2-a752-5f4631344284,467,acquisition,83886088,0.9999896050589985
1b084ef9-5e75-4dd2-a752-5f4631344284,467,general,240,2.8609929362084404e-06
1b084ef9-5e75-4dd2-a752-5f4631344284,467,general/optophysiology,136,1.6212293305181162e-06
1b084ef9-5e75-4dd2-a752-5f4631344284,467,general/subject,96,1.1443971744833762e-06
1b084ef9-5e75-4dd2-a752-5f4631344284,467,other,80,9.536643120694802e-07
1b084ef9-5e75-4dd2-a752-5f4631344284,467,specifications,320,3.814657248277921e-06
1b15e8c6-7b7a-45e0-82a6-8e138766e420,253,acquisition,6939597884,0.999993592176982
1b15e8c6-7b7a-45e0-82a6-8e138766e420,253,general,48,6.916782964494767e-09
1b15e8c6-7b7a-45e0-82a6-8e138766e420,253,general/extracellular_ephys,43860,6.320210433807094e-06
1b15e8c6-7b7a-45e0-82a6-8e138766e420,253,general/subject,96,1.3833565928989534e-08
1b15e8c6-7b7a-45e0-82a6-8e138766e420,253,other,80,1.1527971607491278e-08
1b15e8c6-7b7a-45e0-82a6-8e138766e420,253,specifications,384,5.533426371595814e-08
1b208521-72c1-46f6-aaa0-47d15ffb726f,769,acquisition,18907854,0.7241493018347147
1b208521-72c1-46f6-aaa0-47d15ffb726f,769,general,330,1.2638624648014303e-05
1b208521-72c1-46f6-aaa0-47d15ffb726f,769,general/intracellular_ephys,2187,8.375961244002207e-05
1b208521-72c1-46f6-aaa0-47d15ffb726f,769,general/labnotebook,2945673,0.11281592540239466
1b208521-72c1-46f6-aaa0-47d15ffb726f,769,general/results,170077,0.006513755649273724
1b208521-72c1-46f6-aaa0-47d15ffb726f,769,general/stimsets,638090,0.024438121217125595
1b208521-72c1-46f6-aaa0-47d15ffb726f,769,general/subject,80,3.0639090055792252e-06
1b208521-72c1-46f6-aaa0-47d15ffb726f,769,general/testpulse,2209113,0.08460651518802674
1b208521-72c1-46f6-aaa0-47d15ffb726f,769,general/user_comment,14,5.361840759763644e-07
1b208521-72c1-46f6-aaa0-47d15ffb726f,769,intervals,298974,0.01145036413792554
1b208521-72c1-46f6-aaa0-47d15ffb726f,769,other,106,4.059679432392473e-06
1b208521-72c1-46f6-aaa0-47d15ffb726f,769,processing/spikes,994,3.806906939432187e-05
1b208521-72c1-46f6-aaa0-47d15ffb726f,769,specifications,288,1.103007242008521e-05
1b208521-72c1-46f6-aaa0-47d15ffb726f,769,stimulus,936656,0.03587285941912268
1b21456b-6d9e-4a37-a473-6348d1d80c34,1184,acquisition,56,1.3717735640813243e-07
1b21456b-6d9e-4a37-a473-6348d1d80c34,1184,general,224,5.487094256325297e-07
1b21456b-6d9e-4a37-a473-6348d1d80c34,1184,general/optophysiology,104,2.5475794761510305e-07
1b21456b-6d9e-4a37-a473-6348d1d80c34,1184,general/subject,96,2.351611824139413e-07
1b21456b-6d9e-4a37-a473-6348d1d80c34,1184,intervals,384,9.406447296557652e-07
1b21456b-6d9e-4a37-a473-6348d1d80c34,1184,other,80,1.9596765201161775e-07
1b21456b-6d9e-4a37-a473-6348d1d80c34,1184,processing/behavior,3318940,0.008130060987092982
1b21456b-6d9e-4a37-a473-6348d1d80c34,1184,processing/ophys,404910436,0.9918668427240053
1b21456b-6d9e-4a37-a473-6348d1d80c34,1184,specifications,320,7.83870608046471e-07
1b216055-69af-4afd-834b-7f68f129da62,1064,acquisition,648312,0.9994573461761405
1b216055-69af-4afd-834b-7f68f129da62,1064,general,160,0.00024666082902704634
1b216055-69af-4afd-834b-7f68f129da62,1064,general/subject,96,0.00014799649741622782
1b216055-69af-4afd-834b-7f68f129da62,1064,other,96,0.00014799649741622782
1b3a529f-b302-47a4-b86e-0734e63e6cfe,1465,acquisition,17007250,0.6495373179235063
1b3a529f-b302-47a4-b86e-0734e63e6cfe,1465,general,330,1.260329065044361e-05
1b3a529f-b302-47a4-b86e-0734e63e6cfe,1465,general/intracellular_ephys,1926,7.355738725077088e-05
1b3a529f-b302-47a4-b86e-0734e63e6cfe,1465,general/labnotebook,3610032,0.13787358349515833
1b3a529f-b302-47a4-b86e-0734e63e6cfe,1465,general/results,155168,0.005926143647418285
1b3a529f-b302-47a4-b86e-0734e63e6cfe,1465,general/stimsets,401497,0.015333889049336842
1b3a529f-b302-47a4-b86e-0734e63e6cfe,1465,general/subject,80,3.0553431879863295e-06
1b3a529f-b302-47a4-b86e-0734e63e6cfe,1465,general/testpulse,4028158,0.15384256381790795
1b3a529f-b302-47a4-b86e-0734e63e6cfe,1465,general/user_comment,14,5.346850578976076e-07
1b3a529f-b302-47a4-b86e-0734e63e6cfe,1465,intervals,51525,0.0019678319720124455
1b3a529f-b302-47a4-b86e-0734e63e6cfe,1465,other,108,4.124713303781545e-06
1b3a529f-b302-47a4-b86e-0734e63e6cfe,1465,processing/spikes,3820,0.00014589263722634724
1b3a529f-b302-47a4-b86e-0734e63e6cfe,1465,specifications,288,1.0999235476750785e-05
1b3a529f-b302-47a4-b86e-0734e63e6cfe,1465,stimulus,923442,0.0352679028025059
1b4446e1-f8a6-4155-92de-6bff10746c45,1837,acquisition,1708,0.7286689419795221
1b4446e1-f8a6-4155-92de-6bff10746c45,1837,general,48,0.020477815699658702
1b4446e1-f8a6-4155-92de-6bff10746c45,1837,general/extracellular_ephys,108,0.04607508532423208
1b4446e1-f8a6-4155-92de-6bff10746c45,1837,general/subject,80,0.034129692832764506
1b4446e1-f8a6-4155-92de-6bff10746c45,1837,other,80,0.034129692832764506
1b4446e1-f8a6-4155-92de-6bff10746c45,1837,specifications,320,0.13651877133105803
1b589146-d737-4e72-9a32-57340d26bea1,1169,acquisition,226105,0.7457805454863299
1b589146-d737-4e72-9a32-57340d26bea1,1169,general,192,0.0006332892449674944
1b589146-d737-4e72-9a32-57340d26bea1,1169,general/subject,80,0.000263870518736456
1b589146-d737-4e72-9a32-57340d26bea1,1169,general/task,1040,0.0034303167435739282
1b589146-d737-4e72-9a32-57340d26bea1,1169,intervals,75330,0.2484670772052154
1b589146-d737-4e72-9a32-57340d26bea1,1169,other,80,0.000263870518736456
1b589146-d737-4e72-9a32-57340d26bea1,1169,specifications,352,0.0011610302824404065
1b695b8c-6920-4422-8d4d-7497ab52e2ca,1038,acquisition,24382699,0.8439496597871384
1b695b8c-6920-4422-8d4d-7497ab52e2ca,1038,analysis,9956,0.0003446034753101267
1b695b8c-6920-4422-8d4d-7497ab52e2ca,1038,general,208,7.199429777471509e-06
1b695b8c-6920-4422-8d4d-7497ab52e2ca,1038,general/FiberPhotometry,503,1.741015950994312e-05
1b695b8c-6920-4422-8d4d-7497ab52e2ca,1038,general/subject,96,3.322813743448389e-06
1b695b8c-6920-4422-8d4d-7497ab52e2ca,1038,other,80,2.7690114528736574e-06
1b695b8c-6920-4422-8d4d-7497ab52e2ca,1038,processing/behavior,1523044,0.05271657849038134
1b695b8c-6920-4422-8d4d-7497ab52e2ca,1038,processing/ophys,2974207,0.10294516557771254
1b695b8c-6920-4422-8d4d-7497ab52e2ca,1038,specifications,384,1.3291254973793556e-05
1b8caa2c-49c9-4b91-96d6-6f0063b66aeb,1051,acquisition,2991896480,0.9990932567692954
1b8caa2c-49c9-4b91-96d6-6f0063b66aeb,1051,general,32,1.0685859096507728e-08
1b8caa2c-49c9-4b91-96d6-6f0063b66aeb,1051,general/extracellular_ephys,10464,3.494275924558027e-06
1b8caa2c-49c9-4b91-96d6-6f0063b66aeb,1051,general/subject,96,3.205757728952318e-08
1b8caa2c-49c9-4b91-96d6-6f0063b66aeb,1051,other,80,2.671464774126932e-08
1b8caa2c-49c9-4b91-96d6-6f0063b66aeb,1051,processing/current_source_density,2704224,0.0009030298946685786
1b8caa2c-49c9-4b91-96d6-6f0063b66aeb,1051,specifications,448,1.496020273511082e-07
1bde6c99-c04e-4a6d-874c-4314963247d9,1777,acquisition,48001600,0.9999845007568797
1bde6c99-c04e-4a6d-874c-4314963247d9,1777,general,80,1.6665852817520743e-06
1bde6c99-c04e-4a6d-874c-4314963247d9,1777,general/intracellular_ephys,64,1.3332682254016595e-06
1bde6c99-c04e-4a6d-874c-4314963247d9,1777,general/subject,80,1.6665852817520743e-06
1bde6c99-c04e-4a6d-874c-4314963247d9,1777,intervals,120,2.4998779226281115e-06
1bde6c99-c04e-4a6d-874c-4314963247d9,1777,other,80,1.6665852817520743e-06
1bde6c99-c04e-4a6d-874c-4314963247d9,1777,specifications,320,6.666341127008297e-06
1bdf3be3-4566-49f0-a45d-987ece83f20b,711,acquisition,32714161,0.138430057774694
1bdf3be3-4566-49f0-a45d-987ece83f20b,711,general,112,4.7392829272820805e-07
1bdf3be3-4566-49f0-a45d-987ece83f20b,711,general/optophysiology,88,3.723722300007349e-07
1bdf3be3-4566-49f0-a45d-987ece83f20b,711,general/subject,96,4.062242509098926e-07
1bdf3be3-4566-49f0-a45d-987ece83f20b,711,intervals,2606949,0.011031311507138476
1bdf3be3-4566-49f0-a45d-987ece83f20b,711,other,80,3.385202090915772e-07
1bdf3be3-4566-49f0-a45d-987ece83f20b,711,processing/eye_tracking_rig_metadata,120,5.077803136373658e-07
1bdf3be3-4566-49f0-a45d-987ece83f20b,711,processing/licking,29680,0.00012559099757297512
1bdf3be3-4566-49f0-a45d-987ece83f20b,711,processing/ophys,18797794,0.07954291444175493
1bdf3be3-4566-49f0-a45d-987ece83f20b,711,processing/rewards,1675,7.087766877854897e-06
1bdf3be3-4566-49f0-a45d-987ece83f20b,711,processing/running,11886556,0.050297992781234264
1bdf3be3-4566-49f0-a45d-987ece83f20b,711,processing/stimulus,4322384,0.018290179193176097
1bdf3be3-4566-49f0-a45d-987ece83f20b,711,specifications,480,2.0311212545494632e-06
1bdf3be3-4566-49f0-a45d-987ece83f20b,711,stimulus,165962496,0.7022707355910005
1c137882-895f-44b4-a641-9f5f481b5c72,1636,acquisition,244212,0.48189718453268926
1c137882-895f-44b4-a641-9f5f481b5c72,1636,general,320,0.0006314476727206712
1c137882-895f-44b4-a641-9f5f481b5c72,1636,general/extracellular_ephys,212,0.00041833408317744466
1c137882-895f-44b4-a641-9f5f481b5c72,1636,general/localization,677,0.00133590648259967
1c137882-895f-44b4-a641-9f5f481b5c72,1636,general/subject,96,0.00018943430181620136
1c137882-895f-44b4-a641-9f5f481b5c72,1636,intervals,3961,0.007816138223895559
1c137882-895f-44b4-a641-9f5f481b5c72,1636,other,80,0.0001578619181801678
1c137882-895f-44b4-a641-9f5f481b5c72,1636,processing/behavior,247268,0.48792750980717164
1c137882-895f-44b4-a641-9f5f481b5c72,1636,specifications,416,0.0008208819745368726
1c137882-895f-44b4-a641-9f5f481b5c72,1636,units,9530,0.01880530100321249
1c194393-5287-4f04-acee-69783e76370b,1832,acquisition,7550713,0.9991882858022665
1c194393-5287-4f04-acee-69783e76370b,1832,general,272,3.599384769864998e-05
1c194393-5287-4f04-acee-69783e76370b,1832,general/optophysiology,296,3.916977543676615e-05
1c194393-5287-4f04-acee-69783e76370b,1832,general/subject,80,1.0586425793720583e-05
1c194393-5287-4f04-acee-69783e76370b,1832,intervals,147,1.945255739596157e-05
1c194393-5287-4f04-acee-69783e76370b,1832,other,80,1.0586425793720583e-05
1c194393-5287-4f04-acee-69783e76370b,1832,processing/ophys,4907,0.0006493448921223362
1c194393-5287-4f04-acee-69783e76370b,1832,specifications,352,4.658027349237056e-05
1c2bba12-152e-465a-925f-48c13eea8157,1465,acquisition,14362921,0.5176899332020245
1c2bba12-152e-465a-925f-48c13eea8157,1465,general,330,1.1894354773424436e-05
1c2bba12-152e-465a-925f-48c13eea8157,1465,general/intracellular_ephys,1368,4.9307507060741296e-05
1c2bba12-152e-465a-925f-48c13eea8157,1465,general/labnotebook,4519527,0.16289956832142613
1c2bba12-152e-465a-925f-48c13eea8157,1465,general/results,145914,0.0052592511588165245
1c2bba12-152e-465a-925f-48c13eea8157,1465,general/stimsets,428205,0.015434006623497608
1c2bba12-152e-465a-925f-48c13eea8157,1465,general/subject,80,2.8834799450725907e-06
1c2bba12-152e-465a-925f-48c13eea8157,1465,general/testpulse,6980555,0.2516036293497025
1c2bba12-152e-465a-925f-48c13eea8157,1465,general/user_comment,14,5.046089903877033e-07
1c2bba12-152e-465a-925f-48c13eea8157,1465,intervals,278788,0.010048495086586217
1c2bba12-152e-465a-925f-48c13eea8157,1465,other,108,3.892697925847997e-06
1c2bba12-152e-465a-925f-48c13eea8157,1465,processing/spikes,26988,0.0009727419594702385
1c2bba12-152e-465a-925f-48c13eea8157,1465,specifications,288,1.0380527802261326e-05
1c2bba12-152e-465a-925f-48c13eea8157,1465,stimulus,999168,0.03601351112197863
1c38c764-a3ec-430d-9882-6407e0161f2d,699,general,48,5.309113159101512e-06
1c38c764-a3ec-430d-9882-6407e0161f2d,699,general/subject,64,7.078817545468683e-06
1c38c764-a3ec-430d-9882-6407e0161f2d,699,other,80,8.848521931835854e-06
1c38c764-a3ec-430d-9882-6407e0161f2d,699,processing/wt:nacre: behavior left lane,4544780,0.5026823188171119
1c38c764-a3ec-430d-9882-6407e0161f2d,699,processing/wt:nacre: behavior right lane,4495702,0.4972539718249789
1c38c764-a3ec-430d-9882-6407e0161f2d,699,scratch,64,7.078817545468683e-06
1c38c764-a3ec-430d-9882-6407e0161f2d,699,specifications,320,3.5394087727343416e-05
1c3eb19d-e027-40c1-b797-27801d0ff4d9,1333,general,160,0.0003044649789158002
1c3eb19d-e027-40c1-b797-27801d0ff4d9,1333,general/extracellular_ephys,768,0.001461431898795841
1c3eb19d-e027-40c1-b797-27801d0ff4d9,1333,general/subject,80,0.0001522324894579001
1c3eb19d-e027-40c1-b797-27801d0ff4d9,1333,other,80,0.0001522324894579001
1c3eb19d-e027-40c1-b797-27801d0ff4d9,1333,processing/ecephys,524104,0.997320708185541
1c3eb19d-e027-40c1-b797-27801d0ff4d9,1333,specifications,320,0.0006089299578316004
1c453d59-53d3-413b-8427-f6383f325dba,289,acquisition,4331711520,0.9987982665165602
1c453d59-53d3-413b-8427-f6383f325dba,289,general,32,7.378502557467153e-09
1c453d59-53d3-413b-8427-f6383f325dba,289,general/optophysiology,88,2.029088203303467e-08
1c453d59-53d3-413b-8427-f6383f325dba,289,general/subject,96,2.2135507672401457e-08
1c453d59-53d3-413b-8427-f6383f325dba,289,other,80,1.844625639366788e-08
1c453d59-53d3-413b-8427-f6383f325dba,289,processing/behavior,88144,2.0324085294543273e-05
1c453d59-53d3-413b-8427-f6383f325dba,289,processing/ophys,5123066,0.0011812673619710317
1c453d59-53d3-413b-8427-f6383f325dba,289,specifications,320,7.378502557467152e-08
1c502cdb-dc3f-4a0f-9833-46884d06c30c,1789,acquisition,14400048,0.499988055880701
1c502cdb-dc3f-4a0f-9833-46884d06c30c,1789,general,176,6.110944757614931e-06
1c502cdb-dc3f-4a0f-9833-46884d06c30c,1789,general/intracellular_ephys,32,1.1110808650208967e-06
1c502cdb-dc3f-4a0f-9833-46884d06c30c,1789,general/subject,80,2.7777021625522415e-06
1c502cdb-dc3f-4a0f-9833-46884d06c30c,1789,other,80,2.7777021625522415e-06
1c502cdb-dc3f-4a0f-9833-46884d06c30c,1789,specifications,320,1.1110808650208966e-05
1c502cdb-dc3f-4a0f-9833-46884d06c30c,1789,stimulus,14400048,0.499988055880701
1c896e0d-a8cc-459d-a1ea-c8ca7472915a,688,general,224,7.300989688264689e-06
1c896e0d-a8cc-459d-a1ea-c8ca7472915a,688,general/extracellular_ephys,9984,0.00032541554039122614
1c896e0d-a8cc-459d-a1ea-c8ca7472915a,688,general/subject,80,2.607496317237389e-06
1c896e0d-a8cc-459d-a1ea-c8ca7472915a,688,intervals,18512,0.0006033746478087318
1c896e0d-a8cc-459d-a1ea-c8ca7472915a,688,other,80,2.607496317237389e-06
1c896e0d-a8cc-459d-a1ea-c8ca7472915a,688,processing/behavior,4593760,0.14972765352840534
1c896e0d-a8cc-459d-a1ea-c8ca7472915a,688,specifications,320,1.0429985268949557e-05
1c896e0d-a8cc-459d-a1ea-c8ca7472915a,688,units,26057812,0.849320610315803
1c91898c-c45b-495e-a67d-959ad54b47c0,1181,acquisition,486695,0.9525799386600329
1c91898c-c45b-495e-a67d-959ad54b47c0,1181,general,144,0.0002818428608616171
1c91898c-c45b-495e-a67d-959ad54b47c0,1181,general/subject,80,0.00015657936714534283
1c91898c-c45b-495e-a67d-959ad54b47c0,1181,intervals,16660,0.032607653208017645
1c91898c-c45b-495e-a67d-959ad54b47c0,1181,other,80,0.00015657936714534283
1c91898c-c45b-495e-a67d-959ad54b47c0,1181,specifications,320,0.0006263174685813713
1c91898c-c45b-495e-a67d-959ad54b47c0,1181,stimulus,6944,0.013591089068215758
1c918cc4-a545-4176-ac8b-aaa840f8f02e,1260,analysis,64,7.194231479049359e-08
1c918cc4-a545-4176-ac8b-aaa840f8f02e,1260,general,160,1.7985578697623396e-07
1c918cc4-a545-4176-ac8b-aaa840f8f02e,1260,general/extracellular_ephys,42896,4.8219336488328324e-05
1c918cc4-a545-4176-ac8b-aaa840f8f02e,1260,general/subject,96,1.0791347218574038e-07
1c918cc4-a545-4176-ac8b-aaa840f8f02e,1260,intervals,10148,1.140735328896764e-05
1c918cc4-a545-4176-ac8b-aaa840f8f02e,1260,other,80,8.992789348811698e-08
1c918cc4-a545-4176-ac8b-aaa840f8f02e,1260,processing/ecephys,795225007,0.8939113716072885
1c918cc4-a545-4176-ac8b-aaa840f8f02e,1260,specifications,352,3.956827313477147e-07
1c918cc4-a545-4176-ac8b-aaa840f8f02e,1260,stimulus,3776,4.244596572639122e-06
1c918cc4-a545-4176-ac8b-aaa840f8f02e,1260,units,94319044,0.10602391178416275
1c92db06-1adb-4c45-a6b1-d6814c6fcd3a,1836,general,80,1.7298127981453985e-06
1c92db06-1adb-4c45-a6b1-d6814c6fcd3a,1836,general/extracellular_ephys,43264,0.0009354827612370315
1c92db06-1adb-4c45-a6b1-d6814c6fcd3a,1836,general/subject,96,2.075775357774478e-06
1c92db06-1adb-4c45-a6b1-d6814c6fcd3a,1836,intervals,451,9.751819649544684e-06
1c92db06-1adb-4c45-a6b1-d6814c6fcd3a,1836,other,80,1.7298127981453985e-06
1c92db06-1adb-4c45-a6b1-d6814c6fcd3a,1836,scratch,46203456,0.9990416188418475
1c92db06-1adb-4c45-a6b1-d6814c6fcd3a,1836,specifications,352,7.611176311839754e-06
1ca14608-507c-4192-ad23-f3b20b41a763,1465,acquisition,14613450,0.6809001620868032
1ca14608-507c-4192-ad23-f3b20b41a763,1465,general,330,1.537604422560347e-05
1ca14608-507c-4192-ad23-f3b20b41a763,1465,general/intracellular_ephys,1216,5.665839326767825e-05
1ca14608-507c-4192-ad23-f3b20b41a763,1465,general/labnotebook,2034106,0.09477728428959205
1ca14608-507c-4192-ad23-f3b20b41a763,1465,general/results,117404,0.005470330594735606
1ca14608-507c-4192-ad23-f3b20b41a763,1465,general/stimsets,455229,0.021210973444779523
1ca14608-507c-4192-ad23-f3b20b41a763,1465,general/subject,80,3.727525872873569e-06
1ca14608-507c-4192-ad23-f3b20b41a763,1465,general/testpulse,2730577,0.12722870519216864
1ca14608-507c-4192-ad23-f3b20b41a763,1465,general/user_comment,14,6.523170277528746e-07
1ca14608-507c-4192-ad23-f3b20b41a763,1465,intervals,233969,0.01090156876187945
1ca14608-507c-4192-ad23-f3b20b41a763,1465,other,106,4.938971781557479e-06
1ca14608-507c-4192-ad23-f3b20b41a763,1465,processing/spikes,5488,0.00025570827487912684
1ca14608-507c-4192-ad23-f3b20b41a763,1465,specifications,288,1.3419093142344848e-05
1ca14608-507c-4192-ad23-f3b20b41a763,1465,stimulus,1269700,0.059160495009844626
1ca17ee7-c035-4b76-be00-5baf362aaff5,1455,acquisition,6236883,0.6890619500078774
1ca17ee7-c035-4b76-be00-5baf362aaff5,1455,general,242,2.6736591323246935e-05
1ca17ee7-c035-4b76-be00-5baf362aaff5,1455,general/intracellular_ephys,1238,0.00013677644652140375
1ca17ee7-c035-4b76-be00-5baf362aaff5,1455,general/labnotebook,1044720,0.11542252763315099
1ca17ee7-c035-4b76-be00-5baf362aaff5,1455,general/stimsets,611044,0.06750923020050455
1ca17ee7-c035-4b76-be00-5baf362aaff5,1455,general/subject,112,1.2373959620676269e-05
1ca17ee7-c035-4b76-be00-5baf362aaff5,1455,general/testpulse,867971,0.09589498308855358
1ca17ee7-c035-4b76-be00-5baf362aaff5,1455,general/user_comment,31,3.424935252151467e-06
1ca17ee7-c035-4b76-be00-5baf362aaff5,1455,other,101,1.1158660015074135e-05
1ca17ee7-c035-4b76-be00-5baf362aaff5,1455,processing/spikes,1056,0.00011666876213780481
1ca17ee7-c035-4b76-be00-5baf362aaff5,1455,specifications,288,3.1818753310310404e-05
1ca17ee7-c035-4b76-be00-5baf362aaff5,1455,stimulus,287580,0.031772350961732865
1caf3170-1abe-4cb1-9467-c2d524b74b45,1074,general,16,2.4147406488237943e-09
1caf3170-1abe-4cb1-9467-c2d524b74b45,1074,general/optophysiology,88,1.328107356853087e-08
1caf3170-1abe-4cb1-9467-c2d524b74b45,1074,general/subject,64,9.658962595295177e-09
1caf3170-1abe-4cb1-9467-c2d524b74b45,1074,other,80,1.2073703244118972e-08
1caf3170-1abe-4cb1-9467-c2d524b74b45,1074,processing/ophys,6625969806,0.999999914276707
1caf3170-1abe-4cb1-9467-c2d524b74b45,1074,specifications,320,4.829481297647589e-08
1cc1115b-4bc5-4c9f-a856-acd2c88a9863,1461,acquisition,7143871,0.004274167789173001
1cc1115b-4bc5-4c9f-a856-acd2c88a9863,1461,general,32,1.9145554175535367e-08
1cc1115b-4bc5-4c9f-a856-acd2c88a9863,1461,general/optophysiology,856,5.121435741955711e-07
1cc1115b-4bc5-4c9f-a856-acd2c88a9863,1461,general/subject,96,5.7436662526606106e-08
1cc1115b-4bc5-4c9f-a856-acd2c88a9863,1461,intervals,749736,0.000448565975167162
1cc1115b-4bc5-4c9f-a856-acd2c88a9863,1461,other,80,4.7863885438838424e-08
1cc1115b-4bc5-4c9f-a856-acd2c88a9863,1461,processing/VISal_6,295917424,0.1770469710211522
1cc1115b-4bc5-4c9f-a856-acd2c88a9863,1461,processing/VISal_7,107604208,0.06437944355561176
1cc1115b-4bc5-4c9f-a856-acd2c88a9863,1461,processing/VISl_2,316225712,0.1891973906497889
1cc1115b-4bc5-4c9f-a856-acd2c88a9863,1461,processing/VISl_3,107604208,0.06437944355561176
1cc1115b-4bc5-4c9f-a856-acd2c88a9863,1461,processing/VISp_0,270070512,0.16158280058470548
1cc1115b-4bc5-4c9f-a856-acd2c88a9863,1461,processing/VISp_1,83603504,0.05001985672176837
1cc1115b-4bc5-4c9f-a856-acd2c88a9863,1461,processing/VISrl_4,347611248,0.20797531189404564
1cc1115b-4bc5-4c9f-a856-acd2c88a9863,1461,processing/VISrl_5,129758704,0.07763444678685182
1cc1115b-4bc5-4c9f-a856-acd2c88a9863,1461,processing/running,5038660,0.00301462306256572
1cc1115b-4bc5-4c9f-a856-acd2c88a9863,1461,processing/stimulus,76896,4.600676668381149e-05
1cc1115b-4bc5-4c9f-a856-acd2c88a9863,1461,specifications,560,3.3504719807186897e-07
1cc2c4d3-8e14-4d14-95c1-a41ed8c937b5,1445,acquisition,1148,0.6434977578475336
1cc2c4d3-8e14-4d14-95c1-a41ed8c937b5,1445,general,48,0.026905829596412557
1cc2c4d3-8e14-4d14-95c1-a41ed8c937b5,1445,general/extracellular_ephys,108,0.06053811659192825
1cc2c4d3-8e14-4d14-95c1-a41ed8c937b5,1445,general/subject,80,0.04484304932735426
1cc2c4d3-8e14-4d14-95c1-a41ed8c937b5,1445,other,80,0.04484304932735426
1cc2c4d3-8e14-4d14-95c1-a41ed8c937b5,1445,specifications,320,0.17937219730941703
1ccac1eb-8580-4f3a-8480-61ad59d12bdc,951,general,16,0.030303030303030304
1ccac1eb-8580-4f3a-8480-61ad59d12bdc,951,general/subject,80,0.15151515151515152
1ccac1eb-8580-4f3a-8480-61ad59d12bdc,951,other,80,0.15151515151515152
1ccac1eb-8580-4f3a-8480-61ad59d12bdc,951,specifications,352,0.6666666666666666
1ce7f185-0098-456a-afa8-797a36b20946,1281,acquisition,6589008,0.49996646154079627
1ce7f185-0098-456a-afa8-797a36b20946,1281,general,208,1.5782804331165727e-05
1ce7f185-0098-456a-afa8-797a36b20946,1281,general/intracellular_ephys,628,4.765192846140422e-05
1ce7f185-0098-456a-afa8-797a36b20946,1281,general/subject,80,6.070309358140665e-06
1ce7f185-0098-456a-afa8-797a36b20946,1281,other,80,6.070309358140665e-06
1ce7f185-0098-456a-afa8-797a36b20946,1281,specifications,320,2.428123743256266e-05
1ce7f185-0098-456a-afa8-797a36b20946,1281,stimulus,6588576,0.4999336818702623
1cf0e04a-60d4-4940-914c-0b43ddeca77d,1880,general,112,1.0845729873462869e-06
1cf0e04a-60d4-4940-914c-0b43ddeca77d,1880,general/extracellular_ephys,4372,4.2337081256053276e-05
1cf0e04a-60d4-4940-914c-0b43ddeca77d,1880,general/subject,96,9.296339891539602e-07
1cf0e04a-60d4-4940-914c-0b43ddeca77d,1880,other,80,7.746949909616335e-07
1cf0e04a-60d4-4940-914c-0b43ddeca77d,1880,processing/behavior,7556343,0.07317326340110003
1cf0e04a-60d4-4940-914c-0b43ddeca77d,1880,processing/ecephys,22784615,0.22063908889361625
1cf0e04a-60d4-4940-914c-0b43ddeca77d,1880,specifications,352,3.4086579602311875e-06
1cf0e04a-60d4-4940-914c-0b43ddeca77d,1880,units,72920478,0.7061391130640999
1d146340-fae4-4aa5-9554-1a878ab67f7f,1692,acquisition,21922154764,0.9962596823154924
1d146340-fae4-4aa5-9554-1a878ab67f7f,1692,general,240,1.090688056579027e-08
1d146340-fae4-4aa5-9554-1a878ab67f7f,1692,general/FiberPhotometry,8582,3.9001187089838373e-07
1d146340-fae4-4aa5-9554-1a878ab67f7f,1692,general/optophysiology,160,7.271253710526847e-09
1d146340-fae4-4aa5-9554-1a878ab67f7f,1692,general/subject,96,4.362752226316108e-09
1d146340-fae4-4aa5-9554-1a878ab67f7f,1692,other,80,3.6356268552634235e-09
1d146340-fae4-4aa5-9554-1a878ab67f7f,1692,processing/behavior,935475,4.251297540534439e-05
1d146340-fae4-4aa5-9554-1a878ab67f7f,1692,processing/ophys,81358680,0.0036973725239597896
1d146340-fae4-4aa5-9554-1a878ab67f7f,1692,specifications,352,1.5996758163159063e-08
1d1ca3b8-cb54-4657-b9bf-794f81b8b9af,351,acquisition,13416848,0.7229883699776608
1d1ca3b8-cb54-4657-b9bf-794f81b8b9af,351,general,48,2.586556973659366e-06
1d1ca3b8-cb54-4657-b9bf-794f81b8b9af,351,general/subject,96,5.173113947318732e-06
1d1ca3b8-cb54-4657-b9bf-794f81b8b9af,351,other,80,4.310928289432277e-06
1d1ca3b8-cb54-4657-b9bf-794f81b8b9af,351,processing/photometry,5140032,0.27697886696733953
1d1ca3b8-cb54-4657-b9bf-794f81b8b9af,351,specifications,384,2.069245578927493e-05
1d3c9964-1101-4e46-a1c7-ad7abc8c1e85,1205,acquisition,316533903,0.9999981044720423
1d3c9964-1101-4e46-a1c7-ad7abc8c1e85,1205,general,32,1.0109482440844687e-07
1d3c9964-1101-4e46-a1c7-ad7abc8c1e85,1205,general/optophysiology,88,2.780107671232289e-07
1d3c9964-1101-4e46-a1c7-ad7abc8c1e85,1205,general/subject,80,2.5273706102111717e-07
1d3c9964-1101-4e46-a1c7-ad7abc8c1e85,1205,other,80,2.5273706102111717e-07
1d3c9964-1101-4e46-a1c7-ad7abc8c1e85,1205,specifications,320,1.0109482440844687e-06
1d462a10-9ef8-4d2f-9a95-79adf4b64233,707,general,48,5.937221306213426e-06
1d462a10-9ef8-4d2f-9a95-79adf4b64233,707,general/subject,64,7.916295074951234e-06
1d462a10-9ef8-4d2f-9a95-79adf4b64233,707,other,80,9.895368843689043e-06
1d462a10-9ef8-4d2f-9a95-79adf4b64233,707,processing/wt:nacre: behavior left lane,3716790,0.45973759955668747
1d462a10-9ef8-4d2f-9a95-79adf4b64233,707,processing/wt:nacre: behavior right lane,4367224,0.5401911537876379
1d462a10-9ef8-4d2f-9a95-79adf4b64233,707,scratch,64,7.916295074951234e-06
1d462a10-9ef8-4d2f-9a95-79adf4b64233,707,specifications,320,3.9581475374756174e-05
1d559e84-eeee-4db9-ade7-1cb4df3cb2b1,1683,acquisition,626393608,0.9999772927487918
1d559e84-eeee-4db9-ade7-1cb4df3cb2b1,1683,general,112,1.7879725360777417e-07
1d559e84-eeee-4db9-ade7-1cb4df3cb2b1,1683,general/extracellular_ephys,5632,8.99094760999093e-06
1d559e84-eeee-4db9-ade7-1cb4df3cb2b1,1683,general/subject,80,1.2771232400555297e-07
1d559e84-eeee-4db9-ade7-1cb4df3cb2b1,1683,intervals,8000,1.2771232400555297e-05
1d559e84-eeee-4db9-ade7-1cb4df3cb2b1,1683,other,80,1.2771232400555297e-07
1d559e84-eeee-4db9-ade7-1cb4df3cb2b1,1683,specifications,320,5.108492960222119e-07
1daf99bf-e399-48ad-9704-5365870f0702,1515,acquisition,25810608,0.9999783039651673
1daf99bf-e399-48ad-9704-5365870f0702,1515,general,64,2.4795468380198837e-06
1daf99bf-e399-48ad-9704-5365870f0702,1515,general/subject,96,3.719320257029825e-06
1daf99bf-e399-48ad-9704-5365870f0702,1515,other,80,3.0994335475248544e-06
1daf99bf-e399-48ad-9704-5365870f0702,1515,specifications,320,1.2397734190099418e-05
1e166f2d-8869-4742-b153-b3eb6774d718,766,acquisition,2384,0.8186813186813187
1e166f2d-8869-4742-b153-b3eb6774d718,766,general,64,0.02197802197802198
1e166f2d-8869-4742-b153-b3eb6774d718,766,general/subject,64,0.02197802197802198
1e166f2d-8869-4742-b153-b3eb6774d718,766,other,80,0.027472527472527472
1e166f2d-8869-4742-b153-b3eb6774d718,766,specifications,320,0.10989010989010989
1e3a60a9-b80d-4adc-a2b9-e6fc891b95ce,1634,general,96,0.0004239421318989958
1e3a60a9-b80d-4adc-a2b9-e6fc891b95ce,1634,general/extracellular_ephys,22656,0.10005034312816301
1e3a60a9-b80d-4adc-a2b9-e6fc891b95ce,1634,general/subject,128,0.0005652561758653277
1e3a60a9-b80d-4adc-a2b9-e6fc891b95ce,1634,intervals,779,0.003440113757805393
1e3a60a9-b80d-4adc-a2b9-e6fc891b95ce,1634,other,80,0.0003532851099158298
1e3a60a9-b80d-4adc-a2b9-e6fc891b95ce,1634,specifications,352,0.0015544544836296511
1e3a60a9-b80d-4adc-a2b9-e6fc891b95ce,1634,units,202355,0.8936126052127218
1e5eab2e-d9f6-4101-bac1-8dff2f9156df,1281,acquisition,7320800,0.49996913096284623
1e5eab2e-d9f6-4101-bac1-8dff2f9156df,1281,general,208,1.4205220637126e-05
1e5eab2e-d9f6-4101-bac1-8dff2f9156df,1281,general/intracellular_ephys,696,4.7532853670383154e-05
1e5eab2e-d9f6-4101-bac1-8dff2f9156df,1281,general/subject,80,5.463546398894615e-06
1e5eab2e-d9f6-4101-bac1-8dff2f9156df,1281,other,80,5.463546398894615e-06
1e5eab2e-d9f6-4101-bac1-8dff2f9156df,1281,specifications,320,2.185418559557846e-05
1e5eab2e-d9f6-4101-bac1-8dff2f9156df,1281,stimulus,7320320,0.4999363496844529
1e600035-9cb4-4802-b1db-815ccb4baad2,1552,acquisition,1522044,0.9996427135902818
1e600035-9cb4-4802-b1db-815ccb4baad2,1552,general,48,3.152527144572268e-05
1e600035-9cb4-4802-b1db-815ccb4baad2,1552,general/subject,96,6.305054289144536e-05
1e600035-9cb4-4802-b1db-815ccb4baad2,1552,other,80,5.254211907620446e-05
1e600035-9cb4-4802-b1db-815ccb4baad2,1552,specifications,320,0.00021016847630481785
1e6c85ea-878c-4f0c-868f-6c61608d77cf,1777,acquisition,29280976,0.999978689689088
1e6c85ea-878c-4f0c-868f-6c61608d77cf,1777,general,80,2.732091142560516e-06
1e6c85ea-878c-4f0c-868f-6c61608d77cf,1777,general/intracellular_ephys,64,2.1856729140484125e-06
1e6c85ea-878c-4f0c-868f-6c61608d77cf,1777,general/subject,80,2.732091142560516e-06
1e6c85ea-878c-4f0c-868f-6c61608d77cf,1777,other,80,2.732091142560516e-06
1e6c85ea-878c-4f0c-868f-6c61608d77cf,1777,specifications,320,1.0928364570242064e-05
1e6d0e84-620f-43f9-b13a-9ba0ecf32a1e,889,acquisition,103192,0.0030456511503404206
1e6d0e84-620f-43f9-b13a-9ba0ecf32a1e,889,general,48,1.4166917514568978e-06
1e6d0e84-620f-43f9-b13a-9ba0ecf32a1e,889,general/subject,64,1.8889223352758637e-06
1e6d0e84-620f-43f9-b13a-9ba0ecf32a1e,889,other,80,2.3611529190948295e-06
1e6d0e84-620f-43f9-b13a-9ba0ecf32a1e,889,processing/Experimental information,12007616,0.35439771962212224
1e6d0e84-620f-43f9-b13a-9ba0ecf32a1e,889,processing/Recorded behavior data,9762785,0.2881428537655652
1e6d0e84-620f-43f9-b13a-9ba0ecf32a1e,889,scratch,32,9.444611676379318e-07
1e6d0e84-620f-43f9-b13a-9ba0ecf32a1e,889,specifications,320,9.444611676379318e-06
1e6d0e84-620f-43f9-b13a-9ba0ecf32a1e,889,stimulus,12007616,0.35439771962212224
1e77f4aa-96b5-4ffb-8daa-1c1885ba1ca6,631,acquisition,1936274317,0.9999997190481522
1e77f4aa-96b5-4ffb-8daa-1c1885ba1ca6,631,general,64,3.3053158561872174e-08
1e77f4aa-96b5-4ffb-8daa-1c1885ba1ca6,631,general/subject,80,4.131644820234022e-08
1e77f4aa-96b5-4ffb-8daa-1c1885ba1ca6,631,other,80,4.131644820234022e-08
1e77f4aa-96b5-4ffb-8daa-1c1885ba1ca6,631,specifications,320,1.6526579280936087e-07
1e7f00c2-ac1c-48f4-a9dc-554ecdd5597f,1832,acquisition,2400320,0.9993305378012997
1e7f00c2-ac1c-48f4-a9dc-554ecdd5597f,1832,general,272,0.00011324236196921807
1e7f00c2-ac1c-48f4-a9dc-554ecdd5597f,1832,general/intracellular_ephys,80,3.330657704977002e-05
1e7f00c2-ac1c-48f4-a9dc-554ecdd5597f,1832,general/subject,96,3.996789245972402e-05
1e7f00c2-ac1c-48f4-a9dc-554ecdd5597f,1832,other,80,3.330657704977002e-05
1e7f00c2-ac1c-48f4-a9dc-554ecdd5597f,1832,processing/icephys,760,0.0003164124819728152
1e7f00c2-ac1c-48f4-a9dc-554ecdd5597f,1832,specifications,320,0.00013322630819908007
1ea8349e-3126-43a9-86b0-c4b5d3b3d672,952,acquisition,523332428,0.9999991133750484
1ea8349e-3126-43a9-86b0-c4b5d3b3d672,952,general/subject,64,1.2229309676182172e-07
1ea8349e-3126-43a9-86b0-c4b5d3b3d672,952,other,80,1.5286637095227717e-07
1ea8349e-3126-43a9-86b0-c4b5d3b3d672,952,specifications,320,6.114654838091087e-07
1eaad775-98fb-4575-b023-a3b1f129a534,467,acquisition,83886088,0.9999896050589985
1eaad775-98fb-4575-b023-a3b1f129a534,467,general,240,2.8609929362084404e-06
1eaad775-98fb-4575-b023-a3b1f129a534,467,general/optophysiology,136,1.6212293305181162e-06
1eaad775-98fb-4575-b023-a3b1f129a534,467,general/subject,96,1.1443971744833762e-06
1eaad775-98fb-4575-b023-a3b1f129a534,467,other,80,9.536643120694802e-07
1eaad775-98fb-4575-b023-a3b1f129a534,467,specifications,320,3.814657248277921e-06
1eb2de75-ea31-43e7-90bc-099c17e082cf,1701,general,80,1.2975641185632345e-06
1eb2de75-ea31-43e7-90bc-099c17e082cf,1701,general/extracellular_ephys,92160,0.0014947938645848461
1eb2de75-ea31-43e7-90bc-099c17e082cf,1701,general/subject,96,1.5570769422758815e-06
1eb2de75-ea31-43e7-90bc-099c17e082cf,1701,other,80,1.2975641185632345e-06
1eb2de75-ea31-43e7-90bc-099c17e082cf,1701,processing/behavior,3959904,0.06422786679193783
1eb2de75-ea31-43e7-90bc-099c17e082cf,1701,processing/probe_0_channel_308,13788824,0.22364854074479468
1eb2de75-ea31-43e7-90bc-099c17e082cf,1701,processing/probe_1_channel_107,13788816,0.2236484109883828
1eb2de75-ea31-43e7-90bc-099c17e082cf,1701,specifications,320,5.190256474252938e-06
1eb2de75-ea31-43e7-90bc-099c17e082cf,1701,units,30023706,0.4869710451486462
1ed3b843-c781-4288-91e1-f4b4351cb7a9,1361,acquisition,48,6.315437770278698e-08
1ed3b843-c781-4288-91e1-f4b4351cb7a9,1361,general,32,4.210291846852466e-08
1ed3b843-c781-4288-91e1-f4b4351cb7a9,1361,general/optophysiology,104,1.3683448502270512e-07
1ed3b843-c781-4288-91e1-f4b4351cb7a9,1361,general/subject,64,8.420583693704932e-08
1ed3b843-c781-4288-91e1-f4b4351cb7a9,1361,other,80,1.0525729617131164e-07
1ed3b843-c781-4288-91e1-f4b4351cb7a9,1361,processing/behavior,3998096,0.005260359684916705
1ed3b843-c781-4288-91e1-f4b4351cb7a9,1361,processing/ophys,756043580,0.9947387877309843
1ed3b843-c781-4288-91e1-f4b4351cb7a9,1361,specifications,320,4.2102918468524654e-07
1ee40837-1b3c-4de4-9045-7b1e200c382d,1348,acquisition,15775975,0.6752635494546797
1ee40837-1b3c-4de4-9045-7b1e200c382d,1348,general,330,1.4125083953292543e-05
1ee40837-1b3c-4de4-9045-7b1e200c382d,1348,general/intracellular_ephys,1103,4.721202303176265e-05
1ee40837-1b3c-4de4-9045-7b1e200c382d,1348,general/labnotebook,3565436,0.15261237221239862
1ee40837-1b3c-4de4-9045-7b1e200c382d,1348,general/results,85145,0.003644485676373011
1ee40837-1b3c-4de4-9045-7b1e200c382d,1348,general/stimsets,374934,0.016048406748314502
1ee40837-1b3c-4de4-9045-7b1e200c382d,1348,general/subject,80,3.4242627765557676e-06
1ee40837-1b3c-4de4-9045-7b1e200c382d,1348,general/testpulse,2686426,0.11498785692214507
1ee40837-1b3c-4de4-9045-7b1e200c382d,1348,general/user_comment,14,5.992459858972593e-07
1ee40837-1b3c-4de4-9045-7b1e200c382d,1348,intervals,108265,0.004634097618797627
1ee40837-1b3c-4de4-9045-7b1e200c382d,1348,other,106,4.537148178936393e-06
1ee40837-1b3c-4de4-9045-7b1e200c382d,1348,processing/spikes,14172,0.0006066081508668543
1ee40837-1b3c-4de4-9045-7b1e200c382d,1348,specifications,288,1.2327345995600764e-05
1ee40837-1b3c-4de4-9045-7b1e200c382d,1348,stimulus,750419,0.03212039810650253
1f1a3153-07d3-4334-a683-e602a78b9a6a,569,acquisition,15688328,0.7267954734300842
1f1a3153-07d3-4334-a683-e602a78b9a6a,569,general,329,1.5241631278903507e-05
1f1a3153-07d3-4334-a683-e602a78b9a6a,569,general/intracellular_ephys,1071,4.9616374163239075e-05
1f1a3153-07d3-4334-a683-e602a78b9a6a,569,general/labnotebook,2608247,0.12083264151460861
1f1a3153-07d3-4334-a683-e602a78b9a6a,569,general/results,70384,0.003260689896456974
1f1a3153-07d3-4334-a683-e602a78b9a6a,569,general/stimsets,374105,0.017331217232809108
1f1a3153-07d3-4334-a683-e602a78b9a6a,569,general/subject,80,3.7061717395510045e-06
1f1a3153-07d3-4334-a683-e602a78b9a6a,569,general/testpulse,2215859,0.10265442505787187
1f1a3153-07d3-4334-a683-e602a78b9a6a,569,general/user_comment,14,6.485800544214259e-07
1f1a3153-07d3-4334-a683-e602a78b9a6a,569,intervals,44472,0.0020602608700164035
1f1a3153-07d3-4334-a683-e602a78b9a6a,569,other,104,4.818023261416306e-06
1f1a3153-07d3-4334-a683-e602a78b9a6a,569,processing/spikes,4560,0.00021125178915440727
1f1a3153-07d3-4334-a683-e602a78b9a6a,569,specifications,288,1.3342218262383617e-05
1f1a3153-07d3-4334-a683-e602a78b9a6a,569,stimulus,577775,0.026766667210238522
1f5731f2-db1c-4f61-ba88-ad8d3e18eba3,1676,acquisition,6411552,0.07624129549433353
1f5731f2-db1c-4f61-ba88-ad8d3e18eba3,1676,general,128,1.5220785580893196e-06
1f5731f2-db1c-4f61-ba88-ad8d3e18eba3,1676,general/optophysiology,128,1.5220785580893196e-06
1f5731f2-db1c-4f61-ba88-ad8d3e18eba3,1676,general/subject,96,1.1415589185669897e-06
1f5731f2-db1c-4f61-ba88-ad8d3e18eba3,1676,other,80,9.512990988058247e-07
1f5731f2-db1c-4f61-ba88-ad8d3e18eba3,1676,processing/ophys,77670424,0.9235975544383288
1f5731f2-db1c-4f61-ba88-ad8d3e18eba3,1676,scratch,12800,0.00015220785580893196
1f5731f2-db1c-4f61-ba88-ad8d3e18eba3,1676,specifications,320,3.805196395223299e-06
1f5f2594-a558-45c1-8122-20c5f978fc6b,1837,acquisition,1708,0.7286689419795221
1f5f2594-a558-45c1-8122-20c5f978fc6b,1837,general,48,0.020477815699658702
1f5f2594-a558-45c1-8122-20c5f978fc6b,1837,general/extracellular_ephys,108,0.04607508532423208
1f5f2594-a558-45c1-8122-20c5f978fc6b,1837,general/subject,80,0.034129692832764506
1f5f2594-a558-45c1-8122-20c5f978fc6b,1837,other,80,0.034129692832764506
1f5f2594-a558-45c1-8122-20c5f978fc6b,1837,specifications,320,0.13651877133105803
1f76d357-5419-49af-85ea-af396929e248,1474,acquisition,11092144,0.9999437471332674
1f76d357-5419-49af-85ea-af396929e248,1474,general,160,1.4423811982726042e-05
1f76d357-5419-49af-85ea-af396929e248,1474,general/subject,64,5.769524793090417e-06
1f76d357-5419-49af-85ea-af396929e248,1474,other,80,7.211905991363021e-06
1f76d357-5419-49af-85ea-af396929e248,1474,specifications,320,2.8847623965452085e-05
1f7feb74-db2e-4936-b7cb-1ea66ea8c068,631,acquisition,1044859672,0.9999994793561936
1f7feb74-db2e-4936-b7cb-1ea66ea8c068,631,general,64,6.1252212516052e-08
1f7feb74-db2e-4936-b7cb-1ea66ea8c068,631,general/subject,80,7.6565265645065e-08
1f7feb74-db2e-4936-b7cb-1ea66ea8c068,631,other,80,7.6565265645065e-08
1f7feb74-db2e-4936-b7cb-1ea66ea8c068,631,specifications,320,3.0626106258026e-07
1f80073c-d9b9-4289-aba0-938c0711dca5,535,general/optophysiology,104,1.1470392226532834e-06
1f80073c-d9b9-4289-aba0-938c0711dca5,535,general/subject,80,8.823378635794488e-07
1f80073c-d9b9-4289-aba0-938c0711dca5,535,intervals,36,3.97052038610752e-07
1f80073c-d9b9-4289-aba0-938c0711dca5,535,other,80,8.823378635794488e-07
1f80073c-d9b9-4289-aba0-938c0711dca5,535,processing/behavior,2959908,0.03264548626389649
1f80073c-d9b9-4289-aba0-938c0711dca5,535,processing/ophys,87707688,0.9673476756176608
1f80073c-d9b9-4289-aba0-938c0711dca5,535,specifications,320,3.5293514543177952e-06
1f8de369-e896-417d-8f79-983f9c65b2f0,1517,acquisition,34085280,0.9999835708904342
1f8de369-e896-417d-8f79-983f9c65b2f0,1517,general,64,1.8776125217979078e-06
1f8de369-e896-417d-8f79-983f9c65b2f0,1517,general/subject,96,2.8164187826968616e-06
1f8de369-e896-417d-8f79-983f9c65b2f0,1517,other,80,2.347015652247385e-06
1f8de369-e896-417d-8f79-983f9c65b2f0,1517,specifications,320,9.38806260898954e-06
1f983e20-4309-4206-9f0a-4df9b9af7355,617,acquisition,20967001112,0.9966801707115854
1f983e20-4309-4206-9f0a-4df9b9af7355,617,general,128,6.084564080938984e-09
1f983e20-4309-4206-9f0a-4df9b9af7355,617,general/optophysiology,88,4.183137805645552e-09
1f983e20-4309-4206-9f0a-4df9b9af7355,617,general/subject,96,4.563423060704238e-09
1f983e20-4309-4206-9f0a-4df9b9af7355,617,intervals,44280000,0.00210487888674983
1f983e20-4309-4206-9f0a-4df9b9af7355,617,other,80,3.802852550586865e-09
1f983e20-4309-4206-9f0a-4df9b9af7355,617,processing/ophys,6405877,0.00030450757110244667
1f983e20-4309-4206-9f0a-4df9b9af7355,617,processing/running,11088000,0.0005270753635113395
1f983e20-4309-4206-9f0a-4df9b9af7355,617,processing/stimulus,4032000,0.000191663768549578
1f983e20-4309-4206-9f0a-4df9b9af7355,617,processing/stimulus_ophys,4032000,0.000191663768549578
1f983e20-4309-4206-9f0a-4df9b9af7355,617,specifications,448,2.1295974283286443e-08
1fcca5be-efbb-46fc-83ab-9648831e1db9,1474,acquisition,7340192,0.9999149958260771
1fcca5be-efbb-46fc-83ab-9648831e1db9,1474,general,160,2.1795942031512574e-05
1fcca5be-efbb-46fc-83ab-9648831e1db9,1474,general/subject,64,8.71837681260503e-06
1fcca5be-efbb-46fc-83ab-9648831e1db9,1474,other,80,1.0897971015756287e-05
1fcca5be-efbb-46fc-83ab-9648831e1db9,1474,specifications,320,4.359188406302515e-05
1fd72657-8a88-4d78-b135-266bb7fbeac5,1636,acquisition,8975125,0.823406945347733
1fd72657-8a88-4d78-b135-266bb7fbeac5,1636,general,320,2.9357833179067094e-05
1fd72657-8a88-4d78-b135-266bb7fbeac5,1636,general/extracellular_ephys,208,1.9082591566393613e-05
1fd72657-8a88-4d78-b135-266bb7fbeac5,1636,general/localization,673,6.174319290472549e-05
1fd72657-8a88-4d78-b135-266bb7fbeac5,1636,general/subject,96,8.807349953720129e-06
1fd72657-8a88-4d78-b135-266bb7fbeac5,1636,intervals,5618,0.0005154134587499967
1fd72657-8a88-4d78-b135-266bb7fbeac5,1636,other,80,7.3394582947667735e-06
1fd72657-8a88-4d78-b135-266bb7fbeac5,1636,processing/antidromic_identification,46470,0.004263307836972649
1fd72657-8a88-4d78-b135-266bb7fbeac5,1636,processing/behavior,1830488,0.16793487918838804
1fd72657-8a88-4d78-b135-266bb7fbeac5,1636,specifications,416,3.8165183132787226e-05
1fd72657-8a88-4d78-b135-266bb7fbeac5,1636,units,40493,0.003714958559124887
1fdce866-c263-4dd2-a0e1-800ab7705879,1748,acquisition,19995368,0.6763158710064274
1fdce866-c263-4dd2-a0e1-800ab7705879,1748,general,330,1.1161796943778231e-05
1fdce866-c263-4dd2-a0e1-800ab7705879,1748,general/intracellular_ephys,1847,6.247223925805574e-05
1fdce866-c263-4dd2-a0e1-800ab7705879,1748,general/labnotebook,6600923,0.2232671580833801
1fdce866-c263-4dd2-a0e1-800ab7705879,1748,general/results,152962,0.005173729648830927
1fdce866-c263-4dd2-a0e1-800ab7705879,1748,general/stimsets,315652,0.010676495542113595
1fdce866-c263-4dd2-a0e1-800ab7705879,1748,general/subject,96,3.2470682018263945e-06
1fdce866-c263-4dd2-a0e1-800ab7705879,1748,general/testpulse,1249092,0.042248822024538904
1fdce866-c263-4dd2-a0e1-800ab7705879,1748,general/user_comment,14,4.735307794330159e-07
1fdce866-c263-4dd2-a0e1-800ab7705879,1748,intervals,223923,0.007573888051641373
1fdce866-c263-4dd2-a0e1-800ab7705879,1748,other,108,3.652951727054694e-06
1fdce866-c263-4dd2-a0e1-800ab7705879,1748,processing/spikes,514,1.7385344330612157e-05
1fdce866-c263-4dd2-a0e1-800ab7705879,1748,specifications,288,9.741204605479185e-06
1fdce866-c263-4dd2-a0e1-800ab7705879,1748,stimulus,1024015,0.034635901507221414
1fe79f61-396c-42e1-bf89-05ed10bbc3c8,688,general,224,3.24435900836978e-06
1fe79f61-396c-42e1-bf89-05ed10bbc3c8,688,general/extracellular_ephys,9984,0.00014460571580162448
1fe79f61-396c-42e1-bf89-05ed10bbc3c8,688,general/subject,80,1.15869964584635e-06
1fe79f61-396c-42e1-bf89-05ed10bbc3c8,688,intervals,22984,0.00033289440825165636
1fe79f61-396c-42e1-bf89-05ed10bbc3c8,688,other,80,1.15869964584635e-06
1fe79f61-396c-42e1-bf89-05ed10bbc3c8,688,processing/behavior,6643168,0.09621795511122257
1fe79f61-396c-42e1-bf89-05ed10bbc3c8,688,specifications,320,4.6347985833854e-06
1fe79f61-396c-42e1-bf89-05ed10bbc3c8,688,units,62366074,0.9032943482078407
1ffe93a1-f400-44fe-98c0-214c803a8b2a,1607,general,96,0.0003005353285539868
1ffe93a1-f400-44fe-98c0-214c803a8b2a,1607,general/extracellular_ephys,22656,0.07092633753874088
1ffe93a1-f400-44fe-98c0-214c803a8b2a,1607,general/subject,128,0.00040071377140531573
1ffe93a1-f400-44fe-98c0-214c803a8b2a,1607,intervals,779,0.0024387189681620387
1ffe93a1-f400-44fe-98c0-214c803a8b2a,1607,other,80,0.0002504461071283223
1ffe93a1-f400-44fe-98c0-214c803a8b2a,1607,specifications,352,0.0011019628713646182
1ffe93a1-f400-44fe-98c0-214c803a8b2a,1607,units,295339,0.9245812854146448
2019fa70-1368-419b-97f6-f9b8a57e0cd6,940,acquisition,184256780,0.9120688714418638
2019fa70-1368-419b-97f6-f9b8a57e0cd6,940,general,144,7.12798288820788e-07
2019fa70-1368-419b-97f6-f9b8a57e0cd6,940,general/extracellular_ephys,3772,1.8671355176611197e-05
2019fa70-1368-419b-97f6-f9b8a57e0cd6,940,general/subject,80,3.959990493448822e-07
2019fa70-1368-419b-97f6-f9b8a57e0cd6,940,intervals,38250,0.0001893370454680218
2019fa70-1368-419b-97f6-f9b8a57e0cd6,940,other,80,3.959990493448822e-07
2019fa70-1368-419b-97f6-f9b8a57e0cd6,940,specifications,272,1.3463967677725995e-06
2019fa70-1368-419b-97f6-f9b8a57e0cd6,940,stimulus,12000056,0.05940013460106687
2019fa70-1368-419b-97f6-f9b8a57e0cd6,940,units,5721253,0.02832013436326944
202d9041-b74b-46ce-9ec6-6fdbc54f8520,351,acquisition,14459600,0.6672447768885856
202d9041-b74b-46ce-9ec6-6fdbc54f8520,351,general,48,2.214981693176306e-06
202d9041-b74b-46ce-9ec6-6fdbc54f8520,351,general/subject,96,4.429963386352612e-06
202d9041-b74b-46ce-9ec6-6fdbc54f8520,351,other,80,3.6916361552938433e-06
202d9041-b74b-46ce-9ec6-6fdbc54f8520,351,processing/photometry,7210400,0.3327271666766341
202d9041-b74b-46ce-9ec6-6fdbc54f8520,351,specifications,384,1.771985354541045e-05
2042ec5c-9065-436a-9a9d-eb718ebf8ee6,20,acquisition,2674729,0.7519719827616502
2042ec5c-9065-436a-9a9d-eb718ebf8ee6,20,general,239,6.719234131010446e-05
2042ec5c-9065-436a-9a9d-eb718ebf8ee6,20,general/intracellular_ephys,402,0.00011301808036260249
2042ec5c-9065-436a-9a9d-eb718ebf8ee6,20,general/labnotebook,77877,0.021894301105468642
2042ec5c-9065-436a-9a9d-eb718ebf8ee6,20,general/stimsets,503661,0.14159900341668838
2042ec5c-9065-436a-9a9d-eb718ebf8ee6,20,general/subject,112,3.1487624379630543e-05
2042ec5c-9065-436a-9a9d-eb718ebf8ee6,20,general/testpulse,120851,0.03397599012413152
2042ec5c-9065-436a-9a9d-eb718ebf8ee6,20,general/user_comment,34,9.558743115244987e-06
2042ec5c-9065-436a-9a9d-eb718ebf8ee6,20,other,101,2.83950898423454e-05
2042ec5c-9065-436a-9a9d-eb718ebf8ee6,20,processing/spikes,3814,0.001072266065927776
2042ec5c-9065-436a-9a9d-eb718ebf8ee6,20,specifications,704,0.00019792221038624912
2042ec5c-9065-436a-9a9d-eb718ebf8ee6,20,stimulus,174429,0.049038882436737284
2043e784-6b1f-416a-b334-b1ecf3b63a95,1333,general,160,0.00025776849811184573
2043e784-6b1f-416a-b334-b1ecf3b63a95,1333,general/extracellular_ephys,768,0.0012372887909368596
2043e784-6b1f-416a-b334-b1ecf3b63a95,1333,general/subject,80,0.00012888424905592287
2043e784-6b1f-416a-b334-b1ecf3b63a95,1333,other,80,0.00012888424905592287
2043e784-6b1f-416a-b334-b1ecf3b63a95,1333,processing/ecephys,619304,0.9977316372166157
2043e784-6b1f-416a-b334-b1ecf3b63a95,1333,specifications,320,0.0005155369962236915
2049bc82-9046-41f8-8e96-1879d5a4c26e,678,acquisition,19201248,0.9949519832145929
2049bc82-9046-41f8-8e96-1879d5a4c26e,678,general,32,1.6581455258984713e-06
2049bc82-9046-41f8-8e96-1879d5a4c26e,678,general/subject,64,3.3162910517969425e-06
2049bc82-9046-41f8-8e96-1879d5a4c26e,678,intervals,96940,0.005023144602518682
2049bc82-9046-41f8-8e96-1879d5a4c26e,678,other,80,4.145363814746178e-06
2049bc82-9046-41f8-8e96-1879d5a4c26e,678,specifications,304,1.5752382496035476e-05
2065ee36-fd5a-4154-84a9-0ab2465cd0ca,1603,general,160,5.548624398910583e-06
2065ee36-fd5a-4154-84a9-0ab2465cd0ca,1603,general/subject,80,2.7743121994552914e-06
2065ee36-fd5a-4154-84a9-0ab2465cd0ca,1603,other,80,2.7743121994552914e-06
2065ee36-fd5a-4154-84a9-0ab2465cd0ca,1603,processing/curated_binning,28835336,0.9999778055024043
2065ee36-fd5a-4154-84a9-0ab2465cd0ca,1603,specifications,320,1.1097248797821166e-05
208b846d-ed47-4741-adfc-7ddfbd4ff855,713,acquisition,6920864,0.03704427428008316
208b846d-ed47-4741-adfc-7ddfbd4ff855,713,general,64,3.425632340016105e-07
208b846d-ed47-4741-adfc-7ddfbd4ff855,713,general/subject,96,5.138448510024158e-07
208b846d-ed47-4741-adfc-7ddfbd4ff855,713,intervals,916440,0.004905291408881811
208b846d-ed47-4741-adfc-7ddfbd4ff855,713,other,80,4.282040425020131e-07
208b846d-ed47-4741-adfc-7ddfbd4ff855,713,processing/licking,42432,0.00022711942414306777
208b846d-ed47-4741-adfc-7ddfbd4ff855,713,processing/rewards,4625,2.4755546207147633e-05
208b846d-ed47-4741-adfc-7ddfbd4ff855,713,processing/running,9516188,0.05093587713511434
208b846d-ed47-4741-adfc-7ddfbd4ff855,713,processing/stimulus,3460432,0.01852213714004158
208b846d-ed47-4741-adfc-7ddfbd4ff855,713,specifications,480,2.569224255012079e-06
208b846d-ed47-4741-adfc-7ddfbd4ff855,713,stimulus,165965120,0.8883366912291464
208d4f1e-3a43-4956-8fbe-adfc9a858a01,1751,acquisition,21407680,0.9933987738989108
208d4f1e-3a43-4956-8fbe-adfc9a858a01,1751,general,112,5.197231212194783e-06
208d4f1e-3a43-4956-8fbe-adfc9a858a01,1751,general/intracellular_ephys,896,4.1577849697558264e-05
208d4f1e-3a43-4956-8fbe-adfc9a858a01,1751,general/subject,80,3.7123080087105597e-06
208d4f1e-3a43-4956-8fbe-adfc9a858a01,1751,other,80,3.7123080087105597e-06
208d4f1e-3a43-4956-8fbe-adfc9a858a01,1751,specifications,272,1.2621847229615902e-05
208d4f1e-3a43-4956-8fbe-adfc9a858a01,1751,stimulus,140816,0.006534404556932327
20b02758-1cab-4df8-815b-862094316daa,971,general,416,0.16534181240063592
20b02758-1cab-4df8-815b-862094316daa,971,general/optogenetics,40,0.01589825119236884
20b02758-1cab-4df8-815b-862094316daa,971,general/subject,112,0.04451510333863275
20b02758-1cab-4df8-815b-862094316daa,971,other,80,0.03179650238473768
20b02758-1cab-4df8-815b-862094316daa,971,processing/behavior,1229,0.4884737678855326
20b02758-1cab-4df8-815b-862094316daa,971,specifications,384,0.15262321144674085
20b02758-1cab-4df8-815b-862094316daa,971,stimulus,255,0.10135135135135136
20b67acd-8b50-44c9-9fb5-703b43fc7ce4,1348,acquisition,20122734,0.7025482732945069
20b67acd-8b50-44c9-9fb5-703b43fc7ce4,1348,general,330,1.1521343480820611e-05
20b67acd-8b50-44c9-9fb5-703b43fc7ce4,1348,general/intracellular_ephys,1936,6.759188175414759e-05
20b67acd-8b50-44c9-9fb5-703b43fc7ce4,1348,general/labnotebook,3485716,0.12169736761391545
20b67acd-8b50-44c9-9fb5-703b43fc7ce4,1348,general/results,185807,0.006487109903457077
20b67acd-8b50-44c9-9fb5-703b43fc7ce4,1348,general/stimsets,341892,0.01193653080407491
20b67acd-8b50-44c9-9fb5-703b43fc7ce4,1348,general/subject,80,2.793052965047421e-06
20b67acd-8b50-44c9-9fb5-703b43fc7ce4,1348,general/testpulse,2861654,0.09990938987049766
20b67acd-8b50-44c9-9fb5-703b43fc7ce4,1348,general/user_comment,14,4.887842688832986e-07
20b67acd-8b50-44c9-9fb5-703b43fc7ce4,1348,intervals,260738,0.009103188050006681
20b67acd-8b50-44c9-9fb5-703b43fc7ce4,1348,other,106,3.700795178687833e-06
20b67acd-8b50-44c9-9fb5-703b43fc7ce4,1348,processing/spikes,12184,0.0004253819665767222
20b67acd-8b50-44c9-9fb5-703b43fc7ce4,1348,specifications,288,1.0054990674170716e-05
20b67acd-8b50-44c9-9fb5-703b43fc7ce4,1348,stimulus,1369014,0.04779660764864287
20d6be14-d2e5-4080-ab7b-c06a4aa51b96,22,acquisition,1780543825,0.9944012066332998
20d6be14-d2e5-4080-ab7b-c06a4aa51b96,22,general,48,2.6807123334017565e-08
20d6be14-d2e5-4080-ab7b-c06a4aa51b96,22,general/extracellular_ephys,8385,4.682869357411194e-06
20d6be14-d2e5-4080-ab7b-c06a4aa51b96,22,general/subject,80,4.467853889002928e-08
20d6be14-d2e5-4080-ab7b-c06a4aa51b96,22,other,80,4.467853889002928e-08
20d6be14-d2e5-4080-ab7b-c06a4aa51b96,22,processing/current_source_density,10016144,0.0055938334904016675
20d6be14-d2e5-4080-ab7b-c06a4aa51b96,22,specifications,288,1.608427400041054e-07
20e29e09-f555-4ece-b9a0-ef7b485b3923,1841,acquisition,762341,0.9989530099326467
20e29e09-f555-4ece-b9a0-ef7b485b3923,1841,general,64,8.386403543255497e-05
20e29e09-f555-4ece-b9a0-ef7b485b3923,1841,general/intracellular_ephys,255,0.0003341457661765862
20e29e09-f555-4ece-b9a0-ef7b485b3923,1841,general/subject,80,0.00010483004429069371
20e29e09-f555-4ece-b9a0-ef7b485b3923,1841,other,80,0.00010483004429069371
20e29e09-f555-4ece-b9a0-ef7b485b3923,1841,specifications,320,0.00041932017716277484
21123e46-57cc-4448-aa10-ce77299f9c70,1452,acquisition,3280656,0.9998537092031541
21123e46-57cc-4448-aa10-ce77299f9c70,1452,general/intracellular_ephys,16,4.87635989486568e-06
21123e46-57cc-4448-aa10-ce77299f9c70,1452,general/subject,64,1.950543957946272e-05
21123e46-57cc-4448-aa10-ce77299f9c70,1452,other,80,2.4381799474328403e-05
21123e46-57cc-4448-aa10-ce77299f9c70,1452,specifications,320,9.752719789731361e-05
2126ab92-15a6-435f-8f8d-6cbb87f2d1fb,1636,acquisition,668131,0.7178700630591816
2126ab92-15a6-435f-8f8d-6cbb87f2d1fb,1636,general,320,0.00034382242431340275
2126ab92-15a6-435f-8f8d-6cbb87f2d1fb,1636,general/extracellular_ephys,212,0.0002277823561076293
2126ab92-15a6-435f-8f8d-6cbb87f2d1fb,1636,general/localization,684,0.0007349204319698983
2126ab92-15a6-435f-8f8d-6cbb87f2d1fb,1636,general/subject,96,0.00010314672729402082
2126ab92-15a6-435f-8f8d-6cbb87f2d1fb,1636,intervals,8899,0.009561486731140535
2126ab92-15a6-435f-8f8d-6cbb87f2d1fb,1636,other,80,8.595560607835069e-05
2126ab92-15a6-435f-8f8d-6cbb87f2d1fb,1636,processing/antidromic_identification,35899,0.03857150378258389
2126ab92-15a6-435f-8f8d-6cbb87f2d1fb,1636,processing/behavior,197317,0.21200627905702402
2126ab92-15a6-435f-8f8d-6cbb87f2d1fb,1636,specifications,416,0.0004469691516074236
2126ab92-15a6-435f-8f8d-6cbb87f2d1fb,1636,units,18659,0.020048070672699318
21362725-edbd-460e-aea3-1b3196018bd3,248,acquisition,2481345636,0.9999952320452988
21362725-edbd-460e-aea3-1b3196018bd3,248,general,48,1.9344250330055326e-08
21362725-edbd-460e-aea3-1b3196018bd3,248,general/extracellular_ephys,11223,4.522927530296061e-06
21362725-edbd-460e-aea3-1b3196018bd3,248,general/subject,96,3.868850066011065e-08
21362725-edbd-460e-aea3-1b3196018bd3,248,other,80,3.224041721675888e-08
21362725-edbd-460e-aea3-1b3196018bd3,248,specifications,384,1.547540026404426e-07
21388057-3724-4b66-a113-a065629152f7,1635,general,160,3.5875430460321238e-06
21388057-3724-4b66-a113-a065629152f7,1635,general/optophysiology,88,1.973148675317668e-06
21388057-3724-4b66-a113-a065629152f7,1635,general/subject,96,2.152525827619274e-06
21388057-3724-4b66-a113-a065629152f7,1635,intervals,5000,0.00011211072018850387
21388057-3724-4b66-a113-a065629152f7,1635,other,80,1.7937715230160619e-06
21388057-3724-4b66-a113-a065629152f7,1635,processing/behavior,43020432,0.9646103228681115
21388057-3724-4b66-a113-a065629152f7,1635,processing/ophys,1572592,0.03526088433653593
21388057-3724-4b66-a113-a065629152f7,1635,specifications,320,7.1750860920642475e-06
21a0b7c4-d5d3-49dc-b3e9-b09631edc8c3,1359,acquisition,17088237,0.6695383775579866
21a0b7c4-d5d3-49dc-b3e9-b09631edc8c3,1359,general,330,1.2929810406663694e-05
21a0b7c4-d5d3-49dc-b3e9-b09631edc8c3,1359,general/intracellular_ephys,2258,8.847124817650491e-05
21a0b7c4-d5d3-49dc-b3e9-b09631edc8c3,1359,general/labnotebook,2613835,0.10241330601303576
21a0b7c4-d5d3-49dc-b3e9-b09631edc8c3,1359,general/results,189565,0.007427392453755162
21a0b7c4-d5d3-49dc-b3e9-b09631edc8c3,1359,general/stimsets,637216,0.024966915357856403
21a0b7c4-d5d3-49dc-b3e9-b09631edc8c3,1359,general/subject,80,3.134499492524532e-06
21a0b7c4-d5d3-49dc-b3e9-b09631edc8c3,1359,general/testpulse,3796464,0.1487501810173457
21a0b7c4-d5d3-49dc-b3e9-b09631edc8c3,1359,general/user_comment,14,5.485374111917931e-07
21a0b7c4-d5d3-49dc-b3e9-b09631edc8c3,1359,intervals,137663,0.005393807545492559
21a0b7c4-d5d3-49dc-b3e9-b09631edc8c3,1359,other,106,4.153211827595005e-06
21a0b7c4-d5d3-49dc-b3e9-b09631edc8c3,1359,processing/spikes,2052,8.039991198325426e-05
21a0b7c4-d5d3-49dc-b3e9-b09631edc8c3,1359,specifications,288,1.1284198173088315e-05
21a0b7c4-d5d3-49dc-b3e9-b09631edc8c3,1359,stimulus,1054308,0.04130909863705693
21a1bb17-b04f-454a-8b06-805f22cdcf61,1181,acquisition,565484,0.9405984071750311
21a1bb17-b04f-454a-8b06-805f22cdcf61,1181,general,144,0.00023952255171358426
21a1bb17-b04f-454a-8b06-805f22cdcf61,1181,general/subject,80,0.0001330680842853246
21a1bb17-b04f-454a-8b06-805f22cdcf61,1181,intervals,24640,0.04098496995987997
21a1bb17-b04f-454a-8b06-805f22cdcf61,1181,other,80,0.0001330680842853246
21a1bb17-b04f-454a-8b06-805f22cdcf61,1181,specifications,320,0.0005322723371412984
21a1bb17-b04f-454a-8b06-805f22cdcf61,1181,stimulus,10448,0.017378691807663393
21a8c61f-420e-4041-a18a-8e9e3203d2e3,1258,acquisition,5718600,0.9777657711878317
21a8c61f-420e-4041-a18a-8e9e3203d2e3,1258,general,112,1.914975105323631e-05
21a8c61f-420e-4041-a18a-8e9e3203d2e3,1258,general/fiber_photometry,184,3.1460305301745365e-05
21a8c61f-420e-4041-a18a-8e9e3203d2e3,1258,general/subject,96,1.6414072331345407e-05
21a8c61f-420e-4041-a18a-8e9e3203d2e3,1258,intervals,129216,0.022093341357990917
21a8c61f-420e-4041-a18a-8e9e3203d2e3,1258,other,80,1.3678393609454505e-05
21a8c61f-420e-4041-a18a-8e9e3203d2e3,1258,specifications,352,6.0184931881599825e-05
21f72c80-0254-4c9f-aaf8-37ad0d8ee9d5,1035,acquisition,469778,0.9988093668808389
21f72c80-0254-4c9f-aaf8-37ad0d8ee9d5,1035,general,64,0.00013607235647555588
21f72c80-0254-4c9f-aaf8-37ad0d8ee9d5,1035,general/subject,96,0.00020410853471333382
21f72c80-0254-4c9f-aaf8-37ad0d8ee9d5,1035,other,80,0.00017009044559444485
21f72c80-0254-4c9f-aaf8-37ad0d8ee9d5,1035,specifications,320,0.0006803617823777794
222110e8-6af3-4771-a4b4-63c4c25ea21e,1181,acquisition,582064,0.948677620352276
222110e8-6af3-4771-a4b4-63c4c25ea21e,1181,general,144,0.0002346985508994333
222110e8-6af3-4771-a4b4-63c4c25ea21e,1181,general/subject,80,0.0001303880838330185
222110e8-6af3-4771-a4b4-63c4c25ea21e,1181,intervals,22785,0.037136156126691584
222110e8-6af3-4771-a4b4-63c4c25ea21e,1181,other,80,0.0001303880838330185
222110e8-6af3-4771-a4b4-63c4c25ea21e,1181,specifications,320,0.000521552335332074
222110e8-6af3-4771-a4b4-63c4c25ea21e,1181,stimulus,8080,0.013169196467134868
22604fa8-928d-4373-bda3-075d8d09e9d4,1521,acquisition,31312984,0.999982116364727
22604fa8-928d-4373-bda3-075d8d09e9d4,1521,general,64,2.0438440311962135e-06
22604fa8-928d-4373-bda3-075d8d09e9d4,1521,general/subject,96,3.06576604679432e-06
22604fa8-928d-4373-bda3-075d8d09e9d4,1521,other,80,2.5548050389952666e-06
22604fa8-928d-4373-bda3-075d8d09e9d4,1521,specifications,320,1.0219220155981066e-05
2267f037-c082-4e9f-b6a1-e010ac83f784,940,acquisition,124295500,0.8886990926883149
2267f037-c082-4e9f-b6a1-e010ac83f784,940,general,144,1.0295840907121927e-06
2267f037-c082-4e9f-b6a1-e010ac83f784,940,general/extracellular_ephys,2392,1.7102535729052533e-05
2267f037-c082-4e9f-b6a1-e010ac83f784,940,general/subject,80,5.719911615067737e-07
2267f037-c082-4e9f-b6a1-e010ac83f784,940,intervals,38250,0.0002734832740954262
2267f037-c082-4e9f-b6a1-e010ac83f784,940,other,80,5.719911615067737e-07
2267f037-c082-4e9f-b6a1-e010ac83f784,940,specifications,272,1.944769949123031e-06
2267f037-c082-4e9f-b6a1-e010ac83f784,940,stimulus,12000056,0.08579907461982911
2267f037-c082-4e9f-b6a1-e010ac83f784,940,units,3525527,0.025207128545668644
226bc6f1-2629-47d9-9175-25aaa503ff46,1273,acquisition,58011029,0.9999903467564042
226bc6f1-2629-47d9-9175-25aaa503ff46,1273,general,64,1.1032278395270296e-06
226bc6f1-2629-47d9-9175-25aaa503ff46,1273,general/subject,96,1.6548417592905446e-06
226bc6f1-2629-47d9-9175-25aaa503ff46,1273,other,80,1.3790347994087872e-06
226bc6f1-2629-47d9-9175-25aaa503ff46,1273,specifications,320,5.516139197635149e-06
227ae319-1251-42b6-818b-2961d994c942,1445,acquisition,1148,0.6434977578475336
227ae319-1251-42b6-818b-2961d994c942,1445,general,48,0.026905829596412557
227ae319-1251-42b6-818b-2961d994c942,1445,general/extracellular_ephys,108,0.06053811659192825
227ae319-1251-42b6-818b-2961d994c942,1445,general/subject,80,0.04484304932735426
227ae319-1251-42b6-818b-2961d994c942,1445,other,80,0.04484304932735426
227ae319-1251-42b6-818b-2961d994c942,1445,specifications,320,0.17937219730941703
2281acac-4aec-4eb3-be58-c982a045235b,1274,acquisition,110690085,0.9999949408552096
2281acac-4aec-4eb3-be58-c982a045235b,1274,general,64,5.781879760480211e-07
2281acac-4aec-4eb3-be58-c982a045235b,1274,general/subject,96,8.672819640720315e-07
2281acac-4aec-4eb3-be58-c982a045235b,1274,other,80,7.227349700600263e-07
2281acac-4aec-4eb3-be58-c982a045235b,1274,specifications,320,2.890939880240105e-06
2281e1b2-bd60-4fdc-9662-dd92f6914a3e,711,acquisition,8638848,0.04464235011552981
2281e1b2-bd60-4fdc-9662-dd92f6914a3e,711,general,80,4.134102150243163e-07
2281e1b2-bd60-4fdc-9662-dd92f6914a3e,711,general/subject,96,4.960922580291795e-07
2281e1b2-bd60-4fdc-9662-dd92f6914a3e,711,intervals,2637594,0.013630103783585581
2281e1b2-bd60-4fdc-9662-dd92f6914a3e,711,other,80,4.134102150243163e-07
2281e1b2-bd60-4fdc-9662-dd92f6914a3e,711,processing/licking,68528,0.00035412719018982936
2281e1b2-bd60-4fdc-9662-dd92f6914a3e,711,processing/rewards,3775,1.9507794521459927e-05
2281e1b2-bd60-4fdc-9662-dd92f6914a3e,711,processing/running,11878416,0.06138323140885349
2281e1b2-bd60-4fdc-9662-dd92f6914a3e,711,processing/stimulus,4319424,0.022321175057764906
2281e1b2-bd60-4fdc-9662-dd92f6914a3e,711,specifications,480,2.480461290145898e-06
2281e1b2-bd60-4fdc-9662-dd92f6914a3e,711,stimulus,165965072,0.8576457012755767
2288a0b0-5247-4bf6-9c71-72d2d914122a,1374,acquisition,8214018568,0.9999961713162283
2288a0b0-5247-4bf6-9c71-72d2d914122a,1374,general,112,1.3635173850682921e-08
2288a0b0-5247-4bf6-9c71-72d2d914122a,1374,general/extracellular_ephys,30857,3.7566121384868114e-06
2288a0b0-5247-4bf6-9c71-72d2d914122a,1374,general/subject,80,9.739409893344944e-09
2288a0b0-5247-4bf6-9c71-72d2d914122a,1374,other,80,9.739409893344944e-09
2288a0b0-5247-4bf6-9c71-72d2d914122a,1374,specifications,320,3.8957639573379774e-08
22950ff5-71dc-4041-b47c-c57698228ace,1855,acquisition,15818433,0.5924090280245093
22950ff5-71dc-4041-b47c-c57698228ace,1855,general,330,1.235868175109937e-05
22950ff5-71dc-4041-b47c-c57698228ace,1855,general/intracellular_ephys,1510,5.655033164896985e-05
22950ff5-71dc-4041-b47c-c57698228ace,1855,general/labnotebook,2206254,0.08262542741845452
22950ff5-71dc-4041-b47c-c57698228ace,1855,general/results,130098,0.004872241752892503
22950ff5-71dc-4041-b47c-c57698228ace,1855,general/stimsets,428993,0.016066024122573856
22950ff5-71dc-4041-b47c-c57698228ace,1855,general/subject,80,2.9960440608725747e-06
22950ff5-71dc-4041-b47c-c57698228ace,1855,general/testpulse,5741932,0.2150385158316773
22950ff5-71dc-4041-b47c-c57698228ace,1855,general/user_comment,14,5.243077106527005e-07
22950ff5-71dc-4041-b47c-c57698228ace,1855,intervals,341648,0.012794905766362417
22950ff5-71dc-4041-b47c-c57698228ace,1855,other,106,3.969758380656162e-06
22950ff5-71dc-4041-b47c-c57698228ace,1855,processing/spikes,872,3.265688026351106e-05
22950ff5-71dc-4041-b47c-c57698228ace,1855,specifications,288,1.0785758619141268e-05
22950ff5-71dc-4041-b47c-c57698228ace,1855,stimulus,2031319,0.07607401532109521
22a124dd-5afb-4ac6-83bc-ee034c50f24f,54,acquisition,24,1.80228745061631e-08
22a124dd-5afb-4ac6-83bc-ee034c50f24f,54,general,160,1.20152496707754e-07
22a124dd-5afb-4ac6-83bc-ee034c50f24f,54,general/optophysiology,104,7.80991228600401e-08
22a124dd-5afb-4ac6-83bc-ee034c50f24f,54,general/subject,96,7.20914980246524e-08
22a124dd-5afb-4ac6-83bc-ee034c50f24f,54,other,80,6.0076248353877e-08
22a124dd-5afb-4ac6-83bc-ee034c50f24f,54,processing/behavior,5910608,0.004438589426630153
22a124dd-5afb-4ac6-83bc-ee034c50f24f,54,processing/ophys,1325729684,0.995560821826136
22a124dd-5afb-4ac6-83bc-ee034c50f24f,54,specifications,320,2.40304993415508e-07
22baeee4-427a-4f9d-81ed-49a2606d0c5c,1201,analysis,56969616,0.9986041883883969
22baeee4-427a-4f9d-81ed-49a2606d0c5c,1201,general,112,1.963216130849477e-06
22baeee4-427a-4f9d-81ed-49a2606d0c5c,1201,general/extracellular_ephys,12288,0.00021539285549891405
22baeee4-427a-4f9d-81ed-49a2606d0c5c,1201,general/subject,80,1.402297236321055e-06
22baeee4-427a-4f9d-81ed-49a2606d0c5c,1201,intervals,66750,0.0011700417565553803
22baeee4-427a-4f9d-81ed-49a2606d0c5c,1201,other,80,1.402297236321055e-06
22baeee4-427a-4f9d-81ed-49a2606d0c5c,1201,specifications,320,5.60918894528422e-06
22d61f66-0d38-4528-a855-5b19592b8eae,959,acquisition,16878944,0.9900942150009128
22d61f66-0d38-4528-a855-5b19592b8eae,959,general,32,1.877073286103041e-06
22d61f66-0d38-4528-a855-5b19592b8eae,959,general/subject,80,4.692683215257603e-06
22d61f66-0d38-4528-a855-5b19592b8eae,959,intervals,168360,0.009875751826509625
22d61f66-0d38-4528-a855-5b19592b8eae,959,other,80,4.692683215257603e-06
22d61f66-0d38-4528-a855-5b19592b8eae,959,scratch,48,2.8156099291545616e-06
22d61f66-0d38-4528-a855-5b19592b8eae,959,specifications,272,1.595512293187585e-05
22e22d99-f7cc-4671-8b91-eb85545de3fc,1848,general,192,8.2924068503573e-06
22e22d99-f7cc-4671-8b91-eb85545de3fc,1848,general/extracellular_ephys,7344,0.0003171845620261667
22e22d99-f7cc-4671-8b91-eb85545de3fc,1848,general/optogenetics,40,1.727584760491104e-06
22e22d99-f7cc-4671-8b91-eb85545de3fc,1848,general/subject,80,3.455169520982208e-06
22e22d99-f7cc-4671-8b91-eb85545de3fc,1848,intervals,40656,0.0017559171505631581
22e22d99-f7cc-4671-8b91-eb85545de3fc,1848,other,80,3.455169520982208e-06
22e22d99-f7cc-4671-8b91-eb85545de3fc,1848,specifications,272,1.1747576371339507e-05
22e22d99-f7cc-4671-8b91-eb85545de3fc,1848,units,23105048,0.9978982203803866
22f2252c-a417-4f1f-a2cc-3b87ff93df5f,1836,general,96,2.3706015771908617e-05
22f2252c-a417-4f1f-a2cc-3b87ff93df5f,1836,general/extracellular_ephys,43264,0.010683511107873484
22f2252c-a417-4f1f-a2cc-3b87ff93df5f,1836,general/subject,112,2.7657018400560053e-05
22f2252c-a417-4f1f-a2cc-3b87ff93df5f,1836,intervals,533,0.00013161777506695097
22f2252c-a417-4f1f-a2cc-3b87ff93df5f,1836,other,80,1.9755013143257183e-05
22f2252c-a417-4f1f-a2cc-3b87ff93df5f,1836,scratch,4005104,0.9890110270013989
22f2252c-a417-4f1f-a2cc-3b87ff93df5f,1836,specifications,416,0.00010272606834493734
2312517c-79ec-431c-bf59-9292c142d55b,1552,acquisition,1968046,0.9997236600815812
2312517c-79ec-431c-bf59-9292c142d55b,1552,general,48,2.4382933978126475e-05
2312517c-79ec-431c-bf59-9292c142d55b,1552,general/subject,96,4.876586795625295e-05
2312517c-79ec-431c-bf59-9292c142d55b,1552,other,80,4.063822329687746e-05
2312517c-79ec-431c-bf59-9292c142d55b,1552,specifications,320,0.00016255289318750985
231829e7-0fb9-446d-b0cf-55a4148651c7,1455,acquisition,2411706,0.7388861740668969
231829e7-0fb9-446d-b0cf-55a4148651c7,1455,general,239,7.322360005821124e-05
231829e7-0fb9-446d-b0cf-55a4148651c7,1455,general/intracellular_ephys,426,0.00013051570554308779
231829e7-0fb9-446d-b0cf-55a4148651c7,1455,general/labnotebook,79908,0.024481805160885117
231829e7-0fb9-446d-b0cf-55a4148651c7,1455,general/stimsets,502715,0.15401925566219105
231829e7-0fb9-446d-b0cf-55a4148651c7,1455,general/subject,112,3.431398831179773e-05
231829e7-0fb9-446d-b0cf-55a4148651c7,1455,general/testpulse,135741,0.04158763470921193
231829e7-0fb9-446d-b0cf-55a4148651c7,1455,general/user_comment,34,1.041674645179574e-05
231829e7-0fb9-446d-b0cf-55a4148651c7,1455,other,101,3.094386445974617e-05
231829e7-0fb9-446d-b0cf-55a4148651c7,1455,processing/spikes,2324,0.0007120152574698029
231829e7-0fb9-446d-b0cf-55a4148651c7,1455,specifications,288,8.823596994462273e-05
231829e7-0fb9-446d-b0cf-55a4148651c7,1455,stimulus,130381,0.03994546526857589
233640f2-1fa5-4765-8358-4d18ea4c3b3e,773,acquisition,83886088,0.9999896050589985
233640f2-1fa5-4765-8358-4d18ea4c3b3e,773,general,240,2.8609929362084404e-06
233640f2-1fa5-4765-8358-4d18ea4c3b3e,773,general/optophysiology,136,1.6212293305181162e-06
233640f2-1fa5-4765-8358-4d18ea4c3b3e,773,general/subject,96,1.1443971744833762e-06
233640f2-1fa5-4765-8358-4d18ea4c3b3e,773,other,80,9.536643120694802e-07
233640f2-1fa5-4765-8358-4d18ea4c3b3e,773,specifications,320,3.814657248277921e-06
235a272e-b9d8-4f23-936d-c0da6d702735,1748,acquisition,16156379,0.6268685237359773
235a272e-b9d8-4f23-936d-c0da6d702735,1748,general,329,1.276522074093066e-05
235a272e-b9d8-4f23-936d-c0da6d702735,1748,general/intracellular_ephys,982,3.8101661907580266e-05
235a272e-b9d8-4f23-936d-c0da6d702735,1748,general/labnotebook,3258654,0.12643598063318134
235a272e-b9d8-4f23-936d-c0da6d702735,1748,general/results,114628,0.0044475736264176285
235a272e-b9d8-4f23-936d-c0da6d702735,1748,general/stimsets,341085,0.013234119502797369
235a272e-b9d8-4f23-936d-c0da6d702735,1748,general/subject,96,3.7248060520648732e-06
235a272e-b9d8-4f23-936d-c0da6d702735,1748,general/testpulse,5288472,0.20519304699766275
235a272e-b9d8-4f23-936d-c0da6d702735,1748,general/user_comment,14,5.432008825927941e-07
235a272e-b9d8-4f23-936d-c0da6d702735,1748,intervals,37380,0.00145034635652276
235a272e-b9d8-4f23-936d-c0da6d702735,1748,other,107,4.15160674553064e-06
235a272e-b9d8-4f23-936d-c0da6d702735,1748,processing/spikes,2178,8.450653730622182e-05
235a272e-b9d8-4f23-936d-c0da6d702735,1748,specifications,288,1.117441815619462e-05
235a272e-b9d8-4f23-936d-c0da6d702735,1748,stimulus,572562,0.02221544169564967
23730d99-f978-4064-bc41-92e60a3b477c,1626,acquisition,15937531,0.6379150937962512
23730d99-f978-4064-bc41-92e60a3b477c,1626,general,330,1.320856919134858e-05
23730d99-f978-4064-bc41-92e60a3b477c,1626,general/intracellular_ephys,1506,6.0279106673245334e-05
23730d99-f978-4064-bc41-92e60a3b477c,1626,general/labnotebook,4379044,0.17527547171502983
23730d99-f978-4064-bc41-92e60a3b477c,1626,general/results,154335,0.0061774076549902515
23730d99-f978-4064-bc41-92e60a3b477c,1626,general/stimsets,455239,0.018221381303334352
23730d99-f978-4064-bc41-92e60a3b477c,1626,general/subject,80,3.202077379720868e-06
23730d99-f978-4064-bc41-92e60a3b477c,1626,general/testpulse,2444103,0.0978275866250989
23730d99-f978-4064-bc41-92e60a3b477c,1626,general/user_comment,14,5.603635414511518e-07
23730d99-f978-4064-bc41-92e60a3b477c,1626,intervals,248410,0.009942850523705759
23730d99-f978-4064-bc41-92e60a3b477c,1626,other,108,4.322804462623171e-06
23730d99-f978-4064-bc41-92e60a3b477c,1626,processing/spikes,6048,0.0002420770499068976
23730d99-f978-4064-bc41-92e60a3b477c,1626,specifications,288,1.1527478566995125e-05
23730d99-f978-4064-bc41-92e60a3b477c,1626,stimulus,1356745,0.05430503093186736
2390e723-dc0f-49e2-b89b-f366e860c49b,1475,acquisition,2400240,0.49981925011286454
2390e723-dc0f-49e2-b89b-f366e860c49b,1475,general,80,1.6658975772851532e-05
2390e723-dc0f-49e2-b89b-f366e860c49b,1475,general/intracellular_ephys,1160,0.00024155514870634724
2390e723-dc0f-49e2-b89b-f366e860c49b,1475,general/subject,96,1.999077092742184e-05
2390e723-dc0f-49e2-b89b-f366e860c49b,1475,other,80,1.6658975772851532e-05
2390e723-dc0f-49e2-b89b-f366e860c49b,1475,specifications,320,6.663590309140613e-05
2390e723-dc0f-49e2-b89b-f366e860c49b,1475,stimulus,2400240,0.49981925011286454
239b2e5d-a11c-4f83-b37a-3404b3096c74,1605,acquisition,2097152,0.005082145818025145
239b2e5d-a11c-4f83-b37a-3404b3096c74,1605,general,176,4.265106506216171e-07
239b2e5d-a11c-4f83-b37a-3404b3096c74,1605,general/optophysiology,112,2.714158685773927e-07
239b2e5d-a11c-4f83-b37a-3404b3096c74,1605,general/subject,96,2.326421730663366e-07
239b2e5d-a11c-4f83-b37a-3404b3096c74,1605,intervals,43616,0.00010569709396313893
239b2e5d-a11c-4f83-b37a-3404b3096c74,1605,other,80,1.938684775552805e-07
239b2e5d-a11c-4f83-b37a-3404b3096c74,1605,processing/behavior,4521158,0.01095637522808596
239b2e5d-a11c-4f83-b37a-3404b3096c74,1605,processing/ophys,405984485,0.9838449252251826
239b2e5d-a11c-4f83-b37a-3404b3096c74,1605,specifications,320,7.75473910221122e-07
239b2e5d-a11c-4f83-b37a-3404b3096c74,1605,stimulus,3696,8.956723663053959e-06
239d64fc-d0ee-4aa6-8d23-6b1f85d8bf9d,1273,acquisition,58594760,0.9999904429227454
239d64fc-d0ee-4aa6-8d23-6b1f85d8bf9d,1273,general,64,1.0922374005295987e-06
239d64fc-d0ee-4aa6-8d23-6b1f85d8bf9d,1273,general/subject,96,1.638356100794398e-06
239d64fc-d0ee-4aa6-8d23-6b1f85d8bf9d,1273,other,80,1.3652967506619983e-06
239d64fc-d0ee-4aa6-8d23-6b1f85d8bf9d,1273,specifications,320,5.461187002647993e-06
23bc5102-8995-4395-99aa-eaab06e4ccc4,1333,general,160,0.006693440428380187
23bc5102-8995-4395-99aa-eaab06e4ccc4,1333,general/extracellular_ephys,768,0.0321285140562249
23bc5102-8995-4395-99aa-eaab06e4ccc4,1333,general/subject,80,0.0033467202141900937
23bc5102-8995-4395-99aa-eaab06e4ccc4,1333,other,80,0.0033467202141900937
23bc5102-8995-4395-99aa-eaab06e4ccc4,1333,processing/ecephys,22496,0.9410977242302544
23bc5102-8995-4395-99aa-eaab06e4ccc4,1333,specifications,320,0.013386880856760375
23d4daca-fc50-4e13-b096-b34dcb26711d,1550,acquisition,621477,0.6292705153323916
23d4daca-fc50-4e13-b096-b34dcb26711d,1550,general,176,0.0001782070948699645
23d4daca-fc50-4e13-b096-b34dcb26711d,1550,general/subject,96,9.720386992907155e-05
23d4daca-fc50-4e13-b096-b34dcb26711d,1550,general/task,4180,0.004232418503161657
23d4daca-fc50-4e13-b096-b34dcb26711d,1550,intervals,361158,0.36568703391503776
23d4daca-fc50-4e13-b096-b34dcb26711d,1550,other,80,8.100322494089296e-05
23d4daca-fc50-4e13-b096-b34dcb26711d,1550,specifications,448,0.00045361805966900057
23fa85e9-8936-4d1c-b404-dbcc60311006,989,acquisition,1428,0.6918604651162791
23fa85e9-8936-4d1c-b404-dbcc60311006,989,general,48,0.023255813953488372
23fa85e9-8936-4d1c-b404-dbcc60311006,989,general/extracellular_ephys,108,0.05232558139534884
23fa85e9-8936-4d1c-b404-dbcc60311006,989,general/subject,80,0.03875968992248062
23fa85e9-8936-4d1c-b404-dbcc60311006,989,other,80,0.03875968992248062
23fa85e9-8936-4d1c-b404-dbcc60311006,989,specifications,320,0.15503875968992248
24372a77-b085-461d-bd80-c15dec41643c,1692,acquisition,3830547916,0.9917234904799167
24372a77-b085-461d-bd80-c15dec41643c,1692,general,240,6.213566386182233e-08
24372a77-b085-461d-bd80-c15dec41643c,1692,general/FiberPhotometry,8002,2.0717065925929262e-06
24372a77-b085-461d-bd80-c15dec41643c,1692,general/optophysiology,160,4.142377590788155e-08
24372a77-b085-461d-bd80-c15dec41643c,1692,general/subject,96,2.485426554472893e-08
24372a77-b085-461d-bd80-c15dec41643c,1692,other,80,2.0711887953940775e-08
24372a77-b085-461d-bd80-c15dec41643c,1692,processing/behavior,93180,2.4124171494352517e-05
24372a77-b085-461d-bd80-c15dec41643c,1692,processing/ophys,31866041,0.008250073384096036
24372a77-b085-461d-bd80-c15dec41643c,1692,specifications,352,9.113230699733942e-08
2454f3fa-f863-43ea-bad8-63900314820a,1515,acquisition,25417603,0.9999779685101555
2454f3fa-f863-43ea-bad8-63900314820a,1515,general,64,2.517884553655589e-06
2454f3fa-f863-43ea-bad8-63900314820a,1515,general/subject,96,3.776826830483383e-06
2454f3fa-f863-43ea-bad8-63900314820a,1515,other,80,3.147355692069486e-06
2454f3fa-f863-43ea-bad8-63900314820a,1515,specifications,320,1.2589422768277943e-05
246621ca-0c96-49db-8aa2-5aa763916307,1789,acquisition,14400048,0.499988055880701
246621ca-0c96-49db-8aa2-5aa763916307,1789,general,176,6.110944757614931e-06
246621ca-0c96-49db-8aa2-5aa763916307,1789,general/intracellular_ephys,32,1.1110808650208967e-06
246621ca-0c96-49db-8aa2-5aa763916307,1789,general/subject,80,2.7777021625522415e-06
246621ca-0c96-49db-8aa2-5aa763916307,1789,other,80,2.7777021625522415e-06
246621ca-0c96-49db-8aa2-5aa763916307,1789,specifications,320,1.1110808650208966e-05
246621ca-0c96-49db-8aa2-5aa763916307,1789,stimulus,14400048,0.499988055880701
24724d8b-347e-466b-82c0-7cd940fff496,1676,acquisition,6411272,0.10751207719747308
24724d8b-347e-466b-82c0-7cd940fff496,1676,general,128,2.1464610893558338e-06
24724d8b-347e-466b-82c0-7cd940fff496,1676,general/optophysiology,128,2.1464610893558338e-06
24724d8b-347e-466b-82c0-7cd940fff496,1676,general/subject,96,1.6098458170168751e-06
24724d8b-347e-466b-82c0-7cd940fff496,1676,other,80,1.3415381808473961e-06
24724d8b-347e-466b-82c0-7cd940fff496,1676,processing/ophys,53193336,0.8920111401330537
24724d8b-347e-466b-82c0-7cd940fff496,1676,scratch,27680,0.000464172210573199
24724d8b-347e-466b-82c0-7cd940fff496,1676,specifications,320,5.3661527233895844e-06
2493e095-bba2-4adc-ac88-e37dacc47c84,1635,general,160,3.596519432354145e-06
2493e095-bba2-4adc-ac88-e37dacc47c84,1635,general/optophysiology,88,1.97808568779478e-06
2493e095-bba2-4adc-ac88-e37dacc47c84,1635,general/subject,96,2.157911659412487e-06
2493e095-bba2-4adc-ac88-e37dacc47c84,1635,intervals,5000,0.00011239123226106703
2493e095-bba2-4adc-ac88-e37dacc47c84,1635,other,80,1.7982597161770724e-06
2493e095-bba2-4adc-ac88-e37dacc47c84,1635,processing/behavior,42913152,0.9646124066972946
2493e095-bba2-4adc-ac88-e37dacc47c84,1635,processing/ophys,1568560,0.03525847825508386
2493e095-bba2-4adc-ac88-e37dacc47c84,1635,specifications,320,7.19303886470829e-06
24ae525e-8b37-4d7d-aa69-62245d6b43c7,1550,acquisition,281066,0.5727543012713789
24ae525e-8b37-4d7d-aa69-62245d6b43c7,1550,general,176,0.00035865155167740925
24ae525e-8b37-4d7d-aa69-62245d6b43c7,1550,general/subject,96,0.00019562811909676868
24ae525e-8b37-4d7d-aa69-62245d6b43c7,1550,general/task,4266,0.008693224542362658
24ae525e-8b37-4d7d-aa69-62245d6b43c7,1550,intervals,204595,0.41692223986045196
24ae525e-8b37-4d7d-aa69-62245d6b43c7,1550,other,80,0.00016302343258064057
24ae525e-8b37-4d7d-aa69-62245d6b43c7,1550,specifications,448,0.0009129312224515872
24b27d31-223e-4ee2-9c89-ece6f966b112,766,acquisition,2384,0.8186813186813187
24b27d31-223e-4ee2-9c89-ece6f966b112,766,general,64,0.02197802197802198
24b27d31-223e-4ee2-9c89-ece6f966b112,766,general/subject,64,0.02197802197802198
24b27d31-223e-4ee2-9c89-ece6f966b112,766,other,80,0.027472527472527472
24b27d31-223e-4ee2-9c89-ece6f966b112,766,specifications,320,0.10989010989010989
24ba1275-a1d4-4cb6-8577-bb4b5327dafb,1836,general,80,1.9961764238689e-06
24ba1275-a1d4-4cb6-8577-bb4b5327dafb,1836,general/extracellular_ephys,43264,0.0010795322100283012
24ba1275-a1d4-4cb6-8577-bb4b5327dafb,1836,general/subject,112,2.7946469934164603e-06
24ba1275-a1d4-4cb6-8577-bb4b5327dafb,1836,intervals,410,1.0230404172328115e-05
24ba1275-a1d4-4cb6-8577-bb4b5327dafb,1836,other,80,1.9961764238689e-06
24ba1275-a1d4-4cb6-8577-bb4b5327dafb,1836,scratch,40032320,0.9988946672096932
24ba1275-a1d4-4cb6-8577-bb4b5327dafb,1836,specifications,352,8.783176265023162e-06
24c4e321-3f41-4fff-b83a-bb397a2c888b,1064,acquisition,648312,0.9994573461761405
24c4e321-3f41-4fff-b83a-bb397a2c888b,1064,general,160,0.00024666082902704634
24c4e321-3f41-4fff-b83a-bb397a2c888b,1064,general/subject,96,0.00014799649741622782
24c4e321-3f41-4fff-b83a-bb397a2c888b,1064,other,96,0.00014799649741622782
24c77aa4-1613-496e-913d-20644b1c6f40,952,acquisition,482864636,0.9999990390690899
24c77aa4-1613-496e-913d-20644b1c6f40,952,general/subject,64,1.3254219449697235e-07
24c77aa4-1613-496e-913d-20644b1c6f40,952,other,80,1.6567774312121542e-07
24c77aa4-1613-496e-913d-20644b1c6f40,952,specifications,320,6.627109724848617e-07
24df851e-c8df-40b0-bc0f-dd7359a95a90,628,general,143,6.498564408044405e-05
24df851e-c8df-40b0-bc0f-dd7359a95a90,628,general/subject,80,3.63556050799687e-05
24df851e-c8df-40b0-bc0f-dd7359a95a90,628,other,80,3.63556050799687e-05
24df851e-c8df-40b0-bc0f-dd7359a95a90,628,processing/ecephys,2199863,0.9997168807254397
24df851e-c8df-40b0-bc0f-dd7359a95a90,628,specifications,320,0.0001454224203198748
24ec1349-b2ed-44ae-b4b5-71f7ff044964,1261,acquisition,10080840,0.4999859142690835
24ec1349-b2ed-44ae-b4b5-71f7ff044964,1261,general,192,9.522747661867863e-06
24ec1349-b2ed-44ae-b4b5-71f7ff044964,1261,general/intracellular_ephys,704,3.491674142684883e-05
24ec1349-b2ed-44ae-b4b5-71f7ff044964,1261,general/subject,80,3.9678115257782765e-06
24ec1349-b2ed-44ae-b4b5-71f7ff044964,1261,other,96,4.761373830933932e-06
24ec1349-b2ed-44ae-b4b5-71f7ff044964,1261,stimulus,10080336,0.4999609170564711
24ec2210-cdbf-4b8c-80fd-4dbf862eed62,1868,general,336,0.0037476995148067595
24ec2210-cdbf-4b8c-80fd-4dbf862eed62,1868,general/extracellular_ephys,2816,0.031409291171713795
24ec2210-cdbf-4b8c-80fd-4dbf862eed62,1868,general/subject,112,0.001249233171602253
24ec2210-cdbf-4b8c-80fd-4dbf862eed62,1868,intervals,42700,0.476270146673359
24ec2210-cdbf-4b8c-80fd-4dbf862eed62,1868,other,80,0.0008923094082873236
24ec2210-cdbf-4b8c-80fd-4dbf862eed62,1868,specifications,320,0.0035692376331492946
24ec2210-cdbf-4b8c-80fd-4dbf862eed62,1868,units,43291,0.4828620824270816
24fbedd8-392e-44b2-9c16-9455d59f52b6,1751,acquisition,21407680,0.9933987738989108
24fbedd8-392e-44b2-9c16-9455d59f52b6,1751,general,112,5.197231212194783e-06
24fbedd8-392e-44b2-9c16-9455d59f52b6,1751,general/intracellular_ephys,896,4.1577849697558264e-05
24fbedd8-392e-44b2-9c16-9455d59f52b6,1751,general/subject,80,3.7123080087105597e-06
24fbedd8-392e-44b2-9c16-9455d59f52b6,1751,other,80,3.7123080087105597e-06
24fbedd8-392e-44b2-9c16-9455d59f52b6,1751,specifications,272,1.2621847229615902e-05
24fbedd8-392e-44b2-9c16-9455d59f52b6,1751,stimulus,140816,0.006534404556932327
25034132-8c98-4a19-8bf9-5beb91cf16bd,1469,acquisition,3034350313,0.9999986343058932
25034132-8c98-4a19-8bf9-5beb91cf16bd,1469,general,80,2.63647510973699e-08
25034132-8c98-4a19-8bf9-5beb91cf16bd,1469,general/extracellular_ephys,3584,1.1811408491621715e-06
25034132-8c98-4a19-8bf9-5beb91cf16bd,1469,general/subject,80,2.63647510973699e-08
25034132-8c98-4a19-8bf9-5beb91cf16bd,1469,other,80,2.63647510973699e-08
25034132-8c98-4a19-8bf9-5beb91cf16bd,1469,specifications,320,1.054590043894796e-07
250bbf3e-55e1-4e86-898e-d6c70f295b69,1281,acquisition,12736640,0.4999830416284056
250bbf3e-55e1-4e86-898e-d6c70f295b69,1281,general,208,8.165141878761461e-06
250bbf3e-55e1-4e86-898e-d6c70f295b69,1281,general/intracellular_ephys,560,2.1983074288973166e-05
250bbf3e-55e1-4e86-898e-d6c70f295b69,1281,general/subject,80,3.1404391841390234e-06
250bbf3e-55e1-4e86-898e-d6c70f295b69,1281,other,80,3.1404391841390234e-06
250bbf3e-55e1-4e86-898e-d6c70f295b69,1281,specifications,320,1.2561756736556094e-05
250bbf3e-55e1-4e86-898e-d6c70f295b69,1281,stimulus,12736256,0.4999679675203218
25141d4e-242b-4f25-91ef-38f82b721980,1271,acquisition,514882,0.9989135538043078
25141d4e-242b-4f25-91ef-38f82b721980,1271,general,64,0.00012416527950768466
25141d4e-242b-4f25-91ef-38f82b721980,1271,general/subject,96,0.000186247919261527
25141d4e-242b-4f25-91ef-38f82b721980,1271,other,80,0.00015520659938460582
25141d4e-242b-4f25-91ef-38f82b721980,1271,specifications,320,0.0006208263975384233
2515e100-653c-46c6-9b83-728dc2207ca9,363,acquisition,384461546776,0.9994734479433405
2515e100-653c-46c6-9b83-728dc2207ca9,363,general,96,2.495683945694158e-10
2515e100-653c-46c6-9b83-728dc2207ca9,363,general/extracellular_ephys,234080,6.085309354250922e-07
2515e100-653c-46c6-9b83-728dc2207ca9,363,general/optogenetics,120,3.119604932117698e-10
2515e100-653c-46c6-9b83-728dc2207ca9,363,general/subject,80,2.0797366214117984e-10
2515e100-653c-46c6-9b83-728dc2207ca9,363,intervals,98736,2.5668109381464414e-07
2515e100-653c-46c6-9b83-728dc2207ca9,363,other,80,2.0797366214117984e-10
2515e100-653c-46c6-9b83-728dc2207ca9,363,specifications,320,8.318946485647194e-10
2515e100-653c-46c6-9b83-728dc2207ca9,363,units,202212157,0.0005256850352594652
25278cab-a655-4a88-aa62-3c0d076d82d7,1832,acquisition,2160288,0.9992044432768057
25278cab-a655-4a88-aa62-3c0d076d82d7,1832,general,208,9.620685954908585e-05
25278cab-a655-4a88-aa62-3c0d076d82d7,1832,general/intracellular_ephys,80,3.7002638288109944e-05
25278cab-a655-4a88-aa62-3c0d076d82d7,1832,general/subject,96,4.440316594573193e-05
25278cab-a655-4a88-aa62-3c0d076d82d7,1832,other,80,3.7002638288109944e-05
25278cab-a655-4a88-aa62-3c0d076d82d7,1832,processing/icephys,936,0.00043293086797088634
25278cab-a655-4a88-aa62-3c0d076d82d7,1832,specifications,320,0.00014801055315243977
2531bf94-8ba8-44ed-8338-a1de0a9ea815,1414,acquisition,643418894,0.9999989680139627
2531bf94-8ba8-44ed-8338-a1de0a9ea815,1414,general,80,1.24335667147998e-07
2531bf94-8ba8-44ed-8338-a1de0a9ea815,1414,general/optophysiology,88,1.3676923386279782e-07
2531bf94-8ba8-44ed-8338-a1de0a9ea815,1414,general/subject,96,1.4920280057759762e-07
2531bf94-8ba8-44ed-8338-a1de0a9ea815,1414,other,80,1.24335667147998e-07
2531bf94-8ba8-44ed-8338-a1de0a9ea815,1414,specifications,320,4.97342668591992e-07
25568fef-967a-4c65-9577-707aba324e89,574,acquisition,2556510442,0.9998753675013898
25568fef-967a-4c65-9577-707aba324e89,574,general,336,1.3141277186321266e-07
25568fef-967a-4c65-9577-707aba324e89,574,general/extracellular_ephys,9250,3.6177623206390394e-06
25568fef-967a-4c65-9577-707aba324e89,574,general/subject,80,3.128875520552683e-08
25568fef-967a-4c65-9577-707aba324e89,574,intervals,15150,5.925308017046642e-06
25568fef-967a-4c65-9577-707aba324e89,574,other,80,3.128875520552683e-08
25568fef-967a-4c65-9577-707aba324e89,574,specifications,320,1.251550208221073e-07
25568fef-967a-4c65-9577-707aba324e89,574,units,293448,0.00011477028296939295
2576d27e-156c-47bc-94b5-3d4b150b7204,1683,acquisition,625738248,0.9999772689671452
2576d27e-156c-47bc-94b5-3d4b150b7204,1683,general,112,1.789845106676622e-07
2576d27e-156c-47bc-94b5-3d4b150b7204,1683,general/extracellular_ephys,5632,9.000363965002443e-06
2576d27e-156c-47bc-94b5-3d4b150b7204,1683,general/subject,80,1.2784607904833015e-07
2576d27e-156c-47bc-94b5-3d4b150b7204,1683,intervals,8000,1.2784607904833016e-05
2576d27e-156c-47bc-94b5-3d4b150b7204,1683,other,80,1.2784607904833015e-07
2576d27e-156c-47bc-94b5-3d4b150b7204,1683,specifications,320,5.113843161933206e-07
257deaff-e0b4-4381-87fd-16bf0765324c,1281,acquisition,15739720,0.49998198889257867
257deaff-e0b4-4381-87fd-16bf0765324c,1281,general,208,6.60724928331993e-06
257deaff-e0b4-4381-87fd-16bf0765324c,1281,general/intracellular_ephys,1478,4.694958865743681e-05
257deaff-e0b4-4381-87fd-16bf0765324c,1281,general/subject,80,2.541249724353819e-06
257deaff-e0b4-4381-87fd-16bf0765324c,1281,other,80,2.541249724353819e-06
257deaff-e0b4-4381-87fd-16bf0765324c,1281,specifications,320,1.0164998897415276e-05
257deaff-e0b4-4381-87fd-16bf0765324c,1281,stimulus,15738688,0.49994920677113447
25808f24-1650-4e77-9226-ed14ea766032,463,acquisition,1827143944,0.8888872391472782
25808f24-1650-4e77-9226-ed14ea766032,463,general,16,7.783839840894578e-09
25808f24-1650-4e77-9226-ed14ea766032,463,general/extracellular_ephys,3072,1.4944972494517588e-06
25808f24-1650-4e77-9226-ed14ea766032,463,general/subject,80,3.8919199204472886e-08
25808f24-1650-4e77-9226-ed14ea766032,463,other,96,4.670303904536746e-08
25808f24-1650-4e77-9226-ed14ea766032,463,processing/ecephys,228393224,0.11111101727259748
25808f24-1650-4e77-9226-ed14ea766032,463,specifications,320,1.5567679681789155e-07
2592183b-52f9-4e5b-b5f7-65b427437017,1856,acquisition,16798192,0.6144394472785669
2592183b-52f9-4e5b-b5f7-65b427437017,1856,general,330,1.2070645317182176e-05
2592183b-52f9-4e5b-b5f7-65b427437017,1856,general/intracellular_ephys,1671,6.112135856064065e-05
2592183b-52f9-4e5b-b5f7-65b427437017,1856,general/labnotebook,3570627,0.13060536993016436
2592183b-52f9-4e5b-b5f7-65b427437017,1856,general/results,177544,0.00649415349149634
2592183b-52f9-4e5b-b5f7-65b427437017,1856,general/stimsets,480717,0.01758352849981777
2592183b-52f9-4e5b-b5f7-65b427437017,1856,general/subject,80,2.926217046589618e-06
2592183b-52f9-4e5b-b5f7-65b427437017,1856,general/testpulse,5084849,0.1859921477891772
2592183b-52f9-4e5b-b5f7-65b427437017,1856,general/user_comment,14,5.120879831531832e-07
2592183b-52f9-4e5b-b5f7-65b427437017,1856,intervals,185423,0.006782349292872335
2592183b-52f9-4e5b-b5f7-65b427437017,1856,other,108,3.950393012895985e-06
2592183b-52f9-4e5b-b5f7-65b427437017,1856,processing/spikes,1696,6.20358013876999e-05
2592183b-52f9-4e5b-b5f7-65b427437017,1856,specifications,288,1.0534381367722627e-05
2592183b-52f9-4e5b-b5f7-65b427437017,1856,stimulus,1037513,0.037949852833229186
25ae88f4-0457-4e98-ae11-cabec371c7c9,165,general,128,1.2845621481604347e-06
25ae88f4-0457-4e98-ae11-cabec371c7c9,165,general/extracellular_ephys,4736,4.752879948193609e-05
25ae88f4-0457-4e98-ae11-cabec371c7c9,165,general/subject,96,9.63421611120326e-07
25ae88f4-0457-4e98-ae11-cabec371c7c9,165,other,80,8.028513426002717e-07
25ae88f4-0457-4e98-ae11-cabec371c7c9,165,processing/behavior,1079392,0.010832391454899906
25ae88f4-0457-4e98-ae11-cabec371c7c9,165,processing/ecephys,95940744,0.962826939130862
25ae88f4-0457-4e98-ae11-cabec371c7c9,165,specifications,272,2.729694564840924e-06
25ae88f4-0457-4e98-ae11-cabec371c7c9,165,units,2619400,0.026287360085089397
25fb8653-9fbf-49f6-be9a-06242c76a2c1,891,acquisition,625610947,0.999999079300846
25fb8653-9fbf-49f6-be9a-06242c76a2c1,891,general,80,1.2787488250915737e-07
25fb8653-9fbf-49f6-be9a-06242c76a2c1,891,general/subject,96,1.5344985901098883e-07
25fb8653-9fbf-49f6-be9a-06242c76a2c1,891,other,80,1.2787488250915737e-07
25fb8653-9fbf-49f6-be9a-06242c76a2c1,891,specifications,320,5.114995300366295e-07
262a007a-da87-420a-892f-565dfc4ad627,1858,acquisition,14956065,0.6267346595667219
262a007a-da87-420a-892f-565dfc4ad627,1858,general,329,1.3786761624628638e-05
262a007a-da87-420a-892f-565dfc4ad627,1858,general/intracellular_ephys,1128,4.7268896998726756e-05
262a007a-da87-420a-892f-565dfc4ad627,1858,general/labnotebook,3932313,0.1647837749678672
262a007a-da87-420a-892f-565dfc4ad627,1858,general/results,99573,0.004172611596501967
262a007a-da87-420a-892f-565dfc4ad627,1858,general/stimsets,341869,0.014326037719909325
262a007a-da87-420a-892f-565dfc4ad627,1858,general/subject,96,4.022884850955468e-06
262a007a-da87-420a-892f-565dfc4ad627,1858,general/testpulse,3820021,0.16007817303366417
262a007a-da87-420a-892f-565dfc4ad627,1858,general/user_comment,14,5.866707074310058e-07
262a007a-da87-420a-892f-565dfc4ad627,1858,intervals,40982,0.0017173527808526773
262a007a-da87-420a-892f-565dfc4ad627,1858,other,107,4.483840406794116e-06
262a007a-da87-420a-892f-565dfc4ad627,1858,processing/spikes,548,2.29639676908708e-05
262a007a-da87-420a-892f-565dfc4ad627,1858,specifications,288,1.2068654552866407e-05
262a007a-da87-420a-892f-565dfc4ad627,1858,stimulus,670139,0.028082208657650487
26490421-fa07-4664-a67b-eb753838da95,952,acquisition,27516,0.9834167262330236
26490421-fa07-4664-a67b-eb753838da95,952,general/subject,64,0.0022873481057898498
26490421-fa07-4664-a67b-eb753838da95,952,other,80,0.0028591851322373124
26490421-fa07-4664-a67b-eb753838da95,952,specifications,320,0.01143674052894925
264d2c5a-a1ff-4eec-971a-85e67f3ae30e,1692,acquisition,19478030349,0.9957546051686581
264d2c5a-a1ff-4eec-971a-85e67f3ae30e,1692,general,240,1.2269264446071017e-08
264d2c5a-a1ff-4eec-971a-85e67f3ae30e,1692,general/FiberPhotometry,8772,4.484416155038957e-07
264d2c5a-a1ff-4eec-971a-85e67f3ae30e,1692,general/optophysiology,160,8.179509630714012e-09
264d2c5a-a1ff-4eec-971a-85e67f3ae30e,1692,general/subject,96,4.907705778428407e-09
264d2c5a-a1ff-4eec-971a-85e67f3ae30e,1692,other,80,4.089754815357006e-09
264d2c5a-a1ff-4eec-971a-85e67f3ae30e,1692,processing/behavior,980559,5.012807364989563e-05
264d2c5a-a1ff-4eec-971a-85e67f3ae30e,1692,processing/ophys,82054227,0.004194770874920585
264d2c5a-a1ff-4eec-971a-85e67f3ae30e,1692,specifications,352,1.7994921187570825e-08
265f5127-d572-4731-9efd-84886ba80930,1361,acquisition,48,1.0902553143541324e-07
265f5127-d572-4731-9efd-84886ba80930,1361,general,32,7.268368762360884e-08
265f5127-d572-4731-9efd-84886ba80930,1361,general/optophysiology,104,2.3622198477672871e-07
265f5127-d572-4731-9efd-84886ba80930,1361,general/subject,64,1.4536737524721767e-07
265f5127-d572-4731-9efd-84886ba80930,1361,other,80,1.8170921905902208e-07
265f5127-d572-4731-9efd-84886ba80930,1361,processing/behavior,2836000,0.006441591815642332
265f5127-d572-4731-9efd-84886ba80930,1361,processing/ophys,437427200,0.9935569363396833
265f5127-d572-4731-9efd-84886ba80930,1361,specifications,320,7.268368762360883e-07
2676f518-3450-477a-bd5b-eb0873104aa5,713,acquisition,8068576,0.042431987951437836
2676f518-3450-477a-bd5b-eb0873104aa5,713,general,80,4.2071352319356316e-07
2676f518-3450-477a-bd5b-eb0873104aa5,713,general/subject,96,5.048562278322758e-07
2676f518-3450-477a-bd5b-eb0873104aa5,713,intervals,939396,0.004940207510424255
2676f518-3450-477a-bd5b-eb0873104aa5,713,other,80,4.2071352319356316e-07
2676f518-3450-477a-bd5b-eb0873104aa5,713,processing/licking,47968,0.00025225982850686046
2676f518-3450-477a-bd5b-eb0873104aa5,713,processing/rewards,2850,1.4987919263770688e-05
2676f518-3450-477a-bd5b-eb0873104aa5,713,processing/running,11094292,0.058343983433227026
2676f518-3450-477a-bd5b-eb0873104aa5,713,processing/stimulus,4034288,0.021215993975718918
2676f518-3450-477a-bd5b-eb0873104aa5,713,specifications,480,2.524281139161379e-06
2676f518-3450-477a-bd5b-eb0873104aa5,713,stimulus,165965040,0.872796708817008
269dcc7d-3f0f-47e1-a6f1-d8c4d15e69b9,253,acquisition,11595360,0.005390786559816638
269dcc7d-3f0f-47e1-a6f1-d8c4d15e69b9,253,general,48,2.231562925784095e-08
269dcc7d-3f0f-47e1-a6f1-d8c4d15e69b9,253,general/extracellular_ephys,297216,0.00013817837636455116
269dcc7d-3f0f-47e1-a6f1-d8c4d15e69b9,253,general/optogenetics,40,1.8596357714867456e-08
269dcc7d-3f0f-47e1-a6f1-d8c4d15e69b9,253,general/subject,96,4.46312585156819e-08
269dcc7d-3f0f-47e1-a6f1-d8c4d15e69b9,253,intervals,1781311,0.0008281474139357067
269dcc7d-3f0f-47e1-a6f1-d8c4d15e69b9,253,other,80,3.719271542973491e-08
269dcc7d-3f0f-47e1-a6f1-d8c4d15e69b9,253,processing/optotagging,55800,2.5941919012240102e-05
269dcc7d-3f0f-47e1-a6f1-d8c4d15e69b9,253,processing/running,13088928,0.006085159679803617
269dcc7d-3f0f-47e1-a6f1-d8c4d15e69b9,253,processing/stimulus,132656,6.167296072558644e-05
269dcc7d-3f0f-47e1-a6f1-d8c4d15e69b9,253,specifications,384,1.785250340627276e-07
269dcc7d-3f0f-47e1-a6f1-d8c4d15e69b9,253,units,2124006920,0.9874698118293467
26c5ed80-965b-40eb-88b7-f53fa117c341,1776,acquisition,15982318,0.9484608262376242
26c5ed80-965b-40eb-88b7-f53fa117c341,1776,general,128,7.596081229169379e-06
26c5ed80-965b-40eb-88b7-f53fa117c341,1776,general/intracellular_ephys,5584,0.00033137904362251416
26c5ed80-965b-40eb-88b7-f53fa117c341,1776,general/subject,96,5.697060921877034e-06
26c5ed80-965b-40eb-88b7-f53fa117c341,1776,other,80,4.747550768230862e-06
26c5ed80-965b-40eb-88b7-f53fa117c341,1776,processing/misc,56,3.3232855377616033e-06
26c5ed80-965b-40eb-88b7-f53fa117c341,1776,specifications,272,1.614167261198493e-05
26c5ed80-965b-40eb-88b7-f53fa117c341,1776,stimulus,862260,0.05117028906768429
26ce303f-8bcd-4f50-82e5-531a81662af0,1683,acquisition,626393608,0.9999772927487918
26ce303f-8bcd-4f50-82e5-531a81662af0,1683,general,112,1.7879725360777417e-07
26ce303f-8bcd-4f50-82e5-531a81662af0,1683,general/extracellular_ephys,5632,8.99094760999093e-06
26ce303f-8bcd-4f50-82e5-531a81662af0,1683,general/subject,80,1.2771232400555297e-07
26ce303f-8bcd-4f50-82e5-531a81662af0,1683,intervals,8000,1.2771232400555297e-05
26ce303f-8bcd-4f50-82e5-531a81662af0,1683,other,80,1.2771232400555297e-07
26ce303f-8bcd-4f50-82e5-531a81662af0,1683,specifications,320,5.108492960222119e-07
26d1639f-c6ba-4e39-9592-08b2a2cab917,1184,acquisition,56,1.0341148047812475e-07
26d1639f-c6ba-4e39-9592-08b2a2cab917,1184,general,224,4.13645921912499e-07
26d1639f-c6ba-4e39-9592-08b2a2cab917,1184,general/optophysiology,104,1.920498923165174e-07
26d1639f-c6ba-4e39-9592-08b2a2cab917,1184,general/subject,96,1.7727682367678528e-07
26d1639f-c6ba-4e39-9592-08b2a2cab917,1184,intervals,320,5.909227455892843e-07
26d1639f-c6ba-4e39-9592-08b2a2cab917,1184,other,80,1.4773068639732107e-07
26d1639f-c6ba-4e39-9592-08b2a2cab917,1184,processing/behavior,3043388,0.005620022477667128
26d1639f-c6ba-4e39-9592-08b2a2cab917,1184,processing/ophys,538481360,0.9943777615620369
26d1639f-c6ba-4e39-9592-08b2a2cab917,1184,specifications,320,5.909227455892843e-07
26e45833-a52a-4637-ab79-853097ea0f9d,1836,general,96,1.6547474004823279e-06
26e45833-a52a-4637-ab79-853097ea0f9d,1836,general/extracellular_ephys,43264,0.0007457394951507024
26e45833-a52a-4637-ab79-853097ea0f9d,1836,general/subject,112,1.9305386338960493e-06
26e45833-a52a-4637-ab79-853097ea0f9d,1836,intervals,369,6.3604353206039475e-06
26e45833-a52a-4637-ab79-853097ea0f9d,1836,other,80,1.3789561670686065e-06
26e45833-a52a-4637-ab79-853097ea0f9d,1836,scratch,57970560,0.9992357652552585
26e45833-a52a-4637-ab79-853097ea0f9d,1836,specifications,416,7.170572068756754e-06
26e9040a-79cd-4250-b1b4-4ef8aac43109,946,general,64,6.315722992389553e-05
26e9040a-79cd-4250-b1b4-4ef8aac43109,946,general/extracellular_ephys,3072,0.0030315470363469856
26e9040a-79cd-4250-b1b4-4ef8aac43109,946,general/subject,80,7.894653740486942e-05
26e9040a-79cd-4250-b1b4-4ef8aac43109,946,intervals,12000,0.011841980610730413
26e9040a-79cd-4250-b1b4-4ef8aac43109,946,other,80,7.894653740486942e-05
26e9040a-79cd-4250-b1b4-4ef8aac43109,946,specifications,320,0.0003157861496194777
26e9040a-79cd-4250-b1b4-4ef8aac43109,946,units,997728,0.9845896358985695
26f57ed7-ca4e-46f2-80b3-95af25a3507a,1064,acquisition,648312,0.9994573461761405
26f57ed7-ca4e-46f2-80b3-95af25a3507a,1064,general,160,0.00024666082902704634
26f57ed7-ca4e-46f2-80b3-95af25a3507a,1064,general/subject,96,0.00014799649741622782
26f57ed7-ca4e-46f2-80b3-95af25a3507a,1064,other,96,0.00014799649741622782
2721c405-2ecc-4cbc-b12e-01b90ec2a508,1767,acquisition,1216000,0.18107358169203136
2721c405-2ecc-4cbc-b12e-01b90ec2a508,1767,general,96,1.4295282765160372e-05
2721c405-2ecc-4cbc-b12e-01b90ec2a508,1767,general/subject,64,9.530188510106913e-06
2721c405-2ecc-4cbc-b12e-01b90ec2a508,1767,intervals,26862,0.003999998808726436
2721c405-2ecc-4cbc-b12e-01b90ec2a508,1767,other,96,1.4295282765160372e-05
2721c405-2ecc-4cbc-b12e-01b90ec2a508,1767,processing/behavior,3040112,0.4527006320599711
2721c405-2ecc-4cbc-b12e-01b90ec2a508,1767,processing/ophys,2432000,0.3621471633840627
2721c405-2ecc-4cbc-b12e-01b90ec2a508,1767,specifications,272,4.050330116795439e-05
272557e0-a53b-4c42-b3bf-86ac1f4b1945,1169,acquisition,197018,0.7725317512910297
272557e0-a53b-4c42-b3bf-86ac1f4b1945,1169,general,192,0.0007528555576032529
272557e0-a53b-4c42-b3bf-86ac1f4b1945,1169,general/subject,80,0.0003136898156680221
272557e0-a53b-4c42-b3bf-86ac1f4b1945,1169,general/task,986,0.003866226978108372
272557e0-a53b-4c42-b3bf-86ac1f4b1945,1169,intervals,56321,0.2208415513529834
272557e0-a53b-4c42-b3bf-86ac1f4b1945,1169,other,80,0.0003136898156680221
272557e0-a53b-4c42-b3bf-86ac1f4b1945,1169,specifications,352,0.0013802351889392972
2733b82a-7ca8-422a-80f8-4040b39cc0f7,362,acquisition,5799092878,0.9972419194548017
2733b82a-7ca8-422a-80f8-4040b39cc0f7,362,analysis,7800,1.3413282276020572e-06
2733b82a-7ca8-422a-80f8-4040b39cc0f7,362,general,288,4.9525965326845194e-08
2733b82a-7ca8-422a-80f8-4040b39cc0f7,362,general/intracellular_ephys,182,3.1297658644048003e-08
2733b82a-7ca8-422a-80f8-4040b39cc0f7,362,general/optophysiology,432,7.428894799026778e-08
2733b82a-7ca8-422a-80f8-4040b39cc0f7,362,general/subject,80,1.3757212590790332e-08
2733b82a-7ca8-422a-80f8-4040b39cc0f7,362,intervals,10459,1.7985835810884509e-06
2733b82a-7ca8-422a-80f8-4040b39cc0f7,362,other,80,1.3757212590790332e-08
2733b82a-7ca8-422a-80f8-4040b39cc0f7,362,processing/ophys of movie 0,5090981,0.0008754713489084293
2733b82a-7ca8-422a-80f8-4040b39cc0f7,362,processing/ophys of movie 1,5090981,0.0008754713489084293
2733b82a-7ca8-422a-80f8-4040b39cc0f7,362,processing/ophys of movie 2,5836998,0.0010037602797252248
2733b82a-7ca8-422a-80f8-4040b39cc0f7,362,specifications,320,5.502885036316133e-08
27438f7a-ccd1-4c17-bd08-970fff052dd1,1515,acquisition,25398768,0.9999779521725929
27438f7a-ccd1-4c17-bd08-970fff052dd1,1515,general,64,2.519751703667121e-06
27438f7a-ccd1-4c17-bd08-970fff052dd1,1515,general/subject,96,3.779627555500681e-06
27438f7a-ccd1-4c17-bd08-970fff052dd1,1515,other,80,3.149689629583901e-06
27438f7a-ccd1-4c17-bd08-970fff052dd1,1515,specifications,320,1.2598758518335604e-05
27439747-2b72-4967-81c1-8368dba2b901,989,acquisition,1428,0.6918604651162791
27439747-2b72-4967-81c1-8368dba2b901,989,general,48,0.023255813953488372
27439747-2b72-4967-81c1-8368dba2b901,989,general/extracellular_ephys,108,0.05232558139534884
27439747-2b72-4967-81c1-8368dba2b901,989,general/subject,80,0.03875968992248062
27439747-2b72-4967-81c1-8368dba2b901,989,other,80,0.03875968992248062
27439747-2b72-4967-81c1-8368dba2b901,989,specifications,320,0.15503875968992248
274fe5da-829a-490e-aca4-3e3419d131ce,1191,acquisition,12408480,0.0007089954122501068
274fe5da-829a-490e-aca4-3e3419d131ce,1191,general,32,1.8284151799417349e-09
274fe5da-829a-490e-aca4-3e3419d131ce,1191,general/extracellular_ephys,322560,1.843042501381269e-05
274fe5da-829a-490e-aca4-3e3419d131ce,1191,general/subject,96,5.485245539825205e-09
274fe5da-829a-490e-aca4-3e3419d131ce,1191,intervals,29677680,0.0016957225192954133
274fe5da-829a-490e-aca4-3e3419d131ce,1191,other,80,4.571037949854337e-09
274fe5da-829a-490e-aca4-3e3419d131ce,1191,processing/ecephys,11386743208,0.6506154416126765
274fe5da-829a-490e-aca4-3e3419d131ce,1191,processing/eye_tracking,146310837,0.008359904855024402
274fe5da-829a-490e-aca4-3e3419d131ce,1191,processing/running_new,8774740,0.0005013708692513106
274fe5da-829a-490e-aca4-3e3419d131ce,1191,processing/stimulus,3343104,0.00019101819067887294
274fe5da-829a-490e-aca4-3e3419d131ce,1191,specifications,320,1.828415179941735e-08
274fe5da-829a-490e-aca4-3e3419d131ce,1191,units,5913914339,0.3379090859469591
27639560-a035-45af-9e91-0d2b7fd1c200,1034,acquisition,386599,0.9985535658476233
27639560-a035-45af-9e91-0d2b7fd1c200,1034,general,64,0.00016530676027161966
27639560-a035-45af-9e91-0d2b7fd1c200,1034,general/subject,96,0.00024796014040742953
27639560-a035-45af-9e91-0d2b7fd1c200,1034,other,80,0.00020663345033952458
27639560-a035-45af-9e91-0d2b7fd1c200,1034,specifications,320,0.0008265338013580983
27799512-8d9f-486c-a3f4-a14d05e721ac,8,acquisition,8631530,0.9931010694136289
27799512-8d9f-486c-a3f4-a14d05e721ac,8,general,80,9.204403570756322e-06
27799512-8d9f-486c-a3f4-a14d05e721ac,8,general/DandiIcephysMetadata,192,2.209056856981517e-05
27799512-8d9f-486c-a3f4-a14d05e721ac,8,general/intracellular_ephys,3355,0.00038600967474859325
27799512-8d9f-486c-a3f4-a14d05e721ac,8,general/subject,112,1.288616499905885e-05
27799512-8d9f-486c-a3f4-a14d05e721ac,8,other,80,9.204403570756322e-06
27799512-8d9f-486c-a3f4-a14d05e721ac,8,specifications,320,3.681761428302529e-05
27799512-8d9f-486c-a3f4-a14d05e721ac,8,stimulus,55823,0.006422717756629126
277d0f0b-14af-45ed-9ddb-9aa3c256b893,232,general,64,3.095865906438095e-06
277d0f0b-14af-45ed-9ddb-9aa3c256b893,232,general/subject,96,4.643798859657142e-06
277d0f0b-14af-45ed-9ddb-9aa3c256b893,232,intervals,149576,0.007235425606584133
277d0f0b-14af-45ed-9ddb-9aa3c256b893,232,other,80,3.8698323830476185e-06
277d0f0b-14af-45ed-9ddb-9aa3c256b893,232,processing/behavior,20522594,0.9927374855667346
277d0f0b-14af-45ed-9ddb-9aa3c256b893,232,specifications,320,1.5479329532190474e-05
277d5a3c-95bb-4d8d-a2d1-0591dda7a17b,1517,acquisition,34031482,0.9999835449192264
277d5a3c-95bb-4d8d-a2d1-0591dda7a17b,1517,general,64,1.8805806598381608e-06
277d5a3c-95bb-4d8d-a2d1-0591dda7a17b,1517,general/subject,96,2.820870989757241e-06
277d5a3c-95bb-4d8d-a2d1-0591dda7a17b,1517,other,80,2.3507258247977008e-06
277d5a3c-95bb-4d8d-a2d1-0591dda7a17b,1517,specifications,320,9.402903299190803e-06
27851c9e-e248-4a3e-a39e-a6f5caf6473c,289,acquisition,119133482,0.9489813600591641
27851c9e-e248-4a3e-a39e-a6f5caf6473c,289,general,32,2.549023415759245e-07
27851c9e-e248-4a3e-a39e-a6f5caf6473c,289,general/optophysiology,88,7.009814393337923e-07
27851c9e-e248-4a3e-a39e-a6f5caf6473c,289,general/subject,96,7.647070247277735e-07
27851c9e-e248-4a3e-a39e-a6f5caf6473c,289,other,80,6.372558539398112e-07
27851c9e-e248-4a3e-a39e-a6f5caf6473c,289,processing/behavior,4432,3.530397430826554e-05
27851c9e-e248-4a3e-a39e-a6f5caf6473c,289,processing/ophys,6399744,0.05097842909645229
27851c9e-e248-4a3e-a39e-a6f5caf6473c,289,specifications,320,2.5490234157592447e-06
27938725-5c04-47e1-a9ab-30891d7f8379,405,acquisition,20151360,0.9999730050321796
27938725-5c04-47e1-a9ab-30891d7f8379,405,general,64,3.175878567107108e-06
27938725-5c04-47e1-a9ab-30891d7f8379,405,general/subject,80,3.969848208883885e-06
27938725-5c04-47e1-a9ab-30891d7f8379,405,other,80,3.969848208883885e-06
27938725-5c04-47e1-a9ab-30891d7f8379,405,specifications,320,1.587939283553554e-05
27a03793-b471-4e0c-8910-5606210cd99c,20,acquisition,8173034,0.7839192577074202
27a03793-b471-4e0c-8910-5606210cd99c,20,general,242,2.3211509993130543e-05
27a03793-b471-4e0c-8910-5606210cd99c,20,general/intracellular_ephys,1143,0.00010963122281879427
27a03793-b471-4e0c-8910-5606210cd99c,20,general/labnotebook,1023682,0.0981867974082143
27a03793-b471-4e0c-8910-5606210cd99c,20,general/stimsets,565119,0.054203575685156775
27a03793-b471-4e0c-8910-5606210cd99c,20,general/subject,112,1.0742517021614137e-05
27a03793-b471-4e0c-8910-5606210cd99c,20,general/testpulse,318650,0.030563420079797718
27a03793-b471-4e0c-8910-5606210cd99c,20,general/user_comment,31,2.9733752470539127e-06
27a03793-b471-4e0c-8910-5606210cd99c,20,other,101,9.687448385562748e-06
27a03793-b471-4e0c-8910-5606210cd99c,20,processing/spikes,1234,0.00011835951789885576
27a03793-b471-4e0c-8910-5606210cd99c,20,specifications,704,6.752439270728886e-05
27a03793-b471-4e0c-8910-5606210cd99c,20,stimulus,341810,0.03278481913533864
27a7bae1-1ccc-497c-9995-22eba21e5b99,570,acquisition,16653459,0.785141837175604
27a7bae1-1ccc-497c-9995-22eba21e5b99,570,general,242,1.1409300890373356e-05
27a7bae1-1ccc-497c-9995-22eba21e5b99,570,general/intracellular_ephys,2705,0.00012752958226636333
27a7bae1-1ccc-497c-9995-22eba21e5b99,570,general/labnotebook,2059002,0.09707344360281206
27a7bae1-1ccc-497c-9995-22eba21e5b99,570,general/stimsets,566523,0.026709220530235472
27a7bae1-1ccc-497c-9995-22eba21e5b99,570,general/subject,96,4.5260036589910835e-06
27a7bae1-1ccc-497c-9995-22eba21e5b99,570,general/testpulse,809903,0.03818358272320682
27a7bae1-1ccc-497c-9995-22eba21e5b99,570,general/user_comment,31,1.4615220148825373e-06
27a7bae1-1ccc-497c-9995-22eba21e5b99,570,other,101,4.761733016230202e-06
27a7bae1-1ccc-497c-9995-22eba21e5b99,570,processing/spikes,1038,4.893741456284108e-05
27a7bae1-1ccc-497c-9995-22eba21e5b99,570,specifications,608,2.866468984027686e-05
27a7bae1-1ccc-497c-9995-22eba21e5b99,570,stimulus,1117057,0.05266462572189169
27c96c47-2a8e-416d-94c4-ba37ca95e1e9,1475,acquisition,1600320,0.49967277977329383
27c96c47-2a8e-416d-94c4-ba37ca95e1e9,1475,general,80,2.497864326001269e-05
27c96c47-2a8e-416d-94c4-ba37ca95e1e9,1475,general/intracellular_ephys,1520,0.0004745942219402411
27c96c47-2a8e-416d-94c4-ba37ca95e1e9,1475,general/subject,96,2.9974371912015227e-05
27c96c47-2a8e-416d-94c4-ba37ca95e1e9,1475,other,80,2.497864326001269e-05
27c96c47-2a8e-416d-94c4-ba37ca95e1e9,1475,specifications,320,9.991457304005076e-05
27c96c47-2a8e-416d-94c4-ba37ca95e1e9,1475,stimulus,1600320,0.49967277977329383
27d3ba13-b437-42ec-841c-860a0e9cfec8,408,acquisition,1820,0.7362459546925566
27d3ba13-b437-42ec-841c-860a0e9cfec8,408,general,64,0.025889967637540454
27d3ba13-b437-42ec-841c-860a0e9cfec8,408,general/extracellular_ephys,108,0.043689320388349516
27d3ba13-b437-42ec-841c-860a0e9cfec8,408,general/subject,80,0.032362459546925564
27d3ba13-b437-42ec-841c-860a0e9cfec8,408,other,80,0.032362459546925564
27d3ba13-b437-42ec-841c-860a0e9cfec8,408,specifications,320,0.12944983818770225
27e8f527-da8a-4a1f-89a8-d08b2074ab48,1753,acquisition,15842777,0.6216360971972696
27e8f527-da8a-4a1f-89a8-d08b2074ab48,1753,general,330,1.2948481953327943e-05
27e8f527-da8a-4a1f-89a8-d08b2074ab48,1753,general/intracellular_ephys,2187,8.581312130887336e-05
27e8f527-da8a-4a1f-89a8-d08b2074ab48,1753,general/labnotebook,4450584,0.17463123213869725
27e8f527-da8a-4a1f-89a8-d08b2074ab48,1753,general/results,246572,0.009674948764230234
27e8f527-da8a-4a1f-89a8-d08b2074ab48,1753,general/stimsets,506939,0.019891183311933677
27e8f527-da8a-4a1f-89a8-d08b2074ab48,1753,general/subject,80,3.139025928079501e-06
27e8f527-da8a-4a1f-89a8-d08b2074ab48,1753,general/testpulse,2645364,0.10379832731510127
27e8f527-da8a-4a1f-89a8-d08b2074ab48,1753,general/user_comment,14,5.493295374139127e-07
27e8f527-da8a-4a1f-89a8-d08b2074ab48,1753,intervals,263597,0.010342972719549653
27e8f527-da8a-4a1f-89a8-d08b2074ab48,1753,other,108,4.237685002907327e-06
27e8f527-da8a-4a1f-89a8-d08b2074ab48,1753,processing/spikes,3804,0.0001492606828801803
27e8f527-da8a-4a1f-89a8-d08b2074ab48,1753,specifications,288,1.1300493341086204e-05
27e8f527-da8a-4a1f-89a8-d08b2074ab48,1753,stimulus,1522969,0.059757989733266376
27ff0477-85c0-4fbe-8ccc-56386683c0eb,409,general,80,1.2213449796556597e-07
27ff0477-85c0-4fbe-8ccc-56386683c0eb,409,general/extracellular_ephys,15255,2.3289522080808862e-05
27ff0477-85c0-4fbe-8ccc-56386683c0eb,409,general/ibl_metadata,16,2.4426899593113194e-08
27ff0477-85c0-4fbe-8ccc-56386683c0eb,409,general/ibl_probe_insertion_trajectories,326,4.976980792096813e-07
27ff0477-85c0-4fbe-8ccc-56386683c0eb,409,general/localization,14978,2.2866631381603088e-05
27ff0477-85c0-4fbe-8ccc-56386683c0eb,409,general/subject,112,1.7098829715179237e-07
27ff0477-85c0-4fbe-8ccc-56386683c0eb,409,intervals,53931,8.233544512226173e-05
27ff0477-85c0-4fbe-8ccc-56386683c0eb,409,other,80,1.2213449796556597e-07
27ff0477-85c0-4fbe-8ccc-56386683c0eb,409,processing/lick_times,203558,0.0003107681767109335
27ff0477-85c0-4fbe-8ccc-56386683c0eb,409,processing/motion_energy,6123715,0.009348960715115073
27ff0477-85c0-4fbe-8ccc-56386683c0eb,409,processing/passive_protocol,9070,1.3846998706846043e-05
27ff0477-85c0-4fbe-8ccc-56386683c0eb,409,processing/pose_estimation,113604820,0.17343834571460612
27ff0477-85c0-4fbe-8ccc-56386683c0eb,409,processing/pupil,14445453,0.022053601875502236
27ff0477-85c0-4fbe-8ccc-56386683c0eb,409,processing/wheel,76554473,0.11687427658591844
27ff0477-85c0-4fbe-8ccc-56386683c0eb,409,specifications,448,6.839531886071695e-07
27ff0477-85c0-4fbe-8ccc-56386683c0eb,409,units,443989273,0.6778300869993952
28036a43-a899-4062-958c-b52f6e2e329b,1776,acquisition,21430339,0.957504495910676
28036a43-a899-4062-958c-b52f6e2e329b,1776,general,128,5.719021779196612e-06
28036a43-a899-4062-958c-b52f6e2e329b,1776,general/intracellular_ephys,6144,0.0002745130454014374
28036a43-a899-4062-958c-b52f6e2e329b,1776,general/subject,96,4.289266334397459e-06
28036a43-a899-4062-958c-b52f6e2e329b,1776,other,80,3.5743886119978822e-06
28036a43-a899-4062-958c-b52f6e2e329b,1776,processing/misc,56,2.5020720283985175e-06
28036a43-a899-4062-958c-b52f6e2e329b,1776,specifications,272,1.21529212807928e-05
28036a43-a899-4062-958c-b52f6e2e329b,1776,stimulus,944335,0.042192753373887754
286ff6e1-7b0f-40b1-a267-9235d479caa5,165,general,128,5.255967592755017e-07
286ff6e1-7b0f-40b1-a267-9235d479caa5,165,general/extracellular_ephys,4736,1.944708009319356e-05
286ff6e1-7b0f-40b1-a267-9235d479caa5,165,general/subject,96,3.9419756945662624e-07
286ff6e1-7b0f-40b1-a267-9235d479caa5,165,other,80,3.2849797454718854e-07
286ff6e1-7b0f-40b1-a267-9235d479caa5,165,processing/behavior,2675992,0.010988224398806002
286ff6e1-7b0f-40b1-a267-9235d479caa5,165,processing/ecephys,237783880,0.9763940369996467
286ff6e1-7b0f-40b1-a267-9235d479caa5,165,specifications,272,1.116893113460441e-06
286ff6e1-7b0f-40b1-a267-9235d479caa5,165,units,3067520,0.012595926336037398
28b739a7-86dc-4013-b02c-20e1877ad627,1847,general,336,0.0028137875590392926
28b739a7-86dc-4013-b02c-20e1877ad627,1847,general/subject,144,0.0012059089538739825
28b739a7-86dc-4013-b02c-20e1877ad627,1847,intervals,111900,0.9370917495729072
28b739a7-86dc-4013-b02c-20e1877ad627,1847,other,80,0.0006699494188188792
28b739a7-86dc-4013-b02c-20e1877ad627,1847,processing/behavior,6424,0.053796938331156
28b739a7-86dc-4013-b02c-20e1877ad627,1847,specifications,528,0.0044216661642046025
28decf5e-964f-4aaa-a320-16835de26758,1201,analysis,41746896,0.9980961842252928
28decf5e-964f-4aaa-a320-16835de26758,1201,general,112,2.677726569976192e-06
28decf5e-964f-4aaa-a320-16835de26758,1201,general/extracellular_ephys,12288,0.00029378485796310215
28decf5e-964f-4aaa-a320-16835de26758,1201,general/subject,80,1.9126618356972797e-06
28decf5e-964f-4aaa-a320-16835de26758,1201,intervals,66750,0.0015958772191599177
28decf5e-964f-4aaa-a320-16835de26758,1201,other,80,1.9126618356972797e-06
28decf5e-964f-4aaa-a320-16835de26758,1201,specifications,320,7.650647342789119e-06
28e74af2-c2da-46a0-a560-dfe653a638b2,1349,general,144,6.3313306689569665e-06
28e74af2-c2da-46a0-a560-dfe653a638b2,1349,general/optophysiology,108,4.748498001717725e-06
28e74af2-c2da-46a0-a560-dfe653a638b2,1349,general/subject,112,4.9243682980776405e-06
28e74af2-c2da-46a0-a560-dfe653a638b2,1349,other,80,3.517405927198315e-06
28e74af2-c2da-46a0-a560-dfe653a638b2,1349,processing/ophys,22743270,0.9999664087733953
28e74af2-c2da-46a0-a560-dfe653a638b2,1349,specifications,320,1.406962370879326e-05
28f73c93-1aec-4af5-a30a-fb454257298f,1928,acquisition,9374080,0.006173820405521252
28f73c93-1aec-4af5-a30a-fb454257298f,1928,general,112,7.37638131334894e-08
28f73c93-1aec-4af5-a30a-fb454257298f,1928,general/optophysiology,648,4.267763474151886e-07
28f73c93-1aec-4af5-a30a-fb454257298f,1928,general/subject,96,6.322612554299091e-08
28f73c93-1aec-4af5-a30a-fb454257298f,1928,intervals,3419888,0.0022523569586559177
28f73c93-1aec-4af5-a30a-fb454257298f,1928,other,80,5.268843795249242e-08
28f73c93-1aec-4af5-a30a-fb454257298f,1928,processing/behavior,12338646,0.00812629980235961
28f73c93-1aec-4af5-a30a-fb454257298f,1928,processing/plane-0,171593461,0.1130123927868991
28f73c93-1aec-4af5-a30a-fb454257298f,1928,processing/plane-1,219091791,0.1442950529500492
28f73c93-1aec-4af5-a30a-fb454257298f,1928,processing/plane-2,180778188,0.11906150427002513
28f73c93-1aec-4af5-a30a-fb454257298f,1928,processing/plane-3,195338619,0.12865108383633822
28f73c93-1aec-4af5-a30a-fb454257298f,1928,processing/plane-4,195868980,0.12900038249434972
28f73c93-1aec-4af5-a30a-fb454257298f,1928,processing/plane-5,198535743,0.13075672720509351
28f73c93-1aec-4af5-a30a-fb454257298f,1928,specifications,320,2.1075375180996968e-07
28f73c93-1aec-4af5-a30a-fb454257298f,1928,stimulus,332019032,0.21866955208223246
2900ee25-ae0d-4d6f-a1d2-0f789340f2b5,1038,acquisition,21320060,0.8675373836554057
2900ee25-ae0d-4d6f-a1d2-0f789340f2b5,1038,analysis,1250,5.086391546596291e-05
2900ee25-ae0d-4d6f-a1d2-0f789340f2b5,1038,general,208,8.463755533536227e-06
2900ee25-ae0d-4d6f-a1d2-0f789340f2b5,1038,general/FiberPhotometry,305,1.2410795373694949e-05
2900ee25-ae0d-4d6f-a1d2-0f789340f2b5,1038,general/subject,96,3.906348707785951e-06
2900ee25-ae0d-4d6f-a1d2-0f789340f2b5,1038,other,80,3.255290589821626e-06
2900ee25-ae0d-4d6f-a1d2-0f789340f2b5,1038,processing/behavior,1654191,0.06731090495084531
2900ee25-ae0d-4d6f-a1d2-0f789340f2b5,1038,processing/ophys,1598805,0.06505718589324706
2900ee25-ae0d-4d6f-a1d2-0f789340f2b5,1038,specifications,384,1.5625394831143803e-05
29070f7c-7faf-4d0f-9dd0-3acf84d102ae,351,acquisition,1448079464,0.9966855910722443
29070f7c-7faf-4d0f-9dd0-3acf84d102ae,351,general,48,3.3037488315259836e-08
29070f7c-7faf-4d0f-9dd0-3acf84d102ae,351,general/subject,96,6.607497663051967e-08
29070f7c-7faf-4d0f-9dd0-3acf84d102ae,351,other,80,5.506248052543306e-08
29070f7c-7faf-4d0f-9dd0-3acf84d102ae,351,processing/photometry,4814880,0.0033139904529037143
29070f7c-7faf-4d0f-9dd0-3acf84d102ae,351,specifications,384,2.642999065220787e-07
29530398-0d71-498f-880d-2c165de84e1e,970,analysis,160512,0.9983082893820281
29530398-0d71-498f-880d-2c165de84e1e,970,general,64,0.0003980495571698676
29530398-0d71-498f-880d-2c165de84e1e,970,general/subject,128,0.0007960991143397353
29530398-0d71-498f-880d-2c165de84e1e,970,other,80,0.0004975619464623346
2954d725-41d2-453d-b2c9-6e9cca7a73b2,875,acquisition,420772760,0.9999987071423143
2954d725-41d2-453d-b2c9-6e9cca7a73b2,875,general,64,1.5210090419614643e-07
2954d725-41d2-453d-b2c9-6e9cca7a73b2,875,general/subject,80,1.9012613024518304e-07
2954d725-41d2-453d-b2c9-6e9cca7a73b2,875,other,80,1.9012613024518304e-07
2954d725-41d2-453d-b2c9-6e9cca7a73b2,875,specifications,320,7.605045209807322e-07
2975c349-bb54-42cb-bcbc-27a9d017d9a8,1836,general,96,2.481024683869644e-05
2975c349-bb54-42cb-bcbc-27a9d017d9a8,1836,general/extracellular_ephys,43264,0.011181151241972529
2975c349-bb54-42cb-bcbc-27a9d017d9a8,1836,general/subject,112,2.894528797847918e-05
2975c349-bb54-42cb-bcbc-27a9d017d9a8,1836,intervals,369,9.536438628623944e-05
2975c349-bb54-42cb-bcbc-27a9d017d9a8,1836,other,80,2.06752056989137e-05
2975c349-bb54-42cb-bcbc-27a9d017d9a8,1836,scratch,3825032,0.9885415425615908
2975c349-bb54-42cb-bcbc-27a9d017d9a8,1836,specifications,416,0.00010751106963435123
29791a31-3f6d-4046-9976-feee97c1555b,1031,acquisition,245040,0.9977198697068403
29791a31-3f6d-4046-9976-feee97c1555b,1031,general,64,0.000260586319218241
29791a31-3f6d-4046-9976-feee97c1555b,1031,general/subject,96,0.00039087947882736156
29791a31-3f6d-4046-9976-feee97c1555b,1031,other,80,0.0003257328990228013
29791a31-3f6d-4046-9976-feee97c1555b,1031,specifications,320,0.0013029315960912053
297deba0-0a2d-4aa8-b5a0-beac3fb051d5,409,general,80,1.2953991517211433e-07
297deba0-0a2d-4aa8-b5a0-beac3fb051d5,409,general/extracellular_ephys,29960,4.851269823195682e-05
297deba0-0a2d-4aa8-b5a0-beac3fb051d5,409,general/ibl_metadata,16,2.5907983034422867e-08
297deba0-0a2d-4aa8-b5a0-beac3fb051d5,409,general/ibl_probe_insertion_trajectories,674,1.0913737853250632e-06
297deba0-0a2d-4aa8-b5a0-beac3fb051d5,409,general/localization,29467,4.771440850470866e-05
297deba0-0a2d-4aa8-b5a0-beac3fb051d5,409,general/subject,112,1.8135588124096006e-07
297deba0-0a2d-4aa8-b5a0-beac3fb051d5,409,intervals,33710,5.4584881755649674e-05
297deba0-0a2d-4aa8-b5a0-beac3fb051d5,409,other,80,1.2953991517211433e-07
297deba0-0a2d-4aa8-b5a0-beac3fb051d5,409,processing/wheel,41316276,0.0669013361033458
297deba0-0a2d-4aa8-b5a0-beac3fb051d5,409,specifications,448,7.254235249638402e-07
297deba0-0a2d-4aa8-b5a0-beac3fb051d5,409,units,576159444,0.932945568767157
29910680-ab37-4c35-84e5-d45f08ead335,1751,acquisition,33801600,0.9958090795577261
29910680-ab37-4c35-84e5-d45f08ead335,1751,general,112,3.299566201317847e-06
29910680-ab37-4c35-84e5-d45f08ead335,1751,general/intracellular_ephys,896,2.6396529610542775e-05
29910680-ab37-4c35-84e5-d45f08ead335,1751,general/subject,80,2.356833000941319e-06
29910680-ab37-4c35-84e5-d45f08ead335,1751,other,80,2.356833000941319e-06
29910680-ab37-4c35-84e5-d45f08ead335,1751,specifications,272,8.013232203200486e-06
29910680-ab37-4c35-84e5-d45f08ead335,1751,stimulus,140816,0.00414849744825691
29959193-72ae-48f0-861e-d2b0d9e7e6d6,483,acquisition,6224397569,0.9970423602391814
29959193-72ae-48f0-861e-d2b0d9e7e6d6,483,general,176,2.8192199077394108e-08
29959193-72ae-48f0-861e-d2b0d9e7e6d6,483,general/optophysiology,104,1.6659026727551064e-08
29959193-72ae-48f0-861e-d2b0d9e7e6d6,483,general/subject,80,1.2814635944270049e-08
29959193-72ae-48f0-861e-d2b0d9e7e6d6,483,other,80,1.2814635944270049e-08
29959193-72ae-48f0-861e-d2b0d9e7e6d6,483,processing/neurotar-data,181248,2.9032839195338223e-05
29959193-72ae-48f0-861e-d2b0d9e7e6d6,483,processing/ophys,18282128,0.0029284851825818236
29959193-72ae-48f0-861e-d2b0d9e7e6d6,483,specifications,320,5.1258543777080194e-08
29969a94-e272-4f4a-8918-65b341aba66f,1564,general,64,2.66607124408882e-05
29969a94-e272-4f4a-8918-65b341aba66f,1564,general/subject,64,2.66607124408882e-05
29969a94-e272-4f4a-8918-65b341aba66f,1564,other,80,3.332589055111025e-05
29969a94-e272-4f4a-8918-65b341aba66f,1564,processing/behavior,2400008,0.9997800491223626
29969a94-e272-4f4a-8918-65b341aba66f,1564,specifications,320,0.000133303562204441
2996fe38-d7b4-469f-9a2b-7a4b540bc3b7,1611,general,48,3.4446115081025874e-06
2996fe38-d7b4-469f-9a2b-7a4b540bc3b7,1611,general/extracellular_ephys,95808,0.0068754445701727646
2996fe38-d7b4-469f-9a2b-7a4b540bc3b7,1611,general/subject,96,6.889223016205175e-06
2996fe38-d7b4-469f-9a2b-7a4b540bc3b7,1611,intervals,75776,0.005437893367457951
2996fe38-d7b4-469f-9a2b-7a4b540bc3b7,1611,other,80,5.741019180170979e-06
2996fe38-d7b4-469f-9a2b-7a4b540bc3b7,1611,specifications,320,2.2964076720683916e-05
2996fe38-d7b4-469f-9a2b-7a4b540bc3b7,1611,units,13762680,0.9876476231319441
29b9e8f7-f454-46ac-9a40-6cb7d1258889,711,acquisition,8648640,0.04468628942307661
29b9e8f7-f454-46ac-9a40-6cb7d1258889,711,general,80,4.1334859051204915e-07
29b9e8f7-f454-46ac-9a40-6cb7d1258889,711,general/subject,96,4.96018308614459e-07
29b9e8f7-f454-46ac-9a40-6cb7d1258889,711,intervals,2655778,0.013722026162661362
29b9e8f7-f454-46ac-9a40-6cb7d1258889,711,other,80,4.1334859051204915e-07
29b9e8f7-f454-46ac-9a40-6cb7d1258889,711,processing/licking,52688,0.0002722313817112356
29b9e8f7-f454-46ac-9a40-6cb7d1258889,711,processing/rewards,2225,1.1496257673616368e-05
29b9e8f7-f454-46ac-9a40-6cb7d1258889,711,processing/running,11891880,0.06144364795673034
29b9e8f7-f454-46ac-9a40-6cb7d1258889,711,processing/stimulus,4324320,0.022343144711538306
29b9e8f7-f454-46ac-9a40-6cb7d1258889,711,specifications,480,2.480091543072295e-06
29b9e8f7-f454-46ac-9a40-6cb7d1258889,711,stimulus,165964976,0.8575173612995758
29e73edd-904b-4bd4-93c3-8134657ded95,1038,acquisition,22905075,0.8568846141774153
29e73edd-904b-4bd4-93c3-8134657ded95,1038,analysis,24141,0.0009031208791439008
29e73edd-904b-4bd4-93c3-8134657ded95,1038,general,208,7.781332292031455e-06
29e73edd-904b-4bd4-93c3-8134657ded95,1038,general/FiberPhotometry,494,1.848066419357471e-05
29e73edd-904b-4bd4-93c3-8134657ded95,1038,general/subject,112,4.189948157247707e-06
29e73edd-904b-4bd4-93c3-8134657ded95,1038,other,80,2.9928201123197906e-06
29e73edd-904b-4bd4-93c3-8134657ded95,1038,processing/behavior,943923,0.03531239673601542
29e73edd-904b-4bd4-93c3-8134657ded95,1038,processing/ophys,2856224,0.10685205790613102
29e73edd-904b-4bd4-93c3-8134657ded95,1038,specifications,384,1.4365536539134995e-05
29f17e05-e230-4798-a877-675c771491b9,54,acquisition,24,3.0331670753353774e-08
29f17e05-e230-4798-a877-675c771491b9,54,general,160,2.0221113835569183e-07
29f17e05-e230-4798-a877-675c771491b9,54,general/optophysiology,104,1.3143723993119968e-07
29f17e05-e230-4798-a877-675c771491b9,54,general/subject,96,1.213266830134151e-07
29f17e05-e230-4798-a877-675c771491b9,54,other,80,1.0110556917784591e-07
29f17e05-e230-4798-a877-675c771491b9,54,processing/behavior,4725600,0.005972305971335358
29f17e05-e230-4798-a877-675c771491b9,54,processing/ophys,786525776,0.9940267031940867
29f17e05-e230-4798-a877-675c771491b9,54,specifications,320,4.0442227671138365e-07
2a0157d5-75e0-45f0-925e-990bf99ef85d,954,acquisition,142880,0.2000756164843936
2a0157d5-75e0-45f0-925e-990bf99ef85d,954,general,64,8.961953705907887e-05
2a0157d5-75e0-45f0-925e-990bf99ef85d,954,general/subject,80,0.0001120244213238486
2a0157d5-75e0-45f0-925e-990bf99ef85d,954,intervals,1682,0.0023553134583339168
2a0157d5-75e0-45f0-925e-990bf99ef85d,954,other,80,0.0001120244213238486
2a0157d5-75e0-45f0-925e-990bf99ef85d,954,specifications,320,0.0004480976852953944
2a0157d5-75e0-45f0-925e-990bf99ef85d,954,units,569024,0.7968073039922703
2a0a07b1-dd90-46b5-9edf-8a7f53de4396,1351,acquisition,12739095,0.427662770059774
2a0a07b1-dd90-46b5-9edf-8a7f53de4396,1351,general,330,1.1078394039743437e-05
2a0a07b1-dd90-46b5-9edf-8a7f53de4396,1351,general/intracellular_ephys,979,3.286590231790553e-05
2a0a07b1-dd90-46b5-9edf-8a7f53de4396,1351,general/labnotebook,1588518,0.05332796467643989
2a0a07b1-dd90-46b5-9edf-8a7f53de4396,1351,general/results,86540,0.0029052249096951422
2a0a07b1-dd90-46b5-9edf-8a7f53de4396,1351,general/stimsets,401965,0.013494323212683243
2a0a07b1-dd90-46b5-9edf-8a7f53de4396,1351,general/subject,96,3.2228055388344544e-06
2a0a07b1-dd90-46b5-9edf-8a7f53de4396,1351,general/testpulse,14116894,0.47391671014936326
2a0a07b1-dd90-46b5-9edf-8a7f53de4396,1351,general/user_comment,14,4.699924744133579e-07
2a0a07b1-dd90-46b5-9edf-8a7f53de4396,1351,intervals,135033,0.004533178128389926
2a0a07b1-dd90-46b5-9edf-8a7f53de4396,1351,other,106,3.55851444912971e-06
2a0a07b1-dd90-46b5-9edf-8a7f53de4396,1351,processing/spikes,2660,8.929857013853801e-05
2a0a07b1-dd90-46b5-9edf-8a7f53de4396,1351,specifications,288,9.668416616503363e-06
2a0a07b1-dd90-46b5-9edf-8a7f53de4396,1351,stimulus,715193,0.024009666268079478
2a0fa2ef-0e34-4ccb-9d54-6be599f83b1a,552,general,192,2.2284537164729283e-06
2a0fa2ef-0e34-4ccb-9d54-6be599f83b1a,552,general/subject,96,1.1142268582364642e-06
2a0fa2ef-0e34-4ccb-9d54-6be599f83b1a,552,other,80,9.285223818637201e-07
2a0fa2ef-0e34-4ccb-9d54-6be599f83b1a,552,processing/behavior,4880,5.6639865293686927e-05
2a0fa2ef-0e34-4ccb-9d54-6be599f83b1a,552,processing/ecephys,86152797,0.9999350034332696
2a0fa2ef-0e34-4ccb-9d54-6be599f83b1a,552,specifications,352,4.085498480200369e-06
2a1df792-3c62-47e0-8b5d-18853d70a754,535,general/optophysiology,104,3.708474005736724e-07
2a1df792-3c62-47e0-8b5d-18853d70a754,535,general/subject,80,2.8526723121051725e-07
2a1df792-3c62-47e0-8b5d-18853d70a754,535,intervals,36,1.2837025404473276e-07
2a1df792-3c62-47e0-8b5d-18853d70a754,535,other,80,2.8526723121051725e-07
2a1df792-3c62-47e0-8b5d-18853d70a754,535,processing/behavior,2959908,0.010554559497473245
2a1df792-3c62-47e0-8b5d-18853d70a754,535,processing/ophys,277478272,0.9894432296814849
2a1df792-3c62-47e0-8b5d-18853d70a754,535,specifications,320,1.141068924842069e-06
2a1fa2fa-80fe-4c08-b8fe-f5117addcdd7,932,acquisition,685164707,0.9998019904856236
2a1fa2fa-80fe-4c08-b8fe-f5117addcdd7,932,general/extracellular_ephys,135168,0.00019723904933994325
2a1fa2fa-80fe-4c08-b8fe-f5117addcdd7,932,general/subject,128,1.8677940278403718e-07
2a1fa2fa-80fe-4c08-b8fe-f5117addcdd7,932,other,80,1.1673712674002324e-07
2a1fa2fa-80fe-4c08-b8fe-f5117addcdd7,932,specifications,320,4.6694850696009296e-07
2a299e83-c880-48b0-961a-de2bdf66cbad,535,general/optophysiology,104,6.294357060477151e-06
2a299e83-c880-48b0-961a-de2bdf66cbad,535,general/subject,80,4.841813123443962e-06
2a299e83-c880-48b0-961a-de2bdf66cbad,535,intervals,36,2.178815905549783e-06
2a299e83-c880-48b0-961a-de2bdf66cbad,535,other,80,4.841813123443962e-06
2a299e83-c880-48b0-961a-de2bdf66cbad,535,processing/behavior,2959908,0.17914151748233464
2a299e83-c880-48b0-961a-de2bdf66cbad,535,processing/ophys,13562208,0.8208209584659587
2a299e83-c880-48b0-961a-de2bdf66cbad,535,specifications,320,1.936725249377585e-05
2a504260-51d1-4730-82d8-485b68f227f3,1611,general,48,4.046724833839792e-06
2a504260-51d1-4730-82d8-485b68f227f3,1611,general/extracellular_ephys,94176,0.007939674123993672
2a504260-51d1-4730-82d8-485b68f227f3,1611,general/subject,96,8.093449667679584e-06
2a504260-51d1-4730-82d8-485b68f227f3,1611,intervals,75776,0.006388429604355085
2a504260-51d1-4730-82d8-485b68f227f3,1611,other,80,6.744541389732987e-06
2a504260-51d1-4730-82d8-485b68f227f3,1611,specifications,320,2.697816555893195e-05
2a504260-51d1-4730-82d8-485b68f227f3,1611,units,11690948,0.985626033390201
2a54df70-9066-4401-9c97-d6a0ef376dc7,769,acquisition,13081898,0.7190918506007696
2a54df70-9066-4401-9c97-d6a0ef376dc7,769,general,330,1.8139593405960966e-05
2a54df70-9066-4401-9c97-d6a0ef376dc7,769,general/intracellular_ephys,965,5.304456859621919e-05
2a54df70-9066-4401-9c97-d6a0ef376dc7,769,general/labnotebook,1638703,0.09007698828220743
2a54df70-9066-4401-9c97-d6a0ef376dc7,769,general/results,75925,0.004173480694992686
2a54df70-9066-4401-9c97-d6a0ef376dc7,769,general/stimsets,401953,0.022094739358503722
2a54df70-9066-4401-9c97-d6a0ef376dc7,769,general/subject,80,4.397477189323871e-06
2a54df70-9066-4401-9c97-d6a0ef376dc7,769,general/testpulse,2131314,0.1171550587285827
2a54df70-9066-4401-9c97-d6a0ef376dc7,769,general/user_comment,14,7.695585081316774e-07
2a54df70-9066-4401-9c97-d6a0ef376dc7,769,intervals,130525,0.007174758876706228
2a54df70-9066-4401-9c97-d6a0ef376dc7,769,other,106,5.826657275854129e-06
2a54df70-9066-4401-9c97-d6a0ef376dc7,769,processing/spikes,2612,0.00014357763023142438
2a54df70-9066-4401-9c97-d6a0ef376dc7,769,specifications,288,1.5830917881565936e-05
2a54df70-9066-4401-9c97-d6a0ef376dc7,769,stimulus,727536,0.03999153705514914
2a6db86c-113d-4d12-b79d-d694c86a0dd6,1841,acquisition,830279,0.9679099936349245
2a6db86c-113d-4d12-b79d-d694c86a0dd6,1841,general,64,7.46089442134935e-05
2a6db86c-113d-4d12-b79d-d694c86a0dd6,1841,general/intracellular_ephys,2471,0.0028806047054928505
2a6db86c-113d-4d12-b79d-d694c86a0dd6,1841,general/subject,80,9.326118026686686e-05
2a6db86c-113d-4d12-b79d-d694c86a0dd6,1841,other,80,9.326118026686686e-05
2a6db86c-113d-4d12-b79d-d694c86a0dd6,1841,specifications,320,0.00037304472106746746
2a6db86c-113d-4d12-b79d-d694c86a0dd6,1841,stimulus,24512,0.02857522563376801
2a7ad2ae-e8a2-4d7f-bfb7-0d9c6cc6649f,1174,acquisition,773248008,0.9856423213206171
2a7ad2ae-e8a2-4d7f-bfb7-0d9c6cc6649f,1174,general/optophysiology,88,1.1217167503678109e-07
2a7ad2ae-e8a2-4d7f-bfb7-0d9c6cc6649f,1174,general/subject,64,8.157940002674988e-08
2a7ad2ae-e8a2-4d7f-bfb7-0d9c6cc6649f,1174,other,80,1.0197425003343736e-07
2a7ad2ae-e8a2-4d7f-bfb7-0d9c6cc6649f,1174,processing/ophys,11263216,0.014356975057057651
2a7ad2ae-e8a2-4d7f-bfb7-0d9c6cc6649f,1174,specifications,320,4.0789700013374943e-07
2a8c284b-abd1-4b1f-9446-60c8c5ddc7b7,1550,acquisition,129698,0.5458647059566247
2a8c284b-abd1-4b1f-9446-60c8c5ddc7b7,1550,general,176,0.0007407376231581517
2a8c284b-abd1-4b1f-9446-60c8c5ddc7b7,1550,general/subject,96,0.00040403870354081004
2a8c284b-abd1-4b1f-9446-60c8c5ddc7b7,1550,general/task,4310,0.018139654294384282
2a8c284b-abd1-4b1f-9446-60c8c5ddc7b7,1550,intervals,102793,0.4326286505528175
2a8c284b-abd1-4b1f-9446-60c8c5ddc7b7,1550,other,80,0.00033669891961734166
2a8c284b-abd1-4b1f-9446-60c8c5ddc7b7,1550,specifications,448,0.0018855139498571134
2a9cece1-c0d9-46a0-ac6a-e6a6c12aa330,467,acquisition,83886088,0.9999896050589985
2a9cece1-c0d9-46a0-ac6a-e6a6c12aa330,467,general,240,2.8609929362084404e-06
2a9cece1-c0d9-46a0-ac6a-e6a6c12aa330,467,general/optophysiology,136,1.6212293305181162e-06
2a9cece1-c0d9-46a0-ac6a-e6a6c12aa330,467,general/subject,96,1.1443971744833762e-06
2a9cece1-c0d9-46a0-ac6a-e6a6c12aa330,467,other,80,9.536643120694802e-07
2a9cece1-c0d9-46a0-ac6a-e6a6c12aa330,467,specifications,320,3.814657248277921e-06
2af91717-a9df-4e90-834f-2441982e9ec3,971,general,400,0.04303388918773534
2af91717-a9df-4e90-834f-2441982e9ec3,971,general/optogenetics,40,0.004303388918773534
2af91717-a9df-4e90-834f-2441982e9ec3,971,general/subject,112,0.012049488972565896
2af91717-a9df-4e90-834f-2441982e9ec3,971,other,80,0.008606777837547068
2af91717-a9df-4e90-834f-2441982e9ec3,971,processing/behavior,1281,0.13781603012372243
2af91717-a9df-4e90-834f-2441982e9ec3,971,specifications,384,0.041312533620225925
2af91717-a9df-4e90-834f-2441982e9ec3,971,stimulus,6998,0.7528778913394298
2afcfda5-9bcc-412a-ad54-509d26999f20,1055,general,160,5.564202364670548e-07
2afcfda5-9bcc-412a-ad54-509d26999f20,1055,general/subject,80,2.782101182335274e-07
2afcfda5-9bcc-412a-ad54-509d26999f20,1055,other,80,2.782101182335274e-07
2afcfda5-9bcc-412a-ad54-509d26999f20,1055,processing/behavior,173056458,0.6018257205156934
2afcfda5-9bcc-412a-ad54-509d26999f20,1055,processing/events,6877265,0.023916558859666245
2afcfda5-9bcc-412a-ad54-509d26999f20,1055,processing/indices,72774,0.00025308078930408404
2afcfda5-9bcc-412a-ad54-509d26999f20,1055,processing/spikes,107545309,0.37400241415439045
2afcfda5-9bcc-412a-ad54-509d26999f20,1055,specifications,320,1.1128404729341097e-06
2b018659-78b3-4d46-87c4-62008570f35e,1837,acquisition,1708,0.7286689419795221
2b018659-78b3-4d46-87c4-62008570f35e,1837,general,48,0.020477815699658702
2b018659-78b3-4d46-87c4-62008570f35e,1837,general/extracellular_ephys,108,0.04607508532423208
2b018659-78b3-4d46-87c4-62008570f35e,1837,general/subject,80,0.034129692832764506
2b018659-78b3-4d46-87c4-62008570f35e,1837,other,80,0.034129692832764506
2b018659-78b3-4d46-87c4-62008570f35e,1837,specifications,320,0.13651877133105803
2b05cda5-8424-4c6e-a824-065528e3a51a,637,general,16,3.6754976623834865e-06
2b05cda5-8424-4c6e-a824-065528e3a51a,637,general/extracellular_ephys,3072,0.0007056955511776295
2b05cda5-8424-4c6e-a824-065528e3a51a,637,general/subject,80,1.8377488311917435e-05
2b05cda5-8424-4c6e-a824-065528e3a51a,637,intervals,12000,0.0027566232467876152
2b05cda5-8424-4c6e-a824-065528e3a51a,637,other,80,1.8377488311917435e-05
2b05cda5-8424-4c6e-a824-065528e3a51a,637,specifications,320,7.350995324766974e-05
2b05cda5-8424-4c6e-a824-065528e3a51a,637,units,4337584,0.9964237407745009
2b39f547-fc16-48b5-90ba-9b71c304393b,1455,acquisition,3979407,0.6998879836476175
2b39f547-fc16-48b5-90ba-9b71c304393b,1455,general,241,4.238646714424431e-05
2b39f547-fc16-48b5-90ba-9b71c304393b,1455,general/intracellular_ephys,617,0.00010851639098754665
2b39f547-fc16-48b5-90ba-9b71c304393b,1455,general/labnotebook,470612,0.0827700418078303
2b39f547-fc16-48b5-90ba-9b71c304393b,1455,general/stimsets,602733,0.10600714730809879
2b39f547-fc16-48b5-90ba-9b71c304393b,1455,general/subject,112,1.969827518736665e-05
2b39f547-fc16-48b5-90ba-9b71c304393b,1455,general/testpulse,461291,0.08113068803085313
2b39f547-fc16-48b5-90ba-9b71c304393b,1455,general/user_comment,31,5.452201167931841e-06
2b39f547-fc16-48b5-90ba-9b71c304393b,1455,other,101,1.7763623160036e-05
2b39f547-fc16-48b5-90ba-9b71c304393b,1455,processing/spikes,630,0.00011080279792893742
2b39f547-fc16-48b5-90ba-9b71c304393b,1455,specifications,288,5.065270762465711e-05
2b39f547-fc16-48b5-90ba-9b71c304393b,1455,stimulus,169714,0.0298488667423995
2b69f341-fec7-4f9a-af02-698c0812fec0,1775,general,128,2.5625239425821025e-07
2b69f341-fec7-4f9a-af02-698c0812fec0,1775,general/extracellular_ephys,3072,6.150057462197046e-06
2b69f341-fec7-4f9a-af02-698c0812fec0,1775,general/subject,112,2.2422084497593397e-07
2b69f341-fec7-4f9a-af02-698c0812fec0,1775,intervals,7920,1.585561689472676e-05
2b69f341-fec7-4f9a-af02-698c0812fec0,1775,other,96,1.9218929569365769e-07
2b69f341-fec7-4f9a-af02-698c0812fec0,1775,processing/behavior,6590080,0.013193154518383956
2b69f341-fec7-4f9a-af02-698c0812fec0,1775,processing/ecephys,476676192,0.954292308483487
2b69f341-fec7-4f9a-af02-698c0812fec0,1775,specifications,272,5.445363377986968e-07
2b69f341-fec7-4f9a-af02-698c0812fec0,1775,units,16229656,0.03249131412489944
2b6f1804-ea4a-42b2-903c-852f7e2899ca,617,acquisition,20989545496,0.9960442621722728
2b6f1804-ea4a-42b2-903c-852f7e2899ca,617,general,128,6.0741508472561985e-09
2b6f1804-ea4a-42b2-903c-852f7e2899ca,617,general/optophysiology,88,4.175978707488636e-09
2b6f1804-ea4a-42b2-903c-852f7e2899ca,617,general/subject,96,4.5556131354421485e-09
2b6f1804-ea4a-42b2-903c-852f7e2899ca,617,intervals,44280000,0.002101276558722691
2b6f1804-ea4a-42b2-903c-852f7e2899ca,617,other,80,3.7963442795351234e-09
2b6f1804-ea4a-42b2-903c-852f7e2899ca,617,processing/ophys,19926045,0.0009455765868688682
2b6f1804-ea4a-42b2-903c-852f7e2899ca,617,processing/running,11088000,0.0005261733171435681
2b6f1804-ea4a-42b2-903c-852f7e2899ca,617,processing/stimulus,4032000,0.00019133575168857024
2b6f1804-ea4a-42b2-903c-852f7e2899ca,617,processing/stimulus_ophys,4032000,0.00019133575168857024
2b6f1804-ea4a-42b2-903c-852f7e2899ca,617,specifications,448,2.1259527965396694e-08
2b963d11-0523-4cf5-9ec9-19e0eb8bdc5e,1065,acquisition,14482364,0.7272293234070013
2b963d11-0523-4cf5-9ec9-19e0eb8bdc5e,1065,general,297,1.4913801990605912e-05
2b963d11-0523-4cf5-9ec9-19e0eb8bdc5e,1065,general/intracellular_ephys,1849,9.28472049852873e-05
2b963d11-0523-4cf5-9ec9-19e0eb8bdc5e,1065,general/labnotebook,267829,0.013448985432127915
2b963d11-0523-4cf5-9ec9-19e0eb8bdc5e,1065,general/results,3765,0.00018905880301222646
2b963d11-0523-4cf5-9ec9-19e0eb8bdc5e,1065,general/stimsets,130777,0.006566943713553769
2b963d11-0523-4cf5-9ec9-19e0eb8bdc5e,1065,general/subject,84,4.218045007444096e-06
2b963d11-0523-4cf5-9ec9-19e0eb8bdc5e,1065,general/testpulse,3104563,0.15589507693387697
2b963d11-0523-4cf5-9ec9-19e0eb8bdc5e,1065,general/user_comment,14,7.030075012406827e-07
2b963d11-0523-4cf5-9ec9-19e0eb8bdc5e,1065,intervals,38213,0.0019188589746364434
2b963d11-0523-4cf5-9ec9-19e0eb8bdc5e,1065,other,107,5.3729859023395035e-06
2b963d11-0523-4cf5-9ec9-19e0eb8bdc5e,1065,specifications,288,1.4461868596951186e-05
2b963d11-0523-4cf5-9ec9-19e0eb8bdc5e,1065,stimulus,1884289,0.09461923582180748
2bb3bdec-b435-4992-b4d0-0833f02c9707,1847,general,288,0.0027962250961202375
2bb3bdec-b435-4992-b4d0-0833f02c9707,1847,general/subject,144,0.0013981125480601187
2bb3bdec-b435-4992-b4d0-0833f02c9707,1847,intervals,96300,0.9349877665152044
2bb3bdec-b435-4992-b4d0-0833f02c9707,1847,other,80,0.0007767291933667327
2bb3bdec-b435-4992-b4d0-0833f02c9707,1847,processing/behavior,5544,0.053827333100314574
2bb3bdec-b435-4992-b4d0-0833f02c9707,1847,specifications,640,0.006213833546933861
2bb7d51e-1b2d-4701-bec0-ff70e9ea0482,248,acquisition,2336812413,0.9999949923488358
2bb7d51e-1b2d-4701-bec0-ff70e9ea0482,248,general,48,2.0540698673849486e-08
2bb7d51e-1b2d-4701-bec0-ff70e9ea0482,248,general/extracellular_ephys,11094,4.7474689809934625e-06
2bb7d51e-1b2d-4701-bec0-ff70e9ea0482,248,general/subject,96,4.108139734769897e-08
2bb7d51e-1b2d-4701-bec0-ff70e9ea0482,248,other,80,3.4234497789749145e-08
2bb7d51e-1b2d-4701-bec0-ff70e9ea0482,248,specifications,384,1.6432558939079589e-07
2bbcebb6-486c-4656-a96f-546afedd00c9,932,acquisition,2743571901,0.9999505428347581
2bbcebb6-486c-4656-a96f-546afedd00c9,932,general/extracellular_ephys,135168,4.926472491011585e-05
2bbcebb6-486c-4656-a96f-546afedd00c9,932,general/subject,128,4.665220161942789e-08
2bbcebb6-486c-4656-a96f-546afedd00c9,932,other,80,2.915762601214243e-08
2bbcebb6-486c-4656-a96f-546afedd00c9,932,specifications,320,1.1663050404856972e-07
2bf7b5f3-7e46-4834-acc7-6c90ed7960dc,1177,acquisition,35815904925,0.98267790830548
2bf7b5f3-7e46-4834-acc7-6c90ed7960dc,1177,general,80,2.1949531312711457e-09
2bf7b5f3-7e46-4834-acc7-6c90ed7960dc,1177,general/extracellular_ephys,877,2.4062173701559935e-08
2bf7b5f3-7e46-4834-acc7-6c90ed7960dc,1177,general/subject,96,2.633943757525375e-09
2bf7b5f3-7e46-4834-acc7-6c90ed7960dc,1177,other,80,2.1949531312711457e-09
2bf7b5f3-7e46-4834-acc7-6c90ed7960dc,1177,processing/ecephys,631341078,0.01732205095070251
2bf7b5f3-7e46-4834-acc7-6c90ed7960dc,1177,specifications,352,9.65779377759304e-09
2c097f79-7e4a-44aa-9900-dc8578df5535,1775,general,128,1.58014414568692e-07
2c097f79-7e4a-44aa-9900-dc8578df5535,1775,general/extracellular_ephys,8192,1.0112922532396289e-05
2c097f79-7e4a-44aa-9900-dc8578df5535,1775,general/subject,112,1.3826261274760551e-07
2c097f79-7e4a-44aa-9900-dc8578df5535,1775,intervals,11280,1.3925020283865983e-05
2c097f79-7e4a-44aa-9900-dc8578df5535,1775,other,96,1.18510810926519e-07
2c097f79-7e4a-44aa-9900-dc8578df5535,1775,processing/behavior,5162656,0.006373234886402697
2c097f79-7e4a-44aa-9900-dc8578df5535,1775,processing/ecephys,776844544,0.9590049674300195
2c097f79-7e4a-44aa-9900-dc8578df5535,1775,specifications,272,3.357806309584705e-07
2c097f79-7e4a-44aa-9900-dc8578df5535,1775,units,28025400,0.03459700917229235
2c14ec84-15f6-4f9a-9dd1-f5bb99c5b829,1865,acquisition,3344641,0.26505655067434614
2c14ec84-15f6-4f9a-9dd1-f5bb99c5b829,1865,general,160,1.2679701082386833e-05
2c14ec84-15f6-4f9a-9dd1-f5bb99c5b829,1865,general/optophysiology,256,2.0287521731818932e-05
2c14ec84-15f6-4f9a-9dd1-f5bb99c5b829,1865,general/subject,128,1.0143760865909466e-05
2c14ec84-15f6-4f9a-9dd1-f5bb99c5b829,1865,other,80,6.339850541193417e-06
2c14ec84-15f6-4f9a-9dd1-f5bb99c5b829,1865,processing/ophys,9273009,0.7348686390892678
2c14ec84-15f6-4f9a-9dd1-f5bb99c5b829,1865,specifications,320,2.5359402164773667e-05
2c1716a1-3b73-4952-aaae-00f547e8d893,1475,acquisition,2400240,0.49981925011286454
2c1716a1-3b73-4952-aaae-00f547e8d893,1475,general,80,1.6658975772851532e-05
2c1716a1-3b73-4952-aaae-00f547e8d893,1475,general/intracellular_ephys,1160,0.00024155514870634724
2c1716a1-3b73-4952-aaae-00f547e8d893,1475,general/subject,96,1.999077092742184e-05
2c1716a1-3b73-4952-aaae-00f547e8d893,1475,other,80,1.6658975772851532e-05
2c1716a1-3b73-4952-aaae-00f547e8d893,1475,specifications,320,6.663590309140613e-05
2c1716a1-3b73-4952-aaae-00f547e8d893,1475,stimulus,2400240,0.49981925011286454
2c207cbd-f04a-4e9c-a5d7-8945e233a087,945,general,16,2.5254980597861157e-06
2c207cbd-f04a-4e9c-a5d7-8945e233a087,945,general/extracellular_ephys,3072,0.0004848956274789342
2c207cbd-f04a-4e9c-a5d7-8945e233a087,945,general/subject,80,1.2627490298930578e-05
2c207cbd-f04a-4e9c-a5d7-8945e233a087,945,intervals,12000,0.0018941235448395866
2c207cbd-f04a-4e9c-a5d7-8945e233a087,945,other,96,1.5152988358716694e-05
2c207cbd-f04a-4e9c-a5d7-8945e233a087,945,specifications,320,5.050996119572231e-05
2c207cbd-f04a-4e9c-a5d7-8945e233a087,945,units,6319800,0.9975401648897684
2c209bcb-9940-4d08-bcdd-2263d209c700,302,general,112,3.389213392621973e-06
2c209bcb-9940-4d08-bcdd-2263d209c700,302,general/extracellular_ephys,27576,0.00083447275459771
2c209bcb-9940-4d08-bcdd-2263d209c700,302,general/optogenetics,40,1.2104333545078475e-06
2c209bcb-9940-4d08-bcdd-2263d209c700,302,general/subject,96,2.905040050818834e-06
2c209bcb-9940-4d08-bcdd-2263d209c700,302,intervals,21000,0.0006354775111166199
2c209bcb-9940-4d08-bcdd-2263d209c700,302,other,80,2.420866709015695e-06
2c209bcb-9940-4d08-bcdd-2263d209c700,302,processing/behavior,34352,0.0010395201648513393
2c209bcb-9940-4d08-bcdd-2263d209c700,302,specifications,320,9.68346683606278e-06
2c209bcb-9940-4d08-bcdd-2263d209c700,302,stimulus,16,4.84173341803139e-07
2c209bcb-9940-4d08-bcdd-2263d209c700,302,units,32962424,0.9974704363757495
2c39cf36-0b94-4565-804b-bae998caa83d,1414,acquisition,624075746,0.9999989360277214
2c39cf36-0b94-4565-804b-bae998caa83d,1414,general,80,1.281894311627642e-07
2c39cf36-0b94-4565-804b-bae998caa83d,1414,general/optophysiology,88,1.410083742790406e-07
2c39cf36-0b94-4565-804b-bae998caa83d,1414,general/subject,96,1.5382731739531703e-07
2c39cf36-0b94-4565-804b-bae998caa83d,1414,other,80,1.281894311627642e-07
2c39cf36-0b94-4565-804b-bae998caa83d,1414,specifications,320,5.127577246510568e-07
2c470076-042d-4459-99b9-77ca18629a1f,1348,acquisition,13477871,0.740056365182601
2c470076-042d-4459-99b9-77ca18629a1f,1348,general,329,1.806505969266776e-05
2c470076-042d-4459-99b9-77ca18629a1f,1348,general/intracellular_ephys,952,5.2273364217081176e-05
2c470076-042d-4459-99b9-77ca18629a1f,1348,general/labnotebook,1518840,0.08339797952465501
2c470076-042d-4459-99b9-77ca18629a1f,1348,general/results,81271,0.004462509016057148
2c470076-042d-4459-99b9-77ca18629a1f,1348,general/stimsets,374916,0.020586261154213453
2c470076-042d-4459-99b9-77ca18629a1f,1348,general/subject,80,4.3927196821076625e-06
2c470076-042d-4459-99b9-77ca18629a1f,1348,general/testpulse,1922420,0.10555815214096764
2c470076-042d-4459-99b9-77ca18629a1f,1348,general/user_comment,14,7.687259443688408e-07
2c470076-042d-4459-99b9-77ca18629a1f,1348,intervals,101612,0.005579412904229047
2c470076-042d-4459-99b9-77ca18629a1f,1348,other,105,5.7654445827663065e-06
2c470076-042d-4459-99b9-77ca18629a1f,1348,processing/spikes,4552,0.00024994574991192597
2c470076-042d-4459-99b9-77ca18629a1f,1348,specifications,288,1.5813790855587584e-05
2c470076-042d-4459-99b9-77ca18629a1f,1348,stimulus,728702,0.04001229522239022
2c5f25ba-3152-4798-8a02-90d86583b7d7,1676,acquisition,6408112,0.10318054592503864
2c5f25ba-3152-4798-8a02-90d86583b7d7,1676,general,128,2.0609986027717597e-06
2c5f25ba-3152-4798-8a02-90d86583b7d7,1676,general/optophysiology,128,2.0609986027717597e-06
2c5f25ba-3152-4798-8a02-90d86583b7d7,1676,general/subject,96,1.5457489520788198e-06
2c5f25ba-3152-4798-8a02-90d86583b7d7,1676,other,80,1.2881241267323498e-06
2c5f25ba-3152-4798-8a02-90d86583b7d7,1676,processing/ophys,55626120,0.8956668406063613
2c5f25ba-3152-4798-8a02-90d86583b7d7,1676,scratch,70832,0.0011405051018088226
2c5f25ba-3152-4798-8a02-90d86583b7d7,1676,specifications,320,5.152496506929399e-06
2c685d89-acf5-45e4-8f24-d9b2d7c56c7c,773,acquisition,83886088,0.9999896050589985
2c685d89-acf5-45e4-8f24-d9b2d7c56c7c,773,general,240,2.8609929362084404e-06
2c685d89-acf5-45e4-8f24-d9b2d7c56c7c,773,general/optophysiology,136,1.6212293305181162e-06
2c685d89-acf5-45e4-8f24-d9b2d7c56c7c,773,general/subject,96,1.1443971744833762e-06
2c685d89-acf5-45e4-8f24-d9b2d7c56c7c,773,other,80,9.536643120694802e-07
2c685d89-acf5-45e4-8f24-d9b2d7c56c7c,773,specifications,320,3.814657248277921e-06
2c7c2319-7305-4168-bd47-41919b43e8c6,1281,acquisition,6667520,0.49996610663632063
2c7c2319-7305-4168-bd47-41919b43e8c6,1281,general,208,1.5596946117950106e-05
2c7c2319-7305-4168-bd47-41919b43e8c6,1281,general/intracellular_ephys,696,5.2189781240833044e-05
2c7c2319-7305-4168-bd47-41919b43e8c6,1281,general/subject,80,5.99882542998081e-06
2c7c2319-7305-4168-bd47-41919b43e8c6,1281,other,80,5.99882542998081e-06
2c7c2319-7305-4168-bd47-41919b43e8c6,1281,specifications,320,2.399530171992324e-05
2c7c2319-7305-4168-bd47-41919b43e8c6,1281,stimulus,6667040,0.49993011368374074
2c8e5225-193a-4ac1-a378-ae787f894007,959,acquisition,16878328,0.9844185173001864
2c8e5225-193a-4ac1-a378-ae787f894007,959,general,32,1.866381110356782e-06
2c8e5225-193a-4ac1-a378-ae787f894007,959,general/subject,80,4.6659527758919555e-06
2c8e5225-193a-4ac1-a378-ae787f894007,959,intervals,266640,0.015551620602047886
2c8e5225-193a-4ac1-a378-ae787f894007,959,other,80,4.6659527758919555e-06
2c8e5225-193a-4ac1-a378-ae787f894007,959,scratch,48,2.799571665535173e-06
2c8e5225-193a-4ac1-a378-ae787f894007,959,specifications,272,1.5864239438032646e-05
2c9697dd-2c7d-4735-bd0e-e367b033e359,1065,acquisition,26289146,0.8218937986176604
2c9697dd-2c7d-4735-bd0e-e367b033e359,1065,general,298,9.316557943269165e-06
2c9697dd-2c7d-4735-bd0e-e367b033e359,1065,general/intracellular_ephys,1668,5.214771358849989e-05
2c9697dd-2c7d-4735-bd0e-e367b033e359,1065,general/labnotebook,270021,0.00844183319597142
2c9697dd-2c7d-4735-bd0e-e367b033e359,1065,general/results,3767,0.00011777004621575485
2c9697dd-2c7d-4735-bd0e-e367b033e359,1065,general/stimsets,209418,0.006547164199206517
2c9697dd-2c7d-4735-bd0e-e367b033e359,1065,general/subject,83,2.5948802325212774e-06
2c9697dd-2c7d-4735-bd0e-e367b033e359,1065,general/testpulse,3451063,0.10789271276970576
2c9697dd-2c7d-4735-bd0e-e367b033e359,1065,general/user_comment,14,4.37690641630095e-07
2c9697dd-2c7d-4735-bd0e-e367b033e359,1065,intervals,30901,0.0009660770369293976
2c9697dd-2c7d-4735-bd0e-e367b033e359,1065,other,108,3.3764706640035902e-06
2c9697dd-2c7d-4735-bd0e-e367b033e359,1065,specifications,288,9.00392177067624e-06
2c9697dd-2c7d-4735-bd0e-e367b033e359,1065,stimulus,1729287,0.05406376689947015
2ca2518a-dc37-4ccd-b1a9-048b9e997a24,1767,acquisition,1292416,0.18137418009682993
2ca2518a-dc37-4ccd-b1a9-048b9e997a24,1767,general,96,1.3472381407608442e-05
2ca2518a-dc37-4ccd-b1a9-048b9e997a24,1767,general/subject,64,8.981587605072295e-06
2ca2518a-dc37-4ccd-b1a9-048b9e997a24,1767,intervals,16761,0.002352193591384637
2ca2518a-dc37-4ccd-b1a9-048b9e997a24,1767,other,96,1.3472381407608442e-05
2ca2518a-dc37-4ccd-b1a9-048b9e997a24,1767,processing/behavior,3231152,0.4534511680203837
2ca2518a-dc37-4ccd-b1a9-048b9e997a24,1767,processing/ophys,2584832,0.36274836019365986
2ca2518a-dc37-4ccd-b1a9-048b9e997a24,1767,specifications,272,3.8171747321557255e-05
2cb17443-a717-4861-b3e9-55926da01d9b,1776,acquisition,16542851,0.9550929637772116
2cb17443-a717-4861-b3e9-55926da01d9b,1776,general,128,7.3900139319082965e-06
2cb17443-a717-4861-b3e9-55926da01d9b,1776,general/intracellular_ephys,5472,0.00031592309558907964
2cb17443-a717-4861-b3e9-55926da01d9b,1776,general/subject,96,5.542510448931222e-06
2cb17443-a717-4861-b3e9-55926da01d9b,1776,other,80,4.618758707442685e-06
2cb17443-a717-4861-b3e9-55926da01d9b,1776,processing/misc,56,3.2331310952098798e-06
2cb17443-a717-4861-b3e9-55926da01d9b,1776,specifications,272,1.570377960530513e-05
2cb17443-a717-4861-b3e9-55926da01d9b,1776,stimulus,771716,0.04455462493341049
2ccb15c5-50a2-4f0e-a0b5-c492c2883939,1746,acquisition,22000800,0.49999345486914104
2ccb15c5-50a2-4f0e-a0b5-c492c2883939,1746,general,112,2.5453286673822676e-06
2ccb15c5-50a2-4f0e-a0b5-c492c2883939,1746,general/intracellular_ephys,32,7.272367621092193e-07
2ccb15c5-50a2-4f0e-a0b5-c492c2883939,1746,general/subject,80,1.8180919052730482e-06
2ccb15c5-50a2-4f0e-a0b5-c492c2883939,1746,other,80,1.8180919052730482e-06
2ccb15c5-50a2-4f0e-a0b5-c492c2883939,1746,specifications,272,6.1815124779283645e-06
2ccb15c5-50a2-4f0e-a0b5-c492c2883939,1746,stimulus,22000800,0.49999345486914104
2ce07fff-df2e-465d-9bd0-00f658364c8f,1515,acquisition,25552216,0.9999780845728855
2ce07fff-df2e-465d-9bd0-00f658364c8f,1515,general,64,2.5046202416520224e-06
2ce07fff-df2e-465d-9bd0-00f658364c8f,1515,general/subject,96,3.756930362478034e-06
2ce07fff-df2e-465d-9bd0-00f658364c8f,1515,other,80,3.130775302065028e-06
2ce07fff-df2e-465d-9bd0-00f658364c8f,1515,specifications,320,1.2523101208260113e-05
2d0d7814-269f-4d40-8e42-2517ce139e79,1271,acquisition,532093,0.9989486588829876
2d0d7814-269f-4d40-8e42-2517ce139e79,1271,general,64,0.0001201532705157016
2d0d7814-269f-4d40-8e42-2517ce139e79,1271,general/subject,96,0.0001802299057735524
2d0d7814-269f-4d40-8e42-2517ce139e79,1271,other,80,0.00015019158814462698
2d0d7814-269f-4d40-8e42-2517ce139e79,1271,specifications,320,0.0006007663525785079
2d102046-2c3b-40c5-ac76-c5c161e12f0f,1051,acquisition,3020289432,0.9991017731690147
2d102046-2c3b-40c5-ac76-c5c161e12f0f,1051,general,32,1.058549435781639e-08
2d102046-2c3b-40c5-ac76-c5c161e12f0f,1051,general/extracellular_ephys,10464,3.4614566550059595e-06
2d102046-2c3b-40c5-ac76-c5c161e12f0f,1051,general/subject,96,3.1756483073449173e-08
2d102046-2c3b-40c5-ac76-c5c161e12f0f,1051,other,80,2.6463735894540977e-08
2d102046-2c3b-40c5-ac76-c5c161e12f0f,1051,processing/current_source_density,2704224,0.0008945483716959896
2d102046-2c3b-40c5-ac76-c5c161e12f0f,1051,specifications,448,1.4819692100942945e-07
2d2bad33-2e13-4d26-8876-170059e9c698,959,acquisition,9632080,0.9905446551756762
2d2bad33-2e13-4d26-8876-170059e9c698,959,general,32,3.290818698102761e-06
2d2bad33-2e13-4d26-8876-170059e9c698,959,general/subject,80,8.227046745256902e-06
2d2bad33-2e13-4d26-8876-170059e9c698,959,intervals,91432,0.009402691725154113
2d2bad33-2e13-4d26-8876-170059e9c698,959,other,80,8.227046745256902e-06
2d2bad33-2e13-4d26-8876-170059e9c698,959,scratch,48,4.936228047154141e-06
2d2bad33-2e13-4d26-8876-170059e9c698,959,specifications,272,2.7971958933873466e-05
2d2ce6f5-c5a0-473c-aee8-fa52c25f6744,951,general,16,0.030303030303030304
2d2ce6f5-c5a0-473c-aee8-fa52c25f6744,951,general/subject,80,0.15151515151515152
2d2ce6f5-c5a0-473c-aee8-fa52c25f6744,951,other,80,0.15151515151515152
2d2ce6f5-c5a0-473c-aee8-fa52c25f6744,951,specifications,352,0.6666666666666666
2d38ffbc-634a-4595-ae1d-006d564959f1,1702,general,272,0.3541666666666667
2d38ffbc-634a-4595-ae1d-006d564959f1,1702,general/subject,96,0.125
2d38ffbc-634a-4595-ae1d-006d564959f1,1702,other,80,0.10416666666666667
2d38ffbc-634a-4595-ae1d-006d564959f1,1702,specifications,320,0.4166666666666667
2d56864c-9591-48a1-9f58-ab412b14891b,1183,acquisition,1795283,0.9995740648356837
2d56864c-9591-48a1-9f58-ab412b14891b,1183,general,64,3.563379152450269e-05
2d56864c-9591-48a1-9f58-ab412b14891b,1183,general/DandiIcephysMetadata,64,3.563379152450269e-05
2d56864c-9591-48a1-9f58-ab412b14891b,1183,general/intracellular_ephys,141,7.850569695241998e-05
2d56864c-9591-48a1-9f58-ab412b14891b,1183,general/subject,64,3.563379152450269e-05
2d56864c-9591-48a1-9f58-ab412b14891b,1183,other,80,4.454223940562836e-05
2d56864c-9591-48a1-9f58-ab412b14891b,1183,specifications,352,0.00019598585338476477
2d601905-a058-4ae5-963a-b7e0a5d3f10e,871,acquisition,49959468,0.04423376846074836
2d601905-a058-4ae5-963a-b7e0a5d3f10e,871,general,128,1.1333031734797078e-07
2d601905-a058-4ae5-963a-b7e0a5d3f10e,871,general/optophysiology,88,7.79145931767299e-08
2d601905-a058-4ae5-963a-b7e0a5d3f10e,871,general/subject,96,8.499773801097808e-08
2d601905-a058-4ae5-963a-b7e0a5d3f10e,871,intervals,10775046,0.009540151426710806
2d601905-a058-4ae5-963a-b7e0a5d3f10e,871,other,80,7.083144834248174e-08
2d601905-a058-4ae5-963a-b7e0a5d3f10e,871,processing/ophys,73939083,0.06546515422506212
2d601905-a058-4ae5-963a-b7e0a5d3f10e,871,processing/running,10394208,0.00920296008766263
2d601905-a058-4ae5-963a-b7e0a5d3f10e,871,processing/stimulus,3779712,0.003346530940968229
2d601905-a058-4ae5-963a-b7e0a5d3f10e,871,processing/stimulus_ophys,886512,0.0007849116116623771
2d601905-a058-4ae5-963a-b7e0a5d3f10e,871,specifications,448,3.966561107178977e-07
2d601905-a058-4ae5-963a-b7e0a5d3f10e,871,stimulus,979706952,0.8674257795169779
2d7b0050-0e6f-4ac9-a0a5-f3646fa65a97,341,acquisition,123493720,0.4999903397763813
2d7b0050-0e6f-4ac9-a0a5-f3646fa65a97,341,general,144,5.830143340713917e-07
2d7b0050-0e6f-4ac9-a0a5-f3646fa65a97,341,general/intracellular_ephys,12380,5.012303788752659e-05
2d7b0050-0e6f-4ac9-a0a5-f3646fa65a97,341,general/subject,80,3.2389685226188427e-07
2d7b0050-0e6f-4ac9-a0a5-f3646fa65a97,341,other,80,3.2389685226188427e-07
2d7b0050-0e6f-4ac9-a0a5-f3646fa65a97,341,specifications,320,1.295587409047537e-06
2d7b0050-0e6f-4ac9-a0a5-f3646fa65a97,341,stimulus,123485488,0.49995701079028354
2d816429-7c9f-448f-85c2-e9abbb051c4c,1836,general,96,0.00045824920164396903
2d816429-7c9f-448f-85c2-e9abbb051c4c,1836,general/extracellular_ephys,43264,0.2065176402075487
2d816429-7c9f-448f-85c2-e9abbb051c4c,1836,general/subject,112,0.0005346240685846305
2d816429-7c9f-448f-85c2-e9abbb051c4c,1836,intervals,533,0.002544237754960786
2d816429-7c9f-448f-85c2-e9abbb051c4c,1836,other,80,0.00038187433470330753
2d816429-7c9f-448f-85c2-e9abbb051c4c,1836,scratch,164992,0.7875776278921014
2d816429-7c9f-448f-85c2-e9abbb051c4c,1836,specifications,416,0.001985746540457199
2d927a57-e01c-48e4-a159-e6520761c518,341,acquisition,816156992,0.7133319479292538
2d927a57-e01c-48e4-a159-e6520761c518,341,general,160,1.3984210487371604e-07
2d927a57-e01c-48e4-a159-e6520761c518,341,general/intracellular_ephys,1834,1.60294012711497e-06
2d927a57-e01c-48e4-a159-e6520761c518,341,general/subject,80,6.992105243685802e-08
2d927a57-e01c-48e4-a159-e6520761c518,341,other,80,6.992105243685802e-08
2d927a57-e01c-48e4-a159-e6520761c518,341,specifications,320,2.796842097474321e-07
2d927a57-e01c-48e4-a159-e6520761c518,341,stimulus,327988072,0.28666588976219953
2da26eb3-8b6b-4fbd-b4de-99ff25599957,1261,acquisition,2520840,0.4999436759159803
2da26eb3-8b6b-4fbd-b4de-99ff25599957,1261,general,192,3.8078253985127265e-05
2da26eb3-8b6b-4fbd-b4de-99ff25599957,1261,general/intracellular_ephys,704,0.0001396202646121333
2da26eb3-8b6b-4fbd-b4de-99ff25599957,1261,general/subject,80,1.5865939160469694e-05
2da26eb3-8b6b-4fbd-b4de-99ff25599957,1261,other,96,1.9039126992563633e-05
2da26eb3-8b6b-4fbd-b4de-99ff25599957,1261,stimulus,2520336,0.4998437204992694
2da48ea9-9683-4655-8be4-031254086584,1349,general,144,7.704299566280035e-06
2da48ea9-9683-4655-8be4-031254086584,1349,general/optophysiology,108,5.7782246747100266e-06
2da48ea9-9683-4655-8be4-031254086584,1349,general/subject,112,5.992232995995583e-06
2da48ea9-9683-4655-8be4-031254086584,1349,other,80,4.2801664257111305e-06
2da48ea9-9683-4655-8be4-031254086584,1349,processing/ophys,18690098,0.9999591244106345
2da48ea9-9683-4655-8be4-031254086584,1349,specifications,320,1.7120665702844522e-05
2dc64ff5-1b9d-405b-a652-2c07e0168370,1552,acquisition,357801,0.9984819098913059
2dc64ff5-1b9d-405b-a652-2c07e0168370,1552,general,48,0.00013394912723771785
2dc64ff5-1b9d-405b-a652-2c07e0168370,1552,general/subject,96,0.0002678982544754357
2dc64ff5-1b9d-405b-a652-2c07e0168370,1552,other,80,0.00022324854539619641
2dc64ff5-1b9d-405b-a652-2c07e0168370,1552,specifications,320,0.0008929941815847857
2dd6b4cc-e7b2-4d1f-ad33-dd72f6fc56ef,1452,acquisition,3280656,0.9998537092031541
2dd6b4cc-e7b2-4d1f-ad33-dd72f6fc56ef,1452,general/intracellular_ephys,16,4.87635989486568e-06
2dd6b4cc-e7b2-4d1f-ad33-dd72f6fc56ef,1452,general/subject,64,1.950543957946272e-05
2dd6b4cc-e7b2-4d1f-ad33-dd72f6fc56ef,1452,other,80,2.4381799474328403e-05
2dd6b4cc-e7b2-4d1f-ad33-dd72f6fc56ef,1452,specifications,320,9.752719789731361e-05
2dd9cbed-8812-4033-97ef-66e3d55ef436,1710,acquisition,24,4.264492010762071e-08
2dd9cbed-8812-4033-97ef-66e3d55ef436,1710,general,160,2.8429946738413807e-07
2dd9cbed-8812-4033-97ef-66e3d55ef436,1710,general/optophysiology,128,2.2743957390731045e-07
2dd9cbed-8812-4033-97ef-66e3d55ef436,1710,general/subject,80,1.4214973369206903e-07
2dd9cbed-8812-4033-97ef-66e3d55ef436,1710,other,80,1.4214973369206903e-07
2dd9cbed-8812-4033-97ef-66e3d55ef436,1710,processing/behavior,24418624,0.04338876123408457
2dd9cbed-8812-4033-97ef-66e3d55ef436,1710,processing/ophys,538367428,0.9566098314835518
2dd9cbed-8812-4033-97ef-66e3d55ef436,1710,specifications,320,5.685989347682761e-07
2df1b74d-6924-4f66-b931-32d351423e20,1777,acquisition,38401280,0.9999837508056892
2df1b74d-6924-4f66-b931-32d351423e20,1777,general,80,2.083230039843858e-06
2df1b74d-6924-4f66-b931-32d351423e20,1777,general/intracellular_ephys,64,1.666584031875086e-06
2df1b74d-6924-4f66-b931-32d351423e20,1777,general/subject,80,2.083230039843858e-06
2df1b74d-6924-4f66-b931-32d351423e20,1777,other,80,2.083230039843858e-06
2df1b74d-6924-4f66-b931-32d351423e20,1777,specifications,320,8.332920159375432e-06
2dff9c99-9849-4b22-8173-43857cf9b1f7,1184,acquisition,56,1.3699913532017177e-07
2dff9c99-9849-4b22-8173-43857cf9b1f7,1184,general,224,5.479965412806871e-07
2dff9c99-9849-4b22-8173-43857cf9b1f7,1184,general/optophysiology,104,2.544269655946047e-07
2dff9c99-9849-4b22-8173-43857cf9b1f7,1184,general/subject,96,2.348556605488659e-07
2dff9c99-9849-4b22-8173-43857cf9b1f7,1184,intervals,320,7.82852201829553e-07
2dff9c99-9849-4b22-8173-43857cf9b1f7,1184,other,80,1.9571305045738826e-07
2dff9c99-9849-4b22-8173-43857cf9b1f7,1184,processing/behavior,3198644,0.007825204682090277
2dff9c99-9849-4b22-8173-43857cf9b1f7,1184,processing/ophys,405561860,0.9921718596221528
2dff9c99-9849-4b22-8173-43857cf9b1f7,1184,specifications,320,7.82852201829553e-07
2e1437c2-02a0-4a49-b558-ee17c76b9023,1832,acquisition,7781358,0.999246843194294
2e1437c2-02a0-4a49-b558-ee17c76b9023,1832,general,272,3.492901127911709e-05
2e1437c2-02a0-4a49-b558-ee17c76b9023,1832,general/optophysiology,296,3.801098286256859e-05
2e1437c2-02a0-4a49-b558-ee17c76b9023,1832,general/subject,80,1.0273238611505025e-05
2e1437c2-02a0-4a49-b558-ee17c76b9023,1832,intervals,147,1.8877075948640486e-05
2e1437c2-02a0-4a49-b558-ee17c76b9023,1832,other,80,1.0273238611505025e-05
2e1437c2-02a0-4a49-b558-ee17c76b9023,1832,processing/ophys,4638,0.0005955910085020038
2e1437c2-02a0-4a49-b558-ee17c76b9023,1832,specifications,352,4.520224989062211e-05
2e47a86f-bf2c-4136-a17c-35be6a88d9f2,1363,general,16,1.9649646797598812e-05
2e47a86f-bf2c-4136-a17c-35be6a88d9f2,1363,general/extracellular_ephys,3072,0.0037727321851389723
2e47a86f-bf2c-4136-a17c-35be6a88d9f2,1363,general/subject,80,9.824823398799407e-05
2e47a86f-bf2c-4136-a17c-35be6a88d9f2,1363,intervals,12000,0.01473723509819911
2e47a86f-bf2c-4136-a17c-35be6a88d9f2,1363,other,80,9.824823398799407e-05
2e47a86f-bf2c-4136-a17c-35be6a88d9f2,1363,specifications,320,0.0003929929359519763
2e47a86f-bf2c-4136-a17c-35be6a88d9f2,1363,units,798696,0.9808808936659363
2e4b39d6-9d65-4ca2-b507-ec69e2384761,1538,acquisition,22216345,0.999951029446111
2e4b39d6-9d65-4ca2-b507-ec69e2384761,1538,general,512,2.3044966535963e-05
2e4b39d6-9d65-4ca2-b507-ec69e2384761,1538,general/subject,112,5.041086429741906e-06
2e4b39d6-9d65-4ca2-b507-ec69e2384761,1538,other,80,3.6007760212442183e-06
2e4b39d6-9d65-4ca2-b507-ec69e2384761,1538,specifications,384,1.7283724901972247e-05
2e61e516-4c0d-4a99-9e4a-0c2e45ac3b4e,1054,acquisition,279194294,0.9999954870341524
2e61e516-4c0d-4a99-9e4a-0c2e45ac3b4e,1054,general,32,1.1461500565299116e-07
2e61e516-4c0d-4a99-9e4a-0c2e45ac3b4e,1054,general/extracellular_ephys,732,2.6218182543121727e-06
2e61e516-4c0d-4a99-9e4a-0c2e45ac3b4e,1054,general/subject,64,2.2923001130598232e-07
2e61e516-4c0d-4a99-9e4a-0c2e45ac3b4e,1054,other,80,2.865375141324779e-07
2e61e516-4c0d-4a99-9e4a-0c2e45ac3b4e,1054,specifications,352,1.2607650621829027e-06
2e656a55-1db9-4340-ba22-31921a50aeed,1635,general,160,2.8169722295130943e-06
2e656a55-1db9-4340-ba22-31921a50aeed,1635,general/optophysiology,88,1.5493347262322017e-06
2e656a55-1db9-4340-ba22-31921a50aeed,1635,general/subject,96,1.6901833377078565e-06
2e656a55-1db9-4340-ba22-31921a50aeed,1635,intervals,5000,8.803038217228418e-05
2e656a55-1db9-4340-ba22-31921a50aeed,1635,other,80,1.4084861147565471e-06
2e656a55-1db9-4340-ba22-31921a50aeed,1635,processing/behavior,54789484,0.96462784310845
2e656a55-1db9-4340-ba22-31921a50aeed,1635,processing/ophys,2003344,0.0352710275885105
2e656a55-1db9-4340-ba22-31921a50aeed,1635,specifications,320,5.6339444590261885e-06
2e70873a-ed1d-4cab-b0d4-2adcf4e5528b,688,general,224,4.7164036983848045e-06
2e70873a-ed1d-4cab-b0d4-2adcf4e5528b,688,general/extracellular_ephys,19968,0.0004204337011131597
2e70873a-ed1d-4cab-b0d4-2adcf4e5528b,688,general/subject,80,1.6844298922802874e-06
2e70873a-ed1d-4cab-b0d4-2adcf4e5528b,688,intervals,21632,0.00045546984287258966
2e70873a-ed1d-4cab-b0d4-2adcf4e5528b,688,other,80,1.6844298922802874e-06
2e70873a-ed1d-4cab-b0d4-2adcf4e5528b,688,processing/behavior,6507376,0.1370152331838416
2e70873a-ed1d-4cab-b0d4-2adcf4e5528b,688,specifications,320,6.7377195691211495e-06
2e70873a-ed1d-4cab-b0d4-2adcf4e5528b,688,units,40944134,0.8620940402891206
2e7cdad1-8d53-43b3-8a68-88347f5affd5,773,acquisition,83886088,0.9999896050589985
2e7cdad1-8d53-43b3-8a68-88347f5affd5,773,general,240,2.8609929362084404e-06
2e7cdad1-8d53-43b3-8a68-88347f5affd5,773,general/optophysiology,136,1.6212293305181162e-06
2e7cdad1-8d53-43b3-8a68-88347f5affd5,773,general/subject,96,1.1443971744833762e-06
2e7cdad1-8d53-43b3-8a68-88347f5affd5,773,other,80,9.536643120694802e-07
2e7cdad1-8d53-43b3-8a68-88347f5affd5,773,specifications,320,3.814657248277921e-06
2e7effe9-9e60-46cd-9937-93ac8a9c44bd,1359,acquisition,13603104,0.6295011615116964
2e7effe9-9e60-46cd-9937-93ac8a9c44bd,1359,general,329,1.5224898827307952e-05
2e7effe9-9e60-46cd-9937-93ac8a9c44bd,1359,general/intracellular_ephys,1134,5.247731085157209e-05
2e7effe9-9e60-46cd-9937-93ac8a9c44bd,1359,general/labnotebook,2323680,0.10753128543172931
2e7effe9-9e60-46cd-9937-93ac8a9c44bd,1359,general/results,73803,0.0034153289001574738
2e7effe9-9e60-46cd-9937-93ac8a9c44bd,1359,general/stimsets,321660,0.01488523087170783
2e7effe9-9e60-46cd-9937-93ac8a9c44bd,1359,general/subject,80,3.702103058311964e-06
2e7effe9-9e60-46cd-9937-93ac8a9c44bd,1359,general/testpulse,4716230,0.21824961883378294
2e7effe9-9e60-46cd-9937-93ac8a9c44bd,1359,general/user_comment,14,6.478680352045937e-07
2e7effe9-9e60-46cd-9937-93ac8a9c44bd,1359,intervals,36629,0.0016950541615363616
2e7effe9-9e60-46cd-9937-93ac8a9c44bd,1359,other,105,4.859010264034453e-06
2e7effe9-9e60-46cd-9937-93ac8a9c44bd,1359,processing/spikes,526,2.4341327608401165e-05
2e7effe9-9e60-46cd-9937-93ac8a9c44bd,1359,specifications,288,1.332757100992307e-05
2e7effe9-9e60-46cd-9937-93ac8a9c44bd,1359,stimulus,531757,0.02460774019973494
2e884c0a-d491-48bb-84f9-b2b9420c6016,563,acquisition,1877273066,0.9999935603816139
2e884c0a-d491-48bb-84f9-b2b9420c6016,563,general,48,2.5568837995738584e-08
2e884c0a-d491-48bb-84f9-b2b9420c6016,563,general/extracellular_ephys,11481,6.115746438105723e-06
2e884c0a-d491-48bb-84f9-b2b9420c6016,563,general/subject,96,5.113767599147717e-08
2e884c0a-d491-48bb-84f9-b2b9420c6016,563,other,80,4.2614729992897643e-08
2e884c0a-d491-48bb-84f9-b2b9420c6016,563,specifications,384,2.0455070396590867e-07
2ec4d998-2253-43a2-80d6-ba6be2d15aa2,363,acquisition,112478710,0.1419069809510024
2ec4d998-2253-43a2-80d6-ba6be2d15aa2,363,general,96,1.21116877774436e-07
2ec4d998-2253-43a2-80d6-ba6be2d15aa2,363,general/extracellular_ephys,248952,0.00031408634328855615
2ec4d998-2253-43a2-80d6-ba6be2d15aa2,363,general/optogenetics,120,1.51396097218045e-07
2ec4d998-2253-43a2-80d6-ba6be2d15aa2,363,general/subject,80,1.0093073147869666e-07
2ec4d998-2253-43a2-80d6-ba6be2d15aa2,363,intervals,95608,0.00012062231719019037
2ec4d998-2253-43a2-80d6-ba6be2d15aa2,363,other,80,1.0093073147869666e-07
2ec4d998-2253-43a2-80d6-ba6be2d15aa2,363,specifications,320,4.037229259147866e-07
2ec4d998-2253-43a2-80d6-ba6be2d15aa2,363,units,679798844,0.857657432291155
2ef23330-4107-4692-bcb8-84b6c33054bb,1051,acquisition,3002026544,0.9990963137263655
2ef23330-4107-4692-bcb8-84b6c33054bb,1051,general,32,1.0649833227871585e-08
2ef23330-4107-4692-bcb8-84b6c33054bb,1051,general/extracellular_ephys,10464,3.482495465514008e-06
2ef23330-4107-4692-bcb8-84b6c33054bb,1051,general/subject,96,3.1949499683614756e-08
2ef23330-4107-4692-bcb8-84b6c33054bb,1051,other,80,2.6624583069678963e-08
2ef23330-4107-4692-bcb8-84b6c33054bb,1051,processing/current_source_density,2704224,0.000899985456587744
2ef23330-4107-4692-bcb8-84b6c33054bb,1051,specifications,448,1.4909766519020218e-07
2f029752-c9ac-471b-a78a-ac6aef53cea2,570,acquisition,5053719,0.8482613703388769
2f029752-c9ac-471b-a78a-ac6aef53cea2,570,general,242,4.061944315107512e-05
2f029752-c9ac-471b-a78a-ac6aef53cea2,570,general/intracellular_ephys,667,0.0001119552420734178
2f029752-c9ac-471b-a78a-ac6aef53cea2,570,general/labnotebook,228895,0.038419782810187354
2f029752-c9ac-471b-a78a-ac6aef53cea2,570,general/stimsets,414023,0.06949332112288255
2f029752-c9ac-471b-a78a-ac6aef53cea2,570,general/subject,96,1.6113498109517405e-05
2f029752-c9ac-471b-a78a-ac6aef53cea2,570,general/testpulse,34052,0.005715592058596736
2f029752-c9ac-471b-a78a-ac6aef53cea2,570,general/user_comment,31,5.2033170978649954e-06
2f029752-c9ac-471b-a78a-ac6aef53cea2,570,other,101,1.6952742802721434e-05
2f029752-c9ac-471b-a78a-ac6aef53cea2,570,processing/spikes,2368,0.0003974662867014293
2f029752-c9ac-471b-a78a-ac6aef53cea2,570,specifications,288,4.8340494328552214e-05
2f029752-c9ac-471b-a78a-ac6aef53cea2,570,stimulus,223256,0.03747328264519185
2f106763-da32-40f1-9782-3445a5bef5f9,989,acquisition,1428,0.6918604651162791
2f106763-da32-40f1-9782-3445a5bef5f9,989,general,48,0.023255813953488372
2f106763-da32-40f1-9782-3445a5bef5f9,989,general/extracellular_ephys,108,0.05232558139534884
2f106763-da32-40f1-9782-3445a5bef5f9,989,general/subject,80,0.03875968992248062
2f106763-da32-40f1-9782-3445a5bef5f9,989,other,80,0.03875968992248062
2f106763-da32-40f1-9782-3445a5bef5f9,989,specifications,320,0.15503875968992248
2f2d7182-90f9-4c63-a075-4e3027737d58,563,acquisition,2076243530,0.9999941153684888
2f2d7182-90f9-4c63-a075-4e3027737d58,563,general,48,2.311853924847027e-08
2f2d7182-90f9-4c63-a075-4e3027737d58,563,general/extracellular_ephys,11610,5.591796680723747e-06
2f2d7182-90f9-4c63-a075-4e3027737d58,563,general/subject,96,4.623707849694054e-08
2f2d7182-90f9-4c63-a075-4e3027737d58,563,other,80,3.853089874745045e-08
2f2d7182-90f9-4c63-a075-4e3027737d58,563,specifications,384,1.8494831398776217e-07
2f408573-d134-4d55-837d-0a4552766f1a,1634,general,96,0.0036887608069164266
2f408573-d134-4d55-837d-0a4552766f1a,1634,general/extracellular_ephys,22656,0.8705475504322766
2f408573-d134-4d55-837d-0a4552766f1a,1634,general/subject,128,0.004918347742555235
2f408573-d134-4d55-837d-0a4552766f1a,1634,intervals,697,0.026781940441882805
2f408573-d134-4d55-837d-0a4552766f1a,1634,other,80,0.003073967339097022
2f408573-d134-4d55-837d-0a4552766f1a,1634,scratch,2016,0.07746397694524496
2f408573-d134-4d55-837d-0a4552766f1a,1634,specifications,352,0.013525456292026897
2f5117e4-a310-4303-bfef-9320e16a8de6,637,general,16,4.700231016354454e-06
2f5117e4-a310-4303-bfef-9320e16a8de6,637,general/extracellular_ephys,3072,0.0009024443551400551
2f5117e4-a310-4303-bfef-9320e16a8de6,637,general/subject,80,2.3501155081772267e-05
2f5117e4-a310-4303-bfef-9320e16a8de6,637,intervals,12000,0.0035251732622658405
2f5117e4-a310-4303-bfef-9320e16a8de6,637,other,80,2.3501155081772267e-05
2f5117e4-a310-4303-bfef-9320e16a8de6,637,specifications,320,9.400462032708907e-05
2f5117e4-a310-4303-bfef-9320e16a8de6,637,units,3388520,0.9954266752210871
2f5fb4e2-68f4-486c-a6b9-48c37b235d59,1753,acquisition,14043252,0.6974574820801391
2f5fb4e2-68f4-486c-a6b9-48c37b235d59,1753,general,329,1.633977027574281e-05
2f5fb4e2-68f4-486c-a6b9-48c37b235d59,1753,general/intracellular_ephys,996,4.94662954244372e-05
2f5fb4e2-68f4-486c-a6b9-48c37b235d59,1753,general/labnotebook,2524059,0.12535727727179674
2f5fb4e2-68f4-486c-a6b9-48c37b235d59,1753,general/results,159051,0.007899260796739119
2f5fb4e2-68f4-486c-a6b9-48c37b235d59,1753,general/stimsets,347887,0.01727779228546304
2f5fb4e2-68f4-486c-a6b9-48c37b235d59,1753,general/subject,80,3.9731964196335105e-06
2f5fb4e2-68f4-486c-a6b9-48c37b235d59,1753,general/testpulse,2248427,0.11166802632759143
2f5fb4e2-68f4-486c-a6b9-48c37b235d59,1753,general/user_comment,14,6.953093734358644e-07
2f5fb4e2-68f4-486c-a6b9-48c37b235d59,1753,intervals,35967,0.0017862994453119807
2f5fb4e2-68f4-486c-a6b9-48c37b235d59,1753,other,107,5.31415021125982e-06
2f5fb4e2-68f4-486c-a6b9-48c37b235d59,1753,processing/spikes,1842,9.148284756206158e-05
2f5fb4e2-68f4-486c-a6b9-48c37b235d59,1753,specifications,288,1.4303507110680637e-05
2f5fb4e2-68f4-486c-a6b9-48c37b235d59,1753,stimulus,772623,0.03837228671658127
2f7d8fb6-5536-4981-833c-1aa8af0a0b70,1051,acquisition,2797841948,0.999030699444239
2f7d8fb6-5536-4981-833c-1aa8af0a0b70,1051,general,32,1.1426300333036413e-08
2f7d8fb6-5536-4981-833c-1aa8af0a0b70,1051,general/extracellular_ephys,9701,3.46395436033707e-06
2f7d8fb6-5536-4981-833c-1aa8af0a0b70,1051,general/subject,96,3.4278900999109236e-08
2f7d8fb6-5536-4981-833c-1aa8af0a0b70,1051,other,80,2.856575083259103e-08
2f7d8fb6-5536-4981-833c-1aa8af0a0b70,1051,processing/current_source_density,2704224,0.0009656023622439081
2f7d8fb6-5536-4981-833c-1aa8af0a0b70,1051,specifications,448,1.5996820466250978e-07
2f83ae1f-494c-48ff-98bb-e674921997ca,1611,general,48,3.858417926466914e-06
2f83ae1f-494c-48ff-98bb-e674921997ca,1611,general/extracellular_ephys,94176,0.007570215971728086
2f83ae1f-494c-48ff-98bb-e674921997ca,1611,general/subject,96,7.716835852933829e-06
2f83ae1f-494c-48ff-98bb-e674921997ca,1611,intervals,75776,0.0060911557665824356
2f83ae1f-494c-48ff-98bb-e674921997ca,1611,other,80,6.430696544111524e-06
2f83ae1f-494c-48ff-98bb-e674921997ca,1611,specifications,320,2.5722786176446096e-05
2f83ae1f-494c-48ff-98bb-e674921997ca,1611,units,12269836,0.9862948995251896
2fabb62e-6865-4aeb-8a84-e511928fd71f,1634,general,80,0.0030817828113563696
2fabb62e-6865-4aeb-8a84-e511928fd71f,1634,general/extracellular_ephys,22656,0.8727608921761238
2fabb62e-6865-4aeb-8a84-e511928fd71f,1634,general/subject,128,0.004930852498170191
2fabb62e-6865-4aeb-8a84-e511928fd71f,1634,intervals,533,0.020532377980661813
2fabb62e-6865-4aeb-8a84-e511928fd71f,1634,other,80,0.0030817828113563696
2fabb62e-6865-4aeb-8a84-e511928fd71f,1634,specifications,352,0.013559844369968026
2fabb62e-6865-4aeb-8a84-e511928fd71f,1634,units,2130,0.08205246735236334
2fba7bdd-563c-4125-8744-c07f1a7ac497,20,acquisition,5886288,0.7567979268402751
2fba7bdd-563c-4125-8744-c07f1a7ac497,20,general,241,3.098528314763163e-05
2fba7bdd-563c-4125-8744-c07f1a7ac497,20,general/intracellular_ephys,651,8.369883539049042e-05
2fba7bdd-563c-4125-8744-c07f1a7ac497,20,general/labnotebook,475069,0.061079450123079713
2fba7bdd-563c-4125-8744-c07f1a7ac497,20,general/stimsets,652416,0.08388089000018771
2fba7bdd-563c-4125-8744-c07f1a7ac497,20,general/subject,112,1.4399799637073622e-05
2fba7bdd-563c-4125-8744-c07f1a7ac497,20,general/testpulse,569751,0.07325268074127082
2fba7bdd-563c-4125-8744-c07f1a7ac497,20,general/user_comment,31,3.985658828118591e-06
2fba7bdd-563c-4125-8744-c07f1a7ac497,20,other,101,1.2985533601289605e-05
2fba7bdd-563c-4125-8744-c07f1a7ac497,20,processing/spikes,1350,0.00017356901348258383
2fba7bdd-563c-4125-8744-c07f1a7ac497,20,specifications,704,9.051302629017705e-05
2fba7bdd-563c-4125-8744-c07f1a7ac497,20,stimulus,191172,0.024578915144809272
2fbf74bb-fcec-47cb-be40-2968b0d61903,1776,acquisition,16348361,0.5379834129831539
2fbf74bb-fcec-47cb-be40-2968b0d61903,1776,general,112,3.6856381048909568e-06
2fbf74bb-fcec-47cb-be40-2968b0d61903,1776,general/intracellular_ephys,10512,0.0003459234621304798
2fbf74bb-fcec-47cb-be40-2968b0d61903,1776,general/subject,96,3.1591183756208203e-06
2fbf74bb-fcec-47cb-be40-2968b0d61903,1776,other,96,3.1591183756208203e-06
2fbf74bb-fcec-47cb-be40-2968b0d61903,1776,processing/misc,56,1.8428190524454784e-06
2fbf74bb-fcec-47cb-be40-2968b0d61903,1776,specifications,272,8.950835397592324e-06
2fbf74bb-fcec-47cb-be40-2968b0d61903,1776,stimulus,14028720,0.4616498660254095
2fd78107-bc0e-4098-89f4-10a1a700ea77,1748,acquisition,16668424,0.6903254067620764
2fd78107-bc0e-4098-89f4-10a1a700ea77,1748,general,330,1.3667002005197686e-05
2fd78107-bc0e-4098-89f4-10a1a700ea77,1748,general/intracellular_ephys,1428,5.914084504067362e-05
2fd78107-bc0e-4098-89f4-10a1a700ea77,1748,general/labnotebook,4671969,0.19349033239764069
2fd78107-bc0e-4098-89f4-10a1a700ea77,1748,general/results,122271,0.0050638727338712915
2fd78107-bc0e-4098-89f4-10a1a700ea77,1748,general/stimsets,348695,0.01444125837637093
2fd78107-bc0e-4098-89f4-10a1a700ea77,1748,general/subject,96,3.975855128784781e-06
2fd78107-bc0e-4098-89f4-10a1a700ea77,1748,general/testpulse,1350858,0.0559459969537495
2fd78107-bc0e-4098-89f4-10a1a700ea77,1748,general/user_comment,14,5.798122062811139e-07
2fd78107-bc0e-4098-89f4-10a1a700ea77,1748,intervals,148375,0.00614497400764002
2fd78107-bc0e-4098-89f4-10a1a700ea77,1748,other,108,4.472837019882879e-06
2fd78107-bc0e-4098-89f4-10a1a700ea77,1748,processing/spikes,602,2.49319248700879e-05
2fd78107-bc0e-4098-89f4-10a1a700ea77,1748,specifications,288,1.1927565386354343e-05
2fd78107-bc0e-4098-89f4-10a1a700ea77,1748,stimulus,832291,0.0344694629269939
2fdbf7d6-2396-4fed-bd6b-f60c44d43f8d,628,general,143,1.0797607974947134e-05
2fdbf7d6-2396-4fed-bd6b-f60c44d43f8d,628,general/subject,80,6.04061984612427e-06
2fdbf7d6-2396-4fed-bd6b-f60c44d43f8d,628,other,80,6.04061984612427e-06
2fdbf7d6-2396-4fed-bd6b-f60c44d43f8d,628,processing/ecephys,13243051,0.9999529586729483
2fdbf7d6-2396-4fed-bd6b-f60c44d43f8d,628,specifications,320,2.416247938449708e-05
2ff3f70b-2f46-4974-b173-5b0df05a66b8,563,acquisition,1872969600,0.999993407838223
2ff3f70b-2f46-4974-b173-5b0df05a66b8,563,general,48,2.562758283756165e-08
2ff3f70b-2f46-4974-b173-5b0df05a66b8,563,general/extracellular_ephys,11739,6.267545727711171e-06
2ff3f70b-2f46-4974-b173-5b0df05a66b8,563,general/subject,96,5.12551656751233e-08
2ff3f70b-2f46-4974-b173-5b0df05a66b8,563,other,80,4.2712638062602746e-08
2ff3f70b-2f46-4974-b173-5b0df05a66b8,563,specifications,384,2.050206627004932e-07
30024abc-e1d3-4499-8d94-878a1105b0ed,1538,acquisition,252577,0.9823121050072922
30024abc-e1d3-4499-8d94-878a1105b0ed,1538,general,560,0.002177929022848809
30024abc-e1d3-4499-8d94-878a1105b0ed,1538,general/intracellular_ephys,1335,0.005192027224112786
30024abc-e1d3-4499-8d94-878a1105b0ed,1538,general/optogenetic_experiment_metadata,24,9.333981526494896e-05
30024abc-e1d3-4499-8d94-878a1105b0ed,1538,general/optogenetics,40,0.00015556635877491494
30024abc-e1d3-4499-8d94-878a1105b0ed,1538,general/subject,112,0.0004355858045697618
30024abc-e1d3-4499-8d94-878a1105b0ed,1538,intervals,1607,0.0062498784637822075
30024abc-e1d3-4499-8d94-878a1105b0ed,1538,other,80,0.00031113271754982987
30024abc-e1d3-4499-8d94-878a1105b0ed,1538,specifications,384,0.0014934370442391833
30024abc-e1d3-4499-8d94-878a1105b0ed,1538,stimulus,406,0.0015789985415653866
3005476b-514e-4ffc-a557-e671933be23f,1847,general,288,0.002961865975564606
3005476b-514e-4ffc-a557-e671933be23f,1847,general/subject,144,0.001480932987782303
3005476b-514e-4ffc-a557-e671933be23f,1847,intervals,90596,0.9317125344522604
3005476b-514e-4ffc-a557-e671933be23f,1847,other,80,0.000822740548767946
3005476b-514e-4ffc-a557-e671933be23f,1847,processing/behavior,5488,0.056440001645481096
3005476b-514e-4ffc-a557-e671933be23f,1847,specifications,640,0.006581924390143568
302862e5-cf08-41f3-9fb8-5c559b5685c1,766,acquisition,2384,0.8186813186813187
302862e5-cf08-41f3-9fb8-5c559b5685c1,766,general,64,0.02197802197802198
302862e5-cf08-41f3-9fb8-5c559b5685c1,766,general/subject,64,0.02197802197802198
302862e5-cf08-41f3-9fb8-5c559b5685c1,766,other,80,0.027472527472527472
302862e5-cf08-41f3-9fb8-5c559b5685c1,766,specifications,320,0.10989010989010989
302c807f-a42e-4b84-b232-985a045e6d72,351,acquisition,11615624,0.6680452831577663
302c807f-a42e-4b84-b232-985a045e6d72,351,general,48,2.7606070574919423e-06
302c807f-a42e-4b84-b232-985a045e6d72,351,general/subject,96,5.521214114983885e-06
302c807f-a42e-4b84-b232-985a045e6d72,351,other,80,4.601011762486571e-06
302c807f-a42e-4b84-b232-985a045e6d72,351,processing/photometry,5771248,0.33191974915283873
302c807f-a42e-4b84-b232-985a045e6d72,351,specifications,384,2.208485645993554e-05
303c1ec9-43ed-4095-8fbe-1010c91b2488,341,acquisition,512019584,0.49997294781102325
303c1ec9-43ed-4095-8fbe-1010c91b2488,341,general,192,1.8748268421646245e-07
303c1ec9-43ed-4095-8fbe-1010c91b2488,341,general/intracellular_ephys,164176,0.00016031331856209343
303c1ec9-43ed-4095-8fbe-1010c91b2488,341,general/subject,80,7.811778509019269e-08
303c1ec9-43ed-4095-8fbe-1010c91b2488,341,other,80,7.811778509019269e-08
303c1ec9-43ed-4095-8fbe-1010c91b2488,341,specifications,320,3.1247114036077076e-07
303c1ec9-43ed-4095-8fbe-1010c91b2488,341,stimulus,511910144,0.4998660826810199
3050a894-78a5-4cc4-840f-654eb0c04fdc,620,general,80,5.620540557736356e-07
3050a894-78a5-4cc4-840f-654eb0c04fdc,620,general/subject,64,4.496432446189085e-07
3050a894-78a5-4cc4-840f-654eb0c04fdc,620,intervals,14762488,0.10371645317137033
3050a894-78a5-4cc4-840f-654eb0c04fdc,620,other,80,5.620540557736356e-07
3050a894-78a5-4cc4-840f-654eb0c04fdc,620,processing/behavior,127572000,0.8962795000394281
3050a894-78a5-4cc4-840f-654eb0c04fdc,620,specifications,352,2.473037845403997e-06
30562603-addc-4315-a173-9ea313a397d2,8,acquisition,8608395,0.9930826568402755
30562603-addc-4315-a173-9ea313a397d2,8,general,80,9.228969226809647e-06
30562603-addc-4315-a173-9ea313a397d2,8,general/DandiIcephysMetadata,192,2.2149526144343155e-05
30562603-addc-4315-a173-9ea313a397d2,8,general/intracellular_ephys,3355,0.00038703989694932963
30562603-addc-4315-a173-9ea313a397d2,8,general/subject,112,1.2920556917533508e-05
30562603-addc-4315-a173-9ea313a397d2,8,other,80,9.228969226809647e-06
30562603-addc-4315-a173-9ea313a397d2,8,specifications,320,3.691587690723859e-05
30562603-addc-4315-a173-9ea313a397d2,8,stimulus,55823,0.006439859364352437
30680e8d-634f-4b6c-a8e8-d6773b6a7b6e,1274,acquisition,116935119,0.999995211042474
30680e8d-634f-4b6c-a8e8-d6773b6a7b6e,1274,general,64,5.473094315379996e-07
30680e8d-634f-4b6c-a8e8-d6773b6a7b6e,1274,general/subject,96,8.209641473069994e-07
30680e8d-634f-4b6c-a8e8-d6773b6a7b6e,1274,other,80,6.841367894224995e-07
30680e8d-634f-4b6c-a8e8-d6773b6a7b6e,1274,specifications,320,2.736547157689998e-06
308a77e3-a875-4750-8b0a-f1d19adc2690,148,acquisition,3105376,0.19994541281925662
308a77e3-a875-4750-8b0a-f1d19adc2690,148,general,64,4.1207591030626965e-06
308a77e3-a875-4750-8b0a-f1d19adc2690,148,general/DandiIcephysMetadata,64,4.1207591030626965e-06
308a77e3-a875-4750-8b0a-f1d19adc2690,148,general/intracellular_ephys,7743,0.0004985474646096009
308a77e3-a875-4750-8b0a-f1d19adc2690,148,general/subject,64,4.1207591030626965e-06
308a77e3-a875-4750-8b0a-f1d19adc2690,148,other,80,5.15094887882837e-06
308a77e3-a875-4750-8b0a-f1d19adc2690,148,specifications,352,2.266417506684483e-05
308a77e3-a875-4750-8b0a-f1d19adc2690,148,stimulus,12417376,0.7995158623148789
30a97743-bfd5-4317-92a1-fab92995e479,1414,acquisition,631208672,0.9979266682461264
30a97743-bfd5-4317-92a1-fab92995e479,1414,general,80,1.2647819493153305e-07
30a97743-bfd5-4317-92a1-fab92995e479,1414,general/optophysiology,88,1.3912601442468635e-07
30a97743-bfd5-4317-92a1-fab92995e479,1414,general/subject,96,1.5177383391783966e-07
30a97743-bfd5-4317-92a1-fab92995e479,1414,other,80,1.2647819493153305e-07
30a97743-bfd5-4317-92a1-fab92995e479,1414,processing/ophys,1310760,0.002072281984855703
30a97743-bfd5-4317-92a1-fab92995e479,1414,specifications,320,5.059127797261322e-07
30b87a9d-d6d2-412a-8069-f11c4622c42e,1475,acquisition,2400240,0.49981925011286454
30b87a9d-d6d2-412a-8069-f11c4622c42e,1475,general,80,1.6658975772851532e-05
30b87a9d-d6d2-412a-8069-f11c4622c42e,1475,general/intracellular_ephys,1160,0.00024155514870634724
30b87a9d-d6d2-412a-8069-f11c4622c42e,1475,general/subject,96,1.999077092742184e-05
30b87a9d-d6d2-412a-8069-f11c4622c42e,1475,other,80,1.6658975772851532e-05
30b87a9d-d6d2-412a-8069-f11c4622c42e,1475,specifications,320,6.663590309140613e-05
30b87a9d-d6d2-412a-8069-f11c4622c42e,1475,stimulus,2400240,0.49981925011286454
30e5dd23-6899-4066-9910-58b7a1c90b1e,1534,acquisition,16906199,0.6156102517090212
30e5dd23-6899-4066-9910-58b7a1c90b1e,1534,general,330,1.2016384230658646e-05
30e5dd23-6899-4066-9910-58b7a1c90b1e,1534,general/intracellular_ephys,1986,7.231678509723657e-05
30e5dd23-6899-4066-9910-58b7a1c90b1e,1534,general/labnotebook,5086972,0.18523336400788507
30e5dd23-6899-4066-9910-58b7a1c90b1e,1534,general/results,212160,0.007725442661747086
30e5dd23-6899-4066-9910-58b7a1c90b1e,1534,general/stimsets,368125,0.013404640742155194
30e5dd23-6899-4066-9910-58b7a1c90b1e,1534,general/subject,96,3.4956754125552424e-06
30e5dd23-6899-4066-9910-58b7a1c90b1e,1534,general/testpulse,3925849,0.1429530606531728
30e5dd23-6899-4066-9910-58b7a1c90b1e,1534,general/user_comment,14,5.097859976643062e-07
30e5dd23-6899-4066-9910-58b7a1c90b1e,1534,intervals,64386,0.0023445058032581442
30e5dd23-6899-4066-9910-58b7a1c90b1e,1534,other,108,3.932634839124648e-06
30e5dd23-6899-4066-9910-58b7a1c90b1e,1534,processing/spikes,1340,4.879380263358359e-05
30e5dd23-6899-4066-9910-58b7a1c90b1e,1534,specifications,288,1.0487026237665728e-05
30e5dd23-6899-4066-9910-58b7a1c90b1e,1534,stimulus,894651,0.03257718232831209
30ed54b2-8a8a-4436-85d7-4f78813e5b9b,1374,acquisition,8544454801,0.9999965947621471
30ed54b2-8a8a-4436-85d7-4f78813e5b9b,1374,general,112,1.3107871856288899e-08
30ed54b2-8a8a-4436-85d7-4f78813e5b9b,1374,general/extracellular_ephys,28504,3.335953387425525e-06
30ed54b2-8a8a-4436-85d7-4f78813e5b9b,1374,general/subject,80,9.362765611634928e-09
30ed54b2-8a8a-4436-85d7-4f78813e5b9b,1374,other,80,9.362765611634928e-09
30ed54b2-8a8a-4436-85d7-4f78813e5b9b,1374,specifications,320,3.745106244653971e-08
310e587f-0f74-47a0-a76b-084051d2645e,341,acquisition,296192152,0.4999719522144598
310e587f-0f74-47a0-a76b-084051d2645e,341,general,192,3.240957404745021e-07
310e587f-0f74-47a0-a76b-084051d2645e,341,general/intracellular_ephys,97648,0.0001648296920096572
310e587f-0f74-47a0-a76b-084051d2645e,341,general/subject,80,1.3503989186437587e-07
310e587f-0f74-47a0-a76b-084051d2645e,341,other,80,1.3503989186437587e-07
310e587f-0f74-47a0-a76b-084051d2645e,341,specifications,320,5.401595674575035e-07
310e587f-0f74-47a0-a76b-084051d2645e,341,stimulus,296127064,0.49986208375843894
31238c09-d67c-45c0-9497-73944495cd85,1361,acquisition,48,2.8484298155260717e-07
31238c09-d67c-45c0-9497-73944495cd85,1361,general,32,1.8989532103507145e-07
31238c09-d67c-45c0-9497-73944495cd85,1361,general/optophysiology,104,6.171597933639822e-07
31238c09-d67c-45c0-9497-73944495cd85,1361,general/subject,64,3.797906420701429e-07
31238c09-d67c-45c0-9497-73944495cd85,1361,other,80,4.747383025876786e-07
31238c09-d67c-45c0-9497-73944495cd85,1361,processing/behavior,3193120,0.018948704609484605
31238c09-d67c-45c0-9497-73944495cd85,1361,processing/ophys,165320126,0.9810474500102644
31238c09-d67c-45c0-9497-73944495cd85,1361,specifications,320,1.8989532103507145e-06
3123ea9d-661f-458c-8983-f1752ef681cc,1868,general,304,2.80669667856346e-06
3123ea9d-661f-458c-8983-f1752ef681cc,1868,general/extracellular_ephys,1760,1.6249296560104242e-05
3123ea9d-661f-458c-8983-f1752ef681cc,1868,general/optophysiology,1664,1.5362971293189466e-05
3123ea9d-661f-458c-8983-f1752ef681cc,1868,general/subject,112,1.0340461447339063e-06
3123ea9d-661f-458c-8983-f1752ef681cc,1868,intervals,55900,0.0005160998168805836
3123ea9d-661f-458c-8983-f1752ef681cc,1868,other,80,7.386043890956473e-07
3123ea9d-661f-458c-8983-f1752ef681cc,1868,processing/behavior,89557136,0.8268411715554476
3123ea9d-661f-458c-8983-f1752ef681cc,1868,processing/ophys,18021281,0.16638246554657496
3123ea9d-661f-458c-8983-f1752ef681cc,1868,specifications,320,2.9544175563825893e-06
3123ea9d-661f-458c-8983-f1752ef681cc,1868,units,673824,0.006221117048474819
312f3c28-5d4b-45c0-b13b-b38b1cadc92e,959,acquisition,16900720,0.9877805644861142
312f3c28-5d4b-45c0-b13b-b38b1cadc92e,959,general,32,1.8702740512567307e-06
312f3c28-5d4b-45c0-b13b-b38b1cadc92e,959,general/subject,80,4.675685128141827e-06
312f3c28-5d4b-45c0-b13b-b38b1cadc92e,959,intervals,208560,0.012189511129065743
312f3c28-5d4b-45c0-b13b-b38b1cadc92e,959,other,80,4.675685128141827e-06
312f3c28-5d4b-45c0-b13b-b38b1cadc92e,959,scratch,48,2.805411076885096e-06
312f3c28-5d4b-45c0-b13b-b38b1cadc92e,959,specifications,272,1.5897329435682212e-05
313021d1-1a00-4349-a6ad-481d5f965590,988,acquisition,473537784,0.9999994931769196
313021d1-1a00-4349-a6ad-481d5f965590,988,general,80,1.689410267928136e-07
313021d1-1a00-4349-a6ad-481d5f965590,988,general/subject,80,1.689410267928136e-07
313021d1-1a00-4349-a6ad-481d5f965590,988,other,80,1.689410267928136e-07
31425230-8ca0-41da-b634-ed13b248d793,1767,acquisition,621024,0.12411605701923124
31425230-8ca0-41da-b634-ed13b248d793,1767,general,96,1.918628180850692e-05
31425230-8ca0-41da-b634-ed13b248d793,1767,general/subject,64,1.2790854539004612e-05
31425230-8ca0-41da-b634-ed13b248d793,1767,intervals,34743,0.006943635300759957
31425230-8ca0-41da-b634-ed13b248d793,1767,other,96,1.918628180850692e-05
31425230-8ca0-41da-b634-ed13b248d793,1767,processing/behavior,3105232,0.6206026690915996
31425230-8ca0-41da-b634-ed13b248d793,1767,processing/ophys,1242048,0.2482321140384625
31425230-8ca0-41da-b634-ed13b248d793,1767,specifications,272,5.43611317907696e-05
314a3ffe-a77f-4ea5-a865-4866f1c58341,1746,acquisition,4000320,0.49996400547116837
314a3ffe-a77f-4ea5-a865-4866f1c58341,1746,general,112,1.3997872323406843e-05
314a3ffe-a77f-4ea5-a865-4866f1c58341,1746,general/intracellular_ephys,32,3.999392092401955e-06
314a3ffe-a77f-4ea5-a865-4866f1c58341,1746,general/subject,80,9.998480231004887e-06
314a3ffe-a77f-4ea5-a865-4866f1c58341,1746,other,80,9.998480231004887e-06
314a3ffe-a77f-4ea5-a865-4866f1c58341,1746,specifications,272,3.3994832785416616e-05
314a3ffe-a77f-4ea5-a865-4866f1c58341,1746,stimulus,4000320,0.49996400547116837
31515d01-a7c8-412d-892a-75710e538ef4,1526,acquisition,33702979,0.9999833845341879
31515d01-a7c8-412d-892a-75710e538ef4,1526,general,64,1.8989103785213773e-06
31515d01-a7c8-412d-892a-75710e538ef4,1526,general/subject,96,2.8483655677820658e-06
31515d01-a7c8-412d-892a-75710e538ef4,1526,other,80,2.3736379731517214e-06
31515d01-a7c8-412d-892a-75710e538ef4,1526,specifications,320,9.494551892606886e-06
31559cba-e8da-4386-804b-df983488636b,22,acquisition,1756433096,0.9984577881034543
31559cba-e8da-4386-804b-df983488636b,22,general,48,2.7285966051374043e-08
31559cba-e8da-4386-804b-df983488636b,22,general/extracellular_ephys,8256,4.693186160836336e-06
31559cba-e8da-4386-804b-df983488636b,22,general/subject,80,4.547661008562341e-08
31559cba-e8da-4386-804b-df983488636b,22,other,80,4.547661008562341e-08
31559cba-e8da-4386-804b-df983488636b,22,processing/current_source_density,2704224,0.001537236755402311
31559cba-e8da-4386-804b-df983488636b,22,specifications,288,1.6371579630824427e-07
316d16df-c6b5-437a-8be8-c64e01167d1e,1184,acquisition,56,2.104176074087198e-07
316d16df-c6b5-437a-8be8-c64e01167d1e,1184,general,224,8.416704296348792e-07
316d16df-c6b5-437a-8be8-c64e01167d1e,1184,general/optophysiology,104,3.907755566161939e-07
316d16df-c6b5-437a-8be8-c64e01167d1e,1184,general/subject,96,3.607158984149482e-07
316d16df-c6b5-437a-8be8-c64e01167d1e,1184,intervals,192,7.214317968298964e-07
316d16df-c6b5-437a-8be8-c64e01167d1e,1184,other,80,3.0059658201245686e-07
316d16df-c6b5-437a-8be8-c64e01167d1e,1184,processing/behavior,3953016,0.014853288728006927
316d16df-c6b5-437a-8be8-c64e01167d1e,1184,processing/ophys,262183336,0.9851426832777941
316d16df-c6b5-437a-8be8-c64e01167d1e,1184,specifications,320,1.2023863280498274e-06
3187b655-df2b-4da2-8a78-1eb9a52fc261,1201,analysis,36637104,0.9978312341179365
3187b655-df2b-4da2-8a78-1eb9a52fc261,1201,general,112,3.050380243515123e-06
3187b655-df2b-4da2-8a78-1eb9a52fc261,1201,general/extracellular_ephys,12288,0.00033467028957423066
3187b655-df2b-4da2-8a78-1eb9a52fc261,1201,general/subject,80,2.178843031082231e-06
3187b655-df2b-4da2-8a78-1eb9a52fc261,1201,intervals,66750,0.0018179721540592362
3187b655-df2b-4da2-8a78-1eb9a52fc261,1201,other,80,2.178843031082231e-06
3187b655-df2b-4da2-8a78-1eb9a52fc261,1201,specifications,320,8.715372124328924e-06
3190674a-4be7-4119-b0cf-901a69b293e9,1034,acquisition,364650,0.9984666356342926
3190674a-4be7-4119-b0cf-901a69b293e9,1034,general,64,0.00017524164179513158
3190674a-4be7-4119-b0cf-901a69b293e9,1034,general/subject,96,0.00026286246269269735
3190674a-4be7-4119-b0cf-901a69b293e9,1034,other,80,0.00021905205224391445
3190674a-4be7-4119-b0cf-901a69b293e9,1034,specifications,320,0.0008762082089756578
31a49b33-1160-4b4d-93b0-85ff9db56b53,1474,acquisition,10930456,0.9999429150642023
31a49b33-1160-4b4d-93b0-85ff9db56b53,1474,general,160,1.4637163025062482e-05
31a49b33-1160-4b4d-93b0-85ff9db56b53,1474,general/subject,64,5.854865210024993e-06
31a49b33-1160-4b4d-93b0-85ff9db56b53,1474,other,80,7.318581512531241e-06
31a49b33-1160-4b4d-93b0-85ff9db56b53,1474,specifications,320,2.9274326050124963e-05
31c14ef8-faf2-4ce4-a09d-1af1467e152f,8,acquisition,7327699,0.9918834933005183
31c14ef8-faf2-4ce4-a09d-1af1467e152f,8,general,80,1.082886721521196e-05
31c14ef8-faf2-4ce4-a09d-1af1467e152f,8,general/DandiIcephysMetadata,192,2.5989281316508704e-05
31c14ef8-faf2-4ce4-a09d-1af1467e152f,8,general/intracellular_ephys,3355,0.0004541356188379516
31c14ef8-faf2-4ce4-a09d-1af1467e152f,8,general/subject,112,1.5160414101296743e-05
31c14ef8-faf2-4ce4-a09d-1af1467e152f,8,other,80,1.082886721521196e-05
31c14ef8-faf2-4ce4-a09d-1af1467e152f,8,specifications,320,4.331546886084784e-05
31c14ef8-faf2-4ce4-a09d-1af1467e152f,8,stimulus,55823,0.007556248181934715
31c2593c-71c0-4785-b750-587f4f94fecd,1880,acquisition,460000,0.0030060970575420173
31c2593c-71c0-4785-b750-587f4f94fecd,1880,general,96,6.273593859218123e-07
31c2593c-71c0-4785-b750-587f4f94fecd,1880,general/extracellular_ephys,17408,0.00011376116864715529
31c2593c-71c0-4785-b750-587f4f94fecd,1880,general/subject,96,6.273593859218123e-07
31c2593c-71c0-4785-b750-587f4f94fecd,1880,other,80,5.227994882681769e-07
31c2593c-71c0-4785-b750-587f4f94fecd,1880,processing/behavior,8964905,0.058585596829660254
31c2593c-71c0-4785-b750-587f4f94fecd,1880,processing/ecephys,67533424,0.4413304938524727
31c2593c-71c0-4785-b750-587f4f94fecd,1880,specifications,320,2.0911979530727077e-06
31c2593c-71c0-4785-b750-587f4f94fecd,1880,units,76046009,0.4969601823754647
31c30d98-19e5-4f4a-8911-77758dc6f9bc,232,general,64,3.73363305072648e-06
31c30d98-19e5-4f4a-8911-77758dc6f9bc,232,general/subject,96,5.60044957608972e-06
31c30d98-19e5-4f4a-8911-77758dc6f9bc,232,intervals,106096,0.006189430189841823
31c30d98-19e5-4f4a-8911-77758dc6f9bc,232,other,80,4.6670413134081e-06
31c30d98-19e5-4f4a-8911-77758dc6f9bc,232,processing/behavior,17034825,0.9937779005209644
31c30d98-19e5-4f4a-8911-77758dc6f9bc,232,specifications,320,1.86681652536324e-05
31c48cd4-77a6-47f9-ac30-f08132e0eaa8,1455,acquisition,5465474,0.7472944544211794
31c48cd4-77a6-47f9-ac30-f08132e0eaa8,1455,general,242,3.308866860768625e-05
31c48cd4-77a6-47f9-ac30-f08132e0eaa8,1455,general/intracellular_ephys,742,0.00010145368639216197
31c48cd4-77a6-47f9-ac30-f08132e0eaa8,1455,general/labnotebook,540302,0.07387551167797561
31c48cd4-77a6-47f9-ac30-f08132e0eaa8,1455,general/stimsets,605657,0.08281150315258443
31c48cd4-77a6-47f9-ac30-f08132e0eaa8,1455,general/subject,112,1.531376398372256e-05
31c48cd4-77a6-47f9-ac30-f08132e0eaa8,1455,general/testpulse,497589,0.06803536166871899
31c48cd4-77a6-47f9-ac30-f08132e0eaa8,1455,general/user_comment,31,4.238631102637495e-06
31c48cd4-77a6-47f9-ac30-f08132e0eaa8,1455,other,101,1.3809733592464096e-05
31c48cd4-77a6-47f9-ac30-f08132e0eaa8,1455,processing/spikes,1538,0.00021029079470504734
31c48cd4-77a6-47f9-ac30-f08132e0eaa8,1455,specifications,288,3.937825024385802e-05
31c48cd4-77a6-47f9-ac30-f08132e0eaa8,1455,stimulus,201606,0.027565595550914028
32123d7b-545c-48d8-ad45-9181e24e1f63,1636,acquisition,8852679,0.7065973426411001
32123d7b-545c-48d8-ad45-9181e24e1f63,1636,general,320,2.554155071534301e-05
32123d7b-545c-48d8-ad45-9181e24e1f63,1636,general/extracellular_ephys,210,1.676164265694385e-05
32123d7b-545c-48d8-ad45-9181e24e1f63,1636,general/localization,668,5.3317987118278533e-05
32123d7b-545c-48d8-ad45-9181e24e1f63,1636,general/subject,96,7.662465214602903e-06
32123d7b-545c-48d8-ad45-9181e24e1f63,1636,intervals,5110,0.00040786663798563367
32123d7b-545c-48d8-ad45-9181e24e1f63,1636,other,80,6.3853876788357525e-06
32123d7b-545c-48d8-ad45-9181e24e1f63,1636,processing/antidromic_identification,35441,0.002828806559070224
32123d7b-545c-48d8-ad45-9181e24e1f63,1636,processing/behavior,1723698,0.13758099964042286
32123d7b-545c-48d8-ad45-9181e24e1f63,1636,processing/ecephys,1902151,0.1518246444835638
32123d7b-545c-48d8-ad45-9181e24e1f63,1636,specifications,416,3.320401592994591e-05
32123d7b-545c-48d8-ad45-9181e24e1f63,1636,units,7736,0.0006174669885434173
321681d1-c755-48e9-8abd-55275b2e0ea0,1339,acquisition,34928122,0.8939963318840242
321681d1-c755-48e9-8abd-55275b2e0ea0,1339,general/optophysiology,104,2.66191289975277e-06
321681d1-c755-48e9-8abd-55275b2e0ea0,1339,general/subject,80,2.0476253075021305e-06
321681d1-c755-48e9-8abd-55275b2e0ea0,1339,other,80,2.0476253075021305e-06
321681d1-c755-48e9-8abd-55275b2e0ea0,1339,processing/ophys,3966374,0.10152059726773069
321681d1-c755-48e9-8abd-55275b2e0ea0,1339,specifications,320,8.190501230008522e-06
321681d1-c755-48e9-8abd-55275b2e0ea0,1339,stimulus,174568,0.004468123183500399
3217059a-0169-4a54-ab3d-06906ff0e487,773,acquisition,83886088,0.9999896050589985
3217059a-0169-4a54-ab3d-06906ff0e487,773,general,240,2.8609929362084404e-06
3217059a-0169-4a54-ab3d-06906ff0e487,773,general/optophysiology,136,1.6212293305181162e-06
3217059a-0169-4a54-ab3d-06906ff0e487,773,general/subject,96,1.1443971744833762e-06
3217059a-0169-4a54-ab3d-06906ff0e487,773,other,80,9.536643120694802e-07
3217059a-0169-4a54-ab3d-06906ff0e487,773,specifications,320,3.814657248277921e-06
322d9fe2-8790-487f-8b06-cd4e606cbf5e,1465,acquisition,16484792,0.6310376924698817
322d9fe2-8790-487f-8b06-cd4e606cbf5e,1465,general,330,1.2632397091516893e-05
322d9fe2-8790-487f-8b06-cd4e606cbf5e,1465,general/intracellular_ephys,2397,9.175713887383635e-05
322d9fe2-8790-487f-8b06-cd4e606cbf5e,1465,general/labnotebook,4551496,0.17423122676500236
322d9fe2-8790-487f-8b06-cd4e606cbf5e,1465,general/results,200966,0.007692976708769042
322d9fe2-8790-487f-8b06-cd4e606cbf5e,1465,general/stimsets,718358,0.027498737908690583
322d9fe2-8790-487f-8b06-cd4e606cbf5e,1465,general/subject,80,3.0623992949131865e-06
322d9fe2-8790-487f-8b06-cd4e606cbf5e,1465,general/testpulse,2490874,0.09535063476646985
322d9fe2-8790-487f-8b06-cd4e606cbf5e,1465,general/user_comment,14,5.359198766098076e-07
322d9fe2-8790-487f-8b06-cd4e606cbf5e,1465,intervals,373313,0.014290418349774079
322d9fe2-8790-487f-8b06-cd4e606cbf5e,1465,other,108,4.1342390481328016e-06
322d9fe2-8790-487f-8b06-cd4e606cbf5e,1465,processing/spikes,12986,0.000497103965546783
322d9fe2-8790-487f-8b06-cd4e606cbf5e,1465,specifications,288,1.102463746168747e-05
322d9fe2-8790-487f-8b06-cd4e606cbf5e,1465,stimulus,1287306,0.04927806233421893
325ec177-4e70-4bca-a46c-49bfdeec353a,1361,acquisition,48,3.966504705575264e-08
325ec177-4e70-4bca-a46c-49bfdeec353a,1361,general,32,2.6443364703835093e-08
325ec177-4e70-4bca-a46c-49bfdeec353a,1361,general/optophysiology,112,9.255177646342282e-08
325ec177-4e70-4bca-a46c-49bfdeec353a,1361,general/subject,64,5.2886729407670187e-08
325ec177-4e70-4bca-a46c-49bfdeec353a,1361,other,80,6.610841175958773e-08
325ec177-4e70-4bca-a46c-49bfdeec353a,1361,processing/behavior,3120800,0.0025788891427415174
325ec177-4e70-4bca-a46c-49bfdeec353a,1361,processing/ophys,1207011988,0.997420568768282
325ec177-4e70-4bca-a46c-49bfdeec353a,1361,specifications,320,2.6443364703835094e-07
3263610b-919c-40ca-9711-6bbb5cd83cc9,1035,acquisition,486431,0.9988500814183424
3263610b-919c-40ca-9711-6bbb5cd83cc9,1035,general,64,0.00013141926647515045
3263610b-919c-40ca-9711-6bbb5cd83cc9,1035,general/subject,96,0.0001971288997127257
3263610b-919c-40ca-9711-6bbb5cd83cc9,1035,other,80,0.00016427408309393807
3263610b-919c-40ca-9711-6bbb5cd83cc9,1035,specifications,320,0.0006570963323757523
3276a136-674b-4ceb-9656-ecfe90bfe538,1273,acquisition,58362952,0.9999904049639782
3276a136-674b-4ceb-9656-ecfe90bfe538,1273,general,64,1.0965755453510064e-06
3276a136-674b-4ceb-9656-ecfe90bfe538,1273,general/subject,96,1.6448633180265094e-06
3276a136-674b-4ceb-9656-ecfe90bfe538,1273,other,80,1.3707194316887578e-06
3276a136-674b-4ceb-9656-ecfe90bfe538,1273,specifications,320,5.482877726755031e-06
32833bbb-a71f-4112-98ba-32cfa298ba33,711,acquisition,33727068,0.1339596474731904
32833bbb-a71f-4112-98ba-32cfa298ba33,711,general,112,4.4484983150617555e-07
32833bbb-a71f-4112-98ba-32cfa298ba33,711,general/optophysiology,88,3.4952486761199506e-07
32833bbb-a71f-4112-98ba-32cfa298ba33,711,general/subject,96,3.812998555767219e-07
32833bbb-a71f-4112-98ba-32cfa298ba33,711,intervals,2570838,0.010211043313657797
32833bbb-a71f-4112-98ba-32cfa298ba33,711,other,80,3.1774987964726825e-07
32833bbb-a71f-4112-98ba-32cfa298ba33,711,processing/eye_tracking_rig_metadata,120,4.7662481947090236e-07
32833bbb-a71f-4112-98ba-32cfa298ba33,711,processing/licking,16,6.354997592945365e-08
32833bbb-a71f-4112-98ba-32cfa298ba33,711,processing/ophys,33311113,0.1323075268333319
32833bbb-a71f-4112-98ba-32cfa298ba33,711,processing/running,11878680,0.04718061425460515
32833bbb-a71f-4112-98ba-32cfa298ba33,711,processing/stimulus,4319520,0.017156587001674602
32833bbb-a71f-4112-98ba-32cfa298ba33,711,specifications,480,1.9064992778836094e-06
32833bbb-a71f-4112-98ba-32cfa298ba33,711,stimulus,165962144,0.6591806410250325
32a4d127-fcf8-4081-9872-b45c6fe33ff0,363,acquisition,105853174,0.9808146182342916
32a4d127-fcf8-4081-9872-b45c6fe33ff0,363,general,96,8.895170526534423e-07
32a4d127-fcf8-4081-9872-b45c6fe33ff0,363,general/extracellular_ephys,175560,0.0016267043100399827
32a4d127-fcf8-4081-9872-b45c6fe33ff0,363,general/optogenetics,80,7.412642105445353e-07
32a4d127-fcf8-4081-9872-b45c6fe33ff0,363,general/subject,80,7.412642105445353e-07
32a4d127-fcf8-4081-9872-b45c6fe33ff0,363,intervals,88464,0.0008196899640201471
32a4d127-fcf8-4081-9872-b45c6fe33ff0,363,other,80,7.412642105445353e-07
32a4d127-fcf8-4081-9872-b45c6fe33ff0,363,specifications,320,2.9650568421781413e-06
32a4d127-fcf8-4081-9872-b45c6fe33ff0,363,units,1805878,0.016732909125121802
32d092ec-7bb8-403a-8d5f-c8905b99b68d,1607,general,96,9.024099138753139e-06
32d092ec-7bb8-403a-8d5f-c8905b99b68d,1607,general/extracellular_ephys,22656,0.0021296873967457408
32d092ec-7bb8-403a-8d5f-c8905b99b68d,1607,general/subject,128,1.2032132185004185e-05
32d092ec-7bb8-403a-8d5f-c8905b99b68d,1607,intervals,533,5.0102550426618986e-05
32d092ec-7bb8-403a-8d5f-c8905b99b68d,1607,other,80,7.520082615627615e-06
32d092ec-7bb8-403a-8d5f-c8905b99b68d,1607,scratch,10614336,0.9977585453753794
32d092ec-7bb8-403a-8d5f-c8905b99b68d,1607,specifications,352,3.308836350876151e-05
32d8f7ab-cb83-42a4-9254-8fad3bc564c0,336,acquisition,39363256426,0.9668576994252338
32d8f7ab-cb83-42a4-9254-8fad3bc564c0,336,general,128,3.1439925647179465e-09
32d8f7ab-cb83-42a4-9254-8fad3bc564c0,336,general/optophysiology,88,2.161494888243588e-09
32d8f7ab-cb83-42a4-9254-8fad3bc564c0,336,general/subject,96,2.3579944235384598e-09
32d8f7ab-cb83-42a4-9254-8fad3bc564c0,336,intervals,10775046,0.0002646614414726082
32d8f7ab-cb83-42a4-9254-8fad3bc564c0,336,other,80,1.9649953529487164e-09
32d8f7ab-cb83-42a4-9254-8fad3bc564c0,336,processing/ophys,343764459,0.00844369455554912
32d8f7ab-cb83-42a4-9254-8fad3bc564c0,336,processing/running,10394208,0.00025530713021977965
32d8f7ab-cb83-42a4-9254-8fad3bc564c0,336,processing/stimulus,3779712,9.283895644355624e-05
32d8f7ab-cb83-42a4-9254-8fad3bc564c0,336,processing/stimulus_ophys,886512,2.1774899504165907e-05
32d8f7ab-cb83-42a4-9254-8fad3bc564c0,336,specifications,768,1.8863955388307678e-08
32d8f7ab-cb83-42a4-9254-8fad3bc564c0,336,stimulus,979706952,0.024063995099144392
32fd67e9-fe06-4037-951c-d47333011f2e,933,acquisition,20912191,0.7177835285973645
32fd67e9-fe06-4037-951c-d47333011f2e,933,general,330,1.132681718702408e-05
32fd67e9-fe06-4037-951c-d47333011f2e,933,general/intracellular_ephys,2407,8.261711808838473e-05
32fd67e9-fe06-4037-951c-d47333011f2e,933,general/labnotebook,3075804,0.10557293821550733
32fd67e9-fe06-4037-951c-d47333011f2e,933,general/results,195061,0.006695212991873043
32fd67e9-fe06-4037-951c-d47333011f2e,933,general/stimsets,664255,0.02279968166838388
32fd67e9-fe06-4037-951c-d47333011f2e,933,general/subject,80,2.745895075642201e-06
32fd67e9-fe06-4037-951c-d47333011f2e,933,general/testpulse,3088732,0.1060166748597311
32fd67e9-fe06-4037-951c-d47333011f2e,933,general/user_comment,14,4.805316382373852e-07
32fd67e9-fe06-4037-951c-d47333011f2e,933,intervals,177660,0.006097946489232418
32fd67e9-fe06-4037-951c-d47333011f2e,933,other,106,3.638310975225917e-06
32fd67e9-fe06-4037-951c-d47333011f2e,933,processing/spikes,2296,7.880718867093118e-05
32fd67e9-fe06-4037-951c-d47333011f2e,933,specifications,288,9.885222272311924e-06
32fd67e9-fe06-4037-951c-d47333011f2e,933,stimulus,1015174,0.03484451609399995
32fe4e86-80fe-4e77-ae75-dc4be5f92b4f,1865,acquisition,3500883,0.18334206519717183
32fe4e86-80fe-4e77-ae75-dc4be5f92b4f,1865,general,160,8.379237589930168e-06
32fe4e86-80fe-4e77-ae75-dc4be5f92b4f,1865,general/optophysiology,256,1.3406780143888267e-05
32fe4e86-80fe-4e77-ae75-dc4be5f92b4f,1865,general/subject,128,6.7033900719441336e-06
32fe4e86-80fe-4e77-ae75-dc4be5f92b4f,1865,other,80,4.189618794965084e-06
32fe4e86-80fe-4e77-ae75-dc4be5f92b4f,1865,processing/brightness_binned_fluorescence,3960000,0.20738613035077164
32fe4e86-80fe-4e77-ae75-dc4be5f92b4f,1865,processing/ophys,9264189,0.4851677544313598
32fe4e86-80fe-4e77-ae75-dc4be5f92b4f,1865,processing/predicted_fluorescence,2368800,0.12405461251891613
32fe4e86-80fe-4e77-ae75-dc4be5f92b4f,1865,specifications,320,1.6758475179860335e-05
3307efb3-21c4-4208-815c-b8186785da11,1357,general,64,3.408693873724936e-05
3307efb3-21c4-4208-815c-b8186785da11,1357,general/extracellular_ephys,24576,0.013089384475103752
3307efb3-21c4-4208-815c-b8186785da11,1357,general/subject,80,4.2608673421561695e-05
3307efb3-21c4-4208-815c-b8186785da11,1357,intervals,192960,0.1027721202928068
3307efb3-21c4-4208-815c-b8186785da11,1357,other,80,4.2608673421561695e-05
3307efb3-21c4-4208-815c-b8186785da11,1357,specifications,320,0.00017043469368624678
3307efb3-21c4-4208-815c-b8186785da11,1357,units,1659472,0.8838487562528228
3333952d-7d55-40cb-ac73-3273ebd78a8c,1414,acquisition,648896371,0.9999989767251749
3333952d-7d55-40cb-ac73-3273ebd78a8c,1414,general,80,1.2328612350648203e-07
3333952d-7d55-40cb-ac73-3273ebd78a8c,1414,general/optophysiology,88,1.3561473585713025e-07
3333952d-7d55-40cb-ac73-3273ebd78a8c,1414,general/subject,96,1.4794334820777846e-07
3333952d-7d55-40cb-ac73-3273ebd78a8c,1414,other,80,1.2328612350648203e-07
3333952d-7d55-40cb-ac73-3273ebd78a8c,1414,specifications,320,4.931444940259281e-07
3336312e-c112-4ad9-8442-a36158597fc6,405,acquisition,5571520,0.9999023701091732
3336312e-c112-4ad9-8442-a36158597fc6,405,general,64,1.1485869509036508e-05
3336312e-c112-4ad9-8442-a36158597fc6,405,general/subject,80,1.4357336886295636e-05
3336312e-c112-4ad9-8442-a36158597fc6,405,other,80,1.4357336886295636e-05
3336312e-c112-4ad9-8442-a36158597fc6,405,specifications,320,5.742934754518254e-05
334a320e-b33f-4d68-af7a-37a49c32110b,947,acquisition,161050875,0.12045120406430565
334a320e-b33f-4d68-af7a-37a49c32110b,947,general,224,1.675313450510869e-07
334a320e-b33f-4d68-af7a-37a49c32110b,947,general/extracellular_ephys,2816,2.1061083377850925e-06
334a320e-b33f-4d68-af7a-37a49c32110b,947,general/subject,80,5.983262323253103e-08
334a320e-b33f-4d68-af7a-37a49c32110b,947,intervals,7176,5.366986303958034e-06
334a320e-b33f-4d68-af7a-37a49c32110b,947,other,80,5.983262323253103e-08
334a320e-b33f-4d68-af7a-37a49c32110b,947,processing/ecephys,1175719863,0.8793300448735251
334a320e-b33f-4d68-af7a-37a49c32110b,947,specifications,352,2.6326354222313656e-07
334a320e-b33f-4d68-af7a-37a49c32110b,947,units,281756,0.00021072750739381267
3359b922-8d51-4157-bda9-a1314783aad0,1636,acquisition,238971,0.4748629883833225
3359b922-8d51-4157-bda9-a1314783aad0,1636,general,320,0.0006358769737025129
3359b922-8d51-4157-bda9-a1314783aad0,1636,general/extracellular_ephys,213,0.00042325561062073517
3359b922-8d51-4157-bda9-a1314783aad0,1636,general/localization,677,0.0013452772224893789
3359b922-8d51-4157-bda9-a1314783aad0,1636,general/subject,96,0.00019076309211075388
3359b922-8d51-4157-bda9-a1314783aad0,1636,intervals,4037,0.008021985446365764
3359b922-8d51-4157-bda9-a1314783aad0,1636,other,80,0.00015896924342562822
3359b922-8d51-4157-bda9-a1314783aad0,1636,processing/behavior,244149,0.4851522726640463
3359b922-8d51-4157-bda9-a1314783aad0,1636,specifications,416,0.0008266400658132667
3359b922-8d51-4157-bda9-a1314783aad0,1636,units,14283,0.0283819712981031
33672fd7-1bb2-49d0-8023-6602ce514de4,409,general,80,2.3242516328833737e-07
33672fd7-1bb2-49d0-8023-6602ce514de4,409,general/extracellular_ephys,15809,4.593011758031657e-05
33672fd7-1bb2-49d0-8023-6602ce514de4,409,general/ibl_metadata,16,4.6485032657667475e-08
33672fd7-1bb2-49d0-8023-6602ce514de4,409,general/ibl_probe_insertion_trajectories,333,9.674697421877044e-07
33672fd7-1bb2-49d0-8023-6602ce514de4,409,general/localization,15643,4.544783536649327e-05
33672fd7-1bb2-49d0-8023-6602ce514de4,409,general/subject,112,3.253952286036723e-07
33672fd7-1bb2-49d0-8023-6602ce514de4,409,intervals,34329,9.973654288156667e-05
33672fd7-1bb2-49d0-8023-6602ce514de4,409,other,80,2.3242516328833737e-07
33672fd7-1bb2-49d0-8023-6602ce514de4,409,processing/lick_times,76694,0.00022282019341544684
33672fd7-1bb2-49d0-8023-6602ce514de4,409,processing/motion_energy,5315033,0.015441842661348772
33672fd7-1bb2-49d0-8023-6602ce514de4,409,processing/passive_protocol,9089,2.640640386409623e-05
33672fd7-1bb2-49d0-8023-6602ce514de4,409,processing/pose_estimation,98008947,0.28474681887741254
33672fd7-1bb2-49d0-8023-6602ce514de4,409,processing/pupil,12713515,0.03693675999804658
33672fd7-1bb2-49d0-8023-6602ce514de4,409,processing/wheel,57105199,0.16590856502735002
33672fd7-1bb2-49d0-8023-6602ce514de4,409,specifications,448,1.3015809144146893e-06
33672fd7-1bb2-49d0-8023-6602ce514de4,409,units,170901484,0.49652256656148974
337a204a-dc51-482a-912c-f3f14468bcdc,1475,acquisition,160016,0.49886519516149147
337a204a-dc51-482a-912c-f3f14468bcdc,1475,general,80,0.00024940765681506424
337a204a-dc51-482a-912c-f3f14468bcdc,1475,general/intracellular_ephys,152,0.000473874547948622
337a204a-dc51-482a-912c-f3f14468bcdc,1475,general/subject,96,0.00029928918817807707
337a204a-dc51-482a-912c-f3f14468bcdc,1475,other,80,0.00024940765681506424
337a204a-dc51-482a-912c-f3f14468bcdc,1475,specifications,320,0.000997630627260257
337a204a-dc51-482a-912c-f3f14468bcdc,1475,stimulus,160016,0.49886519516149147
3389be22-ce33-4a94-9789-ace0c04be96f,462,acquisition,786766319,0.9999990746943421
3389be22-ce33-4a94-9789-ace0c04be96f,462,general,160,2.0336388084642288e-07
3389be22-ce33-4a94-9789-ace0c04be96f,462,general/optophysiology,88,1.1185013446553259e-07
3389be22-ce33-4a94-9789-ace0c04be96f,462,general/subject,80,1.0168194042321144e-07
3389be22-ce33-4a94-9789-ace0c04be96f,462,other,80,1.0168194042321144e-07
3389be22-ce33-4a94-9789-ace0c04be96f,462,specifications,320,4.0672776169284576e-07
338a0883-4690-4bf4-8d57-955bd0b91cc5,1349,general,144,5.564525777201953e-06
338a0883-4690-4bf4-8d57-955bd0b91cc5,1349,general/optophysiology,108,4.173394332901464e-06
338a0883-4690-4bf4-8d57-955bd0b91cc5,1349,general/subject,112,4.327964493379296e-06
338a0883-4690-4bf4-8d57-955bd0b91cc5,1349,other,80,3.0914032095566402e-06
338a0883-4690-4bf4-8d57-955bd0b91cc5,1349,processing/ophys,25877452,0.9999704770993487
338a0883-4690-4bf4-8d57-955bd0b91cc5,1349,specifications,320,1.2365612838226561e-05
33a2d666-82c9-4e26-b812-8efa08c011ac,579,acquisition,168520069,0.2011643385236461
33a2d666-82c9-4e26-b812-8efa08c011ac,579,general,272,3.2468951860227243e-07
33a2d666-82c9-4e26-b812-8efa08c011ac,579,general/optophysiology,456,5.443324282449862e-07
33a2d666-82c9-4e26-b812-8efa08c011ac,579,general/subject,112,1.336956841303475e-07
33a2d666-82c9-4e26-b812-8efa08c011ac,579,intervals,171340,0.00020453052249012267
33a2d666-82c9-4e26-b812-8efa08c011ac,579,other,80,9.549691723596248e-08
33a2d666-82c9-4e26-b812-8efa08c011ac,579,processing/behavior,20116520,0.024013320568944802
33a2d666-82c9-4e26-b812-8efa08c011ac,579,processing/ophys,648914176,0.7746162919839349
33a2d666-82c9-4e26-b812-8efa08c011ac,579,specifications,352,4.2018643583823497e-07
33aa75af-3c5d-4460-a342-d32d1d0f83a5,1827,acquisition,16412847,0.9999177541246763
33aa75af-3c5d-4460-a342-d32d1d0f83a5,1827,general,144,8.772893367857106e-06
33aa75af-3c5d-4460-a342-d32d1d0f83a5,1827,general/extracellular_ephys,694,4.228047220342244e-05
33aa75af-3c5d-4460-a342-d32d1d0f83a5,1827,general/subject,80,4.873829648809503e-06
33aa75af-3c5d-4460-a342-d32d1d0f83a5,1827,other,80,4.873829648809503e-06
33aa75af-3c5d-4460-a342-d32d1d0f83a5,1827,specifications,352,2.1444850454761813e-05
33e8391b-cc00-4c15-87d1-ef102f9822a6,1847,general,288,3.16990244757517e-09
33e8391b-cc00-4c15-87d1-ef102f9822a6,1847,general/optophysiology,88,9.685813034257464e-10
33e8391b-cc00-4c15-87d1-ef102f9822a6,1847,general/subject,144,1.584951223787585e-09
33e8391b-cc00-4c15-87d1-ef102f9822a6,1847,intervals,150600,1.657594821544516e-06
33e8391b-cc00-4c15-87d1-ef102f9822a6,1847,other,80,8.805284576597694e-10
33e8391b-cc00-4c15-87d1-ef102f9822a6,1847,processing/behavior,8656,9.527317911878705e-08
33e8391b-cc00-4c15-87d1-ef102f9822a6,1847,processing/ophys,90854370556,0.999998234716548
33e8391b-cc00-4c15-87d1-ef102f9822a6,1847,specifications,528,5.811487820554478e-09
33edc78e-3865-4ea1-9ddf-96e07d1e212e,1856,acquisition,13005286,0.5574571118947201
33edc78e-3865-4ea1-9ddf-96e07d1e212e,1856,general,330,1.414508277059479e-05
33edc78e-3865-4ea1-9ddf-96e07d1e212e,1856,general/intracellular_ephys,1594,6.83250361706912e-05
33edc78e-3865-4ea1-9ddf-96e07d1e212e,1856,general/labnotebook,3930988,0.16849742615216629
33edc78e-3865-4ea1-9ddf-96e07d1e212e,1856,general/results,170465,0.007306792528755881
33edc78e-3865-4ea1-9ddf-96e07d1e212e,1856,general/stimsets,446847,0.019153599396339305
33edc78e-3865-4ea1-9ddf-96e07d1e212e,1856,general/subject,80,3.4291109746896463e-06
33edc78e-3865-4ea1-9ddf-96e07d1e212e,1856,general/testpulse,4757908,0.20394243174204582
33edc78e-3865-4ea1-9ddf-96e07d1e212e,1856,general/user_comment,14,6.000944205706881e-07
33edc78e-3865-4ea1-9ddf-96e07d1e212e,1856,intervals,118188,0.005065997098457749
33edc78e-3865-4ea1-9ddf-96e07d1e212e,1856,other,108,4.629299815831022e-06
33edc78e-3865-4ea1-9ddf-96e07d1e212e,1856,processing/spikes,4028,0.0001726557375756237
33edc78e-3865-4ea1-9ddf-96e07d1e212e,1856,specifications,288,1.2344799508882726e-05
33edc78e-3865-4ea1-9ddf-96e07d1e212e,1856,stimulus,893538,0.03830051202627796
33edc79b-6d59-4a74-aa38-77227ead6f5a,1337,acquisition,60952773,0.47909915190102964
33edc79b-6d59-4a74-aa38-77227ead6f5a,1337,general/optophysiology,104,8.174576700178527e-07
33edc79b-6d59-4a74-aa38-77227ead6f5a,1337,general/subject,80,6.288135923214252e-07
33edc79b-6d59-4a74-aa38-77227ead6f5a,1337,other,80,6.288135923214252e-07
33edc79b-6d59-4a74-aa38-77227ead6f5a,1337,processing/ophys,66095788,0.5195241236199418
33edc79b-6d59-4a74-aa38-77227ead6f5a,1337,specifications,320,2.5152543692857007e-06
33edc79b-6d59-4a74-aa38-77227ead6f5a,1337,stimulus,174568,0.0013721341398045819
33ef334f-3cbd-496c-a952-bbdab639e1d4,1687,general,208,0.0001393524666056553
33ef334f-3cbd-496c-a952-bbdab639e1d4,1687,general/subject,112,7.503594355689131e-05
33ef334f-3cbd-496c-a952-bbdab639e1d4,1687,intervals,9600,0.006431652304876399
33ef334f-3cbd-496c-a952-bbdab639e1d4,1687,other,80,5.3597102540636655e-05
33ef334f-3cbd-496c-a952-bbdab639e1d4,1687,processing/psth,603240,0.4041489517076707
33ef334f-3cbd-496c-a952-bbdab639e1d4,1687,processing/trial_log,8000,0.005359710254063665
33ef334f-3cbd-496c-a952-bbdab639e1d4,1687,processing/wall_tuning,2232,0.0014953591608837626
33ef334f-3cbd-496c-a952-bbdab639e1d4,1687,specifications,320,0.00021438841016254662
33ef334f-3cbd-496c-a952-bbdab639e1d4,1687,units,868826,0.5820819526496398
33fa6cbd-51be-48e8-9ed5-7c1697e10c6b,766,acquisition,2384,0.8186813186813187
33fa6cbd-51be-48e8-9ed5-7c1697e10c6b,766,general,64,0.02197802197802198
33fa6cbd-51be-48e8-9ed5-7c1697e10c6b,766,general/subject,64,0.02197802197802198
33fa6cbd-51be-48e8-9ed5-7c1697e10c6b,766,other,80,0.027472527472527472
33fa6cbd-51be-48e8-9ed5-7c1697e10c6b,766,specifications,320,0.10989010989010989
33fd7b85-9f98-44d1-b1e4-4c88f7f44730,1184,acquisition,56,1.715393837700046e-07
33fd7b85-9f98-44d1-b1e4-4c88f7f44730,1184,general,224,6.861575350800184e-07
33fd7b85-9f98-44d1-b1e4-4c88f7f44730,1184,general/optophysiology,104,3.185731412871514e-07
33fd7b85-9f98-44d1-b1e4-4c88f7f44730,1184,general/subject,96,2.940675150342936e-07
33fd7b85-9f98-44d1-b1e4-4c88f7f44730,1184,intervals,256,7.841800400914497e-07
33fd7b85-9f98-44d1-b1e4-4c88f7f44730,1184,other,80,2.45056262528578e-07
33fd7b85-9f98-44d1-b1e4-4c88f7f44730,1184,processing/behavior,1421732,0.004355054127966003
33fd7b85-9f98-44d1-b1e4-4c88f7f44730,1184,processing/ophys,325032776,0.9956414660731061
33fd7b85-9f98-44d1-b1e4-4c88f7f44730,1184,specifications,320,9.80225050114312e-07
3401bc0d-86a2-40cd-a4f3-29095708568f,1776,acquisition,37136982,0.9724088382964777
3401bc0d-86a2-40cd-a4f3-29095708568f,1776,general,112,2.9326505285002835e-06
3401bc0d-86a2-40cd-a4f3-29095708568f,1776,general/intracellular_ephys,5248,0.00013741562476401328
3401bc0d-86a2-40cd-a4f3-29095708568f,1776,general/subject,96,2.5137004530002427e-06
3401bc0d-86a2-40cd-a4f3-29095708568f,1776,other,80,2.0947503775002023e-06
3401bc0d-86a2-40cd-a4f3-29095708568f,1776,processing/misc,56,1.4663252642501417e-06
3401bc0d-86a2-40cd-a4f3-29095708568f,1776,specifications,272,7.1221512835006885e-06
3401bc0d-86a2-40cd-a4f3-29095708568f,1776,stimulus,1047862,0.027437616500851462
344c2240-54f2-4734-a66c-7e98fb3a3b69,1692,acquisition,21548072739,0.9962910340094006
344c2240-54f2-4734-a66c-7e98fb3a3b69,1692,general,240,1.109657699129118e-08
344c2240-54f2-4734-a66c-7e98fb3a3b69,1692,general/FiberPhotometry,8582,3.9679509891358714e-07
344c2240-54f2-4734-a66c-7e98fb3a3b69,1692,general/optophysiology,160,7.397717994194121e-09
344c2240-54f2-4734-a66c-7e98fb3a3b69,1692,general/subject,96,4.438630796516473e-09
344c2240-54f2-4734-a66c-7e98fb3a3b69,1692,other,80,3.6988589970970604e-09
344c2240-54f2-4734-a66c-7e98fb3a3b69,1692,processing/behavior,903121,4.175646545396618e-05
344c2240-54f2-4734-a66c-7e98fb3a3b69,1692,processing/ophys,79305966,0.0036667698232821697
344c2240-54f2-4734-a66c-7e98fb3a3b69,1692,specifications,352,1.6274979587227066e-08
34556866-1e2b-4e9b-ab7e-389ccb216377,1348,acquisition,12929415,0.5827749356135273
34556866-1e2b-4e9b-ab7e-389ccb216377,1348,general,330,1.4874279211585676e-05
34556866-1e2b-4e9b-ab7e-389ccb216377,1348,general/intracellular_ephys,1004,4.5253867661915205e-05
34556866-1e2b-4e9b-ab7e-389ccb216377,1348,general/labnotebook,1684491,0.07592602867697928
34556866-1e2b-4e9b-ab7e-389ccb216377,1348,general/results,82817,0.003732858125654215
34556866-1e2b-4e9b-ab7e-389ccb216377,1348,general/stimsets,374929,0.01689938978945638
34556866-1e2b-4e9b-ab7e-389ccb216377,1348,general/subject,80,3.605885869475315e-06
34556866-1e2b-4e9b-ab7e-389ccb216377,1348,general/testpulse,6076013,0.273867617743104
34556866-1e2b-4e9b-ab7e-389ccb216377,1348,general/user_comment,14,6.310300271581802e-07
34556866-1e2b-4e9b-ab7e-389ccb216377,1348,intervals,166736,0.007515387329160452
34556866-1e2b-4e9b-ab7e-389ccb216377,1348,other,106,4.777798777054792e-06
34556866-1e2b-4e9b-ab7e-389ccb216377,1348,processing/spikes,2918,0.0001315246870891121
34556866-1e2b-4e9b-ab7e-389ccb216377,1348,specifications,288,1.2981189130111135e-05
34556866-1e2b-4e9b-ab7e-389ccb216377,1348,stimulus,866808,0.03907013398435199
348edfab-0ba1-4793-a6d8-0577224d583b,35,acquisition,8214462,0.9926789513143375
348edfab-0ba1-4793-a6d8-0577224d583b,35,general,96,1.1601146773358547e-05
348edfab-0ba1-4793-a6d8-0577224d583b,35,general/DandiIcephysMetadata,192,2.3202293546717095e-05
348edfab-0ba1-4793-a6d8-0577224d583b,35,general/intracellular_ephys,4007,0.00048422703250883015
348edfab-0ba1-4793-a6d8-0577224d583b,35,general/subject,112,1.353467123558497e-05
348edfab-0ba1-4793-a6d8-0577224d583b,35,other,80,9.667622311132122e-06
348edfab-0ba1-4793-a6d8-0577224d583b,35,specifications,272,3.2869915857849215e-05
348edfab-0ba1-4793-a6d8-0577224d583b,35,stimulus,55823,0.006745946003429106
34a1b9fd-27cd-4f05-957a-527b98513941,1746,acquisition,8400672,0.49998285910181695
34a1b9fd-27cd-4f05-957a-527b98513941,1746,general,112,6.665904848969642e-06
34a1b9fd-27cd-4f05-957a-527b98513941,1746,general/intracellular_ephys,32,1.9045442425627548e-06
34a1b9fd-27cd-4f05-957a-527b98513941,1746,general/subject,80,4.761360606406887e-06
34a1b9fd-27cd-4f05-957a-527b98513941,1746,other,80,4.761360606406887e-06
34a1b9fd-27cd-4f05-957a-527b98513941,1746,specifications,272,1.6188626061783414e-05
34a1b9fd-27cd-4f05-957a-527b98513941,1746,stimulus,8400672,0.49998285910181695
34a88bd0-bb4b-4ac8-b6be-12a9d89df8b3,1261,acquisition,6000600,0.4999783364384438
34a88bd0-bb4b-4ac8-b6be-12a9d89df8b3,1261,general,192,1.599770699533067e-05
34a88bd0-bb4b-4ac8-b6be-12a9d89df8b3,1261,general/intracellular_ephys,512,4.266055198754845e-05
34a88bd0-bb4b-4ac8-b6be-12a9d89df8b3,1261,general/subject,80,6.665711248054445e-06
34a88bd0-bb4b-4ac8-b6be-12a9d89df8b3,1261,other,96,7.998853497665335e-06
34a88bd0-bb4b-4ac8-b6be-12a9d89df8b3,1261,stimulus,6000240,0.49994834073782757
34ad93f3-4022-4ff1-b1e4-4da10652936b,1032,acquisition,503984,0.9988900868903405
34ad93f3-4022-4ff1-b1e4-4da10652936b,1032,general,64,0.0001268472125325046
34ad93f3-4022-4ff1-b1e4-4da10652936b,1032,general/subject,96,0.00019027081879875688
34ad93f3-4022-4ff1-b1e4-4da10652936b,1032,other,80,0.00015855901566563075
34ad93f3-4022-4ff1-b1e4-4da10652936b,1032,specifications,320,0.000634236062662523
34c20433-bab9-4e45-8902-f16f925fdaa7,1518,acquisition,36224587,0.9999845411255336
34c20433-bab9-4e45-8902-f16f925fdaa7,1518,general,64,1.7667285104460722e-06
34c20433-bab9-4e45-8902-f16f925fdaa7,1518,general/subject,96,2.6500927656691083e-06
34c20433-bab9-4e45-8902-f16f925fdaa7,1518,other,80,2.2084106380575904e-06
34c20433-bab9-4e45-8902-f16f925fdaa7,1518,specifications,320,8.833642552230361e-06
34cf057b-a4ef-44eb-9f0d-d52ad1b47e86,1359,acquisition,14972430,0.6747309389364857
34cf057b-a4ef-44eb-9f0d-d52ad1b47e86,1359,general,330,1.4871414316115706e-05
34cf057b-a4ef-44eb-9f0d-d52ad1b47e86,1359,general/intracellular_ephys,1403,6.322604328942526e-05
34cf057b-a4ef-44eb-9f0d-d52ad1b47e86,1359,general/labnotebook,2030415,0.0915004324201699
34cf057b-a4ef-44eb-9f0d-d52ad1b47e86,1359,general/results,80531,0.0036291208069427696
34cf057b-a4ef-44eb-9f0d-d52ad1b47e86,1359,general/stimsets,428991,0.019332433026923616
34cf057b-a4ef-44eb-9f0d-d52ad1b47e86,1359,general/subject,80,3.6051913493613833e-06
34cf057b-a4ef-44eb-9f0d-d52ad1b47e86,1359,general/testpulse,2775783,0.12509036074130486
34cf057b-a4ef-44eb-9f0d-d52ad1b47e86,1359,general/user_comment,14,6.309084861382421e-07
34cf057b-a4ef-44eb-9f0d-d52ad1b47e86,1359,intervals,336942,0.01518425479545654
34cf057b-a4ef-44eb-9f0d-d52ad1b47e86,1359,other,106,4.776878537903833e-06
34cf057b-a4ef-44eb-9f0d-d52ad1b47e86,1359,processing/spikes,1216,5.4798908510293024e-05
34cf057b-a4ef-44eb-9f0d-d52ad1b47e86,1359,specifications,288,1.2978688857700979e-05
34cf057b-a4ef-44eb-9f0d-d52ad1b47e86,1359,stimulus,1561694,0.0703775712393697
34d97921-ace0-4ef2-b635-f675a6947e57,253,acquisition,7613282282,0.9999942269648444
34d97921-ace0-4ef2-b635-f675a6947e57,253,general,48,6.3047344254918476e-09
34d97921-ace0-4ef2-b635-f675a6947e57,253,general/extracellular_ephys,43344,5.693175186219138e-06
34d97921-ace0-4ef2-b635-f675a6947e57,253,general/subject,96,1.2609468850983695e-08
34d97921-ace0-4ef2-b635-f675a6947e57,253,other,80,1.0507890709153078e-08
34d97921-ace0-4ef2-b635-f675a6947e57,253,specifications,384,5.043787540393478e-08
34dd94bb-18a4-42d3-8b4a-e0ae3538cb4f,1552,acquisition,905029,0.9969025413040389
34dd94bb-18a4-42d3-8b4a-e0ae3538cb4f,1552,general,48,5.287269466789889e-05
34dd94bb-18a4-42d3-8b4a-e0ae3538cb4f,1552,general/subject,96,0.00010574538933579778
34dd94bb-18a4-42d3-8b4a-e0ae3538cb4f,1552,other,80,8.81211577798315e-05
34dd94bb-18a4-42d3-8b4a-e0ae3538cb4f,1552,processing/behavior,2268,0.002498234823058223
34dd94bb-18a4-42d3-8b4a-e0ae3538cb4f,1552,specifications,320,0.000352484631119326
34ec4e0e-117f-4a71-af5b-7fd1ad9bf3b6,971,general,400,0.11972463334331039
34ec4e0e-117f-4a71-af5b-7fd1ad9bf3b6,971,general/optogenetics,40,0.01197246333433104
34ec4e0e-117f-4a71-af5b-7fd1ad9bf3b6,971,general/subject,112,0.03352289733612691
34ec4e0e-117f-4a71-af5b-7fd1ad9bf3b6,971,other,80,0.02394492666866208
34ec4e0e-117f-4a71-af5b-7fd1ad9bf3b6,971,processing/behavior,2325,0.6958994313079916
34ec4e0e-117f-4a71-af5b-7fd1ad9bf3b6,971,specifications,384,0.11493564800957796
35022680-2954-486d-b874-cea3a1046ec6,678,acquisition,18421844,0.9974569019382513
35022680-2954-486d-b874-cea3a1046ec6,678,general,32,1.7326506978358976e-06
35022680-2954-486d-b874-cea3a1046ec6,678,general/subject,64,3.465301395671795e-06
35022680-2954-486d-b874-cea3a1046ec6,678,intervals,46488,0.0025171083012811004
35022680-2954-486d-b874-cea3a1046ec6,678,other,80,4.331626744589744e-06
35022680-2954-486d-b874-cea3a1046ec6,678,specifications,304,1.646018162944103e-05
3513b94b-831f-4ca5-8f02-02dd63fe2443,1784,general,144,7.645876960848863e-06
3513b94b-831f-4ca5-8f02-02dd63fe2443,1784,general/subject,112,5.946793191771337e-06
3513b94b-831f-4ca5-8f02-02dd63fe2443,1784,other,80,4.247709422693812e-06
3513b94b-831f-4ca5-8f02-02dd63fe2443,1784,processing/behavior,18832992,0.9999634696989649
3513b94b-831f-4ca5-8f02-02dd63fe2443,1784,specifications,352,1.8689921459852774e-05
35140a12-cc48-4d7c-99f6-8dfff0d758e1,54,acquisition,24,3.0905160858992876e-08
35140a12-cc48-4d7c-99f6-8dfff0d758e1,54,general,160,2.0603440572661916e-07
35140a12-cc48-4d7c-99f6-8dfff0d758e1,54,general/optophysiology,104,1.3392236372230247e-07
35140a12-cc48-4d7c-99f6-8dfff0d758e1,54,general/subject,96,1.236206434359715e-07
35140a12-cc48-4d7c-99f6-8dfff0d758e1,54,other,80,1.0301720286330958e-07
35140a12-cc48-4d7c-99f6-8dfff0d758e1,54,processing/behavior,6438608,0.0082910923311666
35140a12-cc48-4d7c-99f6-8dfff0d758e1,54,processing/ophys,770129936,0.9917078981002453
35140a12-cc48-4d7c-99f6-8dfff0d758e1,54,specifications,320,4.120688114532383e-07
3516de6e-3075-49fa-964f-d4c8fa318635,959,acquisition,16886384,0.9850115520106472
3516de6e-3075-49fa-964f-d4c8fa318635,959,general,32,1.8666145259009099e-06
3516de6e-3075-49fa-964f-d4c8fa318635,959,general/subject,80,4.666536314752275e-06
3516de6e-3075-49fa-964f-d4c8fa318635,959,intervals,256440,0.014958582156938417
3516de6e-3075-49fa-964f-d4c8fa318635,959,other,80,4.666536314752275e-06
3516de6e-3075-49fa-964f-d4c8fa318635,959,scratch,48,2.7999217888513646e-06
3516de6e-3075-49fa-964f-d4c8fa318635,959,specifications,272,1.5866223470157733e-05
352b2354-643a-44da-af2e-790e11e2dfe9,951,general,16,0.030303030303030304
352b2354-643a-44da-af2e-790e11e2dfe9,951,general/subject,80,0.15151515151515152
352b2354-643a-44da-af2e-790e11e2dfe9,951,other,80,0.15151515151515152
352b2354-643a-44da-af2e-790e11e2dfe9,951,specifications,352,0.6666666666666666
3554e473-c48f-4450-a5b7-90366d37713a,1065,acquisition,16765918,0.8622906018916586
3554e473-c48f-4450-a5b7-90366d37713a,1065,general,298,1.5326485514465375e-05
3554e473-c48f-4450-a5b7-90366d37713a,1065,general/intracellular_ephys,872,4.4847971035616796e-05
3554e473-c48f-4450-a5b7-90366d37713a,1065,general/labnotebook,140629,0.007232712521522655
3554e473-c48f-4450-a5b7-90366d37713a,1065,general/results,3764,0.00019358688414915324
3554e473-c48f-4450-a5b7-90366d37713a,1065,general/stimsets,156977,0.00807350911612158
3554e473-c48f-4450-a5b7-90366d37713a,1065,general/subject,84,4.320217393339233e-06
3554e473-c48f-4450-a5b7-90366d37713a,1065,general/testpulse,1352674,0.06956959217044945
3554e473-c48f-4450-a5b7-90366d37713a,1065,general/user_comment,14,7.200362322232055e-07
3554e473-c48f-4450-a5b7-90366d37713a,1065,intervals,21669,0.0011144617940031885
3554e473-c48f-4450-a5b7-90366d37713a,1065,other,107,5.50313406056307e-06
3554e473-c48f-4450-a5b7-90366d37713a,1065,specifications,288,1.4812173920020228e-05
3554e473-c48f-4450-a5b7-90366d37713a,1065,stimulus,1000172,0.05144000560393913
359da8e8-3033-4046-86e3-1d4bf64f06fe,1038,acquisition,10548059,0.7502594028002699
359da8e8-3033-4046-86e3-1d4bf64f06fe,1038,analysis,7218,0.000513399893706733
359da8e8-3033-4046-86e3-1d4bf64f06fe,1038,general,208,1.4794566069686958e-05
359da8e8-3033-4046-86e3-1d4bf64f06fe,1038,general/FiberPhotometry,493,3.5065966694017644e-05
359da8e8-3033-4046-86e3-1d4bf64f06fe,1038,general/subject,112,7.966304806754516e-06
359da8e8-3033-4046-86e3-1d4bf64f06fe,1038,other,80,5.690217719110369e-06
359da8e8-3033-4046-86e3-1d4bf64f06fe,1038,processing/behavior,1211180,0.0861484737129012
359da8e8-3033-4046-86e3-1d4bf64f06fe,1038,processing/ophys,2291482,0.1629878934927808
359da8e8-3033-4046-86e3-1d4bf64f06fe,1038,specifications,384,2.731304505172977e-05
359f537c-4cea-48a4-bd77-b6e8b7611dc7,951,general,16,0.030303030303030304
359f537c-4cea-48a4-bd77-b6e8b7611dc7,951,general/subject,80,0.15151515151515152
359f537c-4cea-48a4-bd77-b6e8b7611dc7,951,other,80,0.15151515151515152
359f537c-4cea-48a4-bd77-b6e8b7611dc7,951,specifications,352,0.6666666666666666
35a0755c-9bfc-4952-90f7-18acb8f560b5,1425,acquisition,11086735991,0.9957515259805324
35a0755c-9bfc-4952-90f7-18acb8f560b5,1425,analysis,32,2.874069415673257e-09
35a0755c-9bfc-4952-90f7-18acb8f560b5,1425,general,80,7.185173539183142e-09
35a0755c-9bfc-4952-90f7-18acb8f560b5,1425,general/optophysiology,216,1.9399968555794484e-08
35a0755c-9bfc-4952-90f7-18acb8f560b5,1425,general/subject,144,1.2933312370529657e-08
35a0755c-9bfc-4952-90f7-18acb8f560b5,1425,intervals,3072,2.759106639046327e-07
35a0755c-9bfc-4952-90f7-18acb8f560b5,1425,other,80,7.185173539183142e-09
35a0755c-9bfc-4952-90f7-18acb8f560b5,1425,processing/downsampled,2636405,0.00023678784305712665
35a0755c-9bfc-4952-90f7-18acb8f560b5,1425,processing/ophys,44662293,0.004011329073285556
35a0755c-9bfc-4952-90f7-18acb8f560b5,1425,specifications,352,3.1614763572405823e-08
35af5bb8-4b11-4352-b25e-7dca7184061a,21,acquisition,2201996714,0.9987693976971804
35af5bb8-4b11-4352-b25e-7dca7184061a,21,general,48,2.1771572493574874e-08
35af5bb8-4b11-4352-b25e-7dca7184061a,21,general/extracellular_ephys,11481,5.207487995806941e-06
35af5bb8-4b11-4352-b25e-7dca7184061a,21,general/subject,80,3.6285954155958125e-08
35af5bb8-4b11-4352-b25e-7dca7184061a,21,other,80,3.6285954155958125e-08
35af5bb8-4b11-4352-b25e-7dca7184061a,21,processing/current_source_density,2701144,0.001225169841908017
35af5bb8-4b11-4352-b25e-7dca7184061a,21,specifications,288,1.3062943496144924e-07
35bd03ee-f8a6-4884-834f-d71568dd1b52,1848,general,192,1.6623306100259834e-05
35bd03ee-f8a6-4884-834f-d71568dd1b52,1848,general/extracellular_ephys,4896,0.00042389430555662575
35bd03ee-f8a6-4884-834f-d71568dd1b52,1848,general/optogenetics,40,3.4631887708874655e-06
35bd03ee-f8a6-4884-834f-d71568dd1b52,1848,general/subject,80,6.926377541774931e-06
35bd03ee-f8a6-4884-834f-d71568dd1b52,1848,intervals,17017,0.0014733270828548
35bd03ee-f8a6-4884-834f-d71568dd1b52,1848,other,80,6.926377541774931e-06
35bd03ee-f8a6-4884-834f-d71568dd1b52,1848,specifications,272,2.3549683642034765e-05
35bd03ee-f8a6-4884-834f-d71568dd1b52,1848,units,11527472,0.9980452896779919
35c3e8d0-25b9-47c1-bbb6-a65f19e3a138,971,general,400,0.13554727211114875
35c3e8d0-25b9-47c1-bbb6-a65f19e3a138,971,general/optogenetics,40,0.013554727211114876
35c3e8d0-25b9-47c1-bbb6-a65f19e3a138,971,general/subject,112,0.037953236191121655
35c3e8d0-25b9-47c1-bbb6-a65f19e3a138,971,other,80,0.027109454422229753
35c3e8d0-25b9-47c1-bbb6-a65f19e3a138,971,processing/behavior,1676,0.5679430701457133
35c3e8d0-25b9-47c1-bbb6-a65f19e3a138,971,specifications,384,0.1301253812267028
35c3e8d0-25b9-47c1-bbb6-a65f19e3a138,971,stimulus,259,0.08776685869196882
35e1de18-06eb-44ec-bb63-74dcac23ad76,1847,general,288,0.001391116177521881
35e1de18-06eb-44ec-bb63-74dcac23ad76,1847,general/subject,144,0.0006955580887609405
35e1de18-06eb-44ec-bb63-74dcac23ad76,1847,intervals,194700,0.940452499178855
35e1de18-06eb-44ec-bb63-74dcac23ad76,1847,other,80,0.00038642116042274477
35e1de18-06eb-44ec-bb63-74dcac23ad76,1847,processing/behavior,11176,0.05398303611105744
35e1de18-06eb-44ec-bb63-74dcac23ad76,1847,specifications,640,0.003091369283381958
35e67c82-3297-4500-acf6-9417e55797dc,617,acquisition,20969098264,0.9934063282548671
35e67c82-3297-4500-acf6-9417e55797dc,617,general,128,6.063971297942075e-09
35e67c82-3297-4500-acf6-9417e55797dc,617,general/optophysiology,88,4.1689802673351764e-09
35e67c82-3297-4500-acf6-9417e55797dc,617,general/subject,96,4.547978473456556e-09
35e67c82-3297-4500-acf6-9417e55797dc,617,intervals,43344000,0.0020534122807656353
35e67c82-3297-4500-acf6-9417e55797dc,617,other,80,3.789982061213797e-09
35e67c82-3297-4500-acf6-9417e55797dc,617,processing/ophys,76684225,0.003632897964101032
35e67c82-3297-4500-acf6-9417e55797dc,617,processing/running,11088000,0.0005252915136842322
35e67c82-3297-4500-acf6-9417e55797dc,617,processing/stimulus,4032000,0.00019101509588517537
35e67c82-3297-4500-acf6-9417e55797dc,617,processing/stimulus_ophys,4032000,0.00019101509588517537
35e67c82-3297-4500-acf6-9417e55797dc,617,specifications,448,2.122389954279726e-08
35fdc564-1fc0-4128-a913-64fa76de1b37,946,general,64,4.070583925264079e-05
35fdc564-1fc0-4128-a913-64fa76de1b37,946,general/extracellular_ephys,3072,0.001953880284126758
35fdc564-1fc0-4128-a913-64fa76de1b37,946,general/subject,80,5.088229906580099e-05
35fdc564-1fc0-4128-a913-64fa76de1b37,946,intervals,12000,0.007632344859870148
35fdc564-1fc0-4128-a913-64fa76de1b37,946,other,80,5.088229906580099e-05
35fdc564-1fc0-4128-a913-64fa76de1b37,946,specifications,320,0.00020352919626320397
35fdc564-1fc0-4128-a913-64fa76de1b37,946,units,1556640,0.9900677752223557
3601cd74-e8e5-42ea-bab8-9adeb1f30432,1274,acquisition,176935914,0.9999968350222691
3601cd74-e8e5-42ea-bab8-9adeb1f30432,1274,general,64,3.6171174067818263e-07
3601cd74-e8e5-42ea-bab8-9adeb1f30432,1274,general/subject,96,5.425676110172739e-07
3601cd74-e8e5-42ea-bab8-9adeb1f30432,1274,other,80,4.5213967584772827e-07
3601cd74-e8e5-42ea-bab8-9adeb1f30432,1274,specifications,320,1.808558703390913e-06
3601cec2-bdcd-4daa-bacf-60303647a4bf,1776,acquisition,17970842,0.9465899155341084
3601cec2-bdcd-4daa-bacf-60303647a4bf,1776,general,128,6.7422277257997085e-06
3601cec2-bdcd-4daa-bacf-60303647a4bf,1776,general/intracellular_ephys,6368,0.0003354258293585355
3601cec2-bdcd-4daa-bacf-60303647a4bf,1776,general/subject,96,5.056670794349781e-06
3601cec2-bdcd-4daa-bacf-60303647a4bf,1776,other,80,4.213892328624818e-06
3601cec2-bdcd-4daa-bacf-60303647a4bf,1776,processing/misc,56,2.9497246300373725e-06
3601cec2-bdcd-4daa-bacf-60303647a4bf,1776,specifications,272,1.432723391732438e-05
3601cec2-bdcd-4daa-bacf-60303647a4bf,1776,stimulus,1006981,0.05304136888713685
36024771-92fa-49ce-a192-5b8487087552,232,general,64,1.5972599723940568e-07
36024771-92fa-49ce-a192-5b8487087552,232,general/extracellular_ephys,7168,1.7889311690813436e-05
36024771-92fa-49ce-a192-5b8487087552,232,general/subject,96,2.395889958591085e-07
36024771-92fa-49ce-a192-5b8487087552,232,intervals,47024,0.00011735867647165332
36024771-92fa-49ce-a192-5b8487087552,232,other,80,1.9965749654925708e-07
36024771-92fa-49ce-a192-5b8487087552,232,processing/behavior,12389626,0.030921021379269824
36024771-92fa-49ce-a192-5b8487087552,232,processing/ecephys,385467484,0.9620184107072601
36024771-92fa-49ce-a192-5b8487087552,232,specifications,320,7.986299861970283e-07
36024771-92fa-49ce-a192-5b8487087552,232,units,2774320,0.006923922322831687
36074c9c-ff16-4d22-a0fc-d972f712ec95,617,acquisition,20991118360,0.9931506235414025
36074c9c-ff16-4d22-a0fc-d972f712ec95,617,general,128,6.056050832219667e-09
36074c9c-ff16-4d22-a0fc-d972f712ec95,617,general/optophysiology,88,4.163534947151021e-09
36074c9c-ff16-4d22-a0fc-d972f712ec95,617,general/subject,96,4.54203812416475e-09
36074c9c-ff16-4d22-a0fc-d972f712ec95,617,intervals,44280000,0.002095015084770991
36074c9c-ff16-4d22-a0fc-d972f712ec95,617,other,80,3.785031770137292e-09
36074c9c-ff16-4d22-a0fc-d972f712ec95,617,processing/ophys,81334800,0.0038481850252220324
36074c9c-ff16-4d22-a0fc-d972f712ec95,617,processing/running,11088000,0.0005246054033410286
36074c9c-ff16-4d22-a0fc-d972f712ec95,617,processing/stimulus,4032000,0.0001907656012149195
36074c9c-ff16-4d22-a0fc-d972f712ec95,617,processing/stimulus_ophys,4032000,0.0001907656012149195
36074c9c-ff16-4d22-a0fc-d972f712ec95,617,specifications,448,2.1196177912768832e-08
36160773-3ca1-4b0a-b9d5-ba28e818dfc5,1347,acquisition,2592008,0.9997901681432041
36160773-3ca1-4b0a-b9d5-ba28e818dfc5,1347,general,64,2.468610079952109e-05
36160773-3ca1-4b0a-b9d5-ba28e818dfc5,1347,general/subject,80,3.085762599940136e-05
36160773-3ca1-4b0a-b9d5-ba28e818dfc5,1347,other,80,3.085762599940136e-05
36160773-3ca1-4b0a-b9d5-ba28e818dfc5,1347,specifications,320,0.00012343050399760545
362fd10b-4792-43d5-a7d1-939f7f839d8f,246,general,128,1.5240635343985903e-05
362fd10b-4792-43d5-a7d1-939f7f839d8f,246,general/optophysiology,80,9.52539708999119e-06
362fd10b-4792-43d5-a7d1-939f7f839d8f,246,general/subject,80,9.52539708999119e-06
362fd10b-4792-43d5-a7d1-939f7f839d8f,246,other,80,9.52539708999119e-06
362fd10b-4792-43d5-a7d1-939f7f839d8f,246,processing/ophys,8397960,0.99992379682328
362fd10b-4792-43d5-a7d1-939f7f839d8f,246,specifications,272,3.2386350105970044e-05
3649989e-496e-45c0-9328-db35b713f52e,570,acquisition,4775581,0.729848692881578
3649989e-496e-45c0-9328-db35b713f52e,570,general,242,3.698469017222028e-05
3649989e-496e-45c0-9328-db35b713f52e,570,general/intracellular_ephys,700,0.00010698050876262064
3649989e-496e-45c0-9328-db35b713f52e,570,general/labnotebook,482734,0.07377589845287845
3649989e-496e-45c0-9328-db35b713f52e,570,general/stimsets,603870,0.09228902832354818
3649989e-496e-45c0-9328-db35b713f52e,570,general/subject,96,1.467161263030226e-05
3649989e-496e-45c0-9328-db35b713f52e,570,general/testpulse,485534,0.07420382048792894
3649989e-496e-45c0-9328-db35b713f52e,570,general/user_comment,28,4.279220350504826e-06
3649989e-496e-45c0-9328-db35b713f52e,570,other,101,1.5435759121463837e-05
3649989e-496e-45c0-9328-db35b713f52e,570,processing/spikes,1636,0.0002500287319080677
3649989e-496e-45c0-9328-db35b713f52e,570,specifications,608,9.292021332524764e-05
3649989e-496e-45c0-9328-db35b713f52e,570,stimulus,192118,0.029361259117795933
36620882-dcea-47a7-b38b-50b55efd5791,547,acquisition,298586347,0.9999978297782193
36620882-dcea-47a7-b38b-50b55efd5791,547,general,80,2.67928614908362e-07
36620882-dcea-47a7-b38b-50b55efd5791,547,general/optophysiology,88,2.9472147639919815e-07
36620882-dcea-47a7-b38b-50b55efd5791,547,general/subject,80,2.67928614908362e-07
36620882-dcea-47a7-b38b-50b55efd5791,547,other,80,2.67928614908362e-07
36620882-dcea-47a7-b38b-50b55efd5791,547,specifications,320,1.071714459633448e-06
366a5a54-1b33-4505-9472-025005e32e03,1051,acquisition,2755981448,0.9990161886240286
366a5a54-1b33-4505-9472-025005e32e03,1051,general,32,1.159968549830707e-08
366a5a54-1b33-4505-9472-025005e32e03,1051,general/extracellular_ephys,9156,3.31896001320311e-06
366a5a54-1b33-4505-9472-025005e32e03,1051,general/subject,96,3.47990564949212e-08
366a5a54-1b33-4505-9472-025005e32e03,1051,other,80,2.8999213745767672e-08
366a5a54-1b33-4505-9472-025005e32e03,1051,processing/current_source_density,2704224,0.0009802546224054354
366a5a54-1b33-4505-9472-025005e32e03,1051,specifications,448,1.6239559697629897e-07
369ce597-09bc-4f58-b29f-bd9c4dd4d274,1856,acquisition,19831641,0.6727770096345705
369ce597-09bc-4f58-b29f-bd9c4dd4d274,1856,general,330,1.1195060115267731e-05
369ce597-09bc-4f58-b29f-bd9c4dd4d274,1856,general/intracellular_ephys,1629,5.526288765991253e-05
369ce597-09bc-4f58-b29f-bd9c4dd4d274,1856,general/labnotebook,5892221,0.19989020699225135
369ce597-09bc-4f58-b29f-bd9c4dd4d274,1856,general/results,181751,0.006165798093969774
369ce597-09bc-4f58-b29f-bd9c4dd4d274,1856,general/stimsets,533972,0.018114692848090124
369ce597-09bc-4f58-b29f-bd9c4dd4d274,1856,general/subject,80,2.7139539673376317e-06
369ce597-09bc-4f58-b29f-bd9c4dd4d274,1856,general/testpulse,1145850,0.038872301918422815
369ce597-09bc-4f58-b29f-bd9c4dd4d274,1856,general/user_comment,14,4.749419442840856e-07
369ce597-09bc-4f58-b29f-bd9c4dd4d274,1856,intervals,318967,0.01082077193874728
369ce597-09bc-4f58-b29f-bd9c4dd4d274,1856,other,108,3.663837855905803e-06
369ce597-09bc-4f58-b29f-bd9c4dd4d274,1856,processing/spikes,4814,0.00016331217998454198
369ce597-09bc-4f58-b29f-bd9c4dd4d274,1856,specifications,288,9.770234282415475e-06
369ce597-09bc-4f58-b29f-bd9c4dd4d274,1856,stimulus,1565622,0.053112825478138476
369f9f85-1ea5-4060-a458-9a909321194c,1051,acquisition,2996664376,0.9990946981531235
369f9f85-1ea5-4060-a458-9a909321194c,1051,general,32,1.0668872562757743e-08
369f9f85-1ea5-4060-a458-9a909321194c,1051,general/extracellular_ephys,10464,3.488721328021782e-06
369f9f85-1ea5-4060-a458-9a909321194c,1051,general/subject,96,3.200661768827323e-08
369f9f85-1ea5-4060-a458-9a909321194c,1051,other,80,2.6672181406894356e-08
369f9f85-1ea5-4060-a458-9a909321194c,1051,processing/current_source_density,2704224,0.0009015944136609686
369f9f85-1ea5-4060-a458-9a909321194c,1051,specifications,448,1.493642158786084e-07
36add1f2-93cc-4236-9d64-ce92d31fbf39,405,acquisition,10932832,0.9999502440966084
36add1f2-93cc-4236-9d64-ce92d31fbf39,405,general,64,5.853635693129002e-06
36add1f2-93cc-4236-9d64-ce92d31fbf39,405,general/subject,80,7.317044616411253e-06
36add1f2-93cc-4236-9d64-ce92d31fbf39,405,other,80,7.317044616411253e-06
36add1f2-93cc-4236-9d64-ce92d31fbf39,405,specifications,320,2.926817846564501e-05
36d3289a-f0a0-47ec-8b68-d77538c27474,947,acquisition,369361002,0.22176519652228613
36d3289a-f0a0-47ec-8b68-d77538c27474,947,general,224,1.344901160436859e-07
36d3289a-f0a0-47ec-8b68-d77538c27474,947,general/extracellular_ephys,2288,1.3737204710176487e-06
36d3289a-f0a0-47ec-8b68-d77538c27474,947,general/subject,80,4.803218430131639e-08
36d3289a-f0a0-47ec-8b68-d77538c27474,947,intervals,17576,1.055267089099921e-05
36d3289a-f0a0-47ec-8b68-d77538c27474,947,other,80,4.803218430131639e-08
36d3289a-f0a0-47ec-8b68-d77538c27474,947,processing/ecephys,1294652055,0.777312076397975
36d3289a-f0a0-47ec-8b68-d77538c27474,947,specifications,352,2.113416109257921e-07
36d3289a-f0a0-47ec-8b68-d77538c27474,947,units,1516248,0.0009103587922812796
36f76208-4081-4c65-ab5e-147f67dc715d,988,acquisition,572495331,0.9999990218270405
36f76208-4081-4c65-ab5e-147f67dc715d,988,general,80,1.3973899421402136e-07
36f76208-4081-4c65-ab5e-147f67dc715d,988,general/subject,80,1.3973899421402136e-07
36f76208-4081-4c65-ab5e-147f67dc715d,988,other,80,1.3973899421402136e-07
36f76208-4081-4c65-ab5e-147f67dc715d,988,specifications,320,5.589559768560854e-07
3717cde6-9ab0-495c-92c8-6b35f6f6941d,1038,acquisition,24837130,0.8599035813444726
3717cde6-9ab0-495c-92c8-6b35f6f6941d,1038,analysis,35826,0.0012403569053770333
3717cde6-9ab0-495c-92c8-6b35f6f6941d,1038,general,208,7.2013129101329465e-06
3717cde6-9ab0-495c-92c8-6b35f6f6941d,1038,general/FiberPhotometry,500,1.7310848341665737e-05
3717cde6-9ab0-495c-92c8-6b35f6f6941d,1038,general/subject,96,3.3236828815998214e-06
3717cde6-9ab0-495c-92c8-6b35f6f6941d,1038,other,80,2.769735734666518e-06
3717cde6-9ab0-495c-92c8-6b35f6f6941d,1038,processing/behavior,1296796,0.044897277772157525
3717cde6-9ab0-495c-92c8-6b35f6f6941d,1038,processing/ophys,2712602,0.09391488366659832
3717cde6-9ab0-495c-92c8-6b35f6f6941d,1038,specifications,384,1.3294731526399286e-05
3743802e-2609-45c8-8e60-b31879348765,575,general,160,0.0005783376407438868
3743802e-2609-45c8-8e60-b31879348765,575,general/extracellular_ephys,4680,0.01691637599175869
3743802e-2609-45c8-8e60-b31879348765,575,general/subject,80,0.0002891688203719434
3743802e-2609-45c8-8e60-b31879348765,575,intervals,51072,0.18460537492544865
3743802e-2609-45c8-8e60-b31879348765,575,other,80,0.0002891688203719434
3743802e-2609-45c8-8e60-b31879348765,575,processing/behavior,1728,0.006246046520033978
3743802e-2609-45c8-8e60-b31879348765,575,specifications,320,0.0011566752814877736
3743802e-2609-45c8-8e60-b31879348765,575,units,218535,0.7899188519997832
37508c53-5729-48a9-b6bf-ba54639278a7,239,general,48,0.0007649402390438248
37508c53-5729-48a9-b6bf-ba54639278a7,239,general/subject,96,0.0015298804780876495
37508c53-5729-48a9-b6bf-ba54639278a7,239,intervals,62206,0.9913306772908367
37508c53-5729-48a9-b6bf-ba54639278a7,239,other,80,0.0012749003984063745
37508c53-5729-48a9-b6bf-ba54639278a7,239,specifications,320,0.005099601593625498
37952ead-b16e-484d-9e02-419b48da7fed,336,acquisition,49892562,0.6441592615610385
37952ead-b16e-484d-9e02-419b48da7fed,336,general,128,1.6525987476813265e-06
37952ead-b16e-484d-9e02-419b48da7fed,336,general/optophysiology,176,2.272323278061824e-06
37952ead-b16e-484d-9e02-419b48da7fed,336,general/subject,96,1.239449060760995e-06
37952ead-b16e-484d-9e02-419b48da7fed,336,intervals,10775046,0.13911584004538036
37952ead-b16e-484d-9e02-419b48da7fed,336,other,80,1.0328742173008291e-06
37952ead-b16e-484d-9e02-419b48da7fed,336,processing/ophys,1724800,0.022268768125005875
37952ead-b16e-484d-9e02-419b48da7fed,336,processing/running,10394208,0.1341988681557752
37952ead-b16e-484d-9e02-419b48da7fed,336,processing/stimulus,3779712,0.04879958842028189
37952ead-b16e-484d-9e02-419b48da7fed,336,processing/stimulus_ophys,886512,0.011445692351597408
37952ead-b16e-484d-9e02-419b48da7fed,336,specifications,448,5.7840956168846425e-06
37dce523-fa82-4053-9d31-506332e6b870,637,general,16,2.4243482139826706e-06
37dce523-fa82-4053-9d31-506332e6b870,637,general/extracellular_ephys,3072,0.0004654748570846728
37dce523-fa82-4053-9d31-506332e6b870,637,general/subject,80,1.2121741069913354e-05
37dce523-fa82-4053-9d31-506332e6b870,637,intervals,12000,0.001818261160487003
37dce523-fa82-4053-9d31-506332e6b870,637,other,80,1.2121741069913354e-05
37dce523-fa82-4053-9d31-506332e6b870,637,specifications,320,4.8486964279653416e-05
37dce523-fa82-4053-9d31-506332e6b870,637,units,6584144,0.9976411091877949
37e63a9c-669a-41bf-91e9-8b336d1c8ded,1374,acquisition,3193820959,0.9999960502012056
37e63a9c-669a-41bf-91e9-8b336d1c8ded,1374,general,112,3.5067575502918176e-08
37e63a9c-669a-41bf-91e9-8b336d1c8ded,1374,general/extracellular_ephys,12023,3.764441609567725e-06
37e63a9c-669a-41bf-91e9-8b336d1c8ded,1374,general/subject,80,2.5048268216370126e-08
37e63a9c-669a-41bf-91e9-8b336d1c8ded,1374,other,80,2.5048268216370126e-08
37e63a9c-669a-41bf-91e9-8b336d1c8ded,1374,specifications,320,1.001930728654805e-07
37eae26c-b66d-45db-8a7a-189525df79f4,483,acquisition,6900384083,0.9978553057605863
37eae26c-b66d-45db-8a7a-189525df79f4,483,general,176,2.5451124415890458e-08
37eae26c-b66d-45db-8a7a-189525df79f4,483,general/optophysiology,104,1.5039300791208e-08
37eae26c-b66d-45db-8a7a-189525df79f4,483,general/subject,80,1.1568692916313845e-08
37eae26c-b66d-45db-8a7a-189525df79f4,483,other,80,1.1568692916313845e-08
37eae26c-b66d-45db-8a7a-189525df79f4,483,processing/neurotar-data,181248,2.6210030671200647e-05
37eae26c-b66d-45db-8a7a-189525df79f4,483,processing/ophys,14649014,0.002118374306159779
37eae26c-b66d-45db-8a7a-189525df79f4,483,specifications,320,4.627477166525538e-08
38009fb4-4d29-4df1-af33-0742e018c39d,1701,general,80,2.6752025245351182e-06
38009fb4-4d29-4df1-af33-0742e018c39d,1701,general/extracellular_ephys,92160,0.0030818333082644565
38009fb4-4d29-4df1-af33-0742e018c39d,1701,general/subject,96,3.210243029442142e-06
38009fb4-4d29-4df1-af33-0742e018c39d,1701,other,80,2.6752025245351182e-06
38009fb4-4d29-4df1-af33-0742e018c39d,1701,processing/behavior,1832544,0.06128032918902105
38009fb4-4d29-4df1-af33-0742e018c39d,1701,processing/probe_0_channel_308,6396416,0.2138963528897103
38009fb4-4d29-4df1-af33-0742e018c39d,1701,processing/probe_1_channel_107,6396416,0.2138963528897103
38009fb4-4d29-4df1-af33-0742e018c39d,1701,specifications,320,1.0700810098140473e-05
38009fb4-4d29-4df1-af33-0742e018c39d,1701,units,15186166,0.5078258702651173
380803dd-848f-438d-87a9-106f34c3e14e,1445,acquisition,1148,0.6434977578475336
380803dd-848f-438d-87a9-106f34c3e14e,1445,general,48,0.026905829596412557
380803dd-848f-438d-87a9-106f34c3e14e,1445,general/extracellular_ephys,108,0.06053811659192825
380803dd-848f-438d-87a9-106f34c3e14e,1445,general/subject,80,0.04484304932735426
380803dd-848f-438d-87a9-106f34c3e14e,1445,other,80,0.04484304932735426
380803dd-848f-438d-87a9-106f34c3e14e,1445,specifications,320,0.17937219730941703
38094e63-ca74-49a6-9a3f-7493b92aa6a8,951,general,16,0.030303030303030304
38094e63-ca74-49a6-9a3f-7493b92aa6a8,951,general/subject,80,0.15151515151515152
38094e63-ca74-49a6-9a3f-7493b92aa6a8,951,other,80,0.15151515151515152
38094e63-ca74-49a6-9a3f-7493b92aa6a8,951,specifications,352,0.6666666666666666
381846ef-f4a3-4978-a722-7c80596944a2,617,acquisition,8064000,0.012273586666625654
381846ef-f4a3-4978-a722-7c80596944a2,617,general,128,1.9481883597818496e-07
381846ef-f4a3-4978-a722-7c80596944a2,617,general/optophysiology,88,1.3393794973500216e-07
381846ef-f4a3-4978-a722-7c80596944a2,617,general/subject,96,1.4611412698363873e-07
381846ef-f4a3-4978-a722-7c80596944a2,617,intervals,43344000,0.06597052833311288
381846ef-f4a3-4978-a722-7c80596944a2,617,other,80,1.217617724863656e-07
381846ef-f4a3-4978-a722-7c80596944a2,617,processing/ophys,144091403,0.21931030786659023
381846ef-f4a3-4978-a722-7c80596944a2,617,processing/running,11088000,0.016876181666610274
381846ef-f4a3-4978-a722-7c80596944a2,617,processing/stimulus,4032000,0.006136793333312827
381846ef-f4a3-4978-a722-7c80596944a2,617,processing/stimulus_ophys,4032000,0.006136793333312827
381846ef-f4a3-4978-a722-7c80596944a2,617,specifications,768,1.1689130158691098e-06
381846ef-f4a3-4978-a722-7c80596944a2,617,stimulus,442368096,0.6732940432547343
3838003d-456a-4a98-b701-d33cbc2b885c,1777,acquisition,31201040,0.9999800010666098
3838003d-456a-4a98-b701-d33cbc2b885c,1777,general,80,2.5639658192588703e-06
3838003d-456a-4a98-b701-d33cbc2b885c,1777,general/intracellular_ephys,64,2.0511726554070963e-06
3838003d-456a-4a98-b701-d33cbc2b885c,1777,general/subject,80,2.5639658192588703e-06
3838003d-456a-4a98-b701-d33cbc2b885c,1777,other,80,2.5639658192588703e-06
3838003d-456a-4a98-b701-d33cbc2b885c,1777,specifications,320,1.0255863277035481e-05
385bb0e9-a046-452a-8fbd-100a47d31bb5,246,acquisition,4194312,0.33308752021684496
385bb0e9-a046-452a-8fbd-100a47d31bb5,246,general,48,3.811876887176862e-06
385bb0e9-a046-452a-8fbd-100a47d31bb5,246,general/optophysiology,88,6.988440959824247e-06
385bb0e9-a046-452a-8fbd-100a47d31bb5,246,general/subject,80,6.35312814529477e-06
385bb0e9-a046-452a-8fbd-100a47d31bb5,246,other,80,6.35312814529477e-06
385bb0e9-a046-452a-8fbd-100a47d31bb5,246,processing/ophys,8397294,0.6668635606964363
385bb0e9-a046-452a-8fbd-100a47d31bb5,246,specifications,320,2.541251258117908e-05
387f610c-fce0-4396-9d3e-2eff8dd0385b,1347,acquisition,5184008,0.999895072901188
387f610c-fce0-4396-9d3e-2eff8dd0385b,1347,general,64,1.234436456611873e-05
387f610c-fce0-4396-9d3e-2eff8dd0385b,1347,general/subject,80,1.5430455707648415e-05
387f610c-fce0-4396-9d3e-2eff8dd0385b,1347,other,80,1.5430455707648415e-05
387f610c-fce0-4396-9d3e-2eff8dd0385b,1347,specifications,320,6.172182283059366e-05
38a7e24c-ede5-4380-8d06-0338b890aada,1841,acquisition,1392416,0.9875311791443528
38a7e24c-ede5-4380-8d06-0338b890aada,1841,general,64,4.5390167496810276e-05
38a7e24c-ede5-4380-8d06-0338b890aada,1841,general/intracellular_ephys,3277,0.002324118420110114
38a7e24c-ede5-4380-8d06-0338b890aada,1841,general/subject,80,5.673770937101285e-05
38a7e24c-ede5-4380-8d06-0338b890aada,1841,other,80,5.673770937101285e-05
38a7e24c-ede5-4380-8d06-0338b890aada,1841,specifications,320,0.0002269508374840514
38a7e24c-ede5-4380-8d06-0338b890aada,1841,stimulus,13760,0.009758886011814209
38ac59f9-797a-4b90-a7f5-c5777e7bd330,1620,acquisition,2207580,0.9996377435042882
38ac59f9-797a-4b90-a7f5-c5777e7bd330,1620,general,208,9.418668888506508e-05
38ac59f9-797a-4b90-a7f5-c5777e7bd330,1620,general/optophysiology,80,3.6225649571178875e-05
38ac59f9-797a-4b90-a7f5-c5777e7bd330,1620,general/subject,80,3.6225649571178875e-05
38ac59f9-797a-4b90-a7f5-c5777e7bd330,1620,other,80,3.6225649571178875e-05
38ac59f9-797a-4b90-a7f5-c5777e7bd330,1620,specifications,352,0.00015939285811318704
38b90422-9a92-41a5-a6ed-d4e9ffd2de89,579,acquisition,195468476,0.5699523413257309
38b90422-9a92-41a5-a6ed-d4e9ffd2de89,579,general,256,7.464518185499494e-07
38b90422-9a92-41a5-a6ed-d4e9ffd2de89,579,general/optophysiology,456,1.3296173017920973e-06
38b90422-9a92-41a5-a6ed-d4e9ffd2de89,579,general/subject,112,3.2657267061560284e-07
38b90422-9a92-41a5-a6ed-d4e9ffd2de89,579,intervals,167578,0.0004886285267537633
38b90422-9a92-41a5-a6ed-d4e9ffd2de89,579,other,80,2.3326619329685916e-07
38b90422-9a92-41a5-a6ed-d4e9ffd2de89,579,processing/behavior,23473180,0.06844374178964961
38b90422-9a92-41a5-a6ed-d4e9ffd2de89,579,processing/ophys,123845336,0.3611116260786309
38b90422-9a92-41a5-a6ed-d4e9ffd2de89,579,specifications,352,1.0263712505061803e-06
38e900b0-6bbc-4077-8b59-42076b943b28,628,acquisition,341763776,0.9999980834752228
38e900b0-6bbc-4077-8b59-42076b943b28,628,general,143,4.184168597697049e-07
38e900b0-6bbc-4077-8b59-42076b943b28,628,general/devices,32,9.363174484357034e-08
38e900b0-6bbc-4077-8b59-42076b943b28,628,general/subject,80,2.3407936210892585e-07
38e900b0-6bbc-4077-8b59-42076b943b28,628,other,80,2.3407936210892585e-07
38e900b0-6bbc-4077-8b59-42076b943b28,628,specifications,320,9.363174484357034e-07
38fda5e7-5017-4198-a99a-6c0a4e28663e,1033,acquisition,506019,0.9988945455693978
38fda5e7-5017-4198-a99a-6c0a4e28663e,1033,general,64,0.0001263376492116728
38fda5e7-5017-4198-a99a-6c0a4e28663e,1033,general/subject,96,0.00018950647381750922
38fda5e7-5017-4198-a99a-6c0a4e28663e,1033,other,80,0.000157922061514591
38fda5e7-5017-4198-a99a-6c0a4e28663e,1033,specifications,320,0.000631688246058364
39008b25-7956-4b06-8d56-c18c00d9030e,467,acquisition,83886088,0.9999896050589985
39008b25-7956-4b06-8d56-c18c00d9030e,467,general,240,2.8609929362084404e-06
39008b25-7956-4b06-8d56-c18c00d9030e,467,general/optophysiology,136,1.6212293305181162e-06
39008b25-7956-4b06-8d56-c18c00d9030e,467,general/subject,96,1.1443971744833762e-06
39008b25-7956-4b06-8d56-c18c00d9030e,467,other,80,9.536643120694802e-07
39008b25-7956-4b06-8d56-c18c00d9030e,467,specifications,320,3.814657248277921e-06
3904a275-207e-4dc5-b416-b07bedb5e9f7,708,general,48,4.970635453285191e-06
3904a275-207e-4dc5-b416-b07bedb5e9f7,708,general/subject,64,6.6275139377135885e-06
3904a275-207e-4dc5-b416-b07bedb5e9f7,708,other,80,8.284392422141986e-06
3904a275-207e-4dc5-b416-b07bedb5e9f7,708,processing/wt:nacre: behavior left lane,4756982,0.4926088204133228
3904a275-207e-4dc5-b416-b07bedb5e9f7,708,processing/wt:nacre: behavior right lane,4899155,0.5073315319612377
3904a275-207e-4dc5-b416-b07bedb5e9f7,708,scratch,64,6.6275139377135885e-06
3904a275-207e-4dc5-b416-b07bedb5e9f7,708,specifications,320,3.3137569688567944e-05
3904da6a-f2fd-4ce8-9448-de1615a3318d,467,acquisition,83886088,0.9999896050589985
3904da6a-f2fd-4ce8-9448-de1615a3318d,467,general,240,2.8609929362084404e-06
3904da6a-f2fd-4ce8-9448-de1615a3318d,467,general/optophysiology,136,1.6212293305181162e-06
3904da6a-f2fd-4ce8-9448-de1615a3318d,467,general/subject,96,1.1443971744833762e-06
3904da6a-f2fd-4ce8-9448-de1615a3318d,467,other,80,9.536643120694802e-07
3904da6a-f2fd-4ce8-9448-de1615a3318d,467,specifications,320,3.814657248277921e-06
3906fc09-27ba-40c0-8e61-96e743366af4,946,general,64,3.839453261855512e-05
3906fc09-27ba-40c0-8e61-96e743366af4,946,general/extracellular_ephys,3072,0.0018429375656906456
3906fc09-27ba-40c0-8e61-96e743366af4,946,general/subject,80,4.79931657731939e-05
3906fc09-27ba-40c0-8e61-96e743366af4,946,intervals,12000,0.007198974865979085
3906fc09-27ba-40c0-8e61-96e743366af4,946,other,80,4.79931657731939e-05
3906fc09-27ba-40c0-8e61-96e743366af4,946,specifications,320,0.0001919726630927756
3906fc09-27ba-40c0-8e61-96e743366af4,946,units,1651288,0.9906317340410725
390931d9-b6a4-4d30-9227-b6e8eae88b72,574,acquisition,5910947258,0.9998589381146048
390931d9-b6a4-4d30-9227-b6e8eae88b72,574,general,336,5.6835662465406354e-08
390931d9-b6a4-4d30-9227-b6e8eae88b72,574,general/extracellular_ephys,9000,1.5223838160376703e-06
390931d9-b6a4-4d30-9227-b6e8eae88b72,574,general/subject,80,1.3532300587001513e-08
390931d9-b6a4-4d30-9227-b6e8eae88b72,574,intervals,14241,2.4089186582436067e-06
390931d9-b6a4-4d30-9227-b6e8eae88b72,574,other,80,1.3532300587001513e-08
390931d9-b6a4-4d30-9227-b6e8eae88b72,574,specifications,320,5.4129202348006053e-08
390931d9-b6a4-4d30-9227-b6e8eae88b72,574,units,809870,0.00013699255345493645
391b653f-f065-415a-9ea4-5ccf0b88b703,620,general,80,6.285711780409162e-07
391b653f-f065-415a-9ea4-5ccf0b88b703,620,general/extracellular_ephys,59628,0.0004685055275527969
391b653f-f065-415a-9ea4-5ccf0b88b703,620,general/subject,64,5.028569424327329e-07
391b653f-f065-415a-9ea4-5ccf0b88b703,620,other,80,6.285711780409162e-07
391b653f-f065-415a-9ea4-5ccf0b88b703,620,processing/ecephys,127212574,0.9995269687599653
391b653f-f065-415a-9ea4-5ccf0b88b703,620,specifications,352,2.765713183380031e-06
3950748f-c11d-42c1-8263-2ebd330c78d7,1752,acquisition,1709240,0.9996303816893897
3950748f-c11d-42c1-8263-2ebd330c78d7,1752,general,112,6.550197909551125e-05
3950748f-c11d-42c1-8263-2ebd330c78d7,1752,general/intracellular_ephys,48,2.8072276755219106e-05
3950748f-c11d-42c1-8263-2ebd330c78d7,1752,general/subject,80,4.678712792536517e-05
3950748f-c11d-42c1-8263-2ebd330c78d7,1752,other,80,4.678712792536517e-05
3950748f-c11d-42c1-8263-2ebd330c78d7,1752,specifications,272,0.0001590762349462416
3950748f-c11d-42c1-8263-2ebd330c78d7,1752,stimulus,40,2.3393563962682585e-05
3954453b-d241-461c-82f2-ee0d45bd0f7e,1517,acquisition,34175337,0.999983614182826
3954453b-d241-461c-82f2-ee0d45bd0f7e,1517,general,64,1.8726648198875366e-06
3954453b-d241-461c-82f2-ee0d45bd0f7e,1517,general/subject,96,2.808997229831305e-06
3954453b-d241-461c-82f2-ee0d45bd0f7e,1517,other,80,2.340831024859421e-06
3954453b-d241-461c-82f2-ee0d45bd0f7e,1517,specifications,320,9.363324099437683e-06
396bf4c2-04a1-4dd1-9ac0-2301af5cb288,989,acquisition,1428,0.6918604651162791
396bf4c2-04a1-4dd1-9ac0-2301af5cb288,989,general,48,0.023255813953488372
396bf4c2-04a1-4dd1-9ac0-2301af5cb288,989,general/extracellular_ephys,108,0.05232558139534884
396bf4c2-04a1-4dd1-9ac0-2301af5cb288,989,general/subject,80,0.03875968992248062
396bf4c2-04a1-4dd1-9ac0-2301af5cb288,989,other,80,0.03875968992248062
396bf4c2-04a1-4dd1-9ac0-2301af5cb288,989,specifications,320,0.15503875968992248
397128a0-a4d3-4414-86f6-fa9ae7a4065a,947,acquisition,540919840,0.1120580626500133
397128a0-a4d3-4414-86f6-fa9ae7a4065a,947,general,272,5.6348077454144805e-08
397128a0-a4d3-4414-86f6-fa9ae7a4065a,947,general/extracellular_ephys,2992,6.198288519955928e-07
397128a0-a4d3-4414-86f6-fa9ae7a4065a,947,general/subject,80,1.657296395710141e-08
397128a0-a4d3-4414-86f6-fa9ae7a4065a,947,intervals,8736,1.8097676641154743e-06
397128a0-a4d3-4414-86f6-fa9ae7a4065a,947,other,80,1.657296395710141e-08
397128a0-a4d3-4414-86f6-fa9ae7a4065a,947,processing/ecephys,4284945872,0.8876781686848311
397128a0-a4d3-4414-86f6-fa9ae7a4065a,947,specifications,352,7.292104141124622e-08
397128a0-a4d3-4414-86f6-fa9ae7a4065a,947,units,1260736,0.0002611766535927526
399691e6-c03a-40d6-9302-3b4df6f391fc,1359,acquisition,35823140,0.7409323885032761
399691e6-c03a-40d6-9302-3b4df6f391fc,1359,general,330,6.825411960148695e-06
399691e6-c03a-40d6-9302-3b4df6f391fc,1359,general/intracellular_ephys,984,2.0352137481170655e-05
399691e6-c03a-40d6-9302-3b4df6f391fc,1359,general/labnotebook,1612759,0.03335680171950742
399691e6-c03a-40d6-9302-3b4df6f391fc,1359,general/results,87380,0.0018072863547811907
399691e6-c03a-40d6-9302-3b4df6f391fc,1359,general/stimsets,374932,0.007754743506189305
399691e6-c03a-40d6-9302-3b4df6f391fc,1359,general/subject,80,1.6546453236724107e-06
399691e6-c03a-40d6-9302-3b4df6f391fc,1359,general/testpulse,9117093,0.18856944122420588
399691e6-c03a-40d6-9302-3b4df6f391fc,1359,general/user_comment,14,2.895629316426719e-07
399691e6-c03a-40d6-9302-3b4df6f391fc,1359,intervals,80129,0.0016573134392568326
399691e6-c03a-40d6-9302-3b4df6f391fc,1359,other,106,2.192405053865944e-06
399691e6-c03a-40d6-9302-3b4df6f391fc,1359,processing/spikes,5160,0.0001067246233768705
399691e6-c03a-40d6-9302-3b4df6f391fc,1359,specifications,288,5.956723165220679e-06
399691e6-c03a-40d6-9302-3b4df6f391fc,1359,stimulus,1246335,0.025778029743490676
39985d85-3048-4c4b-ae6c-6f0dd5d2752b,1414,acquisition,3180806296,0.9999997912479417
39985d85-3048-4c4b-ae6c-6f0dd5d2752b,1414,general,80,2.515085039929616e-08
39985d85-3048-4c4b-ae6c-6f0dd5d2752b,1414,general/optophysiology,88,2.7665935439225775e-08
39985d85-3048-4c4b-ae6c-6f0dd5d2752b,1414,general/subject,96,3.018102047915539e-08
39985d85-3048-4c4b-ae6c-6f0dd5d2752b,1414,other,80,2.515085039929616e-08
39985d85-3048-4c4b-ae6c-6f0dd5d2752b,1414,specifications,320,1.0060340159718463e-07
39a7c55f-3ba5-4209-9de2-49e5169b5b94,1195,acquisition,11648827,0.37758594624268366
39a7c55f-3ba5-4209-9de2-49e5169b5b94,1195,general,48,1.555875576111553e-06
39a7c55f-3ba5-4209-9de2-49e5169b5b94,1195,general/DandiIcephysMetadata,64,2.0745007681487377e-06
39a7c55f-3ba5-4209-9de2-49e5169b5b94,1195,general/intracellular_ephys,1169,3.789205309321678e-05
39a7c55f-3ba5-4209-9de2-49e5169b5b94,1195,general/subject,128,4.1490015362974755e-06
39a7c55f-3ba5-4209-9de2-49e5169b5b94,1195,other,80,2.593125960185922e-06
39a7c55f-3ba5-4209-9de2-49e5169b5b94,1195,specifications,352,1.1409754224818056e-05
39a7c55f-3ba5-4209-9de2-49e5169b5b94,1195,stimulus,19200128,0.6223543794461576
39d6fbe1-48c1-4055-accd-c907682e06a4,690,acquisition,1497564146,0.9999933058407429
39d6fbe1-48c1-4055-accd-c907682e06a4,690,general,48,3.205183484698335e-08
39d6fbe1-48c1-4055-accd-c907682e06a4,690,general/extracellular_ephys,9417,6.2881693490425455e-06
39d6fbe1-48c1-4055-accd-c907682e06a4,690,general/subject,96,6.41036696939667e-08
39d6fbe1-48c1-4055-accd-c907682e06a4,690,other,80,5.341972474497225e-08
39d6fbe1-48c1-4055-accd-c907682e06a4,690,specifications,384,2.564146787758668e-07
39e49fe9-fea0-4159-b5dd-f086fea2df3b,1452,acquisition,800160,0.999400479616307
39e49fe9-fea0-4159-b5dd-f086fea2df3b,1452,general/intracellular_ephys,16,1.9984012789768187e-05
39e49fe9-fea0-4159-b5dd-f086fea2df3b,1452,general/subject,64,7.993605115907275e-05
39e49fe9-fea0-4159-b5dd-f086fea2df3b,1452,other,80,9.992006394884092e-05
39e49fe9-fea0-4159-b5dd-f086fea2df3b,1452,specifications,320,0.0003996802557953637
39e743af-7e1f-4d30-ab61-a57763fc71db,1256,acquisition,835337628,0.1854560983716714
39e743af-7e1f-4d30-ab61-a57763fc71db,1256,general,144,3.19699212274928e-08
39e743af-7e1f-4d30-ab61-a57763fc71db,1256,general/optophysiology,128,2.8417707757771377e-08
39e743af-7e1f-4d30-ab61-a57763fc71db,1256,general/subject,96,2.1313280818328533e-08
39e743af-7e1f-4d30-ab61-a57763fc71db,1256,other,80,1.776106734860711e-08
39e743af-7e1f-4d30-ab61-a57763fc71db,1256,processing/behavior,2828197035,0.6278974751720743
39e743af-7e1f-4d30-ab61-a57763fc71db,1256,processing/ophys,840688332,0.18664402604800218
39e743af-7e1f-4d30-ab61-a57763fc71db,1256,specifications,320,7.104426939442844e-08
39e743af-7e1f-4d30-ab61-a57763fc71db,1256,stimulus,10044,2.2299020056176225e-06
39fed596-0fda-44de-8eaa-2e048b2d1158,1200,general,64,0.0005246933823047157
39fed596-0fda-44de-8eaa-2e048b2d1158,1200,general/extracellular_ephys,2816,0.02308650882140749
39fed596-0fda-44de-8eaa-2e048b2d1158,1200,general/optogenetics,40,0.0003279333639404473
39fed596-0fda-44de-8eaa-2e048b2d1158,1200,general/subject,80,0.0006558667278808946
39fed596-0fda-44de-8eaa-2e048b2d1158,1200,intervals,11976,0.09818324916376993
39fed596-0fda-44de-8eaa-2e048b2d1158,1200,other,80,0.0006558667278808946
39fed596-0fda-44de-8eaa-2e048b2d1158,1200,specifications,320,0.0026234669115235785
39fed596-0fda-44de-8eaa-2e048b2d1158,1200,units,106600,0.8739424149012921
3a3ac73e-e1c8-42ab-bc5d-57878469680c,20,acquisition,4696863,0.8418266145054702
3a3ac73e-e1c8-42ab-bc5d-57878469680c,20,general,239,4.283636990621344e-05
3a3ac73e-e1c8-42ab-bc5d-57878469680c,20,general/intracellular_ephys,502,8.997429997037301e-05
3a3ac73e-e1c8-42ab-bc5d-57878469680c,20,general/labnotebook,82930,0.01486368266243632
3a3ac73e-e1c8-42ab-bc5d-57878469680c,20,general/stimsets,503584,0.09025820294079745
3a3ac73e-e1c8-42ab-bc5d-57878469680c,20,general/subject,112,2.0073947403748557e-05
3a3ac73e-e1c8-42ab-bc5d-57878469680c,20,general/testpulse,77062,0.013811951203818494
3a3ac73e-e1c8-42ab-bc5d-57878469680c,20,general/user_comment,29,5.197718524184895e-06
3a3ac73e-e1c8-42ab-bc5d-57878469680c,20,other,101,1.8102398998023254e-05
3a3ac73e-e1c8-42ab-bc5d-57878469680c,20,processing/spikes,852,0.00015270538560708725
3a3ac73e-e1c8-42ab-bc5d-57878469680c,20,specifications,704,0.0001261790979664195
3a3ac73e-e1c8-42ab-bc5d-57878469680c,20,stimulus,216393,0.03878447946910144
3a436fe3-416d-443e-9892-aa337c9b91fa,1205,acquisition,413212645,0.999998547965228
3a436fe3-416d-443e-9892-aa337c9b91fa,1205,general,32,7.744185450783409e-08
3a436fe3-416d-443e-9892-aa337c9b91fa,1205,general/optophysiology,88,2.1296509989654373e-07
3a436fe3-416d-443e-9892-aa337c9b91fa,1205,general/subject,80,1.9360463626958522e-07
3a436fe3-416d-443e-9892-aa337c9b91fa,1205,other,80,1.9360463626958522e-07
3a436fe3-416d-443e-9892-aa337c9b91fa,1205,specifications,320,7.744185450783409e-07
3a5dbf50-8ae3-43f6-a647-67bc35350d0f,1550,acquisition,380478,0.5589946036638669
3a5dbf50-8ae3-43f6-a647-67bc35350d0f,1550,general,176,0.00025857750052523553
3a5dbf50-8ae3-43f6-a647-67bc35350d0f,1550,general/subject,96,0.00014104227301376486
3a5dbf50-8ae3-43f6-a647-67bc35350d0f,1550,general/task,4247,0.006239651390515201
3a5dbf50-8ae3-43f6-a647-67bc35350d0f,1550,intervals,295122,0.4335903926705032
3a5dbf50-8ae3-43f6-a647-67bc35350d0f,1550,other,80,0.0001175352275114707
3a5dbf50-8ae3-43f6-a647-67bc35350d0f,1550,specifications,448,0.000658197274064236
3aa79e40-132d-458c-be9e-1265de30490c,570,acquisition,7906626,0.5595527216376258
3aa79e40-132d-458c-be9e-1265de30490c,570,general,242,1.7126364474088624e-05
3aa79e40-132d-458c-be9e-1265de30490c,570,general/intracellular_ephys,1674,0.00011846914929596842
3aa79e40-132d-458c-be9e-1265de30490c,570,general/labnotebook,1071472,0.07582818180074664
3aa79e40-132d-458c-be9e-1265de30490c,570,general/stimsets,613701,0.043431681835176296
3aa79e40-132d-458c-be9e-1265de30490c,570,general/subject,96,6.793929708729372e-06
3aa79e40-132d-458c-be9e-1265de30490c,570,general/testpulse,4134479,0.29259749696060106
3aa79e40-132d-458c-be9e-1265de30490c,570,general/user_comment,31,2.1938731351105263e-06
3aa79e40-132d-458c-be9e-1265de30490c,570,other,101,7.14778021439236e-06
3aa79e40-132d-458c-be9e-1265de30490c,570,processing/spikes,1216,8.60564429772387e-05
3aa79e40-132d-458c-be9e-1265de30490c,570,specifications,288,2.0381789126188114e-05
3aa79e40-132d-458c-be9e-1265de30490c,570,stimulus,400335,0.02833174843691847
3ab3ed25-4a3a-4e20-9f28-c7e6d124b6e4,1461,acquisition,7110661,0.0039551937693495885
3ab3ed25-4a3a-4e20-9f28-c7e6d124b6e4,1461,general,32,1.7799498614712025e-08
3ab3ed25-4a3a-4e20-9f28-c7e6d124b6e4,1461,general/optophysiology,856,4.7613658794354667e-07
3ab3ed25-4a3a-4e20-9f28-c7e6d124b6e4,1461,general/subject,96,5.3398495844136076e-08
3ab3ed25-4a3a-4e20-9f28-c7e6d124b6e4,1461,intervals,1131856,0.0006295771657516717
3ab3ed25-4a3a-4e20-9f28-c7e6d124b6e4,1461,other,80,4.4498746536780064e-08
3ab3ed25-4a3a-4e20-9f28-c7e6d124b6e4,1461,processing/VISal_6,290162140,0.16139814403037114
3ab3ed25-4a3a-4e20-9f28-c7e6d124b6e4,1461,processing/VISal_7,155489696,0.08648870714231231
3ab3ed25-4a3a-4e20-9f28-c7e6d124b6e4,1461,processing/VISl_2,303075936,0.1685812407182672
3ab3ed25-4a3a-4e20-9f28-c7e6d124b6e4,1461,processing/VISl_3,127817276,0.07109635709682077
3ab3ed25-4a3a-4e20-9f28-c7e6d124b6e4,1461,processing/VISp_0,391627680,0.21783676086384013
3ab3ed25-4a3a-4e20-9f28-c7e6d124b6e4,1461,processing/VISp_1,142575900,0.07930561045441625
3ab3ed25-4a3a-4e20-9f28-c7e6d124b6e4,1461,processing/VISrl_4,269869032,0.15011042066367736
3ab3ed25-4a3a-4e20-9f28-c7e6d124b6e4,1461,processing/VISrl_5,103834512,0.057756320390728096
3ab3ed25-4a3a-4e20-9f28-c7e6d124b6e4,1461,processing/running,5030400,0.00279808118223273
3ab3ed25-4a3a-4e20-9f28-c7e6d124b6e4,1461,processing/stimulus,76736,4.2683197678079436e-05
3ab3ed25-4a3a-4e20-9f28-c7e6d124b6e4,1461,specifications,560,3.114912257574604e-07
3ac1a837-c0b0-44f5-bb52-461b13ff50ae,988,acquisition,1232333026,0.9999995455775884
3ac1a837-c0b0-44f5-bb52-461b13ff50ae,988,general,80,6.491748736611971e-08
3ac1a837-c0b0-44f5-bb52-461b13ff50ae,988,general/subject,80,6.491748736611971e-08
3ac1a837-c0b0-44f5-bb52-461b13ff50ae,988,other,80,6.491748736611971e-08
3ac1a837-c0b0-44f5-bb52-461b13ff50ae,988,specifications,320,2.5966994946447885e-07
3ad32a4e-6842-46f2-b387-3cc82fa87fe4,1865,acquisition,3511086,0.23074103780978164
3ad32a4e-6842-46f2-b387-3cc82fa87fe4,1865,general,160,1.051485667100295e-05
3ad32a4e-6842-46f2-b387-3cc82fa87fe4,1865,general/optophysiology,128,8.41188533680236e-06
3ad32a4e-6842-46f2-b387-3cc82fa87fe4,1865,general/subject,128,8.41188533680236e-06
3ad32a4e-6842-46f2-b387-3cc82fa87fe4,1865,other,80,5.257428335501475e-06
3ad32a4e-6842-46f2-b387-3cc82fa87fe4,1865,processing/brightness_binned_fluorescence,4400000,0.2891585584525811
3ad32a4e-6842-46f2-b387-3cc82fa87fe4,1865,processing/ophys,4672263,0.3070510985889391
3ad32a4e-6842-46f2-b387-3cc82fa87fe4,1865,processing/predicted_fluorescence,2632400,0.17299567937967603
3ad32a4e-6842-46f2-b387-3cc82fa87fe4,1865,specifications,320,2.10297133420059e-05
3ad6392c-62d1-4dd8-9f51-7912655e675f,1776,acquisition,12522514,0.5342859064047337
3ad6392c-62d1-4dd8-9f51-7912655e675f,1776,general,112,4.77859489854275e-06
3ad6392c-62d1-4dd8-9f51-7912655e675f,1776,general/intracellular_ephys,6928,0.00029559022729557297
3ad6392c-62d1-4dd8-9f51-7912655e675f,1776,general/subject,96,4.0959384844652145e-06
3ad6392c-62d1-4dd8-9f51-7912655e675f,1776,other,96,4.0959384844652145e-06
3ad6392c-62d1-4dd8-9f51-7912655e675f,1776,processing/misc,56,2.389297449271375e-06
3ad6392c-62d1-4dd8-9f51-7912655e675f,1776,specifications,272,1.1605159039318109e-05
3ad6392c-62d1-4dd8-9f51-7912655e675f,1776,stimulus,10907778,0.46539153843961467
3ae7e027-f42d-41ee-a3e8-0c3f23881577,1541,general,128,3.4556604557883314e-07
3ae7e027-f42d-41ee-a3e8-0c3f23881577,1541,general/subject,80,2.1597877848677072e-07
3ae7e027-f42d-41ee-a3e8-0c3f23881577,1541,other,80,2.1597877848677072e-07
3ae7e027-f42d-41ee-a3e8-0c3f23881577,1541,processing/fitting_results,370406202,0.9999984881485506
3ae7e027-f42d-41ee-a3e8-0c3f23881577,1541,specifications,272,7.343278468550205e-07
3af9e06b-064a-497f-9555-bf43287e24c8,1832,acquisition,2880384,0.9993310925396002
3af9e06b-064a-497f-9555-bf43287e24c8,1832,general,288,9.991978661574458e-05
3af9e06b-064a-497f-9555-bf43287e24c8,1832,general/intracellular_ephys,80,2.7755496282151274e-05
3af9e06b-064a-497f-9555-bf43287e24c8,1832,general/subject,96,3.3306595538581526e-05
3af9e06b-064a-497f-9555-bf43287e24c8,1832,other,80,2.7755496282151274e-05
3af9e06b-064a-497f-9555-bf43287e24c8,1832,processing/icephys,1064,0.00036914810055261194
3af9e06b-064a-497f-9555-bf43287e24c8,1832,specifications,320,0.0001110219851286051
3afaea8d-0115-47c5-82a1-e1b4a9e3ef32,1074,general,16,3.471259029199253e-09
3afaea8d-0115-47c5-82a1-e1b4a9e3ef32,1074,general/optophysiology,88,1.9091924660595892e-08
3afaea8d-0115-47c5-82a1-e1b4a9e3ef32,1074,general/subject,64,1.3885036116797012e-08
3afaea8d-0115-47c5-82a1-e1b4a9e3ef32,1074,other,80,1.7356295145996265e-08
3afaea8d-0115-47c5-82a1-e1b4a9e3ef32,1074,processing/ophys,4609278044,0.9999998767703044
3afaea8d-0115-47c5-82a1-e1b4a9e3ef32,1074,specifications,320,6.942518058398506e-08
3affb85e-ce72-4099-b4d4-a00caf5f2405,707,general,48,5.0936942611893604e-06
3affb85e-ce72-4099-b4d4-a00caf5f2405,707,general/subject,64,6.791592348252481e-06
3affb85e-ce72-4099-b4d4-a00caf5f2405,707,other,80,8.489490435315602e-06
3affb85e-ce72-4099-b4d4-a00caf5f2405,707,processing/wt:nacre: behavior left lane,4669064,0.495474677123455
3affb85e-ce72-4099-b4d4-a00caf5f2405,707,processing/wt:nacre: behavior right lane,4753776,0.5044641985454107
3affb85e-ce72-4099-b4d4-a00caf5f2405,707,scratch,64,6.791592348252481e-06
3affb85e-ce72-4099-b4d4-a00caf5f2405,707,specifications,320,3.395796174126241e-05
3b1cc8ea-9172-4cc8-9c60-1ac0b3cc7dab,1621,acquisition,19015403,0.9999671855745682
3b1cc8ea-9172-4cc8-9c60-1ac0b3cc7dab,1621,general,64,3.365582095566019e-06
3b1cc8ea-9172-4cc8-9c60-1ac0b3cc7dab,1621,general/optophysiology,80,4.206977619457524e-06
3b1cc8ea-9172-4cc8-9c60-1ac0b3cc7dab,1621,general/subject,80,4.206977619457524e-06
3b1cc8ea-9172-4cc8-9c60-1ac0b3cc7dab,1621,other,80,4.206977619457524e-06
3b1cc8ea-9172-4cc8-9c60-1ac0b3cc7dab,1621,specifications,320,1.6827910477830096e-05
3b2165e2-0482-4b98-9fc3-a07e8ef1a938,773,acquisition,83886088,0.9999896050589985
3b2165e2-0482-4b98-9fc3-a07e8ef1a938,773,general,240,2.8609929362084404e-06
3b2165e2-0482-4b98-9fc3-a07e8ef1a938,773,general/optophysiology,136,1.6212293305181162e-06
3b2165e2-0482-4b98-9fc3-a07e8ef1a938,773,general/subject,96,1.1443971744833762e-06
3b2165e2-0482-4b98-9fc3-a07e8ef1a938,773,other,80,9.536643120694802e-07
3b2165e2-0482-4b98-9fc3-a07e8ef1a938,773,specifications,320,3.814657248277921e-06
3b2d8cba-2cb1-4ee7-8aec-bba6b42bc1db,711,acquisition,8643296,0.023888213313847984
3b2d8cba-2cb1-4ee7-8aec-bba6b42bc1db,711,general,112,3.0954393915827647e-07
3b2d8cba-2cb1-4ee7-8aec-bba6b42bc1db,711,general/optophysiology,88,2.432130950529315e-07
3b2d8cba-2cb1-4ee7-8aec-bba6b42bc1db,711,general/subject,96,2.6532337642137985e-07
3b2d8cba-2cb1-4ee7-8aec-bba6b42bc1db,711,intervals,2628022,0.007263288232809036
3b2d8cba-2cb1-4ee7-8aec-bba6b42bc1db,711,other,80,2.211028136844832e-07
3b2d8cba-2cb1-4ee7-8aec-bba6b42bc1db,711,processing/eye_tracking_rig_metadata,120,3.316542205267248e-07
3b2d8cba-2cb1-4ee7-8aec-bba6b42bc1db,711,processing/licking,42384,0.0001171402706900392
3b2d8cba-2cb1-4ee7-8aec-bba6b42bc1db,711,processing/ophys,168336990,0.46524727670220883
3b2d8cba-2cb1-4ee7-8aec-bba6b42bc1db,711,processing/rewards,2375,6.563989781258095e-06
3b2d8cba-2cb1-4ee7-8aec-bba6b42bc1db,711,processing/running,11884532,0.03284629330654098
3b2d8cba-2cb1-4ee7-8aec-bba6b42bc1db,711,processing/stimulus,4321648,0.011944106656923992
3b2d8cba-2cb1-4ee7-8aec-bba6b42bc1db,711,specifications,480,1.3266168821068991e-06
3b2d8cba-2cb1-4ee7-8aec-bba6b42bc1db,711,stimulus,165962400,0.4586844200728709
3b352b8a-dcf3-46e4-a8d1-829f1af4f12e,1169,acquisition,261618,0.7936115029348865
3b352b8a-dcf3-46e4-a8d1-829f1af4f12e,1169,general,192,0.000582427082859353
3b352b8a-dcf3-46e4-a8d1-829f1af4f12e,1169,general/subject,80,0.00024267795119139706
3b352b8a-dcf3-46e4-a8d1-829f1af4f12e,1169,general/task,1065,0.0032306502252354733
3b352b8a-dcf3-46e4-a8d1-829f1af4f12e,1169,intervals,66268,0.20102228086939375
3b352b8a-dcf3-46e4-a8d1-829f1af4f12e,1169,other,80,0.00024267795119139706
3b352b8a-dcf3-46e4-a8d1-829f1af4f12e,1169,specifications,352,0.0010677829852421472
3b39fcb8-8e3f-445e-93c5-292fc95741bf,1333,general,160,0.006693440428380187
3b39fcb8-8e3f-445e-93c5-292fc95741bf,1333,general/extracellular_ephys,768,0.0321285140562249
3b39fcb8-8e3f-445e-93c5-292fc95741bf,1333,general/subject,80,0.0033467202141900937
3b39fcb8-8e3f-445e-93c5-292fc95741bf,1333,other,80,0.0033467202141900937
3b39fcb8-8e3f-445e-93c5-292fc95741bf,1333,processing/ecephys,22496,0.9410977242302544
3b39fcb8-8e3f-445e-93c5-292fc95741bf,1333,specifications,320,0.013386880856760375
3b3aec08-00f7-40e7-8053-6a5cab318a5b,1841,acquisition,13085040,0.9851700920892175
3b3aec08-00f7-40e7-8053-6a5cab318a5b,1841,general,64,4.818547432312773e-06
3b3aec08-00f7-40e7-8053-6a5cab318a5b,1841,general/intracellular_ephys,18467,0.0013903768036331245
3b3aec08-00f7-40e7-8053-6a5cab318a5b,1841,general/subject,80,6.023184290390966e-06
3b3aec08-00f7-40e7-8053-6a5cab318a5b,1841,other,80,6.023184290390966e-06
3b3aec08-00f7-40e7-8053-6a5cab318a5b,1841,specifications,320,2.4092737161563862e-05
3b3aec08-00f7-40e7-8053-6a5cab318a5b,1841,stimulus,177960,0.013398573453974704
3b4c5576-c716-40d5-98fb-9d05dbe2f0ca,1526,acquisition,34725821,0.9999838739314644
3b4c5576-c716-40d5-98fb-9d05dbe2f0ca,1526,general,64,1.8429792612135425e-06
3b4c5576-c716-40d5-98fb-9d05dbe2f0ca,1526,general/subject,96,2.7644688918203136e-06
3b4c5576-c716-40d5-98fb-9d05dbe2f0ca,1526,other,80,2.3037240765169283e-06
3b4c5576-c716-40d5-98fb-9d05dbe2f0ca,1526,specifications,320,9.214896306067713e-06
3b53d1f3-3817-476a-8e42-c13d144edd99,1871,general,192,1.630379402873544e-05
3b53d1f3-3817-476a-8e42-c13d144edd99,1871,general/subject,80,6.793247511973099e-06
3b53d1f3-3817-476a-8e42-c13d144edd99,1871,intervals,74928,0.006362555619714005
3b53d1f3-3817-476a-8e42-c13d144edd99,1871,other,80,6.793247511973099e-06
3b53d1f3-3817-476a-8e42-c13d144edd99,1871,processing/behavior,11700800,0.9935803811011854
3b53d1f3-3817-476a-8e42-c13d144edd99,1871,specifications,320,2.7172990047892396e-05
3b781a39-852a-4ae7-8897-46b92e77e5c4,1474,acquisition,7331552,0.9999148956598969
3b781a39-852a-4ae7-8897-46b92e77e5c4,1474,general,160,2.1821625667468976e-05
3b781a39-852a-4ae7-8897-46b92e77e5c4,1474,general/subject,64,8.72865026698759e-06
3b781a39-852a-4ae7-8897-46b92e77e5c4,1474,other,80,1.0910812833734488e-05
3b781a39-852a-4ae7-8897-46b92e77e5c4,1474,specifications,320,4.364325133493795e-05
3baf2a89-88bf-412a-8f4b-2c140351735e,1623,acquisition,3145146248,0.9999995370646669
3baf2a89-88bf-412a-8f4b-2c140351735e,1623,general,48,1.5261604387912715e-08
3baf2a89-88bf-412a-8f4b-2c140351735e,1623,general/optophysiology,856,2.7216527825111007e-07
3baf2a89-88bf-412a-8f4b-2c140351735e,1623,general/subject,120,3.815401096978179e-08
3baf2a89-88bf-412a-8f4b-2c140351735e,1623,other,80,2.5436007313187857e-08
3baf2a89-88bf-412a-8f4b-2c140351735e,1623,specifications,352,1.1191843217802657e-07
3bba7609-58f5-415f-832c-7fb735a07acb,469,acquisition,8532,2.336518181237488e-05
3bba7609-58f5-415f-832c-7fb735a07acb,469,general,144,3.9434906012447055e-07
3bba7609-58f5-415f-832c-7fb735a07acb,469,general/extracellular_ephys,3956,1.0833645012863927e-05
3bba7609-58f5-415f-832c-7fb735a07acb,469,general/subject,80,2.190828111802614e-07
3bba7609-58f5-415f-832c-7fb735a07acb,469,intervals,14445,3.955814009373595e-05
3bba7609-58f5-415f-832c-7fb735a07acb,469,other,96,2.628993734163137e-07
3bba7609-58f5-415f-832c-7fb735a07acb,469,specifications,320,8.763312447210456e-07
3bba7609-58f5-415f-832c-7fb735a07acb,469,stimulus,2166528,0.005933113059259368
3bba7609-58f5-415f-832c-7fb735a07acb,469,units,362964624,0.9939913773113322
3bbb1983-55e3-49cb-98e9-f70331d49e86,1832,acquisition,9094998,0.9992960427538385
3bbb1983-55e3-49cb-98e9-f70331d49e86,1832,general,272,2.988549570093848e-05
3bbb1983-55e3-49cb-98e9-f70331d49e86,1832,general/optophysiology,296,3.252245120396246e-05
3bbb1983-55e3-49cb-98e9-f70331d49e86,1832,general/subject,80,8.789851676746612e-06
3bbb1983-55e3-49cb-98e9-f70331d49e86,1832,intervals,147,1.61513524560219e-05
3bbb1983-55e3-49cb-98e9-f70331d49e86,1832,other,80,8.789851676746612e-06
3bbb1983-55e3-49cb-98e9-f70331d49e86,1832,processing/ophys,5180,0.0005691428960693431
3bbb1983-55e3-49cb-98e9-f70331d49e86,1832,specifications,352,3.8675347377685094e-05
3be73893-d864-4df6-9ea9-9070d2ce57bc,891,acquisition,381646985,0.9999984907541437
3be73893-d864-4df6-9ea9-9070d2ce57bc,891,general,80,2.0961748003939162e-07
3be73893-d864-4df6-9ea9-9070d2ce57bc,891,general/subject,96,2.5154097604727e-07
3be73893-d864-4df6-9ea9-9070d2ce57bc,891,other,80,2.0961748003939162e-07
3be73893-d864-4df6-9ea9-9070d2ce57bc,891,specifications,320,8.384699201575665e-07
3c039be0-69d8-4fce-b04d-c8a43918f3f1,1517,acquisition,36328357,0.9999845852822973
3c039be0-69d8-4fce-b04d-c8a43918f3f1,1517,general,64,1.7616820231662837e-06
3c039be0-69d8-4fce-b04d-c8a43918f3f1,1517,general/subject,96,2.6425230347494256e-06
3c039be0-69d8-4fce-b04d-c8a43918f3f1,1517,other,80,2.202102528957855e-06
3c039be0-69d8-4fce-b04d-c8a43918f3f1,1517,specifications,320,8.80841011583142e-06
3c16ec0e-6802-4897-81be-6e67ee1f9b6c,1258,acquisition,3557352,0.9684148859250999
3c16ec0e-6802-4897-81be-6e67ee1f9b6c,1258,general,112,3.0489664003902676e-05
3c16ec0e-6802-4897-81be-6e67ee1f9b6c,1258,general/fiber_photometry,184,5.009016229212583e-05
3c16ec0e-6802-4897-81be-6e67ee1f9b6c,1258,general/subject,96,2.6133997717630866e-05
3c16ec0e-6802-4897-81be-6e67ee1f9b6c,1258,intervals,115200,0.031360797261157036
3c16ec0e-6802-4897-81be-6e67ee1f9b6c,1258,other,80,2.1778331431359056e-05
3c16ec0e-6802-4897-81be-6e67ee1f9b6c,1258,specifications,352,9.582465829797984e-05
3c263a2e-9f79-418b-bdbd-073ebbf575ab,1636,acquisition,40507943,0.745460177385101
3c263a2e-9f79-418b-bdbd-073ebbf575ab,1636,general,320,5.888900770973048e-06
3c263a2e-9f79-418b-bdbd-073ebbf575ab,1636,general/extracellular_ephys,214,3.9382023905882265e-06
3c263a2e-9f79-418b-bdbd-073ebbf575ab,1636,general/localization,691,1.2716345102319927e-05
3c263a2e-9f79-418b-bdbd-073ebbf575ab,1636,general/subject,96,1.7666702312919145e-06
3c263a2e-9f79-418b-bdbd-073ebbf575ab,1636,intervals,13880,0.000255431070940956
3c263a2e-9f79-418b-bdbd-073ebbf575ab,1636,other,80,1.472225192743262e-06
3c263a2e-9f79-418b-bdbd-073ebbf575ab,1636,processing/antidromic_identification,67465,0.0012415459078553024
3c263a2e-9f79-418b-bdbd-073ebbf575ab,1636,processing/behavior,7084027,0.13036603769341842
3c263a2e-9f79-418b-bdbd-073ebbf575ab,1636,processing/ecephys,6619603,0.12181932878198595
3c263a2e-9f79-418b-bdbd-073ebbf575ab,1636,specifications,416,7.655571002264963e-06
3c263a2e-9f79-418b-bdbd-073ebbf575ab,1636,units,44778,0.0008240412460082224
3c5ebfcb-95da-4ca7-bf04-2fdef8b50664,1032,acquisition,520124,0.9989244916302402
3c5ebfcb-95da-4ca7-bf04-2fdef8b50664,1032,general,64,0.0001229152422582603
3c5ebfcb-95da-4ca7-bf04-2fdef8b50664,1032,general/subject,96,0.00018437286338739042
3c5ebfcb-95da-4ca7-bf04-2fdef8b50664,1032,other,80,0.00015364405282282536
3c5ebfcb-95da-4ca7-bf04-2fdef8b50664,1032,specifications,320,0.0006145762112913014
3c6d6c28-d7fd-4f99-810b-f66f0f28d1bc,1692,acquisition,14733005058,0.9933531742696214
3c6d6c28-d7fd-4f99-810b-f66f0f28d1bc,1692,general,240,1.618167922200337e-08
3c6d6c28-d7fd-4f99-810b-f66f0f28d1bc,1692,general/FiberPhotometry,9395,6.334453178780069e-07
3c6d6c28-d7fd-4f99-810b-f66f0f28d1bc,1692,general/optophysiology,160,1.0787786148002246e-08
3c6d6c28-d7fd-4f99-810b-f66f0f28d1bc,1692,general/subject,96,6.4726716888013475e-09
3c6d6c28-d7fd-4f99-810b-f66f0f28d1bc,1692,other,80,5.393893074001123e-09
3c6d6c28-d7fd-4f99-810b-f66f0f28d1bc,1692,processing/behavior,1035740,6.983338515582404e-05
3c6d6c28-d7fd-4f99-810b-f66f0f28d1bc,1692,processing/ophys,97536918,0.006576296330745193
3c6d6c28-d7fd-4f99-810b-f66f0f28d1bc,1692,specifications,352,2.373312952560494e-08
3c78aeb8-a15a-4390-a8ff-d0e73949ca50,1337,acquisition,38269803,0.38260272748661034
3c78aeb8-a15a-4390-a8ff-d0e73949ca50,1337,general/optophysiology,104,1.039741010911592e-06
3c78aeb8-a15a-4390-a8ff-d0e73949ca50,1337,general/subject,80,7.998007776243015e-07
3c78aeb8-a15a-4390-a8ff-d0e73949ca50,1337,other,80,7.998007776243015e-07
3c78aeb8-a15a-4390-a8ff-d0e73949ca50,1337,processing/ophys,61579954,0.615646188690859
3c78aeb8-a15a-4390-a8ff-d0e73949ca50,1337,specifications,320,3.199203110497206e-06
3c78aeb8-a15a-4390-a8ff-d0e73949ca50,1337,stimulus,174568,0.0017452452768539884
3c82ca73-7147-4a09-a1f1-4f673e49b570,1357,general,64,3.791011038950269e-05
3c82ca73-7147-4a09-a1f1-4f673e49b570,1357,general/extracellular_ephys,24576,0.014557482389569033
3c82ca73-7147-4a09-a1f1-4f673e49b570,1357,general/subject,80,4.7387637986878366e-05
3c82ca73-7147-4a09-a1f1-4f673e49b570,1357,intervals,234240,0.13875100402557985
3c82ca73-7147-4a09-a1f1-4f673e49b570,1357,other,80,4.7387637986878366e-05
3c82ca73-7147-4a09-a1f1-4f673e49b570,1357,specifications,320,0.00018955055194751346
3c82ca73-7147-4a09-a1f1-4f673e49b570,1357,units,1428844,0.8463692776465404
3c8a6405-fa8f-4aa0-8979-0c7ad13bcad4,1611,general,48,3.768228806853152e-06
3c8a6405-fa8f-4aa0-8979-0c7ad13bcad4,1611,general/extracellular_ephys,96576,0.007581676359388542
3c8a6405-fa8f-4aa0-8979-0c7ad13bcad4,1611,general/subject,96,7.536457613706304e-06
3c8a6405-fa8f-4aa0-8979-0c7ad13bcad4,1611,intervals,75776,0.005948777209752176
3c8a6405-fa8f-4aa0-8979-0c7ad13bcad4,1611,other,80,6.280381344755254e-06
3c8a6405-fa8f-4aa0-8979-0c7ad13bcad4,1611,specifications,320,2.5121525379021015e-05
3c8a6405-fa8f-4aa0-8979-0c7ad13bcad4,1611,units,12565184,0.986426839837715
3cade8bb-c0f9-43c9-b25e-b56d52a8fe1f,1517,acquisition,34148662,0.9999836013833638
3cade8bb-c0f9-43c9-b25e-b56d52a8fe1f,1517,general,64,1.874127615557391e-06
3cade8bb-c0f9-43c9-b25e-b56d52a8fe1f,1517,general/subject,96,2.8111914233360864e-06
3cade8bb-c0f9-43c9-b25e-b56d52a8fe1f,1517,other,80,2.342659519446739e-06
3cade8bb-c0f9-43c9-b25e-b56d52a8fe1f,1517,specifications,320,9.370638077786956e-06
3cc022ed-e0ce-4e43-a640-e69453f8e54b,226,general,80,1.5505600215775932e-06
3cc022ed-e0ce-4e43-a640-e69453f8e54b,226,general/subject,96,1.8606720258931118e-06
3cc022ed-e0ce-4e43-a640-e69453f8e54b,226,intervals,17040,0.00033026928459602736
3cc022ed-e0ce-4e43-a640-e69453f8e54b,226,other,80,1.5505600215775932e-06
3cc022ed-e0ce-4e43-a640-e69453f8e54b,226,processing/behavior,51576646,0.9996585666832486
3cc022ed-e0ce-4e43-a640-e69453f8e54b,226,specifications,320,6.202240086310373e-06
3cdd04f6-f1d2-4de8-8e05-d8608f842f3e,1634,general,96,0.0003268240869352071
3cdd04f6-f1d2-4de8-8e05-d8608f842f3e,1634,general/extracellular_ephys,22656,0.07713048451670888
3cdd04f6-f1d2-4de8-8e05-d8608f842f3e,1634,general/subject,128,0.00043576544924694283
3cdd04f6-f1d2-4de8-8e05-d8608f842f3e,1634,intervals,861,0.002931203529700139
3cdd04f6-f1d2-4de8-8e05-d8608f842f3e,1634,other,80,0.00027235340577933925
3cdd04f6-f1d2-4de8-8e05-d8608f842f3e,1634,specifications,352,0.0011983549854290927
3cdd04f6-f1d2-4de8-8e05-d8608f842f3e,1634,units,269563,0.9177050140262004
3ced1407-b292-4504-8fd7-d15ec8b05c8a,1465,acquisition,14685908,0.680782965577968
3ced1407-b292-4504-8fd7-d15ec8b05c8a,1465,general,330,1.5297547733564003e-05
3ced1407-b292-4504-8fd7-d15ec8b05c8a,1465,general/intracellular_ephys,1208,5.5998295945894894e-05
3ced1407-b292-4504-8fd7-d15ec8b05c8a,1465,general/labnotebook,1806316,0.08373395524818301
3ced1407-b292-4504-8fd7-d15ec8b05c8a,1465,general/results,104514,0.004844872435835479
3ced1407-b292-4504-8fd7-d15ec8b05c8a,1465,general/stimsets,375747,0.017418205055283253
3ced1407-b292-4504-8fd7-d15ec8b05c8a,1465,general/subject,80,3.70849642025794e-06
3ced1407-b292-4504-8fd7-d15ec8b05c8a,1465,general/testpulse,3300978,0.15302081370437767
3ced1407-b292-4504-8fd7-d15ec8b05c8a,1465,general/user_comment,14,6.489868735451395e-07
3ced1407-b292-4504-8fd7-d15ec8b05c8a,1465,intervals,167896,0.007783021437195338
3ced1407-b292-4504-8fd7-d15ec8b05c8a,1465,other,106,4.91375775684177e-06
3ced1407-b292-4504-8fd7-d15ec8b05c8a,1465,processing/spikes,2354,0.00010912250716608988
3ced1407-b292-4504-8fd7-d15ec8b05c8a,1465,specifications,288,1.3350587112928584e-05
3ced1407-b292-4504-8fd7-d15ec8b05c8a,1465,stimulus,1126346,0.052213126362148116
3cfc7afe-a850-4f17-b09e-bc06f6676ad8,408,acquisition,1820,0.741042345276873
3cfc7afe-a850-4f17-b09e-bc06f6676ad8,408,general,48,0.019543973941368076
3cfc7afe-a850-4f17-b09e-bc06f6676ad8,408,general/extracellular_ephys,108,0.043973941368078175
3cfc7afe-a850-4f17-b09e-bc06f6676ad8,408,general/subject,80,0.03257328990228013
3cfc7afe-a850-4f17-b09e-bc06f6676ad8,408,other,80,0.03257328990228013
3cfc7afe-a850-4f17-b09e-bc06f6676ad8,408,specifications,320,0.13029315960912052
3d0952dd-3b0b-4ea2-9bca-5ecef0b19af6,1855,acquisition,15835742,0.6828273497075148
3d0952dd-3b0b-4ea2-9bca-5ecef0b19af6,1855,general,330,1.4229394833755177e-05
3d0952dd-3b0b-4ea2-9bca-5ecef0b19af6,1855,general/intracellular_ephys,1191,5.135517953637096e-05
3d0952dd-3b0b-4ea2-9bca-5ecef0b19af6,1855,general/labnotebook,1788014,0.07709805204327858
3d0952dd-3b0b-4ea2-9bca-5ecef0b19af6,1855,general/results,99850,0.004305469921668044
3d0952dd-3b0b-4ea2-9bca-5ecef0b19af6,1855,general/stimsets,428994,0.018497954567612027
3d0952dd-3b0b-4ea2-9bca-5ecef0b19af6,1855,general/subject,80,3.4495502627285277e-06
3d0952dd-3b0b-4ea2-9bca-5ecef0b19af6,1855,general/testpulse,3043192,0.13122054703916694
3d0952dd-3b0b-4ea2-9bca-5ecef0b19af6,1855,general/user_comment,14,6.036712959774924e-07
3d0952dd-3b0b-4ea2-9bca-5ecef0b19af6,1855,intervals,399395,0.017221664089780753
3d0952dd-3b0b-4ea2-9bca-5ecef0b19af6,1855,other,106,4.570654098115299e-06
3d0952dd-3b0b-4ea2-9bca-5ecef0b19af6,1855,processing/spikes,794,3.4236786357580636e-05
3d0952dd-3b0b-4ea2-9bca-5ecef0b19af6,1855,specifications,288,1.24183809458227e-05
3d0952dd-3b0b-4ea2-9bca-5ecef0b19af6,1855,stimulus,1593439,0.06870809901364854
3d13c63f-c8e8-499a-8ada-6c3517f37b49,1865,acquisition,2929334,0.15821871121274939
3d13c63f-c8e8-499a-8ada-6c3517f37b49,1865,general,160,8.641893957479722e-06
3d13c63f-c8e8-499a-8ada-6c3517f37b49,1865,general/optophysiology,256,1.3827030331967554e-05
3d13c63f-c8e8-499a-8ada-6c3517f37b49,1865,general/subject,128,6.913515165983777e-06
3d13c63f-c8e8-499a-8ada-6c3517f37b49,1865,other,80,4.320946978739861e-06
3d13c63f-c8e8-499a-8ada-6c3517f37b49,1865,processing/brightness_binned_fluorescence,3960000,0.2138868754476231
3d13c63f-c8e8-499a-8ada-6c3517f37b49,1865,processing/ophys,9259142,0.5001032706327919
3d13c63f-c8e8-499a-8ada-6c3517f37b49,1865,processing/predicted_fluorescence,2365040,0.1277401555324865
3d13c63f-c8e8-499a-8ada-6c3517f37b49,1865,specifications,320,1.7283787914959443e-05
3d35ecb2-a5fe-4385-9009-d51617fafeb5,1273,acquisition,58311318,0.999990396467766
3d35ecb2-a5fe-4385-9009-d51617fafeb5,1273,general,64,1.0975465410323433e-06
3d35ecb2-a5fe-4385-9009-d51617fafeb5,1273,general/subject,96,1.646319811548515e-06
3d35ecb2-a5fe-4385-9009-d51617fafeb5,1273,other,80,1.3719331762904292e-06
3d35ecb2-a5fe-4385-9009-d51617fafeb5,1273,specifications,320,5.487732705161717e-06
3d47efe9-5dc3-4c5e-8764-9801c0d5b2c2,1258,acquisition,3062552,0.941656130546222
3d47efe9-5dc3-4c5e-8764-9801c0d5b2c2,1258,general,112,3.443712518878924e-05
3d47efe9-5dc3-4c5e-8764-9801c0d5b2c2,1258,general/fiber_photometry,184,5.657527709586804e-05
3d47efe9-5dc3-4c5e-8764-9801c0d5b2c2,1258,general/subject,96,2.9517535876105062e-05
3d47efe9-5dc3-4c5e-8764-9801c0d5b2c2,1258,intervals,188928,0.058090510604174764
3d47efe9-5dc3-4c5e-8764-9801c0d5b2c2,1258,other,80,2.4597946563420885e-05
3d47efe9-5dc3-4c5e-8764-9801c0d5b2c2,1258,specifications,352,0.0001082309648790519
3d4a9f9c-2160-498a-894b-0548a3c4e10c,341,acquisition,2111548976,0.6666655048044103
3d4a9f9c-2160-498a-894b-0548a3c4e10c,341,general,160,5.051575027673223e-08
3d4a9f9c-2160-498a-894b-0548a3c4e10c,341,general/intracellular_ephys,7304,2.306044000132826e-06
3d4a9f9c-2160-498a-894b-0548a3c4e10c,341,general/subject,80,2.5257875138366114e-08
3d4a9f9c-2160-498a-894b-0548a3c4e10c,341,other,80,2.5257875138366114e-08
3d4a9f9c-2160-498a-894b-0548a3c4e10c,341,specifications,320,1.0103150055346446e-07
3d4a9f9c-2160-498a-894b-0548a3c4e10c,341,stimulus,1055772064,0.33333198708858847
3d4ad5ba-4d67-4a72-90be-6179dbf98891,1767,acquisition,862208,0.18065629463590718
3d4ad5ba-4d67-4a72-90be-6179dbf98891,1767,general,96,2.0114640881373277e-05
3d4ad5ba-4d67-4a72-90be-6179dbf98891,1767,general/subject,64,1.3409760587582184e-05
3d4ad5ba-4d67-4a72-90be-6179dbf98891,1767,intervals,29859,0.006256281896634632
3d4ad5ba-4d67-4a72-90be-6179dbf98891,1767,other,96,2.0114640881373277e-05
3d4ad5ba-4d67-4a72-90be-6179dbf98891,1767,processing/behavior,2155632,0.45166420367079624
3d4ad5ba-4d67-4a72-90be-6179dbf98891,1767,processing/ophys,1724416,0.36131258927181437
3d4ad5ba-4d67-4a72-90be-6179dbf98891,1767,specifications,272,5.699148249722429e-05
3d5cde3a-4bff-436d-8cb0-2f3c8cda1c31,769,acquisition,13457755,0.741052664154303
3d5cde3a-4bff-436d-8cb0-2f3c8cda1c31,769,general,329,1.8116418860855e-05
3d5cde3a-4bff-436d-8cb0-2f3c8cda1c31,769,general/intracellular_ephys,720,3.964687410278298e-05
3d5cde3a-4bff-436d-8cb0-2f3c8cda1c31,769,general/labnotebook,1358584,0.07481056778618793
3d5cde3a-4bff-436d-8cb0-2f3c8cda1c31,769,general/results,55463,0.0030540758032814616
3d5cde3a-4bff-436d-8cb0-2f3c8cda1c31,769,general/stimsets,374922,0.020645118517171667
3d5cde3a-4bff-436d-8cb0-2f3c8cda1c31,769,general/subject,80,4.4052082336425536e-06
3d5cde3a-4bff-436d-8cb0-2f3c8cda1c31,769,general/testpulse,2259218,0.12440407168991828
3d5cde3a-4bff-436d-8cb0-2f3c8cda1c31,769,general/user_comment,14,7.709114408874468e-07
3d5cde3a-4bff-436d-8cb0-2f3c8cda1c31,769,intervals,64993,0.003578846234114131
3d5cde3a-4bff-436d-8cb0-2f3c8cda1c31,769,other,104,5.7267707037353196e-06
3d5cde3a-4bff-436d-8cb0-2f3c8cda1c31,769,processing/spikes,10896,0.0005999893614221158
3d5cde3a-4bff-436d-8cb0-2f3c8cda1c31,769,specifications,288,1.5858749641113192e-05
3d5cde3a-4bff-436d-8cb0-2f3c8cda1c31,769,stimulus,576956,0.03177014152061841
3d8393b8-0b21-489d-98eb-66e69c4c143c,1683,acquisition,625213960,0.9999773138811231
3d8393b8-0b21-489d-98eb-66e69c4c143c,1683,general,112,1.7913461042150399e-07
3d8393b8-0b21-489d-98eb-66e69c4c143c,1683,general/extracellular_ephys,5632,9.007911838338487e-06
3d8393b8-0b21-489d-98eb-66e69c4c143c,1683,general/subject,80,1.2795329315821714e-07
3d8393b8-0b21-489d-98eb-66e69c4c143c,1683,intervals,7960,1.2731352669242605e-05
3d8393b8-0b21-489d-98eb-66e69c4c143c,1683,other,80,1.2795329315821714e-07
3d8393b8-0b21-489d-98eb-66e69c4c143c,1683,specifications,320,5.118131726328685e-07
3db97c1a-d764-45b0-a552-131ca41b0778,351,acquisition,1858440696,0.9966857470816636
3db97c1a-d764-45b0-a552-131ca41b0778,351,general,48,2.574250335934306e-08
3db97c1a-d764-45b0-a552-131ca41b0778,351,general/subject,96,5.148500671868612e-08
3db97c1a-d764-45b0-a552-131ca41b0778,351,other,80,4.290417226557176e-08
3db97c1a-d764-45b0-a552-131ca41b0778,351,processing/photometry,6179216,0.0033139268466272163
3db97c1a-d764-45b0-a552-131ca41b0778,351,specifications,384,2.0594002687474447e-07
3e05c983-7171-4218-a826-ef56b52eb2ca,409,general,80,1.3415812676402844e-07
3e05c983-7171-4218-a826-ef56b52eb2ca,409,general/extracellular_ephys,15603,2.6165865648739198e-05
3e05c983-7171-4218-a826-ef56b52eb2ca,409,general/ibl_metadata,16,2.6831625352805688e-08
3e05c983-7171-4218-a826-ef56b52eb2ca,409,general/ibl_probe_insertion_trajectories,315,5.28247624133362e-07
3e05c983-7171-4218-a826-ef56b52eb2ca,409,general/localization,15196,2.54833361788272e-05
3e05c983-7171-4218-a826-ef56b52eb2ca,409,general/subject,128,2.146530028224455e-07
3e05c983-7171-4218-a826-ef56b52eb2ca,409,intervals,60462,0.0001013933582550836
3e05c983-7171-4218-a826-ef56b52eb2ca,409,other,80,1.3415812676402844e-07
3e05c983-7171-4218-a826-ef56b52eb2ca,409,processing/lick_times,329650,0.0005528153310970247
3e05c983-7171-4218-a826-ef56b52eb2ca,409,processing/motion_energy,9890039,0.016585363823289814
3e05c983-7171-4218-a826-ef56b52eb2ca,409,processing/passive_protocol,9032,1.514645251165881e-05
3e05c983-7171-4218-a826-ef56b52eb2ca,409,processing/pose_estimation,181672896,0.30466119263945196
3e05c983-7171-4218-a826-ef56b52eb2ca,409,processing/pupil,24990608,0.04190866444967679
3e05c983-7171-4218-a826-ef56b52eb2ca,409,processing/wheel,97755121,0.16393304893688673
3e05c983-7171-4218-a826-ef56b52eb2ca,409,specifications,448,7.512855098785593e-07
3e05c983-7171-4218-a826-ef56b52eb2ca,409,units,281571574,0.47218893647298765
3e26f31d-c62b-499f-9cff-ac7e73518d17,1637,acquisition,5309440,0.00047007873910515194
3e26f31d-c62b-499f-9cff-ac7e73518d17,1637,general,32,2.833165013893153e-09
3e26f31d-c62b-499f-9cff-ac7e73518d17,1637,general/extracellular_ephys,345600,3.059818215004605e-05
3e26f31d-c62b-499f-9cff-ac7e73518d17,1637,general/subject,96,8.499495041679458e-09
3e26f31d-c62b-499f-9cff-ac7e73518d17,1637,intervals,15637015,0.0013844451193663263
3e26f31d-c62b-499f-9cff-ac7e73518d17,1637,other,80,7.082912534732882e-09
3e26f31d-c62b-499f-9cff-ac7e73518d17,1637,processing/ecephys,6763214640,0.5987907218593117
3e26f31d-c62b-499f-9cff-ac7e73518d17,1637,processing/eye_tracking,88717629,0.007854740081198517
3e26f31d-c62b-499f-9cff-ac7e73518d17,1637,processing/running,5309184,0.0004700560737850408
3e26f31d-c62b-499f-9cff-ac7e73518d17,1637,processing/stimulus,632848,5.603008789725794e-05
3e26f31d-c62b-499f-9cff-ac7e73518d17,1637,specifications,640,5.6663300277863056e-08
3e26f31d-c62b-499f-9cff-ac7e73518d17,1637,units,4415621431,0.3909432547783131
3e37773b-1047-44f5-8790-985b416604f7,946,general,64,4.299064416106445e-05
3e37773b-1047-44f5-8790-985b416604f7,946,general/extracellular_ephys,3072,0.0020635509197310937
3e37773b-1047-44f5-8790-985b416604f7,946,general/subject,80,5.3738305201330564e-05
3e37773b-1047-44f5-8790-985b416604f7,946,intervals,10608,0.007125699269696432
3e37773b-1047-44f5-8790-985b416604f7,946,other,80,5.3738305201330564e-05
3e37773b-1047-44f5-8790-985b416604f7,946,specifications,320,0.00021495322080532226
3e37773b-1047-44f5-8790-985b416604f7,946,units,1474472,0.9904453293352035
3e44dd0f-4a00-444e-b432-a5d38cd77eab,1525,acquisition,34094711,0.9999835754348455
3e44dd0f-4a00-444e-b432-a5d38cd77eab,1525,general,64,1.877093160514841e-06
3e44dd0f-4a00-444e-b432-a5d38cd77eab,1525,general/subject,96,2.8156397407722615e-06
3e44dd0f-4a00-444e-b432-a5d38cd77eab,1525,other,80,2.3463664506435512e-06
3e44dd0f-4a00-444e-b432-a5d38cd77eab,1525,specifications,320,9.385465802574205e-06
3e755f46-a929-48b4-a9a1-e14b89aff0dc,946,general,64,4.8367886141996024e-05
3e755f46-a929-48b4-a9a1-e14b89aff0dc,946,general/extracellular_ephys,3072,0.002321658534815809
3e755f46-a929-48b4-a9a1-e14b89aff0dc,946,general/subject,80,6.045985767749503e-05
3e755f46-a929-48b4-a9a1-e14b89aff0dc,946,intervals,12000,0.009068978651624255
3e755f46-a929-48b4-a9a1-e14b89aff0dc,946,other,80,6.045985767749503e-05
3e755f46-a929-48b4-a9a1-e14b89aff0dc,946,specifications,320,0.00024183943070998012
3e755f46-a929-48b4-a9a1-e14b89aff0dc,946,units,1307576,0.988198235781353
3e7966b1-9ccc-4794-81d7-26bc2d479bf9,239,general,48,0.0002387893380560558
3e7966b1-9ccc-4794-81d7-26bc2d479bf9,239,general/subject,96,0.0004775786761121116
3e7966b1-9ccc-4794-81d7-26bc2d479bf9,239,intervals,200470,0.9972937208353647
3e7966b1-9ccc-4794-81d7-26bc2d479bf9,239,other,80,0.0003979822300934263
3e7966b1-9ccc-4794-81d7-26bc2d479bf9,239,specifications,320,0.0015919289203737052
3e93b377-803a-4fe8-89d7-a1e405f3eb4c,579,acquisition,166812400,0.1447139806671011
3e93b377-803a-4fe8-89d7-a1e405f3eb4c,579,general,256,2.220864818849071e-07
3e93b377-803a-4fe8-89d7-a1e405f3eb4c,579,general/optophysiology,456,3.955915458574908e-07
3e93b377-803a-4fe8-89d7-a1e405f3eb4c,579,general/subject,112,9.716283582464685e-08
3e93b377-803a-4fe8-89d7-a1e405f3eb4c,579,intervals,176748,0.00015333336523513108
3e93b377-803a-4fe8-89d7-a1e405f3eb4c,579,other,80,6.940202558903347e-08
3e93b377-803a-4fe8-89d7-a1e405f3eb4c,579,processing/behavior,18088832,0.015692519766746592
3e93b377-803a-4fe8-89d7-a1e405f3eb4c,579,processing/ophys,967624872,0.8394390765891154
3e93b377-803a-4fe8-89d7-a1e405f3eb4c,579,specifications,352,3.053689125917473e-07
3eaf28b9-b745-439b-a956-c1e3b6d137d5,623,acquisition,19296,1.627268167769378e-05
3eaf28b9-b745-439b-a956-c1e3b6d137d5,623,general,192,1.6191723062381872e-07
3eaf28b9-b745-439b-a956-c1e3b6d137d5,623,general/extracellular_ephys,22320,1.8822878060018927e-05
3eaf28b9-b745-439b-a956-c1e3b6d137d5,623,general/subject,80,6.746551275992447e-08
3eaf28b9-b745-439b-a956-c1e3b6d137d5,623,intervals,3608,3.0426946254725935e-06
3eaf28b9-b745-439b-a956-c1e3b6d137d5,623,other,80,6.746551275992447e-08
3eaf28b9-b745-439b-a956-c1e3b6d137d5,623,processing/behavior,18382952,0.015502691034013487
3eaf28b9-b745-439b-a956-c1e3b6d137d5,623,processing/ecephys,1166329975,0.9835881226330611
3eaf28b9-b745-439b-a956-c1e3b6d137d5,623,specifications,320,2.698620510396979e-07
3eaf28b9-b745-439b-a956-c1e3b6d137d5,623,stimulus,287304,0.00024228889597471674
3eaf28b9-b745-439b-a956-c1e3b6d137d5,623,units,744905,0.0006281924722803941
3eb6d09d-6696-4149-be0b-d4d035050fff,1461,acquisition,7137545,0.004511789030659114
3eb6d09d-6696-4149-be0b-d4d035050fff,1461,general,32,2.0227858315582128e-08
3eb6d09d-6696-4149-be0b-d4d035050fff,1461,general/optophysiology,856,5.41095209941822e-07
3eb6d09d-6696-4149-be0b-d4d035050fff,1461,general/subject,96,6.068357494674639e-08
3eb6d09d-6696-4149-be0b-d4d035050fff,1461,intervals,748644,0.00047323327377533334
3eb6d09d-6696-4149-be0b-d4d035050fff,1461,other,80,5.0569645788955324e-08
3eb6d09d-6696-4149-be0b-d4d035050fff,1461,processing/VISal_6,271778540,0.17179680626049282
3eb6d09d-6696-4149-be0b-d4d035050fff,1461,processing/VISal_7,113085492,0.07148366592887176
3eb6d09d-6696-4149-be0b-d4d035050fff,1461,processing/VISl_2,279159612,0.1764625337177775
3eb6d09d-6696-4149-be0b-d4d035050fff,1461,processing/VISl_3,127847636,0.08081512084344115
3eb6d09d-6696-4149-be0b-d4d035050fff,1461,processing/VISp_0,258861664,0.1636317832102446
3eb6d09d-6696-4149-be0b-d4d035050fff,1461,processing/VISp_1,100168616,0.06331864287862353
3eb6d09d-6696-4149-be0b-d4d035050fff,1461,processing/VISrl_4,303148096,0.1916261479539528
3eb6d09d-6696-4149-be0b-d4d035050fff,1461,processing/VISrl_5,114930760,0.07265009779319294
3eb6d09d-6696-4149-be0b-d4d035050fff,1461,processing/running,5031660,0.003180615799130687
3eb6d09d-6696-4149-be0b-d4d035050fff,1461,processing/stimulus,76784,4.853674602823932e-05
3eb6d09d-6696-4149-be0b-d4d035050fff,1461,specifications,560,3.5398752052268726e-07
3ebbe726-ccad-44ef-843a-693e4aa29890,1051,acquisition,2691992856,0.9989927461912549
3ebbe726-ccad-44ef-843a-693e4aa29890,1051,general,32,1.1875131023052075e-08
3ebbe726-ccad-44ef-843a-693e4aa29890,1051,general/extracellular_ephys,9374,3.478671194065317e-06
3ebbe726-ccad-44ef-843a-693e4aa29890,1051,general/subject,96,3.562539306915622e-08
3ebbe726-ccad-44ef-843a-693e4aa29890,1051,other,80,2.9687827557630187e-08
3ebbe726-ccad-44ef-843a-693e4aa29890,1051,processing/current_source_density,2704224,0.0010035316973650617
3ebbe726-ccad-44ef-843a-693e4aa29890,1051,specifications,448,1.6625183432272906e-07
3ec68666-cca7-4f4d-9e65-05c908b24bf3,1261,acquisition,2240560,0.49994287795160336
3ec68666-cca7-4f4d-9e65-05c908b24bf3,1261,general,192,4.284153629749163e-05
3ec68666-cca7-4f4d-9e65-05c908b24bf3,1261,general/intracellular_ephys,480,0.00010710384074372907
3ec68666-cca7-4f4d-9e65-05c908b24bf3,1261,general/subject,80,1.7850640123954846e-05
3ec68666-cca7-4f4d-9e65-05c908b24bf3,1261,other,96,2.1420768148745815e-05
3ec68666-cca7-4f4d-9e65-05c908b24bf3,1261,stimulus,2240224,0.4998679052630827
3ed61fa5-2c1d-4464-89e2-71bfe95e3512,1676,acquisition,5444872,0.028732532953322537
3ed61fa5-2c1d-4464-89e2-71bfe95e3512,1676,general,128,6.754546696460972e-07
3ed61fa5-2c1d-4464-89e2-71bfe95e3512,1676,general/optophysiology,128,6.754546696460972e-07
3ed61fa5-2c1d-4464-89e2-71bfe95e3512,1676,general/subject,96,5.065910022345729e-07
3ed61fa5-2c1d-4464-89e2-71bfe95e3512,1676,other,80,4.221591685288108e-07
3ed61fa5-2c1d-4464-89e2-71bfe95e3512,1676,processing/ophys,184009168,0.9710144670569781
3ed61fa5-2c1d-4464-89e2-71bfe95e3512,1676,scratch,47192,0.00024903169351514547
3ed61fa5-2c1d-4464-89e2-71bfe95e3512,1676,specifications,320,1.6886366741152431e-06
3edd8110-467a-449e-8082-b277c3719b61,226,general,80,1.5353004728878986e-06
3edd8110-467a-449e-8082-b277c3719b61,226,general/subject,96,1.8423605674654784e-06
3edd8110-467a-449e-8082-b277c3719b61,226,intervals,17040,0.0003270190007251224
3edd8110-467a-449e-8082-b277c3719b61,226,other,80,1.5353004728878986e-06
3edd8110-467a-449e-8082-b277c3719b61,226,processing/behavior,52058989,0.9990773803720739
3edd8110-467a-449e-8082-b277c3719b61,226,specifications,320,6.1412018915515946e-06
3edd8110-467a-449e-8082-b277c3719b61,226,units,30459,0.0005845464637961563
3ee9b220-0bae-4058-bdc7-f7896b0b3f61,1074,general,16,5.4016998320210445e-09
3ee9b220-0bae-4058-bdc7-f7896b0b3f61,1074,general/optophysiology,88,2.9709349076115744e-08
3ee9b220-0bae-4058-bdc7-f7896b0b3f61,1074,general/subject,64,2.1606799328084178e-08
3ee9b220-0bae-4058-bdc7-f7896b0b3f61,1074,other,80,2.7008499160105224e-08
3ee9b220-0bae-4058-bdc7-f7896b0b3f61,1074,processing/ophys,2962029996,0.999999808239656
3ee9b220-0bae-4058-bdc7-f7896b0b3f61,1074,specifications,320,1.080339966404209e-07
3f00ab27-5f18-411c-81a0-631febda0588,889,acquisition,104397,0.0029814435787855397
3f00ab27-5f18-411c-81a0-631febda0588,889,general,48,1.3708180482361171e-06
3f00ab27-5f18-411c-81a0-631febda0588,889,general/subject,64,1.827757397648156e-06
3f00ab27-5f18-411c-81a0-631febda0588,889,other,80,2.284696747060195e-06
3f00ab27-5f18-411c-81a0-631febda0588,889,processing/Experimental information,12006336,0.3428854600413964
3f00ab27-5f18-411c-81a0-631febda0588,889,processing/Recorded behavior data,10897975,0.3112321004005416
3f00ab27-5f18-411c-81a0-631febda0588,889,scratch,32,9.13878698824078e-07
3f00ab27-5f18-411c-81a0-631febda0588,889,specifications,320,9.13878698824078e-06
3f00ab27-5f18-411c-81a0-631febda0588,889,stimulus,12006336,0.3428854600413964
3f0b8c28-bf1b-4cb8-a4d7-b0d5a1c07831,1515,acquisition,25394105,0.9999779481241434
3f0b8c28-bf1b-4cb8-a4d7-b0d5a1c07831,1515,general,64,2.5202143836116757e-06
3f0b8c28-bf1b-4cb8-a4d7-b0d5a1c07831,1515,general/subject,96,3.780321575417514e-06
3f0b8c28-bf1b-4cb8-a4d7-b0d5a1c07831,1515,other,80,3.150267979514595e-06
3f0b8c28-bf1b-4cb8-a4d7-b0d5a1c07831,1515,specifications,320,1.260107191805838e-05
3f133ded-2ba0-4744-b4a0-29bac6760e20,8,acquisition,8315232,0.9928405240523384
3f133ded-2ba0-4744-b4a0-29bac6760e20,8,general,80,9.552017541325014e-06
3f133ded-2ba0-4744-b4a0-29bac6760e20,8,general/DandiIcephysMetadata,192,2.2924842099180032e-05
3f133ded-2ba0-4744-b4a0-29bac6760e20,8,general/intracellular_ephys,3355,0.00040058773563931774
3f133ded-2ba0-4744-b4a0-29bac6760e20,8,general/subject,112,1.3372824557855017e-05
3f133ded-2ba0-4744-b4a0-29bac6760e20,8,other,80,9.552017541325014e-06
3f133ded-2ba0-4744-b4a0-29bac6760e20,8,specifications,320,3.8208070165300054e-05
3f133ded-2ba0-4744-b4a0-29bac6760e20,8,stimulus,55823,0.006665278440117327
3f19f8e9-4ae8-4bf3-884a-dbc838500d81,1464,acquisition,17792092,0.672993193619882
3f19f8e9-4ae8-4bf3-884a-dbc838500d81,1464,general,330,1.248238565170195e-05
3f19f8e9-4ae8-4bf3-884a-dbc838500d81,1464,general/intracellular_ephys,2352,8.896536682667572e-05
3f19f8e9-4ae8-4bf3-884a-dbc838500d81,1464,general/labnotebook,4772419,0.18051871045305992
3f19f8e9-4ae8-4bf3-884a-dbc838500d81,1464,general/results,200782,0.007594661684606124
3f19f8e9-4ae8-4bf3-884a-dbc838500d81,1464,general/stimsets,663449,0.025095231146169718
3f19f8e9-4ae8-4bf3-884a-dbc838500d81,1464,general/subject,80,3.026032885261079e-06
3f19f8e9-4ae8-4bf3-884a-dbc838500d81,1464,general/testpulse,2103905,0.07958107146831513
3f19f8e9-4ae8-4bf3-884a-dbc838500d81,1464,general/user_comment,14,5.295557549206888e-07
3f19f8e9-4ae8-4bf3-884a-dbc838500d81,1464,intervals,82651,0.003126308049996418
3f19f8e9-4ae8-4bf3-884a-dbc838500d81,1464,other,108,4.0851443951024565e-06
3f19f8e9-4ae8-4bf3-884a-dbc838500d81,1464,processing/spikes,9076,0.0003433034308328694
3f19f8e9-4ae8-4bf3-884a-dbc838500d81,1464,specifications,288,1.0893718386939885e-05
3f19f8e9-4ae8-4bf3-884a-dbc838500d81,1464,stimulus,809708,0.03062753794323722
3f2bd85d-364e-4495-a93d-f67b15cc9bd2,1337,acquisition,14683727,0.15064897067156577
3f2bd85d-364e-4495-a93d-f67b15cc9bd2,1337,general/optophysiology,104,1.066997019887583e-06
3f2bd85d-364e-4495-a93d-f67b15cc9bd2,1337,general/subject,80,8.207669383750638e-07
3f2bd85d-364e-4495-a93d-f67b15cc9bd2,1337,other,80,8.207669383750638e-07
3f2bd85d-364e-4495-a93d-f67b15cc9bd2,1337,processing/ophys,82612630,0.8475714424526494
3f2bd85d-364e-4495-a93d-f67b15cc9bd2,1337,specifications,320,3.2830677535002553e-06
3f2bd85d-364e-4495-a93d-f67b15cc9bd2,1337,stimulus,172872,0.0017735952771346754
3f4a4198-aadd-4a61-a9d0-c01916251444,959,acquisition,9630592,0.9882622594452772
3f4a4198-aadd-4a61-a9d0-c01916251444,959,general,32,3.2837433360533674e-06
3f4a4198-aadd-4a61-a9d0-c01916251444,959,general/subject,80,8.209358340133418e-06
3f4a4198-aadd-4a61-a9d0-c01916251444,959,intervals,113872,0.011685200661345908
3f4a4198-aadd-4a61-a9d0-c01916251444,959,other,80,8.209358340133418e-06
3f4a4198-aadd-4a61-a9d0-c01916251444,959,scratch,48,4.925615004080051e-06
3f4a4198-aadd-4a61-a9d0-c01916251444,959,specifications,272,2.7911818356453625e-05
3f639964-57bc-499f-a7d9-66cef76ad932,1464,acquisition,19663286,0.5093527413168899
3f639964-57bc-499f-a7d9-66cef76ad932,1464,general,330,8.548235764590602e-06
3f639964-57bc-499f-a7d9-66cef76ad932,1464,general/intracellular_ephys,1942,5.030507228737863e-05
3f639964-57bc-499f-a7d9-66cef76ad932,1464,general/labnotebook,13012992,0.3370852230870648
3f639964-57bc-499f-a7d9-66cef76ad932,1464,general/results,219973,0.005698124441952389
3f639964-57bc-499f-a7d9-66cef76ad932,1464,general/stimsets,401177,0.010391986604033829
3f639964-57bc-499f-a7d9-66cef76ad932,1464,general/subject,80,2.072299579294691e-06
3f639964-57bc-499f-a7d9-66cef76ad932,1464,general/testpulse,3807360,0.09862488157779295
3f639964-57bc-499f-a7d9-66cef76ad932,1464,general/user_comment,14,3.62652426376571e-07
3f639964-57bc-499f-a7d9-66cef76ad932,1464,intervals,138161,0.003578887277186673
3f639964-57bc-499f-a7d9-66cef76ad932,1464,other,108,2.7976044320478333e-06
3f639964-57bc-499f-a7d9-66cef76ad932,1464,processing/spikes,10294,0.0002666531483657444
3f639964-57bc-499f-a7d9-66cef76ad932,1464,specifications,288,7.4602784854608886e-06
3f639964-57bc-499f-a7d9-66cef76ad932,1464,stimulus,1348452,0.03492995640373856
3fc3e701-a5fb-471c-8d41-0371867e1c1a,769,acquisition,13787772,0.5862448060691542
3fc3e701-a5fb-471c-8d41-0371867e1c1a,769,general,330,1.4031330515388628e-05
3fc3e701-a5fb-471c-8d41-0371867e1c1a,769,general/intracellular_ephys,1667,7.087947869440255e-05
3fc3e701-a5fb-471c-8d41-0371867e1c1a,769,general/labnotebook,3505889,0.149067537300804
3fc3e701-a5fb-471c-8d41-0371867e1c1a,769,general/results,86496,0.0036777392856334992
3fc3e701-a5fb-471c-8d41-0371867e1c1a,769,general/stimsets,321660,0.013676720525999716
3fc3e701-a5fb-471c-8d41-0371867e1c1a,769,general/subject,80,3.401534670397243e-06
3fc3e701-a5fb-471c-8d41-0371867e1c1a,769,general/testpulse,5004090,0.21276982035985176
3fc3e701-a5fb-471c-8d41-0371867e1c1a,769,general/user_comment,14,5.952685673195175e-07
3fc3e701-a5fb-471c-8d41-0371867e1c1a,769,intervals,53562,0.0022774125001977143
3fc3e701-a5fb-471c-8d41-0371867e1c1a,769,other,104,4.421995071516416e-06
3fc3e701-a5fb-471c-8d41-0371867e1c1a,769,processing/spikes,378,1.6072251317626975e-05
3fc3e701-a5fb-471c-8d41-0371867e1c1a,769,specifications,288,1.2245524813430075e-05
3fc3e701-a5fb-471c-8d41-0371867e1c1a,769,stimulus,756466,0.032164316574709015
3fe14f77-ad6e-4f64-a970-dc240bb87d0a,1751,acquisition,22534400,0.9937267646517194
3fe14f77-ad6e-4f64-a970-dc240bb87d0a,1751,general,112,4.93899982431272e-06
3fe14f77-ad6e-4f64-a970-dc240bb87d0a,1751,general/intracellular_ephys,896,3.951199859450176e-05
3fe14f77-ad6e-4f64-a970-dc240bb87d0a,1751,general/subject,80,3.527857017366229e-06
3fe14f77-ad6e-4f64-a970-dc240bb87d0a,1751,other,80,3.527857017366229e-06
3fe14f77-ad6e-4f64-a970-dc240bb87d0a,1751,specifications,272,1.1994713859045178e-05
3fe14f77-ad6e-4f64-a970-dc240bb87d0a,1751,stimulus,140816,0.006209733921968036
3ffaeacb-1a44-46a1-9597-64bf7a8dfbcb,563,acquisition,1322668043,0.9999936885544667
3ffaeacb-1a44-46a1-9597-64bf7a8dfbcb,563,general,48,3.629005577374065e-08
3ffaeacb-1a44-46a1-9597-64bf7a8dfbcb,563,general/extracellular_ephys,7740,5.851771493515681e-06
3ffaeacb-1a44-46a1-9597-64bf7a8dfbcb,563,general/subject,96,7.25801115474813e-08
3ffaeacb-1a44-46a1-9597-64bf7a8dfbcb,563,other,80,6.048342628956775e-08
3ffaeacb-1a44-46a1-9597-64bf7a8dfbcb,563,specifications,384,2.903204461899252e-07
4014e3cb-a74b-404f-a04e-c41ed988152a,1702,general,192,0.27906976744186046
4014e3cb-a74b-404f-a04e-c41ed988152a,1702,general/subject,96,0.13953488372093023
4014e3cb-a74b-404f-a04e-c41ed988152a,1702,other,80,0.11627906976744186
4014e3cb-a74b-404f-a04e-c41ed988152a,1702,specifications,320,0.46511627906976744
401b6194-7d80-453e-b5ac-65f35234c6aa,399,acquisition,560488,0.9987882416673795
401b6194-7d80-453e-b5ac-65f35234c6aa,399,general,112,0.0001995837253727939
401b6194-7d80-453e-b5ac-65f35234c6aa,399,general/extracellular_ephys,72,0.00012830382345393893
401b6194-7d80-453e-b5ac-65f35234c6aa,399,general/subject,96,0.0001710717646052519
401b6194-7d80-453e-b5ac-65f35234c6aa,399,other,80,0.0001425598038377099
401b6194-7d80-453e-b5ac-65f35234c6aa,399,specifications,320,0.0005702392153508396
40201676-0c43-4607-9d35-5911b7145171,888,acquisition,125426,0.0035748459173176724
40201676-0c43-4607-9d35-5911b7145171,888,general,48,1.368078420991248e-06
40201676-0c43-4607-9d35-5911b7145171,888,general/subject,64,1.8241045613216641e-06
40201676-0c43-4607-9d35-5911b7145171,888,other,80,2.28013070165208e-06
40201676-0c43-4607-9d35-5911b7145171,888,processing/Experimental information,12004672,0.3421527648807885
40201676-0c43-4607-9d35-5911b7145171,888,processing/Recorded behavior data,10950394,0.3121041194323341
40201676-0c43-4607-9d35-5911b7145171,888,scratch,32,9.120522806608321e-07
40201676-0c43-4607-9d35-5911b7145171,888,specifications,320,9.12052280660832e-06
40201676-0c43-4607-9d35-5911b7145171,888,stimulus,12004672,0.3421527648807885
40374114-dc72-4a51-bab0-c6a5c9d1fe4a,1474,acquisition,11004976,0.9999433015919168
40374114-dc72-4a51-bab0-c6a5c9d1fe4a,1474,general,160,1.453805335465581e-05
40374114-dc72-4a51-bab0-c6a5c9d1fe4a,1474,general/subject,64,5.8152213418623245e-06
40374114-dc72-4a51-bab0-c6a5c9d1fe4a,1474,other,80,7.269026677327905e-06
40374114-dc72-4a51-bab0-c6a5c9d1fe4a,1474,specifications,320,2.907610670931162e-05
4039dea7-2697-432b-a4c1-fa77d15de256,165,general,128,1.2950298051109646e-06
4039dea7-2697-432b-a4c1-fa77d15de256,165,general/extracellular_ephys,4736,4.791610278910569e-05
4039dea7-2697-432b-a4c1-fa77d15de256,165,general/subject,96,9.712723538332235e-07
4039dea7-2697-432b-a4c1-fa77d15de256,165,other,80,8.093936281943529e-07
4039dea7-2697-432b-a4c1-fa77d15de256,165,processing/behavior,1075648,0.01088278296724999
4039dea7-2697-432b-a4c1-fa77d15de256,165,processing/ecephys,95873864,0.9699961828996494
4039dea7-2697-432b-a4c1-fa77d15de256,165,specifications,272,2.7519383358608e-06
4039dea7-2697-432b-a4c1-fa77d15de256,165,units,1884600,0.019067290396188468
4079e8a5-3038-4d8e-a21f-8b9106e3dadc,637,general,16,2.723241092618791e-06
4079e8a5-3038-4d8e-a21f-8b9106e3dadc,637,general/extracellular_ephys,3072,0.0005228622897828079
4079e8a5-3038-4d8e-a21f-8b9106e3dadc,637,general/subject,80,1.3616205463093956e-05
4079e8a5-3038-4d8e-a21f-8b9106e3dadc,637,intervals,12000,0.0020424308194640934
4079e8a5-3038-4d8e-a21f-8b9106e3dadc,637,other,80,1.3616205463093956e-05
4079e8a5-3038-4d8e-a21f-8b9106e3dadc,637,specifications,320,5.4464821852375826e-05
4079e8a5-3038-4d8e-a21f-8b9106e3dadc,637,units,5859784,0.997350286416882
4081f5db-0ada-4554-b36b-e060e278a53e,690,acquisition,1203716160,0.999992636191968
4081f5db-0ada-4554-b36b-e060e278a53e,690,general,48,3.9876216779555797e-08
4081f5db-0ada-4554-b36b-e060e278a53e,690,general/extracellular_ephys,8256,6.858709286083596e-06
4081f5db-0ada-4554-b36b-e060e278a53e,690,general/subject,96,7.975243355911159e-08
4081f5db-0ada-4554-b36b-e060e278a53e,690,other,80,6.646036129925965e-08
4081f5db-0ada-4554-b36b-e060e278a53e,690,specifications,384,3.1900973423644637e-07
408baa62-14ef-4d4e-a20d-65c8815c06de,1847,general,288,0.004033161550526552
408baa62-14ef-4d4e-a20d-65c8815c06de,1847,general/subject,144,0.002016580775263276
408baa62-14ef-4d4e-a20d-65c8815c06de,1847,intervals,66240,0.9276271566211068
408baa62-14ef-4d4e-a20d-65c8815c06de,1847,other,80,0.001120322652924042
408baa62-14ef-4d4e-a20d-65c8815c06de,1847,processing/behavior,4128,0.057808648890880575
408baa62-14ef-4d4e-a20d-65c8815c06de,1847,specifications,528,0.007394129509298678
408f6219-25ef-409a-bad8-98c2c3e2af0b,1676,acquisition,6409992,0.0230992567291354
408f6219-25ef-409a-bad8-98c2c3e2af0b,1676,general,128,4.612649846254615e-07
408f6219-25ef-409a-bad8-98c2c3e2af0b,1676,general/optophysiology,128,4.612649846254615e-07
408f6219-25ef-409a-bad8-98c2c3e2af0b,1676,general/subject,96,3.4594873846909614e-07
408f6219-25ef-409a-bad8-98c2c3e2af0b,1676,other,80,2.8829061539091344e-07
408f6219-25ef-409a-bad8-98c2c3e2af0b,1676,processing/ophys,270992776,0.9765584269941494
408f6219-25ef-409a-bad8-98c2c3e2af0b,1676,scratch,94240,0.000339606344930496
408f6219-25ef-409a-bad8-98c2c3e2af0b,1676,specifications,320,1.1531624615636538e-06
40911916-fb23-437a-9b33-9b1a6e9d28af,1271,acquisition,503550,0.998889131340382
40911916-fb23-437a-9b33-9b1a6e9d28af,1271,general,64,0.00012695641824205035
40911916-fb23-437a-9b33-9b1a6e9d28af,1271,general/subject,96,0.0001904346273630755
40911916-fb23-437a-9b33-9b1a6e9d28af,1271,other,80,0.00015869552280256294
40911916-fb23-437a-9b33-9b1a6e9d28af,1271,specifications,320,0.0006347820912102518
409c542f-fe72-4f1c-b7f7-be4aa8228fb0,1534,acquisition,10877616,0.6838098315434921
409c542f-fe72-4f1c-b7f7-be4aa8228fb0,1534,general,329,2.0682237227146912e-05
409c542f-fe72-4f1c-b7f7-be4aa8228fb0,1534,general/intracellular_ephys,916,5.758337173272515e-05
409c542f-fe72-4f1c-b7f7-be4aa8228fb0,1534,general/labnotebook,1337064,0.08405311500266857
409c542f-fe72-4f1c-b7f7-be4aa8228fb0,1534,general/results,82840,0.005207649033121126
409c542f-fe72-4f1c-b7f7-be4aa8228fb0,1534,general/stimsets,262392,0.01649499571582229
409c542f-fe72-4f1c-b7f7-be4aa8228fb0,1534,general/subject,96,6.034938522207002e-06
409c542f-fe72-4f1c-b7f7-be4aa8228fb0,1534,general/testpulse,2807075,0.17646380262733563
409c542f-fe72-4f1c-b7f7-be4aa8228fb0,1534,general/user_comment,14,8.800952011551878e-07
409c542f-fe72-4f1c-b7f7-be4aa8228fb0,1534,intervals,30430,0.0019129497836537404
409c542f-fe72-4f1c-b7f7-be4aa8228fb0,1534,other,107,6.726441894543221e-06
409c542f-fe72-4f1c-b7f7-be4aa8228fb0,1534,processing/spikes,236,1.483589053375888e-05
409c542f-fe72-4f1c-b7f7-be4aa8228fb0,1534,specifications,288,1.8104815566621007e-05
409c542f-fe72-4f1c-b7f7-be4aa8228fb0,1534,stimulus,507967,0.031932808503228376
40aa5cf0-32e1-424e-b27c-c33a244875bf,1169,acquisition,327403,0.7825456162071982
40aa5cf0-32e1-424e-b27c-c33a244875bf,1169,general,192,0.00045891075619888046
40aa5cf0-32e1-424e-b27c-c33a244875bf,1169,general/subject,80,0.00019121281508286685
40aa5cf0-32e1-424e-b27c-c33a244875bf,1169,general/task,1065,0.002545520600790665
40aa5cf0-32e1-424e-b27c-c33a244875bf,1169,intervals,89210,0.2132261904192819
40aa5cf0-32e1-424e-b27c-c33a244875bf,1169,other,80,0.00019121281508286685
40aa5cf0-32e1-424e-b27c-c33a244875bf,1169,specifications,352,0.0008413363863646142
40c4763c-df5a-4554-87aa-5b7e1a457654,1169,acquisition,247347,0.7668818364461641
40c4763c-df5a-4554-87aa-5b7e1a457654,1169,general,192,0.0005952823870823722
40c4763c-df5a-4554-87aa-5b7e1a457654,1169,general/subject,80,0.0002480343279509884
40c4763c-df5a-4554-87aa-5b7e1a457654,1169,general/task,1011,0.0031345338194806163
40c4763c-df5a-4554-87aa-5b7e1a457654,1169,intervals,73474,0.22780092764838653
40c4763c-df5a-4554-87aa-5b7e1a457654,1169,other,80,0.0002480343279509884
40c4763c-df5a-4554-87aa-5b7e1a457654,1169,specifications,352,0.001091351042984349
40d6eb0e-2442-42a8-a556-539a494b8c5b,409,general,80,1.3081679901519414e-07
40d6eb0e-2442-42a8-a556-539a494b8c5b,409,general/extracellular_ephys,15507,2.535720127910769e-05
40d6eb0e-2442-42a8-a556-539a494b8c5b,409,general/ibl_metadata,16,2.6163359803038826e-08
40d6eb0e-2442-42a8-a556-539a494b8c5b,409,general/ibl_probe_insertion_trajectories,321,5.249024060484665e-07
40d6eb0e-2442-42a8-a556-539a494b8c5b,409,general/localization,15339,2.5082486001175784e-05
40d6eb0e-2442-42a8-a556-539a494b8c5b,409,general/subject,112,1.831435186212718e-07
40d6eb0e-2442-42a8-a556-539a494b8c5b,409,intervals,44680,7.306118224998592e-05
40d6eb0e-2442-42a8-a556-539a494b8c5b,409,other,80,1.3081679901519414e-07
40d6eb0e-2442-42a8-a556-539a494b8c5b,409,processing/lick_times,172810,0.0002825806379726962
40d6eb0e-2442-42a8-a556-539a494b8c5b,409,processing/motion_energy,5075510,0.0082995246446201
40d6eb0e-2442-42a8-a556-539a494b8c5b,409,processing/pose_estimation,114939502,0.1879502216505063
40d6eb0e-2442-42a8-a556-539a494b8c5b,409,processing/pupil,14053011,0.022979623944316404
40d6eb0e-2442-42a8-a556-539a494b8c5b,409,processing/wheel,72763890,0.11898423967117118
40d6eb0e-2442-42a8-a556-539a494b8c5b,409,specifications,448,7.325740744850871e-07
40d6eb0e-2442-42a8-a556-539a494b8c5b,409,units,404460947,0.6613785801649261
40de6951-3889-4406-b99a-c4c54abd6444,1361,acquisition,48,1.695200804587507e-07
40de6951-3889-4406-b99a-c4c54abd6444,1361,general,32,1.1301338697250048e-07
40de6951-3889-4406-b99a-c4c54abd6444,1361,general/optophysiology,104,3.672935076606266e-07
40de6951-3889-4406-b99a-c4c54abd6444,1361,general/subject,64,2.2602677394500095e-07
40de6951-3889-4406-b99a-c4c54abd6444,1361,other,80,2.825334674312512e-07
40de6951-3889-4406-b99a-c4c54abd6444,1361,processing/behavior,4201408,0.014837979629167478
40de6951-3889-4406-b99a-c4c54abd6444,1361,processing/ophys,278950240,0.9851597318497464
40de6951-3889-4406-b99a-c4c54abd6444,1361,specifications,320,1.1301338697250049e-06
40e24f28-f07d-4820-99e1-3906a77ac5f0,1205,acquisition,249037274,0.9999975907279067
40e24f28-f07d-4820-99e1-3906a77ac5f0,1205,general,32,1.284945116420324e-07
40e24f28-f07d-4820-99e1-3906a77ac5f0,1205,general/optophysiology,88,3.5335990701558913e-07
40e24f28-f07d-4820-99e1-3906a77ac5f0,1205,general/subject,80,3.2123627910508104e-07
40e24f28-f07d-4820-99e1-3906a77ac5f0,1205,other,80,3.2123627910508104e-07
40e24f28-f07d-4820-99e1-3906a77ac5f0,1205,specifications,320,1.2849451164203242e-06
40ec8a3e-8f28-4e9e-8790-2d7690665b99,485,acquisition,81101,0.0023356701362508324
40ec8a3e-8f28-4e9e-8790-2d7690665b99,485,general,48,1.3823771166821613e-06
40ec8a3e-8f28-4e9e-8790-2d7690665b99,485,general/subject,64,1.8431694889095485e-06
40ec8a3e-8f28-4e9e-8790-2d7690665b99,485,other,80,2.3039618611369355e-06
40ec8a3e-8f28-4e9e-8790-2d7690665b99,485,processing/Experimental information,12007680,0.34581545950920944
40ec8a3e-8f28-4e9e-8790-2d7690665b99,485,processing/Recorded behavior data,10625792,0.3060177439046745
40ec8a3e-8f28-4e9e-8790-2d7690665b99,485,scratch,32,9.215847444547742e-07
40ec8a3e-8f28-4e9e-8790-2d7690665b99,485,specifications,320,9.215847444547742e-06
40ec8a3e-8f28-4e9e-8790-2d7690665b99,485,stimulus,12007680,0.34581545950920944
40ed9147-ec41-42eb-98de-1d72ae693f82,239,general,48,0.0003388012083909766
40ed9147-ec41-42eb-98de-1d72ae693f82,239,general/subject,96,0.0006776024167819532
40ed9147-ec41-42eb-98de-1d72ae693f82,239,intervals,141132,0.996160252971569
40ed9147-ec41-42eb-98de-1d72ae693f82,239,other,80,0.0005646686806516277
40ed9147-ec41-42eb-98de-1d72ae693f82,239,specifications,320,0.0022586747226065107
40edd2a9-dcfe-4625-ae1c-5b18b44c51e8,1607,general,80,2.0182378568493658e-06
40edd2a9-dcfe-4625-ae1c-5b18b44c51e8,1607,general/extracellular_ephys,22656,0.0005715649610597404
40edd2a9-dcfe-4625-ae1c-5b18b44c51e8,1607,general/subject,128,3.2291805709589853e-06
40edd2a9-dcfe-4625-ae1c-5b18b44c51e8,1607,intervals,779,1.96525911310707e-05
40edd2a9-dcfe-4625-ae1c-5b18b44c51e8,1607,other,80,2.0182378568493658e-06
40edd2a9-dcfe-4625-ae1c-5b18b44c51e8,1607,scratch,39614464,0.9993926365449544
40edd2a9-dcfe-4625-ae1c-5b18b44c51e8,1607,specifications,352,8.880246570137209e-06
40eeb0cf-cc69-4c2c-a422-f5f3b802256c,239,general,48,1.1702335588706592e-06
40eeb0cf-cc69-4c2c-a422-f5f3b802256c,239,general/subject,96,2.3404671177413185e-06
40eeb0cf-cc69-4c2c-a422-f5f3b802256c,239,intervals,95542,0.002329301139200428
40eeb0cf-cc69-4c2c-a422-f5f3b802256c,239,other,80,1.950389264784432e-06
40eeb0cf-cc69-4c2c-a422-f5f3b802256c,239,processing/behavior,33430937,0.8150417579560584
40eeb0cf-cc69-4c2c-a422-f5f3b802256c,239,specifications,320,7.801557059137729e-06
40eeb0cf-cc69-4c2c-a422-f5f3b802256c,239,units,7490430,0.18261567825774067
41023a4f-d4b5-4785-8adb-f3b30e6f334b,399,acquisition,611080,0.9988884529880999
41023a4f-d4b5-4785-8adb-f3b30e6f334b,399,general,112,0.00018307833137177977
41023a4f-d4b5-4785-8adb-f3b30e6f334b,399,general/extracellular_ephys,72,0.00011769321302471557
41023a4f-d4b5-4785-8adb-f3b30e6f334b,399,general/subject,96,0.0001569242840329541
41023a4f-d4b5-4785-8adb-f3b30e6f334b,399,other,80,0.0001307702366941284
41023a4f-d4b5-4785-8adb-f3b30e6f334b,399,specifications,320,0.0005230809467765136
4105efd4-2c48-401e-ac4f-ab087293c703,1182,general,128,2.2440455653452044e-05
4105efd4-2c48-401e-ac4f-ab087293c703,1182,general/subject,80,1.4025284783407528e-05
4105efd4-2c48-401e-ac4f-ab087293c703,1182,other,80,1.4025284783407528e-05
4105efd4-2c48-401e-ac4f-ab087293c703,1182,processing/behavior,72,1.2622756305066775e-05
4105efd4-2c48-401e-ac4f-ab087293c703,1182,processing/ophys,5703304,0.9998807850793411
4105efd4-2c48-401e-ac4f-ab087293c703,1182,specifications,320,5.610113913363011e-05
4116717f-4f60-4c74-b00d-e6f7ee842859,547,acquisition,180248090,0.999996404967895
4116717f-4f60-4c74-b00d-e6f7ee842859,547,general,80,4.438311240769963e-07
4116717f-4f60-4c74-b00d-e6f7ee842859,547,general/optophysiology,88,4.88214236484696e-07
4116717f-4f60-4c74-b00d-e6f7ee842859,547,general/subject,80,4.438311240769963e-07
4116717f-4f60-4c74-b00d-e6f7ee842859,547,other,80,4.438311240769963e-07
4116717f-4f60-4c74-b00d-e6f7ee842859,547,specifications,320,1.7753244963079853e-06
41172c05-e39e-483e-a221-5fa6744f9cf1,971,general,400,0.12654223347042076
41172c05-e39e-483e-a221-5fa6744f9cf1,971,general/subject,112,0.03543182537171781
41172c05-e39e-483e-a221-5fa6744f9cf1,971,other,80,0.02530844669408415
41172c05-e39e-483e-a221-5fa6744f9cf1,971,processing/behavior,2185,0.6912369503321734
41172c05-e39e-483e-a221-5fa6744f9cf1,971,specifications,384,0.12148054413160392
4118b56a-e806-4e7a-bb2a-cda77df8ac91,1752,acquisition,2407688,0.999737576401807
4118b56a-e806-4e7a-bb2a-cda77df8ac91,1752,general,112,4.6505447781025776e-05
4118b56a-e806-4e7a-bb2a-cda77df8ac91,1752,general/intracellular_ephys,48,1.993090619186819e-05
4118b56a-e806-4e7a-bb2a-cda77df8ac91,1752,general/subject,80,3.321817698644698e-05
4118b56a-e806-4e7a-bb2a-cda77df8ac91,1752,other,80,3.321817698644698e-05
4118b56a-e806-4e7a-bb2a-cda77df8ac91,1752,specifications,272,0.00011294180175391974
4118b56a-e806-4e7a-bb2a-cda77df8ac91,1752,stimulus,40,1.660908849322349e-05
412442dc-1fb5-4ce4-9df8-bc130c26ad2d,1035,acquisition,501746,0.998885141726358
412442dc-1fb5-4ce4-9df8-bc130c26ad2d,1035,general,64,0.00012741237413051008
412442dc-1fb5-4ce4-9df8-bc130c26ad2d,1035,general/subject,96,0.00019111856119576512
412442dc-1fb5-4ce4-9df8-bc130c26ad2d,1035,other,80,0.0001592654676631376
412442dc-1fb5-4ce4-9df8-bc130c26ad2d,1035,specifications,320,0.0006370618706525505
413c855d-e671-44ad-b3c6-b6d5b4435dba,1276,acquisition,428323883,0.9999986925798675
413c855d-e671-44ad-b3c6-b6d5b4435dba,1276,general,64,1.494194437089363e-07
413c855d-e671-44ad-b3c6-b6d5b4435dba,1276,general/subject,96,2.2412916556340447e-07
413c855d-e671-44ad-b3c6-b6d5b4435dba,1276,other,80,1.867743046361704e-07
413c855d-e671-44ad-b3c6-b6d5b4435dba,1276,specifications,320,7.470972185446816e-07
4154ccbb-88bb-4c96-a2ba-c6341fdac346,1637,acquisition,5252352,0.00039664891498509647
4154ccbb-88bb-4c96-a2ba-c6341fdac346,1637,general,32,2.4165869461001636e-09
4154ccbb-88bb-4c96-a2ba-c6341fdac346,1637,general/extracellular_ephys,345600,2.6099139017881766e-05
4154ccbb-88bb-4c96-a2ba-c6341fdac346,1637,general/subject,96,7.249760838300491e-09
4154ccbb-88bb-4c96-a2ba-c6341fdac346,1637,intervals,14075225,0.0010629376562007087
4154ccbb-88bb-4c96-a2ba-c6341fdac346,1637,other,80,6.041467365250409e-09
4154ccbb-88bb-4c96-a2ba-c6341fdac346,1637,processing/ecephys,8065001808,0.6090555652964693
4154ccbb-88bb-4c96-a2ba-c6341fdac346,1637,processing/eye_tracking,88160709,0.0066577505790104755
4154ccbb-88bb-4c96-a2ba-c6341fdac346,1637,processing/running,5250560,0.0003965135861161148
4154ccbb-88bb-4c96-a2ba-c6341fdac346,1637,processing/stimulus,569424,4.300195641237936e-05
4154ccbb-88bb-4c96-a2ba-c6341fdac346,1637,specifications,640,4.833173892200327e-08
4154ccbb-88bb-4c96-a2ba-c6341fdac346,1637,units,5063159603,0.38236141883223396
41570400-9f99-44b3-83d8-bab41a0f49b0,1051,acquisition,3018742812,0.9991013494287316
41570400-9f99-44b3-83d8-bab41a0f49b0,1051,general,32,1.0590913228721722e-08
41570400-9f99-44b3-83d8-bab41a0f49b0,1051,general/extracellular_ephys,10355,3.4271533276066698e-06
41570400-9f99-44b3-83d8-bab41a0f49b0,1051,general/subject,96,3.177273968616517e-08
41570400-9f99-44b3-83d8-bab41a0f49b0,1051,other,80,2.6477283071804307e-08
41570400-9f99-44b3-83d8-bab41a0f49b0,1051,processing/current_source_density,2704224,0.0008950063042195866
41570400-9f99-44b3-83d8-bab41a0f49b0,1051,specifications,448,1.482727852021041e-07
41615284-645f-4dc0-b6ae-0cc4657d365d,1414,acquisition,640500807,0.999998963312295
41615284-645f-4dc0-b6ae-0cc4657d365d,1414,general,80,1.2490213312874654e-07
41615284-645f-4dc0-b6ae-0cc4657d365d,1414,general/optophysiology,88,1.3739234644162122e-07
41615284-645f-4dc0-b6ae-0cc4657d365d,1414,general/subject,96,1.4988255975449588e-07
41615284-645f-4dc0-b6ae-0cc4657d365d,1414,other,80,1.2490213312874654e-07
41615284-645f-4dc0-b6ae-0cc4657d365d,1414,specifications,320,4.996085325149862e-07
41a5c257-3535-416b-ad0d-d4d7bb1e253f,1607,general,96,7.486985513462926e-05
41a5c257-3535-416b-ad0d-d4d7bb1e253f,1607,general/extracellular_ephys,22656,0.017669285811772503
41a5c257-3535-416b-ad0d-d4d7bb1e253f,1607,general/subject,128,9.982647351283901e-05
41a5c257-3535-416b-ad0d-d4d7bb1e253f,1607,intervals,697,0.0005435863440503812
41a5c257-3535-416b-ad0d-d4d7bb1e253f,1607,other,80,6.239154594552438e-05
41a5c257-3535-416b-ad0d-d4d7bb1e253f,1607,scratch,1258216,0.9812755171674238
41a5c257-3535-416b-ad0d-d4d7bb1e253f,1607,specifications,352,0.0002745228021603073
41dae7f4-23d1-41af-8e0e-55c88ebd1462,1195,acquisition,11327918,0.19092694048857897
41dae7f4-23d1-41af-8e0e-55c88ebd1462,1195,general,48,8.090183159387092e-07
41dae7f4-23d1-41af-8e0e-55c88ebd1462,1195,general/DandiIcephysMetadata,64,1.078691087918279e-06
41dae7f4-23d1-41af-8e0e-55c88ebd1462,1195,general/intracellular_ephys,2256,3.802386084911933e-05
41dae7f4-23d1-41af-8e0e-55c88ebd1462,1195,general/subject,128,2.157382175836558e-06
41dae7f4-23d1-41af-8e0e-55c88ebd1462,1195,other,80,1.3483638598978485e-06
41dae7f4-23d1-41af-8e0e-55c88ebd1462,1195,specifications,352,5.932800983550534e-06
41dae7f4-23d1-41af-8e0e-55c88ebd1462,1195,stimulus,48000320,0.8090237093941488
41f094c1-6063-4f52-aa3b-342e98ffc4e0,1363,general,16,1.739054823703317e-05
41f094c1-6063-4f52-aa3b-342e98ffc4e0,1363,general/extracellular_ephys,3072,0.003338985261510369
41f094c1-6063-4f52-aa3b-342e98ffc4e0,1363,general/subject,80,8.695274118516586e-05
41f094c1-6063-4f52-aa3b-342e98ffc4e0,1363,intervals,12000,0.013042911177774879
41f094c1-6063-4f52-aa3b-342e98ffc4e0,1363,other,80,8.695274118516586e-05
41f094c1-6063-4f52-aa3b-342e98ffc4e0,1363,specifications,320,0.00034781096474066343
41f094c1-6063-4f52-aa3b-342e98ffc4e0,1363,units,904472,0.9830789965653667
41fcb66f-7888-4838-8aac-d82b2a344ed4,541,acquisition,1432682548,0.9920872725686144
41fcb66f-7888-4838-8aac-d82b2a344ed4,541,general,96,6.647695841590371e-08
41fcb66f-7888-4838-8aac-d82b2a344ed4,541,general/optophysiology,720,4.985771881192778e-07
41fcb66f-7888-4838-8aac-d82b2a344ed4,541,general/subject,120,8.309619801987965e-08
41fcb66f-7888-4838-8aac-d82b2a344ed4,541,intervals,120,8.309619801987965e-08
41fcb66f-7888-4838-8aac-d82b2a344ed4,541,other,80,5.539746534658643e-08
41fcb66f-7888-4838-8aac-d82b2a344ed4,541,processing/CalciumActivity,11409152,0.007900476281924217
41fcb66f-7888-4838-8aac-d82b2a344ed4,541,processing/NeuroPAL,16204,1.1220756605951081e-05
41fcb66f-7888-4838-8aac-d82b2a344ed4,541,specifications,352,2.437488475249803e-07
420151d8-3126-4a3e-ab97-22c8bdca99d3,1676,acquisition,5445032,0.06018851484756268
420151d8-3126-4a3e-ab97-22c8bdca99d3,1676,general,128,1.4148915746478666e-06
420151d8-3126-4a3e-ab97-22c8bdca99d3,1676,general/optophysiology,128,1.4148915746478666e-06
420151d8-3126-4a3e-ab97-22c8bdca99d3,1676,general/subject,96,1.0611686809859e-06
420151d8-3126-4a3e-ab97-22c8bdca99d3,1676,other,80,8.843072341549166e-07
420151d8-3126-4a3e-ab97-22c8bdca99d3,1676,processing/ophys,84960488,0.9391396769466498
420151d8-3126-4a3e-ab97-22c8bdca99d3,1676,scratch,60024,0.000663495717786434
420151d8-3126-4a3e-ab97-22c8bdca99d3,1676,specifications,320,3.5372289366196666e-06
4212c337-6d36-4b59-ada1-3d0d798c9d4b,239,general,48,8.050795690328559e-07
4212c337-6d36-4b59-ada1-3d0d798c9d4b,239,general/subject,96,1.6101591380657118e-06
4212c337-6d36-4b59-ada1-3d0d798c9d4b,239,intervals,84580,0.0014186172905999782
4212c337-6d36-4b59-ada1-3d0d798c9d4b,239,other,80,1.3417992817214265e-06
4212c337-6d36-4b59-ada1-3d0d798c9d4b,239,processing/behavior,59536312,0.9985722584742843
4212c337-6d36-4b59-ada1-3d0d798c9d4b,239,specifications,320,5.367197126885706e-06
42130201-8caf-4d2b-924d-bd092cb267a7,1640,acquisition,3484037060,0.9999996374896362
42130201-8caf-4d2b-924d-bd092cb267a7,1640,general,16,4.592371988096527e-09
42130201-8caf-4d2b-924d-bd092cb267a7,1640,general/extracellular_ephys,783,2.247392041674738e-07
42130201-8caf-4d2b-924d-bd092cb267a7,1640,general/subject,64,1.8369487952386108e-08
42130201-8caf-4d2b-924d-bd092cb267a7,1640,other,80,2.2961859940482634e-08
42130201-8caf-4d2b-924d-bd092cb267a7,1640,specifications,320,9.184743976193053e-08
42265dd6-f072-4b9e-aace-586b08f310fd,989,acquisition,1428,0.6918604651162791
42265dd6-f072-4b9e-aace-586b08f310fd,989,general,48,0.023255813953488372
42265dd6-f072-4b9e-aace-586b08f310fd,989,general/extracellular_ephys,108,0.05232558139534884
42265dd6-f072-4b9e-aace-586b08f310fd,989,general/subject,80,0.03875968992248062
42265dd6-f072-4b9e-aace-586b08f310fd,989,other,80,0.03875968992248062
42265dd6-f072-4b9e-aace-586b08f310fd,989,specifications,320,0.15503875968992248
4247f237-6971-4bf8-94f8-cdfaa21dfedd,713,acquisition,8078176,0.04248157927525512
4247f237-6971-4bf8-94f8-cdfaa21dfedd,713,general,80,4.207046667490792e-07
4247f237-6971-4bf8-94f8-cdfaa21dfedd,713,general/subject,96,5.048456000988951e-07
4247f237-6971-4bf8-94f8-cdfaa21dfedd,713,intervals,901539,0.004741020806953726
4247f237-6971-4bf8-94f8-cdfaa21dfedd,713,other,80,4.207046667490792e-07
4247f237-6971-4bf8-94f8-cdfaa21dfedd,713,processing/licking,60416,0.0003177161643289046
4247f237-6971-4bf8-94f8-cdfaa21dfedd,713,processing/rewards,4550,2.392757792135388e-05
4247f237-6971-4bf8-94f8-cdfaa21dfedd,713,processing/running,11107492,0.05841217150347579
4247f237-6971-4bf8-94f8-cdfaa21dfedd,713,processing/stimulus,4039088,0.02124078963762756
4247f237-6971-4bf8-94f8-cdfaa21dfedd,713,specifications,480,2.5242280004944752e-06
4247f237-6971-4bf8-94f8-cdfaa21dfedd,713,stimulus,165965152,0.8727789245515034
424d8779-9a85-447e-91d0-5ae188b2af77,363,acquisition,160216574,0.4789563937020605
424d8779-9a85-447e-91d0-5ae188b2af77,363,general,96,2.8698537640305434e-07
424d8779-9a85-447e-91d0-5ae188b2af77,363,general/extracellular_ephys,202752,0.0006061131149632508
424d8779-9a85-447e-91d0-5ae188b2af77,363,general/optogenetics,120,3.5873172050381787e-07
424d8779-9a85-447e-91d0-5ae188b2af77,363,general/subject,80,2.391544803358786e-07
424d8779-9a85-447e-91d0-5ae188b2af77,363,intervals,100320,0.00029989971834119177
424d8779-9a85-447e-91d0-5ae188b2af77,363,other,80,2.391544803358786e-07
424d8779-9a85-447e-91d0-5ae188b2af77,363,specifications,320,9.566179213435144e-07
424d8779-9a85-447e-91d0-5ae188b2af77,363,units,173991476,0.5201355128206562
4269c077-b566-4770-b2b9-7eadd0a32623,1211,acquisition,26498952233,0.9991130126834026
4269c077-b566-4770-b2b9-7eadd0a32623,1211,general,64,2.41304758956119e-09
4269c077-b566-4770-b2b9-7eadd0a32623,1211,general/optophysiology,352,1.3271761742586545e-08
4269c077-b566-4770-b2b9-7eadd0a32623,1211,general/subject,128,4.82609517912238e-09
4269c077-b566-4770-b2b9-7eadd0a32623,1211,other,112,4.222833281732082e-09
4269c077-b566-4770-b2b9-7eadd0a32623,1211,processing/behavior,22051013,0.0008314084963598823
4269c077-b566-4770-b2b9-7eadd0a32623,1211,processing/ophys,1473432,5.55540864997238e-05
4269d30a-3e71-422a-a31f-7dd7e1845fe2,1605,acquisition,2097152,0.00524526731785388
4269d30a-3e71-422a-a31f-7dd7e1845fe2,1605,general,176,4.402003516875662e-07
4269d30a-3e71-422a-a31f-7dd7e1845fe2,1605,general/optophysiology,112,2.8012749652845123e-07
4269d30a-3e71-422a-a31f-7dd7e1845fe2,1605,general/subject,96,2.401092827386725e-07
4269d30a-3e71-422a-a31f-7dd7e1845fe2,1605,intervals,44992,0.00011253121717685783
4269d30a-3e71-422a-a31f-7dd7e1845fe2,1605,other,80,2.0009106894889374e-07
4269d30a-3e71-422a-a31f-7dd7e1845fe2,1605,processing/behavior,4988900,0.0124779291734892
4269d30a-3e71-422a-a31f-7dd7e1845fe2,1605,processing/ophys,392682279,0.9821527120299716
4269d30a-3e71-422a-a31f-7dd7e1845fe2,1605,specifications,320,8.00364275795575e-07
4269d30a-3e71-422a-a31f-7dd7e1845fe2,1605,stimulus,3838,9.599369032823177e-06
42835643-3da0-4c16-aca9-e65f65a5eab6,1776,acquisition,34047679,0.9486280524118597
42835643-3da0-4c16-aca9-e65f65a5eab6,1776,general,128,3.5663044963716334e-06
42835643-3da0-4c16-aca9-e65f65a5eab6,1776,general/intracellular_ephys,10400,0.0002897622403301952
42835643-3da0-4c16-aca9-e65f65a5eab6,1776,general/subject,96,2.674728372278725e-06
42835643-3da0-4c16-aca9-e65f65a5eab6,1776,other,80,2.228940310232271e-06
42835643-3da0-4c16-aca9-e65f65a5eab6,1776,processing/misc,56,1.5602582171625897e-06
42835643-3da0-4c16-aca9-e65f65a5eab6,1776,specifications,272,7.578397054789721e-06
42835643-3da0-4c16-aca9-e65f65a5eab6,1776,stimulus,1832784,0.05106457671935928
4295f1cc-2b81-48e1-b8c4-b6309839a2c0,1258,general,112,0.0006941689805632685
4295f1cc-2b81-48e1-b8c4-b6309839a2c0,1258,general/subject,96,0.0005950019833399445
4295f1cc-2b81-48e1-b8c4-b6309839a2c0,1258,intervals,160704,0.996033320111067
4295f1cc-2b81-48e1-b8c4-b6309839a2c0,1258,other,80,0.0004958349861166203
4295f1cc-2b81-48e1-b8c4-b6309839a2c0,1258,specifications,352,0.00218167393891313
42987236-5eeb-46a6-84b6-cdf64e6ebd08,1349,general,144,4.777497033472936e-06
42987236-5eeb-46a6-84b6-cdf64e6ebd08,1349,general/optophysiology,108,3.583122775104702e-06
42987236-5eeb-46a6-84b6-cdf64e6ebd08,1349,general/subject,112,3.7158310260345058e-06
42987236-5eeb-46a6-84b6-cdf64e6ebd08,1349,other,80,2.6541650185960756e-06
42987236-5eeb-46a6-84b6-cdf64e6ebd08,1349,processing/ophys,30140542,0.9999746527240724
42987236-5eeb-46a6-84b6-cdf64e6ebd08,1349,specifications,320,1.0616660074384302e-05
42ac50f6-bed6-4417-b040-39faef458614,688,general,224,1.363511411981808e-06
42ac50f6-bed6-4417-b040-39faef458614,688,general/extracellular_ephys,19968,0.00012154730301094973
42ac50f6-bed6-4417-b040-39faef458614,688,general/subject,80,4.869683614220743e-07
42ac50f6-bed6-4417-b040-39faef458614,688,intervals,26312,0.0001601638940717202
42ac50f6-bed6-4417-b040-39faef458614,688,other,80,4.869683614220743e-07
42ac50f6-bed6-4417-b040-39faef458614,688,processing/behavior,6482536,0.03945987417224509
42ac50f6-bed6-4417-b040-39faef458614,688,specifications,320,1.947873445688297e-06
42ac50f6-bed6-4417-b040-39faef458614,688,units,157752200,0.9602541293090917
42bd9d9b-fd7d-4e7f-bcf4-3f536fe1093b,1435,acquisition,18740362916,0.9999996405620527
42bd9d9b-fd7d-4e7f-bcf4-3f536fe1093b,1435,general,64,3.4150873855985986e-09
42bd9d9b-fd7d-4e7f-bcf4-3f536fe1093b,1435,general/extracellular_ephys,6144,3.278483890174655e-07
42bd9d9b-fd7d-4e7f-bcf4-3f536fe1093b,1435,general/subject,64,3.4150873855985986e-09
42bd9d9b-fd7d-4e7f-bcf4-3f536fe1093b,1435,other,80,4.2688592319982485e-09
42bd9d9b-fd7d-4e7f-bcf4-3f536fe1093b,1435,specifications,384,2.0490524313591593e-08
42f71ec2-26a4-4e86-85c3-c20c5207529a,1640,acquisition,6004369783,0.9999997896532392
42f71ec2-26a4-4e86-85c3-c20c5207529a,1640,general,16,2.664725393787731e-09
42f71ec2-26a4-4e86-85c3-c20c5207529a,1640,general/extracellular_ephys,783,1.3040499895848708e-07
42f71ec2-26a4-4e86-85c3-c20c5207529a,1640,general/subject,64,1.0658901575150923e-08
42f71ec2-26a4-4e86-85c3-c20c5207529a,1640,other,80,1.3323626968938654e-08
42f71ec2-26a4-4e86-85c3-c20c5207529a,1640,specifications,320,5.329450787575462e-08
42f7adf9-02b2-469a-b15e-607ae5f72177,728,acquisition,38218505461,0.9999999815796045
42f7adf9-02b2-469a-b15e-607ae5f72177,728,general,96,2.5118721172811176e-09
42f7adf9-02b2-469a-b15e-607ae5f72177,728,general/optophysiology,96,2.5118721172811176e-09
42f7adf9-02b2-469a-b15e-607ae5f72177,728,general/subject,112,2.930517470161304e-09
42f7adf9-02b2-469a-b15e-607ae5f72177,728,other,80,2.0932267644009316e-09
42f7adf9-02b2-469a-b15e-607ae5f72177,728,specifications,320,8.372907057603726e-09
431b78eb-91af-49b6-8808-8057e02b386b,1521,acquisition,29768527,0.9999811885396418
431b78eb-91af-49b6-8808-8057e02b386b,1521,general,64,2.1498811837931074e-06
431b78eb-91af-49b6-8808-8057e02b386b,1521,general/subject,96,3.224821775689661e-06
431b78eb-91af-49b6-8808-8057e02b386b,1521,other,80,2.687351479741384e-06
431b78eb-91af-49b6-8808-8057e02b386b,1521,specifications,320,1.0749405918965536e-05
4324e758-59c3-4a56-8efc-0a9262c194c6,871,acquisition,39356335651,0.9074989816198008
4324e758-59c3-4a56-8efc-0a9262c194c6,871,general,128,2.9514909791756235e-09
4324e758-59c3-4a56-8efc-0a9262c194c6,871,general/optophysiology,88,2.029150048183241e-09
4324e758-59c3-4a56-8efc-0a9262c194c6,871,general/subject,96,2.213618234381718e-09
4324e758-59c3-4a56-8efc-0a9262c194c6,871,intervals,10775046,0.00024845664897814367
4324e758-59c3-4a56-8efc-0a9262c194c6,871,other,80,1.8446818619847648e-09
4324e758-59c3-4a56-8efc-0a9262c194c6,871,processing/ophys,66911546,0.0015428814407944906
4324e758-59c3-4a56-8efc-0a9262c194c6,871,processing/running,10394208,0.00023967508709121172
4324e758-59c3-4a56-8efc-0a9262c194c6,871,processing/stimulus,3779712,8.715457712407699e-05
4324e758-59c3-4a56-8efc-0a9262c194c6,871,processing/stimulus_ophys,886512,2.0441657585397972e-05
4324e758-59c3-4a56-8efc-0a9262c194c6,871,specifications,768,1.7708945875053742e-08
4324e758-59c3-4a56-8efc-0a9262c194c6,871,stimulus,3918827808,0.09036238222073893
432b5605-6e0d-4107-bc24-ee66840bf493,1348,acquisition,13917861,0.4424800827132547
432b5605-6e0d-4107-bc24-ee66840bf493,1348,general,330,1.0491441701808493e-05
432b5605-6e0d-4107-bc24-ee66840bf493,1348,general/intracellular_ephys,1676,5.328380694615465e-05
432b5605-6e0d-4107-bc24-ee66840bf493,1348,general/labnotebook,3607313,0.11468458799901787
432b5605-6e0d-4107-bc24-ee66840bf493,1348,general/results,164135,0.005218220556746475
432b5605-6e0d-4107-bc24-ee66840bf493,1348,general/stimsets,321695,0.010227407085646312
432b5605-6e0d-4107-bc24-ee66840bf493,1348,general/subject,80,2.5433798064990285e-06
432b5605-6e0d-4107-bc24-ee66840bf493,1348,general/testpulse,12647911,0.4021055178974617
432b5605-6e0d-4107-bc24-ee66840bf493,1348,general/user_comment,14,4.4509146613733e-07
432b5605-6e0d-4107-bc24-ee66840bf493,1348,intervals,52615,0.0016727491064868298
432b5605-6e0d-4107-bc24-ee66840bf493,1348,other,106,3.369978243611213e-06
432b5605-6e0d-4107-bc24-ee66840bf493,1348,processing/spikes,6260,0.00019901946985854897
432b5605-6e0d-4107-bc24-ee66840bf493,1348,specifications,288,9.156167303396502e-06
432b5605-6e0d-4107-bc24-ee66840bf493,1348,stimulus,733925,0.023333125306059993
4334301f-2278-42e5-82ec-192dc68975a4,537,acquisition,50949656,0.9999899509654218
4334301f-2278-42e5-82ec-192dc68975a4,537,general,32,6.280646611410585e-07
4334301f-2278-42e5-82ec-192dc68975a4,537,general/subject,80,1.570161652852646e-06
4334301f-2278-42e5-82ec-192dc68975a4,537,other,80,1.570161652852646e-06
4334301f-2278-42e5-82ec-192dc68975a4,537,specifications,320,6.280646611410584e-06
4344b4d1-c2a9-4058-84c9-b6c74299de7e,769,acquisition,15759479,0.5553482562739248
4344b4d1-c2a9-4058-84c9-b6c74299de7e,769,general,330,1.1628869493109207e-05
4344b4d1-c2a9-4058-84c9-b6c74299de7e,769,general/intracellular_ephys,2012,7.09008649095022e-05
4344b4d1-c2a9-4058-84c9-b6c74299de7e,769,general/labnotebook,3336239,0.11756572099642779
4344b4d1-c2a9-4058-84c9-b6c74299de7e,769,general/results,154650,0.005449711112452542
4344b4d1-c2a9-4058-84c9-b6c74299de7e,769,general/stimsets,455203,0.016040897817793304
4344b4d1-c2a9-4058-84c9-b6c74299de7e,769,general/subject,80,2.8191198771173838e-06
4344b4d1-c2a9-4058-84c9-b6c74299de7e,769,general/testpulse,6449660,0.22727955883311132
4344b4d1-c2a9-4058-84c9-b6c74299de7e,769,general/user_comment,14,4.933459784955421e-07
4344b4d1-c2a9-4058-84c9-b6c74299de7e,769,intervals,451733,0.01591861849312334
4344b4d1-c2a9-4058-84c9-b6c74299de7e,769,other,106,3.7353338371805335e-06
4344b4d1-c2a9-4058-84c9-b6c74299de7e,769,processing/spikes,1672,5.891960543175332e-05
4344b4d1-c2a9-4058-84c9-b6c74299de7e,769,specifications,288,1.0148831557622582e-05
4344b4d1-c2a9-4058-84c9-b6c74299de7e,769,stimulus,1766185,0.06223859050208208
434f7644-5c5e-4670-9065-b2ff196b5714,1358,general,64,0.0003671345720300821
434f7644-5c5e-4670-9065-b2ff196b5714,1358,general/extracellular_ephys,64,0.0003671345720300821
434f7644-5c5e-4670-9065-b2ff196b5714,1358,general/subject,80,0.00045891821503760263
434f7644-5c5e-4670-9065-b2ff196b5714,1358,intervals,126560,0.7260086161894873
434f7644-5c5e-4670-9065-b2ff196b5714,1358,other,80,0.00045891821503760263
434f7644-5c5e-4670-9065-b2ff196b5714,1358,specifications,320,0.0018356728601504105
434f7644-5c5e-4670-9065-b2ff196b5714,1358,units,47155,0.27050360537622686
436af394-8d44-4b9c-90ed-adc4af8c59f8,295,acquisition,3194554,0.10617738878966537
436af394-8d44-4b9c-90ed-adc4af8c59f8,295,general,64,2.1271679497477842e-06
436af394-8d44-4b9c-90ed-adc4af8c59f8,295,general/DandiIcephysMetadata,64,2.1271679497477842e-06
436af394-8d44-4b9c-90ed-adc4af8c59f8,295,general/intracellular_ephys,10014,0.00033283531013709864
436af394-8d44-4b9c-90ed-adc4af8c59f8,295,general/subject,64,2.1271679497477842e-06
436af394-8d44-4b9c-90ed-adc4af8c59f8,295,other,80,2.6589599371847304e-06
436af394-8d44-4b9c-90ed-adc4af8c59f8,295,specifications,352,1.1699423723612815e-05
436af394-8d44-4b9c-90ed-adc4af8c59f8,295,stimulus,26881760,0.8934690360126875
438da2b9-c98a-4eb9-ac4b-3bfd9406507f,1211,acquisition,49610864970,0.998752597752441
438da2b9-c98a-4eb9-ac4b-3bfd9406507f,1211,general,64,1.2884307962541905e-09
438da2b9-c98a-4eb9-ac4b-3bfd9406507f,1211,general/optophysiology,352,7.086369379398047e-09
438da2b9-c98a-4eb9-ac4b-3bfd9406507f,1211,general/subject,128,2.576861592508381e-09
438da2b9-c98a-4eb9-ac4b-3bfd9406507f,1211,other,96,1.9326461943812855e-09
438da2b9-c98a-4eb9-ac4b-3bfd9406507f,1211,processing/behavior,60428944,0.001216539256792498
438da2b9-c98a-4eb9-ac4b-3bfd9406507f,1211,processing/ophys,1532412,3.085010645858557e-05
439a0b71-e583-47fb-873d-bb6a3a63f089,678,acquisition,22651564,0.9959731168262195
439a0b71-e583-47fb-873d-bb6a3a63f089,678,general,32,1.4070171816144362e-06
439a0b71-e583-47fb-873d-bb6a3a63f089,678,general/subject,64,2.8140343632288724e-06
439a0b71-e583-47fb-873d-bb6a3a63f089,678,intervals,91104,0.0040057779160563
439a0b71-e583-47fb-873d-bb6a3a63f089,678,other,80,3.5175429540360903e-06
439a0b71-e583-47fb-873d-bb6a3a63f089,678,specifications,304,1.3366663225337143e-05
43aed808-9daf-46b0-add1-efb5c84d0ea7,1281,acquisition,15920640,0.49998580499377804
43aed808-9daf-46b0-add1-efb5c84d0ea7,1281,general,208,6.5322152525718715e-06
43aed808-9daf-46b0-add1-efb5c84d0ea7,1281,general/intracellular_ephys,696,2.1857797191298184e-05
43aed808-9daf-46b0-add1-efb5c84d0ea7,1281,general/subject,80,2.512390481758412e-06
43aed808-9daf-46b0-add1-efb5c84d0ea7,1281,other,80,2.512390481758412e-06
43aed808-9daf-46b0-add1-efb5c84d0ea7,1281,specifications,320,1.0049561927033648e-05
43aed808-9daf-46b0-add1-efb5c84d0ea7,1281,stimulus,15920160,0.49997073065088754
43bd5768-344a-49a4-8456-3bf807b2b638,690,acquisition,13043520,0.005293398957700724
43bd5768-344a-49a4-8456-3bf807b2b638,690,general,48,1.9479645829472008e-08
43bd5768-344a-49a4-8456-3bf807b2b638,690,general/extracellular_ephys,247680,0.00010051497248007557
43bd5768-344a-49a4-8456-3bf807b2b638,690,general/subject,96,3.8959291658944016e-08
43bd5768-344a-49a4-8456-3bf807b2b638,690,intervals,71092873,0.028851333063325692
43bd5768-344a-49a4-8456-3bf807b2b638,690,other,80,3.246607638245335e-08
43bd5768-344a-49a4-8456-3bf807b2b638,690,processing/running,6483456,0.002631154721478443
43bd5768-344a-49a4-8456-3bf807b2b638,690,processing/stimulus,6593280,0.0026757241511362754
43bd5768-344a-49a4-8456-3bf807b2b638,690,specifications,384,1.5583716663577606e-07
43bd5768-344a-49a4-8456-3bf807b2b638,690,units,2366649092,0.9604476273916983
43f84f71-c6e8-4d48-906e-b8031bbd30b5,409,general,80,4.662914193852112e-08
43f84f71-c6e8-4d48-906e-b8031bbd30b5,409,general/extracellular_ephys,29337,1.7099489213129926e-05
43f84f71-c6e8-4d48-906e-b8031bbd30b5,409,general/ibl_metadata,16,9.325828387704223e-09
43f84f71-c6e8-4d48-906e-b8031bbd30b5,409,general/ibl_probe_insertion_trajectories,675,3.934333851062719e-07
43f84f71-c6e8-4d48-906e-b8031bbd30b5,409,general/localization,28715,1.6736947634557925e-05
43f84f71-c6e8-4d48-906e-b8031bbd30b5,409,general/subject,112,6.528079871392956e-08
43f84f71-c6e8-4d48-906e-b8031bbd30b5,409,intervals,99241,5.7844033439009676e-05
43f84f71-c6e8-4d48-906e-b8031bbd30b5,409,other,80,4.662914193852112e-08
43f84f71-c6e8-4d48-906e-b8031bbd30b5,409,processing/lick_times,41501,2.418945024488206e-05
43f84f71-c6e8-4d48-906e-b8031bbd30b5,409,processing/motion_energy,9304914,0.005423501945396653
43f84f71-c6e8-4d48-906e-b8031bbd30b5,409,processing/passive_protocol,92,5.362351322929928e-08
43f84f71-c6e8-4d48-906e-b8031bbd30b5,409,processing/pose_estimation,174801391,0.10188548589987409
43f84f71-c6e8-4d48-906e-b8031bbd30b5,409,processing/pupil,11678964,0.0068072508756359795
43f84f71-c6e8-4d48-906e-b8031bbd30b5,409,processing/wheel,109633168,0.06390125689802165
43f84f71-c6e8-4d48-906e-b8031bbd30b5,409,specifications,448,2.6112319485571825e-07
43f84f71-c6e8-4d48-906e-b8031bbd30b5,409,units,1410046549,0.8218657584155359
43f88e68-2993-4563-b6f3-82dca3bfa4b7,1848,general,192,8.277101136734823e-06
43f88e68-2993-4563-b6f3-82dca3bfa4b7,1848,general/extracellular_ephys,6768,0.0002917678150699025
43f88e68-2993-4563-b6f3-82dca3bfa4b7,1848,general/optogenetics,40,1.724396070153088e-06
43f88e68-2993-4563-b6f3-82dca3bfa4b7,1848,general/subject,80,3.448792140306176e-06
43f88e68-2993-4563-b6f3-82dca3bfa4b7,1848,intervals,24255,0.0010456306670390788
43f88e68-2993-4563-b6f3-82dca3bfa4b7,1848,other,80,3.448792140306176e-06
43f88e68-2993-4563-b6f3-82dca3bfa4b7,1848,specifications,272,1.1725893277040999e-05
43f88e68-2993-4563-b6f3-82dca3bfa4b7,1848,units,23164840,0.9986339765431265
4409bb44-8605-4bd1-89e2-9476c502da8b,8,acquisition,7516289,0.9920855314851633
4409bb44-8605-4bd1-89e2-9476c502da8b,8,general,80,1.0559312250874476e-05
4409bb44-8605-4bd1-89e2-9476c502da8b,8,general/DandiIcephysMetadata,192,2.534234940209874e-05
4409bb44-8605-4bd1-89e2-9476c502da8b,8,general/intracellular_ephys,3355,0.0004428311575210483
4409bb44-8605-4bd1-89e2-9476c502da8b,8,general/subject,112,1.4783037151224267e-05
4409bb44-8605-4bd1-89e2-9476c502da8b,8,other,80,1.0559312250874476e-05
4409bb44-8605-4bd1-89e2-9476c502da8b,8,specifications,320,4.2237249003497904e-05
4409bb44-8605-4bd1-89e2-9476c502da8b,8,stimulus,55823,0.007368156097257074
440dd8fd-fe90-48ba-8350-cb27cea172ef,959,acquisition,16932872,0.9894173092600764
440dd8fd-fe90-48ba-8350-cb27cea172ef,959,general,32,1.8698159353193272e-06
440dd8fd-fe90-48ba-8350-cb27cea172ef,959,general/subject,80,4.674539838298318e-06
440dd8fd-fe90-48ba-8350-cb27cea172ef,959,intervals,180600,0.010552773684958452
440dd8fd-fe90-48ba-8350-cb27cea172ef,959,other,80,4.674539838298318e-06
440dd8fd-fe90-48ba-8350-cb27cea172ef,959,scratch,48,2.8047239029789906e-06
440dd8fd-fe90-48ba-8350-cb27cea172ef,959,specifications,272,1.589343545021428e-05
440f6cb5-10e4-49fa-b18b-923ec212716c,628,general,143,4.985719226606866e-05
440f6cb5-10e4-49fa-b18b-923ec212716c,628,general/subject,80,2.7892135533464985e-05
440f6cb5-10e4-49fa-b18b-923ec212716c,628,other,80,2.7892135533464985e-05
440f6cb5-10e4-49fa-b18b-923ec212716c,628,processing/ecephys,2867569,0.9997827899945332
440f6cb5-10e4-49fa-b18b-923ec212716c,628,specifications,320,0.00011156854213385994
44292067-fb07-4825-b12b-39d16e970523,988,acquisition,571947918,0.9999990208908293
44292067-fb07-4825-b12b-39d16e970523,988,general,80,1.398727386769967e-07
44292067-fb07-4825-b12b-39d16e970523,988,general/subject,80,1.398727386769967e-07
44292067-fb07-4825-b12b-39d16e970523,988,other,80,1.398727386769967e-07
44292067-fb07-4825-b12b-39d16e970523,988,specifications,320,5.594909547079868e-07
442b5a99-c380-466d-9a76-039e3cca66da,1747,acquisition,10375805319,0.9999975952767778
442b5a99-c380-466d-9a76-039e3cca66da,1747,general,64,6.1681810837871384e-09
442b5a99-c380-466d-9a76-039e3cca66da,1747,general/extracellular_ephys,24423,2.3538357282708327e-06
442b5a99-c380-466d-9a76-039e3cca66da,1747,general/subject,64,6.1681810837871384e-09
442b5a99-c380-466d-9a76-039e3cca66da,1747,other,80,7.710226354733923e-09
442b5a99-c380-466d-9a76-039e3cca66da,1747,specifications,320,3.084090541893569e-08
444d8580-a38a-4722-8d9c-aeb47e2dc2fd,620,acquisition,98754714104,0.9999988317330847
444d8580-a38a-4722-8d9c-aeb47e2dc2fd,620,general,80,8.100869640956859e-10
444d8580-a38a-4722-8d9c-aeb47e2dc2fd,620,general/extracellular_ephys,114796,1.1624342891291046e-06
444d8580-a38a-4722-8d9c-aeb47e2dc2fd,620,general/subject,64,6.480695712765487e-10
444d8580-a38a-4722-8d9c-aeb47e2dc2fd,620,other,80,8.100869640956859e-10
444d8580-a38a-4722-8d9c-aeb47e2dc2fd,620,specifications,352,3.5643826420210184e-09
444eb446-084b-4e6d-9ea3-ad3998360e0b,1751,acquisition,22534400,0.9937267646517194
444eb446-084b-4e6d-9ea3-ad3998360e0b,1751,general,112,4.93899982431272e-06
444eb446-084b-4e6d-9ea3-ad3998360e0b,1751,general/intracellular_ephys,896,3.951199859450176e-05
444eb446-084b-4e6d-9ea3-ad3998360e0b,1751,general/subject,80,3.527857017366229e-06
444eb446-084b-4e6d-9ea3-ad3998360e0b,1751,other,80,3.527857017366229e-06
444eb446-084b-4e6d-9ea3-ad3998360e0b,1751,specifications,272,1.1994713859045178e-05
444eb446-084b-4e6d-9ea3-ad3998360e0b,1751,stimulus,140816,0.006209733921968036
446a5f40-fb07-40e3-84ec-71d36fb9dacc,35,acquisition,7917834,0.9924067634477821
446a5f40-fb07-40e3-84ec-71d36fb9dacc,35,general,96,1.203246358675707e-05
446a5f40-fb07-40e3-84ec-71d36fb9dacc,35,general/DandiIcephysMetadata,192,2.406492717351414e-05
446a5f40-fb07-40e3-84ec-71d36fb9dacc,35,general/intracellular_ephys,4007,0.0005022300165847456
446a5f40-fb07-40e3-84ec-71d36fb9dacc,35,general/subject,112,1.4037874184549916e-05
446a5f40-fb07-40e3-84ec-71d36fb9dacc,35,other,80,1.0027052988964225e-05
446a5f40-fb07-40e3-84ec-71d36fb9dacc,35,specifications,272,3.4091980162478365e-05
446a5f40-fb07-40e3-84ec-71d36fb9dacc,35,stimulus,55823,0.006996752237536875
446acfdb-71d5-49db-b788-3be5190439a8,1261,acquisition,6000600,0.4999783364384438
446acfdb-71d5-49db-b788-3be5190439a8,1261,general,192,1.599770699533067e-05
446acfdb-71d5-49db-b788-3be5190439a8,1261,general/intracellular_ephys,512,4.266055198754845e-05
446acfdb-71d5-49db-b788-3be5190439a8,1261,general/subject,80,6.665711248054445e-06
446acfdb-71d5-49db-b788-3be5190439a8,1261,other,96,7.998853497665335e-06
446acfdb-71d5-49db-b788-3be5190439a8,1261,stimulus,6000240,0.49994834073782757
4478eb88-608a-4e3e-ad3b-c39839fcc039,950,acquisition,35942010,0.9999532602245346
4478eb88-608a-4e3e-ad3b-c39839fcc039,950,general,64,1.7805628748745608e-06
4478eb88-608a-4e3e-ad3b-c39839fcc039,950,general/subject,64,1.7805628748745608e-06
4478eb88-608a-4e3e-ad3b-c39839fcc039,950,intervals,1152,3.20501317477421e-05
4478eb88-608a-4e3e-ad3b-c39839fcc039,950,other,80,2.225703593593201e-06
4478eb88-608a-4e3e-ad3b-c39839fcc039,950,specifications,320,8.902814374372803e-06
4482c181-b317-4441-b2df-95522fca98ff,617,acquisition,8064000,0.01453199687834542
4482c181-b317-4441-b2df-95522fca98ff,617,general,128,2.3066661711659398e-07
4482c181-b317-4441-b2df-95522fca98ff,617,general/optophysiology,88,1.5858329926765837e-07
4482c181-b317-4441-b2df-95522fca98ff,617,general/subject,96,1.7299996283744548e-07
4482c181-b317-4441-b2df-95522fca98ff,617,intervals,43344000,0.07810948322110664
4482c181-b317-4441-b2df-95522fca98ff,617,other,80,1.4416663569787124e-07
4482c181-b317-4441-b2df-95522fca98ff,617,processing/ophys,41984158,0.07565893514334833
4482c181-b317-4441-b2df-95522fca98ff,617,processing/running,11088000,0.019981495707724953
4482c181-b317-4441-b2df-95522fca98ff,617,processing/stimulus,4032000,0.00726599843917271
4482c181-b317-4441-b2df-95522fca98ff,617,processing/stimulus_ophys,4032000,0.00726599843917271
4482c181-b317-4441-b2df-95522fca98ff,617,specifications,768,1.3839997026995639e-06
4482c181-b317-4441-b2df-95522fca98ff,617,stimulus,442368096,0.7971840017549117
449f7206-e6ef-44b6-8195-f782db5c5ddb,1858,acquisition,16220885,0.526760061997121
449f7206-e6ef-44b6-8195-f782db5c5ddb,1858,general,330,1.0716481897199193e-05
449f7206-e6ef-44b6-8195-f782db5c5ddb,1858,general/intracellular_ephys,2232,7.248238665014726e-05
449f7206-e6ef-44b6-8195-f782db5c5ddb,1858,general/labnotebook,4868176,0.15809006053448357
449f7206-e6ef-44b6-8195-f782db5c5ddb,1858,general/results,195285,0.006341721719074376
449f7206-e6ef-44b6-8195-f782db5c5ddb,1858,general/stimsets,369710,0.012006031885495495
449f7206-e6ef-44b6-8195-f782db5c5ddb,1858,general/subject,96,3.117522006457947e-06
449f7206-e6ef-44b6-8195-f782db5c5ddb,1858,general/testpulse,7621031,0.24748679014998137
449f7206-e6ef-44b6-8195-f782db5c5ddb,1858,general/user_comment,14,4.546386259417839e-07
449f7206-e6ef-44b6-8195-f782db5c5ddb,1858,intervals,298078,0.009679840881676791
449f7206-e6ef-44b6-8195-f782db5c5ddb,1858,other,106,3.4422638821306494e-06
449f7206-e6ef-44b6-8195-f782db5c5ddb,1858,processing/spikes,718,2.3316466673300062e-05
449f7206-e6ef-44b6-8195-f782db5c5ddb,1858,specifications,288,9.35256601937384e-06
449f7206-e6ef-44b6-8195-f782db5c5ddb,1858,stimulus,1216739,0.039512610506412874
44a2d681-df23-46af-a2dd-7db925dc8089,946,general,64,5.367650512275146e-05
44a2d681-df23-46af-a2dd-7db925dc8089,946,general/extracellular_ephys,3072,0.00257647224589207
44a2d681-df23-46af-a2dd-7db925dc8089,946,general/subject,80,6.709563140343932e-05
44a2d681-df23-46af-a2dd-7db925dc8089,946,intervals,9600,0.008051475768412718
44a2d681-df23-46af-a2dd-7db925dc8089,946,other,80,6.709563140343932e-05
44a2d681-df23-46af-a2dd-7db925dc8089,946,specifications,320,0.0002683825256137573
44a2d681-df23-46af-a2dd-7db925dc8089,946,units,1179112,0.9889158016921519
44ba79b9-9ce5-4360-a6c5-7b573753d9bc,1775,general,144,1.6570653843386405e-07
44ba79b9-9ce5-4360-a6c5-7b573753d9bc,1775,general/extracellular_ephys,1728,1.9884784612063688e-06
44ba79b9-9ce5-4360-a6c5-7b573753d9bc,1775,general/subject,128,1.472947008301014e-07
44ba79b9-9ce5-4360-a6c5-7b573753d9bc,1775,intervals,720,8.285326921693203e-07
44ba79b9-9ce5-4360-a6c5-7b573753d9bc,1775,other,96,1.1047102562257604e-07
44ba79b9-9ce5-4360-a6c5-7b573753d9bc,1775,processing/ecephys,869003056,0.9999964465153425
44ba79b9-9ce5-4360-a6c5-7b573753d9bc,1775,specifications,272,3.1300123926396543e-07
44c5c8ef-bb1c-4f44-b3d6-20ee5feda34d,1837,acquisition,1708,0.7286689419795221
44c5c8ef-bb1c-4f44-b3d6-20ee5feda34d,1837,general,48,0.020477815699658702
44c5c8ef-bb1c-4f44-b3d6-20ee5feda34d,1837,general/extracellular_ephys,108,0.04607508532423208
44c5c8ef-bb1c-4f44-b3d6-20ee5feda34d,1837,general/subject,80,0.034129692832764506
44c5c8ef-bb1c-4f44-b3d6-20ee5feda34d,1837,other,80,0.034129692832764506
44c5c8ef-bb1c-4f44-b3d6-20ee5feda34d,1837,specifications,320,0.13651877133105803
44c7388c-c819-4d15-a593-39a5909ef7bb,766,acquisition,2384,0.8186813186813187
44c7388c-c819-4d15-a593-39a5909ef7bb,766,general,64,0.02197802197802198
44c7388c-c819-4d15-a593-39a5909ef7bb,766,general/subject,64,0.02197802197802198
44c7388c-c819-4d15-a593-39a5909ef7bb,766,other,80,0.027472527472527472
44c7388c-c819-4d15-a593-39a5909ef7bb,766,specifications,320,0.10989010989010989
44ca9d2d-d920-4358-8d78-71852ca01b10,711,acquisition,8653376,0.044716587981448584
44ca9d2d-d920-4358-8d78-71852ca01b10,711,general,80,4.1340247303663757e-07
44ca9d2d-d920-4358-8d78-71852ca01b10,711,general/subject,96,4.960829676439651e-07
44ca9d2d-d920-4358-8d78-71852ca01b10,711,intervals,2630707,0.013594259745434921
44ca9d2d-d920-4358-8d78-71852ca01b10,711,other,80,4.1340247303663757e-07
44ca9d2d-d920-4358-8d78-71852ca01b10,711,processing/licking,39136,0.0002022364898095231
44ca9d2d-d920-4358-8d78-71852ca01b10,711,processing/rewards,1750,9.043179097676447e-06
44ca9d2d-d920-4358-8d78-71852ca01b10,711,processing/running,11898392,0.0614853084744918
44ca9d2d-d920-4358-8d78-71852ca01b10,711,processing/stimulus,4326688,0.022358293990724292
44ca9d2d-d920-4358-8d78-71852ca01b10,711,specifications,480,2.4804148382198256e-06
44ca9d2d-d920-4358-8d78-71852ca01b10,711,stimulus,165965232,0.8576304668362412
44eb22e9-55e6-4403-b360-9078eb476128,769,acquisition,17563681,0.4812941325606327
44eb22e9-55e6-4403-b360-9078eb476128,769,general,330,9.042925782187047e-06
44eb22e9-55e6-4403-b360-9078eb476128,769,general/intracellular_ephys,1876,5.1407662931463337e-05
44eb22e9-55e6-4403-b360-9078eb476128,769,general/labnotebook,9620055,0.26361649510774976
44eb22e9-55e6-4403-b360-9078eb476128,769,general/results,145146,0.00397740759267067
44eb22e9-55e6-4403-b360-9078eb476128,769,general/stimsets,374115,0.010251800542433052
44eb22e9-55e6-4403-b360-9078eb476128,769,general/subject,80,2.1922244320453447e-06
44eb22e9-55e6-4403-b360-9078eb476128,769,general/testpulse,7939927,0.21757627447570624
44eb22e9-55e6-4403-b360-9078eb476128,769,general/user_comment,14,3.836392756079353e-07
44eb22e9-55e6-4403-b360-9078eb476128,769,intervals,66045,0.001809818282680435
44eb22e9-55e6-4403-b360-9078eb476128,769,other,106,2.9046973724600817e-06
44eb22e9-55e6-4403-b360-9078eb476128,769,processing/spikes,3856,0.00010566521762458563
44eb22e9-55e6-4403-b360-9078eb476128,769,specifications,288,7.892007955363241e-06
44eb22e9-55e6-4403-b360-9078eb476128,769,stimulus,777095,0.021294583062753464
44f66095-f724-4878-8ecd-4ce64a9e98f3,1747,acquisition,8280647352,0.9999969885295384
44f66095-f724-4878-8ecd-4ce64a9e98f3,1747,general,64,7.728841061011103e-09
44f66095-f724-4878-8ecd-4ce64a9e98f3,1747,general/extracellular_ephys,24409,2.9477075227846877e-06
44f66095-f724-4878-8ecd-4ce64a9e98f3,1747,general/subject,64,7.728841061011103e-09
44f66095-f724-4878-8ecd-4ce64a9e98f3,1747,other,80,9.661051326263879e-09
44f66095-f724-4878-8ecd-4ce64a9e98f3,1747,specifications,320,3.8644205305055516e-08
4501491e-a797-48fc-99d7-23b468868788,705,general,48,5.186245644364009e-06
4501491e-a797-48fc-99d7-23b468868788,705,general/subject,64,6.9149941924853465e-06
4501491e-a797-48fc-99d7-23b468868788,705,other,80,8.643742740606683e-06
4501491e-a797-48fc-99d7-23b468868788,705,processing/wt:nacre: behavior left lane,4653959,0.5028453040166392
4501491e-a797-48fc-99d7-23b468868788,705,processing/wt:nacre: behavior right lane,4600715,0.49709246103562843
4501491e-a797-48fc-99d7-23b468868788,705,scratch,64,6.9149941924853465e-06
4501491e-a797-48fc-99d7-23b468868788,705,specifications,320,3.457497096242673e-05
4502e6bb-4456-4c67-a1dd-5010456e1d50,952,acquisition,500157244,0.9999990722926138
4502e6bb-4456-4c67-a1dd-5010456e1d50,952,general/subject,64,1.2795963948235303e-07
4502e6bb-4456-4c67-a1dd-5010456e1d50,952,other,80,1.599495493529413e-07
4502e6bb-4456-4c67-a1dd-5010456e1d50,952,specifications,320,6.397981974117652e-07
4503be14-b40e-4d51-9df8-71d4d916517e,1201,analysis,37884656,0.9979025023676199
4503be14-b40e-4d51-9df8-71d4d916517e,1201,general,112,2.9501410878634726e-06
4503be14-b40e-4d51-9df8-71d4d916517e,1201,general/extracellular_ephys,12288,0.0003236726222113067
4503be14-b40e-4d51-9df8-71d4d916517e,1201,general/subject,80,2.1072436341881946e-06
4503be14-b40e-4d51-9df8-71d4d916517e,1201,intervals,66750,0.001758231407275775
4503be14-b40e-4d51-9df8-71d4d916517e,1201,other,80,2.1072436341881946e-06
4503be14-b40e-4d51-9df8-71d4d916517e,1201,specifications,320,8.428974536752779e-06
451e6852-61b3-452d-ab96-8e922451b7f0,1029,acquisition,197101800,0.9999972400125288
451e6852-61b3-452d-ab96-8e922451b7f0,1029,general,64,3.247044083859297e-07
451e6852-61b3-452d-ab96-8e922451b7f0,1029,general/subject,80,4.0588051048241213e-07
451e6852-61b3-452d-ab96-8e922451b7f0,1029,other,80,4.0588051048241213e-07
451e6852-61b3-452d-ab96-8e922451b7f0,1029,specifications,320,1.6235220419296485e-06
455abf5b-bb29-413a-b86b-8fdf55e7f44b,932,acquisition,640778889,0.9997882775596377
455abf5b-bb29-413a-b86b-8fdf55e7f44b,932,general/extracellular_ephys,135168,0.00021089861763716925
455abf5b-bb29-413a-b86b-8fdf55e7f44b,932,general/subject,128,1.9971460003519813e-07
455abf5b-bb29-413a-b86b-8fdf55e7f44b,932,other,80,1.2482162502199884e-07
455abf5b-bb29-413a-b86b-8fdf55e7f44b,932,specifications,320,4.992865000879954e-07
4589fe1a-ea9d-488e-baa3-641fba356eb6,1510,acquisition,66681793,0.9999884827458861
4589fe1a-ea9d-488e-baa3-641fba356eb6,1510,general,64,9.59771176155037e-07
4589fe1a-ea9d-488e-baa3-641fba356eb6,1510,general/intracellular_ephys,192,2.879313528465111e-06
4589fe1a-ea9d-488e-baa3-641fba356eb6,1510,general/subject,96,1.4396567642325555e-06
4589fe1a-ea9d-488e-baa3-641fba356eb6,1510,other,80,1.1997139701937963e-06
4589fe1a-ea9d-488e-baa3-641fba356eb6,1510,specifications,336,5.0387986748139444e-06
45a212d1-020b-453b-927b-3fd079a029ce,1132,acquisition,2259280167,0.9999907152704917
45a212d1-020b-453b-927b-3fd079a029ce,1132,general,64,2.8327343687654946e-08
45a212d1-020b-453b-927b-3fd079a029ce,1132,general/extracellular_ephys,20449,9.051028922950876e-06
45a212d1-020b-453b-927b-3fd079a029ce,1132,general/subject,64,2.8327343687654946e-08
45a212d1-020b-453b-927b-3fd079a029ce,1132,other,80,3.540917960956868e-08
45a212d1-020b-453b-927b-3fd079a029ce,1132,specifications,320,1.4163671843827472e-07
45c89120-fc26-4489-b068-8053147e5aa2,1832,acquisition,5125365,0.9989958127026964
45c89120-fc26-4489-b068-8053147e5aa2,1832,general,272,5.301609954708268e-05
45c89120-fc26-4489-b068-8053147e5aa2,1832,general/optophysiology,296,5.769399068358998e-05
45c89120-fc26-4489-b068-8053147e5aa2,1832,general/subject,80,1.559297045502432e-05
45c89120-fc26-4489-b068-8053147e5aa2,1832,intervals,146,2.845717108041938e-05
45c89120-fc26-4489-b068-8053147e5aa2,1832,other,80,1.559297045502432e-05
45c89120-fc26-4489-b068-8053147e5aa2,1832,processing/ophys,3926,0.0007652250250803184
45c89120-fc26-4489-b068-8053147e5aa2,1832,specifications,352,6.8609070002107e-05
45c9ef0e-d70f-47ac-9880-91d882fa1548,713,acquisition,6920640,0.03703909616007956
45c9ef0e-d70f-47ac-9880-91d882fa1548,713,general,64,3.425264360297735e-07
45c9ef0e-d70f-47ac-9880-91d882fa1548,713,general/subject,96,5.137896540446602e-07
45c9ef0e-d70f-47ac-9880-91d882fa1548,713,intervals,914727,0.004895596550784478
45c9ef0e-d70f-47ac-9880-91d882fa1548,713,other,80,4.2815804503721687e-07
45c9ef0e-d70f-47ac-9880-91d882fa1548,713,processing/licking,63360,0.0003391011716694758
45c9ef0e-d70f-47ac-9880-91d882fa1548,713,processing/rewards,6125,3.278085032316192e-05
45c9ef0e-d70f-47ac-9880-91d882fa1548,713,processing/running,9515880,0.050928757220109394
45c9ef0e-d70f-47ac-9880-91d882fa1548,713,processing/stimulus,3460320,0.01851954808003978
45c9ef0e-d70f-47ac-9880-91d882fa1548,713,specifications,480,2.5689482702233012e-06
45c9ef0e-d70f-47ac-9880-91d882fa1548,713,stimulus,165965120,0.8882412665445888
45dd545f-9aad-4d10-abc9-c5e84d435d82,1521,acquisition,29679303,0.9999811319883788
45dd545f-9aad-4d10-abc9-c5e84d435d82,1521,general,64,2.1563441852814484e-06
45dd545f-9aad-4d10-abc9-c5e84d435d82,1521,general/subject,96,3.234516277922172e-06
45dd545f-9aad-4d10-abc9-c5e84d435d82,1521,other,80,2.6954302316018103e-06
45dd545f-9aad-4d10-abc9-c5e84d435d82,1521,specifications,320,1.0781720926407241e-05
45e6bcf7-f22b-49e7-bf14-6373a05161f6,339,general,16,1.1310368576240115e-08
45e6bcf7-f22b-49e7-bf14-6373a05161f6,339,general/extracellular_ephys,3072,2.171590766638102e-06
45e6bcf7-f22b-49e7-bf14-6373a05161f6,339,general/subject,80,5.6551842881200574e-08
45e6bcf7-f22b-49e7-bf14-6373a05161f6,339,other,96,6.786221145744069e-08
45e6bcf7-f22b-49e7-bf14-6373a05161f6,339,processing/ecephys,1414627592,0.9999974664774389
45e6bcf7-f22b-49e7-bf14-6373a05161f6,339,specifications,320,2.262073715248023e-07
45f3f2aa-1904-4374-9bc7-eab53ebbaa09,773,acquisition,83886088,0.9999896050589985
45f3f2aa-1904-4374-9bc7-eab53ebbaa09,773,general,240,2.8609929362084404e-06
45f3f2aa-1904-4374-9bc7-eab53ebbaa09,773,general/optophysiology,136,1.6212293305181162e-06
45f3f2aa-1904-4374-9bc7-eab53ebbaa09,773,general/subject,96,1.1443971744833762e-06
45f3f2aa-1904-4374-9bc7-eab53ebbaa09,773,other,80,9.536643120694802e-07
45f3f2aa-1904-4374-9bc7-eab53ebbaa09,773,specifications,320,3.814657248277921e-06
46206f61-577c-461c-9809-de9e60b4d5f5,1452,acquisition,3280656,0.9998537092031541
46206f61-577c-461c-9809-de9e60b4d5f5,1452,general/intracellular_ephys,16,4.87635989486568e-06
46206f61-577c-461c-9809-de9e60b4d5f5,1452,general/subject,64,1.950543957946272e-05
46206f61-577c-461c-9809-de9e60b4d5f5,1452,other,80,2.4381799474328403e-05
46206f61-577c-461c-9809-de9e60b4d5f5,1452,specifications,320,9.752719789731361e-05
46249835-aab6-4de7-aaf1-df7ac08d3bfa,1097,general,128,3.4687049644213845e-05
46249835-aab6-4de7-aaf1-df7ac08d3bfa,1097,general/optophysiology,88,2.384734663039702e-05
46249835-aab6-4de7-aaf1-df7ac08d3bfa,1097,general/subject,64,1.7343524822106922e-05
46249835-aab6-4de7-aaf1-df7ac08d3bfa,1097,intervals,1456,0.0003945651897029325
46249835-aab6-4de7-aaf1-df7ac08d3bfa,1097,other,80,2.1679406027633655e-05
46249835-aab6-4de7-aaf1-df7ac08d3bfa,1097,processing/ophys,3688002,0.9994211598590622
46249835-aab6-4de7-aaf1-df7ac08d3bfa,1097,specifications,320,8.671762411053462e-05
4641b1de-51ba-4cce-9fc5-b083762c705e,1348,acquisition,13501715,0.6682603393717587
4641b1de-51ba-4cce-9fc5-b083762c705e,1348,general,330,1.633317782168268e-05
4641b1de-51ba-4cce-9fc5-b083762c705e,1348,general/intracellular_ephys,1071,5.300858620309742e-05
4641b1de-51ba-4cce-9fc5-b083762c705e,1348,general/labnotebook,1498896,0.07418707546729965
4641b1de-51ba-4cce-9fc5-b083762c705e,1348,general/results,82509,0.004083739905724897
4641b1de-51ba-4cce-9fc5-b083762c705e,1348,general/stimsets,401950,0.01989430553159198
4641b1de-51ba-4cce-9fc5-b083762c705e,1348,general/subject,80,3.959558259801862e-06
4641b1de-51ba-4cce-9fc5-b083762c705e,1348,general/testpulse,3793198,0.18774235589954877
4641b1de-51ba-4cce-9fc5-b083762c705e,1348,general/user_comment,14,6.929226954653258e-07
4641b1de-51ba-4cce-9fc5-b083762c705e,1348,intervals,131954,0.006530994382673686
4641b1de-51ba-4cce-9fc5-b083762c705e,1348,other,106,5.246414694237467e-06
4641b1de-51ba-4cce-9fc5-b083762c705e,1348,processing/spikes,2436,0.0001205685490109667
4641b1de-51ba-4cce-9fc5-b083762c705e,1348,specifications,288,1.4254409735286703e-05
4641b1de-51ba-4cce-9fc5-b083762c705e,1348,stimulus,789727,0.03908712582298181
4661afe1-3b99-440f-837b-e46f8c7c3a93,552,general,192,1.3005492327789128e-06
4661afe1-3b99-440f-837b-e46f8c7c3a93,552,general/extracellular_ephys,4608,3.1213181586693904e-05
4661afe1-3b99-440f-837b-e46f8c7c3a93,552,general/subject,96,6.502746163894564e-07
4661afe1-3b99-440f-837b-e46f8c7c3a93,552,intervals,875,5.926982180633066e-06
4661afe1-3b99-440f-837b-e46f8c7c3a93,552,other,80,5.418955136578803e-07
4661afe1-3b99-440f-837b-e46f8c7c3a93,552,processing/behavior,2321250,0.015723437013479433
4661afe1-3b99-440f-837b-e46f8c7c3a93,552,processing/ecephys,110169103,0.7462517832426616
4661afe1-3b99-440f-837b-e46f8c7c3a93,552,specifications,352,2.3843402600946734e-06
4661afe1-3b99-440f-837b-e46f8c7c3a93,552,units,35133380,0.23798276252046874
4665c4eb-7315-46fa-a50a-a12a1d08dc26,246,acquisition,4194312,0.3330673651296627
4665c4eb-7315-46fa-a50a-a12a1d08dc26,246,general,48,3.8116462309489156e-06
4665c4eb-7315-46fa-a50a-a12a1d08dc26,246,general/optophysiology,88,6.988018090073012e-06
4665c4eb-7315-46fa-a50a-a12a1d08dc26,246,general/subject,80,6.352743718248193e-06
4665c4eb-7315-46fa-a50a-a12a1d08dc26,246,other,80,6.352743718248193e-06
4665c4eb-7315-46fa-a50a-a12a1d08dc26,246,processing/ophys,8398056,0.6668837187437068
4665c4eb-7315-46fa-a50a-a12a1d08dc26,246,specifications,320,2.5410974872992772e-05
467281e2-2a36-48b3-9ea4-1425393c5a2b,1832,acquisition,8224737,0.9992352113319448
467281e2-2a36-48b3-9ea4-1425393c5a2b,1832,general,272,3.304567398109982e-05
467281e2-2a36-48b3-9ea4-1425393c5a2b,1832,general/optophysiology,296,3.596146874413804e-05
467281e2-2a36-48b3-9ea4-1425393c5a2b,1832,general/subject,80,9.719315876794064e-06
467281e2-2a36-48b3-9ea4-1425393c5a2b,1832,intervals,147,1.7859242923609095e-05
467281e2-2a36-48b3-9ea4-1425393c5a2b,1832,other,80,9.719315876794064e-06
467281e2-2a36-48b3-9ea4-1425393c5a2b,1832,processing/ophys,5068,0.0006157186607949039
467281e2-2a36-48b3-9ea4-1425393c5a2b,1832,specifications,352,4.276498985789388e-05
468f4efa-a6b1-4de1-8ae2-e3466d8531f6,239,general,48,0.00027841581401823624
468f4efa-a6b1-4de1-8ae2-e3466d8531f6,239,general/subject,96,0.0005568316280364725
468f4efa-a6b1-4de1-8ae2-e3466d8531f6,239,intervals,171860,0.99684462077446
468f4efa-a6b1-4de1-8ae2-e3466d8531f6,239,other,80,0.0004640263566970604
468f4efa-a6b1-4de1-8ae2-e3466d8531f6,239,specifications,320,0.0018561054267882415
4698b24a-dba6-4fe8-be2e-2919b518659c,1045,acquisition,18585943656,0.9999999715914352
4698b24a-dba6-4fe8-be2e-2919b518659c,1045,general,80,4.304328002279768e-09
4698b24a-dba6-4fe8-be2e-2919b518659c,1045,general/subject,96,5.165193602735722e-09
4698b24a-dba6-4fe8-be2e-2919b518659c,1045,other,80,4.304328002279768e-09
4698b24a-dba6-4fe8-be2e-2919b518659c,1045,specifications,272,1.4634715207751212e-08
46b550a0-ac62-4634-a95c-82bf22240f34,1274,acquisition,58503840,0.9999904280703673
46b550a0-ac62-4634-a95c-82bf22240f34,1274,general,64,1.0939348151592017e-06
46b550a0-ac62-4634-a95c-82bf22240f34,1274,general/subject,96,1.6409022227388025e-06
46b550a0-ac62-4634-a95c-82bf22240f34,1274,other,80,1.367418518949002e-06
46b550a0-ac62-4634-a95c-82bf22240f34,1274,specifications,320,5.469674075796008e-06
46d34535-4a3f-4be2-8939-c7526cbc9d26,1452,acquisition,3280656,0.9998537092031541
46d34535-4a3f-4be2-8939-c7526cbc9d26,1452,general/intracellular_ephys,16,4.87635989486568e-06
46d34535-4a3f-4be2-8939-c7526cbc9d26,1452,general/subject,64,1.950543957946272e-05
46d34535-4a3f-4be2-8939-c7526cbc9d26,1452,other,80,2.4381799474328403e-05
46d34535-4a3f-4be2-8939-c7526cbc9d26,1452,specifications,320,9.752719789731361e-05
46e78707-d509-4e0b-8609-17448f8e7f12,1928,acquisition,9374080,0.00597964314270146
46e78707-d509-4e0b-8609-17448f8e7f12,1928,general,112,7.144381443112961e-08
46e78707-d509-4e0b-8609-17448f8e7f12,1928,general/optophysiology,648,4.1335349778010703e-07
46e78707-d509-4e0b-8609-17448f8e7f12,1928,general/subject,96,6.123755522668253e-08
46e78707-d509-4e0b-8609-17448f8e7f12,1928,intervals,3419888,0.0021815164611361337
46e78707-d509-4e0b-8609-17448f8e7f12,1928,other,80,5.103129602223544e-08
46e78707-d509-4e0b-8609-17448f8e7f12,1928,processing/behavior,11872464,0.007573340311216668
46e78707-d509-4e0b-8609-17448f8e7f12,1928,processing/plane-0,205435416,0.13104544409183852
46e78707-d509-4e0b-8609-17448f8e7f12,1928,processing/plane-1,208571214,0.1330457420418877
46e78707-d509-4e0b-8609-17448f8e7f12,1928,processing/plane-2,198433866,0.1265792169585325
46e78707-d509-4e0b-8609-17448f8e7f12,1928,processing/plane-3,201959661,0.12882829056301648
46e78707-d509-4e0b-8609-17448f8e7f12,1928,processing/plane-4,202391682,0.12910387295725176
46e78707-d509-4e0b-8609-17448f8e7f12,1928,processing/plane-5,194186898,0.12387011344347049
46e78707-d509-4e0b-8609-17448f8e7f12,1928,specifications,320,2.0412518408894176e-07
46e78707-d509-4e0b-8609-17448f8e7f12,1928,stimulus,332019032,0.21179201883760077
46ef5371-53bf-483a-a1dd-a2408af1fcd2,409,general,80,6.83973850349372e-08
46ef5371-53bf-483a-a1dd-a2408af1fcd2,409,general/extracellular_ephys,29371,2.5111244948264255e-05
46ef5371-53bf-483a-a1dd-a2408af1fcd2,409,general/ibl_metadata,16,1.367947700698744e-08
46ef5371-53bf-483a-a1dd-a2408af1fcd2,409,general/ibl_probe_insertion_trajectories,704,6.018969883074473e-07
46ef5371-53bf-483a-a1dd-a2408af1fcd2,409,general/localization,29042,2.4829960702308076e-05
46ef5371-53bf-483a-a1dd-a2408af1fcd2,409,general/subject,112,9.575633904891208e-08
46ef5371-53bf-483a-a1dd-a2408af1fcd2,409,intervals,67128,5.739224578281581e-05
46ef5371-53bf-483a-a1dd-a2408af1fcd2,409,other,80,6.83973850349372e-08
46ef5371-53bf-483a-a1dd-a2408af1fcd2,409,processing/lick_times,384274,0.0003285417092114432
46ef5371-53bf-483a-a1dd-a2408af1fcd2,409,processing/motion_energy,4368146,0.00373462204813526
46ef5371-53bf-483a-a1dd-a2408af1fcd2,409,processing/passive_protocol,9047,7.73488928013846e-06
46ef5371-53bf-483a-a1dd-a2408af1fcd2,409,processing/pose_estimation,56474309,0.048283688215687744
46ef5371-53bf-483a-a1dd-a2408af1fcd2,409,processing/pupil,7449877,0.006369401320399036
46ef5371-53bf-483a-a1dd-a2408af1fcd2,409,processing/wheel,94568201,0.08085272069822917
46ef5371-53bf-483a-a1dd-a2408af1fcd2,409,specifications,448,3.830253561956483e-07
46ef5371-53bf-483a-a1dd-a2408af1fcd2,409,units,1006254524,0.8603147265146932
4709f353-7a30-4945-9219-4ea02282b61a,1348,acquisition,14546072,0.6439776566625282
4709f353-7a30-4945-9219-4ea02282b61a,1348,general,330,1.4609622907038704e-05
4709f353-7a30-4945-9219-4ea02282b61a,1348,general/intracellular_ephys,1392,6.162604571696326e-05
4709f353-7a30-4945-9219-4ea02282b61a,1348,general/labnotebook,2937078,0.13002909705624066
4709f353-7a30-4945-9219-4ea02282b61a,1348,general/results,115548,0.005115493053522752
4709f353-7a30-4945-9219-4ea02282b61a,1348,general/stimsets,428992,0.01899215560647378
4709f353-7a30-4945-9219-4ea02282b61a,1348,general/subject,80,3.541726765342716e-06
4709f353-7a30-4945-9219-4ea02282b61a,1348,general/testpulse,3116932,0.13799151862691503
4709f353-7a30-4945-9219-4ea02282b61a,1348,general/user_comment,14,6.198021839349754e-07
4709f353-7a30-4945-9219-4ea02282b61a,1348,intervals,305671,0.013532539526113416
4709f353-7a30-4945-9219-4ea02282b61a,1348,other,106,4.692787964079099e-06
4709f353-7a30-4945-9219-4ea02282b61a,1348,processing/spikes,1646,7.287102819692639e-05
4709f353-7a30-4945-9219-4ea02282b61a,1348,specifications,288,1.2750216355233777e-05
4709f353-7a30-4945-9219-4ea02282b61a,1348,stimulus,1133703,0.050190828238116665
4731a3d2-23f2-49dc-8f80-a3bcc65d9811,690,acquisition,1883892983,0.9999935145356605
4731a3d2-23f2-49dc-8f80-a3bcc65d9811,690,general,48,2.5478989056626104e-08
4731a3d2-23f2-49dc-8f80-a3bcc65d9811,690,general/extracellular_ephys,11610,6.162730478071439e-06
4731a3d2-23f2-49dc-8f80-a3bcc65d9811,690,general/subject,96,5.095797811325221e-08
4731a3d2-23f2-49dc-8f80-a3bcc65d9811,690,other,80,4.2464981761043506e-08
4731a3d2-23f2-49dc-8f80-a3bcc65d9811,690,specifications,384,2.0383191245300883e-07
4742e777-41cb-4492-88b3-402252cc3009,246,acquisition,4194312,0.33307022160783606
4742e777-41cb-4492-88b3-402252cc3009,246,general,48,3.811678920684997e-06
4742e777-41cb-4492-88b3-402252cc3009,246,general/optophysiology,88,6.9880780212558275e-06
4742e777-41cb-4492-88b3-402252cc3009,246,general/subject,80,6.352798201141661e-06
4742e777-41cb-4492-88b3-402252cc3009,246,other,80,6.352798201141661e-06
4742e777-41cb-4492-88b3-402252cc3009,246,processing/ophys,8397948,0.6668808618460151
4742e777-41cb-4492-88b3-402252cc3009,246,specifications,320,2.5411192804566645e-05
4750db57-b066-4680-87c0-c1c4304a84b8,971,general,400,0.029116319697190276
4750db57-b066-4680-87c0-c1c4304a84b8,971,general/optogenetics,40,0.0029116319697190273
4750db57-b066-4680-87c0-c1c4304a84b8,971,general/subject,112,0.008152569515213277
4750db57-b066-4680-87c0-c1c4304a84b8,971,other,80,0.005823263939438055
4750db57-b066-4680-87c0-c1c4304a84b8,971,processing/behavior,7737,0.5631824137429029
4750db57-b066-4680-87c0-c1c4304a84b8,971,specifications,384,0.027951666909302664
4750db57-b066-4680-87c0-c1c4304a84b8,971,stimulus,4985,0.3628621342262338
475eb702-354a-44f8-bc4d-ddbcaa887aa1,891,acquisition,610932747,0.9999990571802547
475eb702-354a-44f8-bc4d-ddbcaa887aa1,891,general,80,1.3094718685037253e-07
475eb702-354a-44f8-bc4d-ddbcaa887aa1,891,general/subject,96,1.5713662422044705e-07
475eb702-354a-44f8-bc4d-ddbcaa887aa1,891,other,80,1.3094718685037253e-07
475eb702-354a-44f8-bc4d-ddbcaa887aa1,891,specifications,320,5.237887474014901e-07
4782636d-3025-4293-8275-05a0bb10236b,1515,acquisition,25325755,0.9999778886111146
4782636d-3025-4293-8275-05a0bb10236b,1515,general,64,2.527015872621027e-06
4782636d-3025-4293-8275-05a0bb10236b,1515,general/subject,96,3.79052380893154e-06
4782636d-3025-4293-8275-05a0bb10236b,1515,other,80,3.1587698407762837e-06
4782636d-3025-4293-8275-05a0bb10236b,1515,specifications,320,1.2635079363105135e-05
4782ec13-4388-425f-a4b5-aaf34a245909,1692,acquisition,13246244968,0.9934266657669765
4782ec13-4388-425f-a4b5-aaf34a245909,1692,general,240,1.7999244341324668e-08
4782ec13-4388-425f-a4b5-aaf34a245909,1692,general/FiberPhotometry,9368,7.025705041230395e-07
4782ec13-4388-425f-a4b5-aaf34a245909,1692,general/optophysiology,160,1.1999496227549778e-08
4782ec13-4388-425f-a4b5-aaf34a245909,1692,general/subject,96,7.199697736529867e-09
4782ec13-4388-425f-a4b5-aaf34a245909,1692,other,80,5.999748113774889e-09
4782ec13-4388-425f-a4b5-aaf34a245909,1692,processing/behavior,913615,6.851824841208056e-05
4782ec13-4388-425f-a4b5-aaf34a245909,1692,processing/ophys,86724225,0.006504043817029239
4782ec13-4388-425f-a4b5-aaf34a245909,1692,specifications,352,2.639889170060951e-08
4795d7f9-3940-41ed-92a0-8eae817305db,1032,acquisition,521401,0.9989271229076502
4795d7f9-3940-41ed-92a0-8eae817305db,1032,general,64,0.00012261452483997847
4795d7f9-3940-41ed-92a0-8eae817305db,1032,general/subject,96,0.0001839217872599677
4795d7f9-3940-41ed-92a0-8eae817305db,1032,other,80,0.00015326815604997307
4795d7f9-3940-41ed-92a0-8eae817305db,1032,specifications,320,0.0006130726241998923
47b12468-c487-4eb0-8fd9-83f1d2111a47,570,acquisition,14579092,0.9006438954718513
47b12468-c487-4eb0-8fd9-83f1d2111a47,570,general,242,1.4949890068886869e-05
47b12468-c487-4eb0-8fd9-83f1d2111a47,570,general/intracellular_ephys,1655,0.00010223995067771805
47b12468-c487-4eb0-8fd9-83f1d2111a47,570,general/labnotebook,301579,0.018630466516879475
47b12468-c487-4eb0-8fd9-83f1d2111a47,570,general/stimsets,513377,0.031714585594607166
47b12468-c487-4eb0-8fd9-83f1d2111a47,570,general/subject,96,5.930534903360081e-06
47b12468-c487-4eb0-8fd9-83f1d2111a47,570,general/testpulse,118290,0.0073075309762339995
47b12468-c487-4eb0-8fd9-83f1d2111a47,570,general/user_comment,29,1.791515752056691e-06
47b12468-c487-4eb0-8fd9-83f1d2111a47,570,other,101,6.239416929576751e-06
47b12468-c487-4eb0-8fd9-83f1d2111a47,570,processing/spikes,3064,0.0001892829056655759
47b12468-c487-4eb0-8fd9-83f1d2111a47,570,specifications,288,1.779160471008024e-05
47b12468-c487-4eb0-8fd9-83f1d2111a47,570,stimulus,669597,0.04136529562172083
47b3e1d4-447e-48fa-bbdf-6d35842584e5,1603,general,192,1.6504546744744635e-05
47b3e1d4-447e-48fa-bbdf-6d35842584e5,1603,general/subject,80,6.8768944769769306e-06
47b3e1d4-447e-48fa-bbdf-6d35842584e5,1603,other,80,6.8768944769769306e-06
47b3e1d4-447e-48fa-bbdf-6d35842584e5,1603,processing/curated_binning,11050694,0.9499307066920264
47b3e1d4-447e-48fa-bbdf-6d35842584e5,1603,specifications,320,2.7507577907907722e-05
47b3e1d4-447e-48fa-bbdf-6d35842584e5,1603,units,581792,0.05001152739436703
47b6f952-9630-4546-a124-9d7b9b9777e6,239,general,48,0.0003004431536516362
47b6f952-9630-4546-a124-9d7b9b9777e6,239,general/subject,96,0.0006008863073032724
47b6f952-9630-4546-a124-9d7b9b9777e6,239,intervals,159220,0.9965949775919482
47b6f952-9630-4546-a124-9d7b9b9777e6,239,other,80,0.0005007385894193936
47b6f952-9630-4546-a124-9d7b9b9777e6,239,specifications,320,0.0020029543576775746
47c4a8ee-9ff1-47bb-90a2-1298bea627ec,1349,general,144,5.249927922864559e-06
47c4a8ee-9ff1-47bb-90a2-1298bea627ec,1349,general/optophysiology,108,3.9374459421484194e-06
47c4a8ee-9ff1-47bb-90a2-1298bea627ec,1349,general/subject,112,4.0832772733391016e-06
47c4a8ee-9ff1-47bb-90a2-1298bea627ec,1349,other,80,2.916626623813644e-06
47c4a8ee-9ff1-47bb-90a2-1298bea627ec,1349,processing/ophys,27428184,0.9999721462157426
47c4a8ee-9ff1-47bb-90a2-1298bea627ec,1349,specifications,320,1.1666506495254576e-05
47d3fd8a-ad26-45fd-840f-e3b2a38eda96,1195,acquisition,24948638,0.11671257799141499
47d3fd8a-ad26-45fd-840f-e3b2a38eda96,1195,general,48,2.2454948216363232e-07
47d3fd8a-ad26-45fd-840f-e3b2a38eda96,1195,general/DandiIcephysMetadata,64,2.9939930955150975e-07
47d3fd8a-ad26-45fd-840f-e3b2a38eda96,1195,general/intracellular_ephys,10246,4.7931958213512015e-05
47d3fd8a-ad26-45fd-840f-e3b2a38eda96,1195,general/subject,128,5.987986191030195e-07
47d3fd8a-ad26-45fd-840f-e3b2a38eda96,1195,other,80,3.7424913693938717e-07
47d3fd8a-ad26-45fd-840f-e3b2a38eda96,1195,specifications,352,1.6466962025333036e-06
47d3fd8a-ad26-45fd-840f-e3b2a38eda96,1195,stimulus,188801792,0.8832363463576212
48136cb9-1a6b-4bb5-ae48-9c323987e1c1,1525,acquisition,33939333,0.9999835002426201
48136cb9-1a6b-4bb5-ae48-9c323987e1c1,1525,general,64,1.8856865577036439e-06
48136cb9-1a6b-4bb5-ae48-9c323987e1c1,1525,general/subject,96,2.828529836555466e-06
48136cb9-1a6b-4bb5-ae48-9c323987e1c1,1525,other,80,2.3571081971295548e-06
48136cb9-1a6b-4bb5-ae48-9c323987e1c1,1525,specifications,320,9.428432788518219e-06
481c8155-ec31-45f7-9a91-20ab36222509,1611,general,48,4.4107674183962085e-06
481c8155-ec31-45f7-9a91-20ab36222509,1611,general/extracellular_ephys,94176,0.00865392567489336
481c8155-ec31-45f7-9a91-20ab36222509,1611,general/subject,96,8.821534836792417e-06
481c8155-ec31-45f7-9a91-20ab36222509,1611,intervals,75776,0.006963131497841481
481c8155-ec31-45f7-9a91-20ab36222509,1611,other,80,7.351279030660347e-06
481c8155-ec31-45f7-9a91-20ab36222509,1611,specifications,320,2.9405116122641387e-05
481c8155-ec31-45f7-9a91-20ab36222509,1611,units,10711964,0.9843329541298567
4836d39b-32b1-4247-80ff-f2dba92c7e58,705,general,48,5.159663086899583e-06
4836d39b-32b1-4247-80ff-f2dba92c7e58,705,general/subject,64,6.8795507825327775e-06
4836d39b-32b1-4247-80ff-f2dba92c7e58,705,other,80,8.599438478165972e-06
4836d39b-32b1-4247-80ff-f2dba92c7e58,705,processing/wt:nacre: behavior left lane,4649389,0.49977668333202013
4836d39b-32b1-4247-80ff-f2dba92c7e58,705,processing/wt:nacre: behavior right lane,4652968,0.5001614007109371
4836d39b-32b1-4247-80ff-f2dba92c7e58,705,scratch,64,6.8795507825327775e-06
4836d39b-32b1-4247-80ff-f2dba92c7e58,705,specifications,320,3.439775391266389e-05
48484d7e-764a-4b65-85cf-8d03d15bad2f,988,acquisition,467963814,0.9999988033277081
48484d7e-764a-4b65-85cf-8d03d15bad2f,988,general,80,1.7095318456870394e-07
48484d7e-764a-4b65-85cf-8d03d15bad2f,988,general/subject,80,1.7095318456870394e-07
48484d7e-764a-4b65-85cf-8d03d15bad2f,988,other,80,1.7095318456870394e-07
48484d7e-764a-4b65-85cf-8d03d15bad2f,988,specifications,320,6.838127382748158e-07
4849f2ae-4925-49fc-9cbe-705188b3fdb7,1518,acquisition,36338377,0.9999845895327097
4849f2ae-4925-49fc-9cbe-705188b3fdb7,1518,general,64,1.7611962617398522e-06
4849f2ae-4925-49fc-9cbe-705188b3fdb7,1518,general/subject,96,2.6417943926097784e-06
4849f2ae-4925-49fc-9cbe-705188b3fdb7,1518,other,80,2.2014953271748154e-06
4849f2ae-4925-49fc-9cbe-705188b3fdb7,1518,specifications,320,8.805981308699262e-06
484e6d4f-2780-416c-81af-c83c0e5bb4a1,1474,acquisition,7335840,0.9999149454014904
484e6d4f-2780-416c-81af-c83c0e5bb4a1,1474,general,160,2.1808871412713264e-05
484e6d4f-2780-416c-81af-c83c0e5bb4a1,1474,general/subject,64,8.723548565085305e-06
484e6d4f-2780-416c-81af-c83c0e5bb4a1,1474,other,80,1.0904435706356632e-05
484e6d4f-2780-416c-81af-c83c0e5bb4a1,1474,specifications,320,4.361774282542653e-05
4870fdcd-5306-4572-b194-20203c25001e,246,acquisition,5054136328,0.9801805714996337
4870fdcd-5306-4572-b194-20203c25001e,246,general,48,9.30894308713677e-09
4870fdcd-5306-4572-b194-20203c25001e,246,general/optophysiology,88,1.7066395659750745e-08
4870fdcd-5306-4572-b194-20203c25001e,246,general/subject,80,1.5514905145227948e-08
4870fdcd-5306-4572-b194-20203c25001e,246,other,80,1.5514905145227948e-08
4870fdcd-5306-4572-b194-20203c25001e,246,processing/ophys,102194935,0.0198193090355967
4870fdcd-5306-4572-b194-20203c25001e,246,specifications,320,6.205962058091179e-08
48a24850-2e5d-4e3f-9cc7-0a92afb1a762,628,general,147,3.014796498160051e-05
48a24850-2e5d-4e3f-9cc7-0a92afb1a762,628,general/subject,80,1.6407055772299597e-05
48a24850-2e5d-4e3f-9cc7-0a92afb1a762,628,other,80,1.6407055772299597e-05
48a24850-2e5d-4e3f-9cc7-0a92afb1a762,628,processing/ecephys,4875324,0.9998714097003846
48a24850-2e5d-4e3f-9cc7-0a92afb1a762,628,specifications,320,6.562822308919839e-05
48b5fd66-0750-4f53-b870-78a657964494,889,acquisition,115667,0.0032920617188639573
48b5fd66-0750-4f53-b870-78a657964494,889,general,48,1.3661542402368e-06
48b5fd66-0750-4f53-b870-78a657964494,889,general/subject,64,1.8215389869824e-06
48b5fd66-0750-4f53-b870-78a657964494,889,other,80,2.276923733728e-06
48b5fd66-0750-4f53-b870-78a657964494,889,processing/Experimental information,12007008,0.34173801857827457
48b5fd66-0750-4f53-b870-78a657964494,889,processing/Recorded behavior data,11004898,0.3132164180431975
48b5fd66-0750-4f53-b870-78a657964494,889,scratch,32,9.107694934912e-07
48b5fd66-0750-4f53-b870-78a657964494,889,specifications,320,9.107694934912e-06
48b5fd66-0750-4f53-b870-78a657964494,889,stimulus,12007008,0.34173801857827457
48c690aa-709d-489b-b488-f3964f3c04a9,1065,acquisition,23564249,0.8144573218711416
48c690aa-709d-489b-b488-f3964f3c04a9,1065,general,298,1.0299852200577248e-05
48c690aa-709d-489b-b488-f3964f3c04a9,1065,general/intracellular_ephys,1973,6.819331675080171e-05
48c690aa-709d-489b-b488-f3964f3c04a9,1065,general/labnotebook,295619,0.010217557072759884
48c690aa-709d-489b-b488-f3964f3c04a9,1065,general/results,3765,0.00013013068300393737
48c690aa-709d-489b-b488-f3964f3c04a9,1065,general/stimsets,340750,0.011777431668948648
48c690aa-709d-489b-b488-f3964f3c04a9,1065,general/subject,83,2.8687507806976897e-06
48c690aa-709d-489b-b488-f3964f3c04a9,1065,general/testpulse,3454608,0.11940252285547573
48c690aa-709d-489b-b488-f3964f3c04a9,1065,general/user_comment,14,4.838856738526224e-07
48c690aa-709d-489b-b488-f3964f3c04a9,1065,intervals,35114,0.001213654396547213
48c690aa-709d-489b-b488-f3964f3c04a9,1065,other,108,3.7328323411488012e-06
48c690aa-709d-489b-b488-f3964f3c04a9,1065,specifications,288,9.954219576396804e-06
48c690aa-709d-489b-b488-f3964f3c04a9,1065,stimulus,1235585,0.04270584859479946
48cf1db6-6568-42c4-b7f0-e8c2a356838c,617,acquisition,8064000,0.014316094520416293
48cf1db6-6568-42c4-b7f0-e8c2a356838c,617,general,128,2.2723959556216338e-07
48cf1db6-6568-42c4-b7f0-e8c2a356838c,617,general/optophysiology,88,1.5622722194898733e-07
48cf1db6-6568-42c4-b7f0-e8c2a356838c,617,general/subject,96,1.7042969667162254e-07
48cf1db6-6568-42c4-b7f0-e8c2a356838c,617,intervals,44280000,0.0786106975897859
48cf1db6-6568-42c4-b7f0-e8c2a356838c,617,other,80,1.420247472263521e-07
48cf1db6-6568-42c4-b7f0-e8c2a356838c,617,processing/ophys,49416859,0.08773021135244104
48cf1db6-6568-42c4-b7f0-e8c2a356838c,617,processing/running,11088000,0.019684629965572402
48cf1db6-6568-42c4-b7f0-e8c2a356838c,617,processing/stimulus,4032000,0.0071580472602081465
48cf1db6-6568-42c4-b7f0-e8c2a356838c,617,processing/stimulus_ophys,4032000,0.0071580472602081465
48cf1db6-6568-42c4-b7f0-e8c2a356838c,617,specifications,768,1.3634375733729803e-06
48cf1db6-6568-42c4-b7f0-e8c2a356838c,617,stimulus,442368096,0.7853402126925333
48d8ad7e-d65c-4f78-b87a-1003062382a0,1045,acquisition,788531189,0.9999993304010624
48d8ad7e-d65c-4f78-b87a-1003062382a0,1045,general,80,1.0145438449116943e-07
48d8ad7e-d65c-4f78-b87a-1003062382a0,1045,general/subject,96,1.217452613894033e-07
48d8ad7e-d65c-4f78-b87a-1003062382a0,1045,other,80,1.0145438449116943e-07
48d8ad7e-d65c-4f78-b87a-1003062382a0,1045,specifications,272,3.4494490726997606e-07
48d928b6-31d7-47ac-9626-4ee47eb9469e,1184,acquisition,56,1.2762559812876077e-07
48d928b6-31d7-47ac-9626-4ee47eb9469e,1184,general,224,5.105023925150431e-07
48d928b6-31d7-47ac-9626-4ee47eb9469e,1184,general/optophysiology,104,2.3701896795341287e-07
48d928b6-31d7-47ac-9626-4ee47eb9469e,1184,general/subject,96,2.187867396493042e-07
48d928b6-31d7-47ac-9626-4ee47eb9469e,1184,intervals,352,8.02218045380782e-07
48d928b6-31d7-47ac-9626-4ee47eb9469e,1184,other,80,1.8232228304108682e-07
48d928b6-31d7-47ac-9626-4ee47eb9469e,1184,processing/behavior,4029000,0.009182205979656735
48d928b6-31d7-47ac-9626-4ee47eb9469e,1184,processing/ophys,434753216,0.9908149862571844
48d928b6-31d7-47ac-9626-4ee47eb9469e,1184,specifications,320,7.292891321643473e-07
48ec672f-699f-44c7-95f0-fea9dfdfd82f,1515,acquisition,24985850,0.9999775878167372
48ec672f-699f-44c7-95f0-fea9dfdfd82f,1515,general,64,2.5613923728939052e-06
48ec672f-699f-44c7-95f0-fea9dfdfd82f,1515,general/subject,96,3.842088559340858e-06
48ec672f-699f-44c7-95f0-fea9dfdfd82f,1515,other,80,3.2017404661173812e-06
48ec672f-699f-44c7-95f0-fea9dfdfd82f,1515,specifications,320,1.2806961864469525e-05
48f0f5e2-4b74-40be-8191-2cb5908bb2f9,1841,acquisition,704024,0.9872212492129844
48f0f5e2-4b74-40be-8191-2cb5908bb2f9,1841,general,64,8.974432682640222e-05
48f0f5e2-4b74-40be-8191-2cb5908bb2f9,1841,general/intracellular_ephys,1689,0.002368408875153021
48f0f5e2-4b74-40be-8191-2cb5908bb2f9,1841,general/subject,80,0.00011218040853300277
48f0f5e2-4b74-40be-8191-2cb5908bb2f9,1841,other,80,0.00011218040853300277
48f0f5e2-4b74-40be-8191-2cb5908bb2f9,1841,specifications,320,0.0004487216341320111
48f0f5e2-4b74-40be-8191-2cb5908bb2f9,1841,stimulus,6880,0.009647515133838238
48f7e1d3-afe9-4081-b85f-a41005d5a48f,947,acquisition,506750313,0.10370755521069772
48f7e1d3-afe9-4081-b85f-a41005d5a48f,947,general,272,5.5665392390808014e-08
48f7e1d3-afe9-4081-b85f-a41005d5a48f,947,general/extracellular_ephys,2992,6.123193162988881e-07
48f7e1d3-afe9-4081-b85f-a41005d5a48f,947,general/subject,80,1.637217423259059e-08
48f7e1d3-afe9-4081-b85f-a41005d5a48f,947,intervals,9600,1.964660907910871e-06
48f7e1d3-afe9-4081-b85f-a41005d5a48f,947,other,80,1.637217423259059e-08
48f7e1d3-afe9-4081-b85f-a41005d5a48f,947,processing/ecephys,4379487260,0.8962716058766347
48f7e1d3-afe9-4081-b85f-a41005d5a48f,947,specifications,352,7.203756662339861e-08
48f7e1d3-afe9-4081-b85f-a41005d5a48f,947,units,88450,1.8101485135907973e-05
496a83e3-9cb8-42ea-af3c-7b10a1074e02,1199,general,64,3.661008882522801e-05
496a83e3-9cb8-42ea-af3c-7b10a1074e02,1199,general/extracellular_ephys,5632,0.003221687816620065
496a83e3-9cb8-42ea-af3c-7b10a1074e02,1199,general/subject,80,4.5762611031535014e-05
496a83e3-9cb8-42ea-af3c-7b10a1074e02,1199,intervals,11976,0.006850662871420792
496a83e3-9cb8-42ea-af3c-7b10a1074e02,1199,other,80,4.5762611031535014e-05
496a83e3-9cb8-42ea-af3c-7b10a1074e02,1199,specifications,320,0.00018305044412614006
496a83e3-9cb8-42ea-af3c-7b10a1074e02,1199,units,1730000,0.9896164635569447
496fe429-3b24-457c-affc-ab13bfb93f3d,467,acquisition,83886088,0.9999896050589985
496fe429-3b24-457c-affc-ab13bfb93f3d,467,general,240,2.8609929362084404e-06
496fe429-3b24-457c-affc-ab13bfb93f3d,467,general/optophysiology,136,1.6212293305181162e-06
496fe429-3b24-457c-affc-ab13bfb93f3d,467,general/subject,96,1.1443971744833762e-06
496fe429-3b24-457c-affc-ab13bfb93f3d,467,other,80,9.536643120694802e-07
496fe429-3b24-457c-affc-ab13bfb93f3d,467,specifications,320,3.814657248277921e-06
49844c56-23aa-4dad-9d9d-2a11bbfd3680,1747,acquisition,10415277982,0.9999976043903706
49844c56-23aa-4dad-9d9d-2a11bbfd3680,1747,general,64,6.144804468165919e-09
49844c56-23aa-4dad-9d9d-2a11bbfd3680,1747,general/extracellular_ephys,24423,2.344914992594004e-06
49844c56-23aa-4dad-9d9d-2a11bbfd3680,1747,general/subject,64,6.144804468165919e-09
49844c56-23aa-4dad-9d9d-2a11bbfd3680,1747,other,80,7.681005585207398e-09
49844c56-23aa-4dad-9d9d-2a11bbfd3680,1747,specifications,320,3.072402234082959e-08
498abb08-4ba4-40d1-9579-f8c30a66b943,1625,acquisition,13737523,0.637640928852945
498abb08-4ba4-40d1-9579-f8c30a66b943,1625,general,329,1.527086546771342e-05
498abb08-4ba4-40d1-9579-f8c30a66b943,1625,general/intracellular_ephys,1205,5.59312853756677e-05
498abb08-4ba4-40d1-9579-f8c30a66b943,1625,general/labnotebook,4049127,0.18794429689570227
498abb08-4ba4-40d1-9579-f8c30a66b943,1625,general/results,198340,0.00920615032482152
498abb08-4ba4-40d1-9579-f8c30a66b943,1625,general/stimsets,374134,0.01736580541306229
498abb08-4ba4-40d1-9579-f8c30a66b943,1625,general/subject,80,3.7132803568908017e-06
498abb08-4ba4-40d1-9579-f8c30a66b943,1625,general/testpulse,2459942,0.11418067884613341
498abb08-4ba4-40d1-9579-f8c30a66b943,1625,general/user_comment,14,6.498240624558903e-07
498abb08-4ba4-40d1-9579-f8c30a66b943,1625,intervals,43416,0.0020151972496846382
498abb08-4ba4-40d1-9579-f8c30a66b943,1625,other,107,4.9665124773414475e-06
498abb08-4ba4-40d1-9579-f8c30a66b943,1625,processing/spikes,380,1.763808169523131e-05
498abb08-4ba4-40d1-9579-f8c30a66b943,1625,specifications,288,1.3367809284806886e-05
498abb08-4ba4-40d1-9579-f8c30a66b943,1625,stimulus,679408,0.031535404758930824
4995647e-ce3a-4fe2-8366-1c5d3ef3fa4b,1767,acquisition,1053024,0.18105558675287903
4995647e-ce3a-4fe2-8366-1c5d3ef3fa4b,1767,general,96,1.650611603180591e-05
4995647e-ce3a-4fe2-8366-1c5d3ef3fa4b,1767,general/subject,64,1.1004077354537274e-05
4995647e-ce3a-4fe2-8366-1c5d3ef3fa4b,1767,intervals,23754,0.004084232085619975
4995647e-ce3a-4fe2-8366-1c5d3ef3fa4b,1767,other,96,1.650611603180591e-05
4995647e-ce3a-4fe2-8366-1c5d3ef3fa4b,1767,processing/behavior,2632672,0.452658224017568
4995647e-ce3a-4fe2-8366-1c5d3ef3fa4b,1767,processing/ophys,2106048,0.36211117350575805
4995647e-ce3a-4fe2-8366-1c5d3ef3fa4b,1767,specifications,272,4.6767328756783415e-05
49986fc0-30bc-40ab-8168-edb9373a732c,1435,acquisition,20248912283,0.9999996673402667
49986fc0-30bc-40ab-8168-edb9373a732c,1435,general,64,3.1606625489463122e-09
49986fc0-30bc-40ab-8168-edb9373a732c,1435,general/extracellular_ephys,6144,3.0342360469884596e-07
49986fc0-30bc-40ab-8168-edb9373a732c,1435,general/subject,64,3.1606625489463122e-09
49986fc0-30bc-40ab-8168-edb9373a732c,1435,other,80,3.95082818618289e-09
49986fc0-30bc-40ab-8168-edb9373a732c,1435,specifications,384,1.8963975293677872e-08
49a94945-f4dc-4b41-a571-775dbe2fd4e6,1361,acquisition,48,1.2946644955718483e-07
49a94945-f4dc-4b41-a571-775dbe2fd4e6,1361,general,32,8.631096637145655e-08
49a94945-f4dc-4b41-a571-775dbe2fd4e6,1361,general/optophysiology,104,2.8051064070723377e-07
49a94945-f4dc-4b41-a571-775dbe2fd4e6,1361,general/subject,64,1.726219327429131e-07
49a94945-f4dc-4b41-a571-775dbe2fd4e6,1361,other,80,2.1577741592864138e-07
49a94945-f4dc-4b41-a571-775dbe2fd4e6,1361,processing/behavior,3614544,0.009749212051004688
49a94945-f4dc-4b41-a571-775dbe2fd4e6,1361,processing/ophys,367137232,0.9902490401519263
49a94945-f4dc-4b41-a571-775dbe2fd4e6,1361,specifications,320,8.631096637145655e-07
49cd421f-13af-4224-b1d2-6122cd58cd19,946,general,64,4.9335512318460734e-05
49cd421f-13af-4224-b1d2-6122cd58cd19,946,general/extracellular_ephys,3072,0.0023681045912861153
49cd421f-13af-4224-b1d2-6122cd58cd19,946,general/subject,80,6.166939039807591e-05
49cd421f-13af-4224-b1d2-6122cd58cd19,946,intervals,12000,0.009250408559711387
49cd421f-13af-4224-b1d2-6122cd58cd19,946,other,80,6.166939039807591e-05
49cd421f-13af-4224-b1d2-6122cd58cd19,946,specifications,320,0.00024667756159230364
49cd421f-13af-4224-b1d2-6122cd58cd19,946,units,1281624,0.9879621349942955
49d7be07-2633-4765-b1ce-653482eefc11,1276,acquisition,319882967,0.9999982493628063
49d7be07-2633-4765-b1ce-653482eefc11,1276,general,64,2.0007282213066257e-07
49d7be07-2633-4765-b1ce-653482eefc11,1276,general/subject,96,3.0010923319599387e-07
49d7be07-2633-4765-b1ce-653482eefc11,1276,other,80,2.5009102766332823e-07
49d7be07-2633-4765-b1ce-653482eefc11,1276,specifications,320,1.000364110653313e-06
49dd0f93-0a35-491a-ad4e-db4225d39f80,871,acquisition,50164611,0.012551967823586037
49dd0f93-0a35-491a-ad4e-db4225d39f80,871,general,128,3.202759573714252e-08
49dd0f93-0a35-491a-ad4e-db4225d39f80,871,general/optophysiology,88,2.2018972069285483e-08
49dd0f93-0a35-491a-ad4e-db4225d39f80,871,general/subject,96,2.402069680285689e-08
49dd0f93-0a35-491a-ad4e-db4225d39f80,871,intervals,10775046,0.0026960845104462075
49dd0f93-0a35-491a-ad4e-db4225d39f80,871,other,80,2.0017247335714076e-08
49dd0f93-0a35-491a-ad4e-db4225d39f80,871,processing/ophys,1724768,0.00043156384565906116
49dd0f93-0a35-491a-ad4e-db4225d39f80,871,processing/running,10394208,0.0026007929049357242
49dd0f93-0a35-491a-ad4e-db4225d39f80,871,processing/stimulus,3779712,0.0009457428745220814
49dd0f93-0a35-491a-ad4e-db4225d39f80,871,processing/stimulus_ophys,886512,0.00022181912462598195
49dd0f93-0a35-491a-ad4e-db4225d39f80,871,specifications,448,1.1209658507999883e-07
49dd0f93-0a35-491a-ad4e-db4225d39f80,871,stimulus,3918827808,0.9805518187351279
49e7b6af-a045-4946-bcc1-74675c9a6d5d,1746,acquisition,10200816,0.4999858838808035
49e7b6af-a045-4946-bcc1-74675c9a6d5d,1746,general,112,5.489601909754081e-06
49e7b6af-a045-4946-bcc1-74675c9a6d5d,1746,general/intracellular_ephys,32,1.5684576885011662e-06
49e7b6af-a045-4946-bcc1-74675c9a6d5d,1746,general/subject,80,3.921144221252915e-06
49e7b6af-a045-4946-bcc1-74675c9a6d5d,1746,other,80,3.921144221252915e-06
49e7b6af-a045-4946-bcc1-74675c9a6d5d,1746,specifications,272,1.3331890352259913e-05
49e7b6af-a045-4946-bcc1-74675c9a6d5d,1746,stimulus,10200816,0.4999858838808035
49ece662-caee-45f5-88a9-189c4faaf94f,1181,general,144,0.008862629246676515
49ece662-caee-45f5-88a9-189c4faaf94f,1181,general/subject,80,0.004923682914820286
49ece662-caee-45f5-88a9-189c4faaf94f,1181,intervals,15624,0.9615952732644018
49ece662-caee-45f5-88a9-189c4faaf94f,1181,other,80,0.004923682914820286
49ece662-caee-45f5-88a9-189c4faaf94f,1181,specifications,320,0.019694731659281144
49f188b5-2281-406d-b26f-3d8232572c26,1361,acquisition,48,4.3387252178116893e-07
49f188b5-2281-406d-b26f-3d8232572c26,1361,general,32,2.892483478541126e-07
49f188b5-2281-406d-b26f-3d8232572c26,1361,general/optophysiology,104,9.400571305258659e-07
49f188b5-2281-406d-b26f-3d8232572c26,1361,general/subject,64,5.784966957082252e-07
49f188b5-2281-406d-b26f-3d8232572c26,1361,other,80,7.231208696352815e-07
49f188b5-2281-406d-b26f-3d8232572c26,1361,processing/behavior,3310544,0.02992404320307329
49f188b5-2281-406d-b26f-3d8232572c26,1361,processing/ophys,107320382,0.9700700995178827
49f188b5-2281-406d-b26f-3d8232572c26,1361,specifications,320,2.892483478541126e-06
49f6f20a-d278-4b39-9382-3bb4006ec956,467,acquisition,83886088,0.9999896050589985
49f6f20a-d278-4b39-9382-3bb4006ec956,467,general,240,2.8609929362084404e-06
49f6f20a-d278-4b39-9382-3bb4006ec956,467,general/optophysiology,136,1.6212293305181162e-06
49f6f20a-d278-4b39-9382-3bb4006ec956,467,general/subject,96,1.1443971744833762e-06
49f6f20a-d278-4b39-9382-3bb4006ec956,467,other,80,9.536643120694802e-07
49f6f20a-d278-4b39-9382-3bb4006ec956,467,specifications,320,3.814657248277921e-06
4a0d3111-7020-4163-bf78-0ecee551a6d3,1374,acquisition,2041283369,0.9999959461941539
4a0d3111-7020-4163-bf78-0ecee551a6d3,1374,general,112,5.48672211191396e-08
4a0d3111-7020-4163-bf78-0ecee551a6d3,1374,general/extracellular_ephys,7683,3.763793391592407e-06
4a0d3111-7020-4163-bf78-0ecee551a6d3,1374,general/subject,80,3.919087222795686e-08
4a0d3111-7020-4163-bf78-0ecee551a6d3,1374,other,80,3.919087222795686e-08
4a0d3111-7020-4163-bf78-0ecee551a6d3,1374,specifications,320,1.5676348891182743e-07
4a16bdcd-6e10-4962-8a4a-dfd3c9bf0e7d,1517,acquisition,34108461,0.9999835820559024
4a16bdcd-6e10-4962-8a4a-dfd3c9bf0e7d,1517,general,64,1.8763364682908958e-06
4a16bdcd-6e10-4962-8a4a-dfd3c9bf0e7d,1517,general/subject,96,2.8145047024363437e-06
4a16bdcd-6e10-4962-8a4a-dfd3c9bf0e7d,1517,other,80,2.34542058536362e-06
4a16bdcd-6e10-4962-8a4a-dfd3c9bf0e7d,1517,specifications,320,9.38168234145448e-06
4a2a6176-a31e-4bc1-8723-0a590b60f8e2,1030,acquisition,2901829,0.9998070554980741
4a2a6176-a31e-4bc1-8723-0a590b60f8e2,1030,general,64,2.205080022009455e-05
4a2a6176-a31e-4bc1-8723-0a590b60f8e2,1030,general/subject,96,3.3076200330141825e-05
4a2a6176-a31e-4bc1-8723-0a590b60f8e2,1030,other,80,2.7563500275118186e-05
4a2a6176-a31e-4bc1-8723-0a590b60f8e2,1030,specifications,320,0.00011025400110047275
4a442215-eaac-4405-a33b-5c3df05a8b2c,20,acquisition,4475919,0.7204314747978819
4a442215-eaac-4405-a33b-5c3df05a8b2c,20,general,242,3.895164700279148e-05
4a442215-eaac-4405-a33b-5c3df05a8b2c,20,general/intracellular_ephys,740,0.00011910834207465163
4a442215-eaac-4405-a33b-5c3df05a8b2c,20,general/labnotebook,532434,0.08569909595158794
4a442215-eaac-4405-a33b-5c3df05a8b2c,20,general/stimsets,603727,0.09717421896716649
4a442215-eaac-4405-a33b-5c3df05a8b2c,20,general/subject,112,1.8027208530217544e-05
4a442215-eaac-4405-a33b-5c3df05a8b2c,20,general/testpulse,391129,0.06295503611799516
4a442215-eaac-4405-a33b-5c3df05a8b2c,20,general/user_comment,31,4.989673789613785e-06
4a442215-eaac-4405-a33b-5c3df05a8b2c,20,other,101,1.625667912099975e-05
4a442215-eaac-4405-a33b-5c3df05a8b2c,20,processing/spikes,894,0.00014389575380370075
4a442215-eaac-4405-a33b-5c3df05a8b2c,20,specifications,704,0.00011331388218993885
4a442215-eaac-4405-a33b-5c3df05a8b2c,20,stimulus,206798,0.0332856309788565
4a99301d-0a62-4c2f-8f6f-cd94a6f9cbb8,1035,acquisition,512305,0.9989080947227827
4a99301d-0a62-4c2f-8f6f-cd94a6f9cbb8,1035,general,64,0.00012478917453910874
4a99301d-0a62-4c2f-8f6f-cd94a6f9cbb8,1035,general/subject,96,0.0001871837618086631
4a99301d-0a62-4c2f-8f6f-cd94a6f9cbb8,1035,other,80,0.0001559864681738859
4a99301d-0a62-4c2f-8f6f-cd94a6f9cbb8,1035,specifications,320,0.0006239458726955436
4aad5a6e-4707-4686-a1ec-b1bfe021b192,1611,general,48,3.3142799064047356e-06
4aad5a6e-4707-4686-a1ec-b1bfe021b192,1611,general/extracellular_ephys,95232,0.006575531334306995
4aad5a6e-4707-4686-a1ec-b1bfe021b192,1611,general/subject,96,6.628559812809471e-06
4aad5a6e-4707-4686-a1ec-b1bfe021b192,1611,intervals,75776,0.005232143212244276
4aad5a6e-4707-4686-a1ec-b1bfe021b192,1611,other,80,5.523799844007892e-06
4aad5a6e-4707-4686-a1ec-b1bfe021b192,1611,specifications,320,2.2095199376031568e-05
4aad5a6e-4707-4686-a1ec-b1bfe021b192,1611,units,14311232,0.9881547636145095
4aad8fcb-6507-4afa-8aca-4357595149ca,363,acquisition,96170078,0.2008905201948118
4aad8fcb-6507-4afa-8aca-4357595149ca,363,general,96,2.0053524276752622e-07
4aad8fcb-6507-4afa-8aca-4357595149ca,363,general/extracellular_ephys,202752,0.00042353043272501536
4aad8fcb-6507-4afa-8aca-4357595149ca,363,general/optogenetics,120,2.5066905345940776e-07
4aad8fcb-6507-4afa-8aca-4357595149ca,363,general/subject,80,1.6711270230627184e-07
4aad8fcb-6507-4afa-8aca-4357595149ca,363,intervals,79040,0.00016510734987859658
4aad8fcb-6507-4afa-8aca-4357595149ca,363,other,80,1.6711270230627184e-07
4aad8fcb-6507-4afa-8aca-4357595149ca,363,specifications,320,6.684508092250874e-07
4aad8fcb-6507-4afa-8aca-4357595149ca,363,units,382266280,0.7985193881420746
4ab7434e-1cd8-487a-aa10-fc700ba7ef92,1538,general,512,0.3359580052493438
4ab7434e-1cd8-487a-aa10-fc700ba7ef92,1538,general/subject,112,0.07349081364829396
4ab7434e-1cd8-487a-aa10-fc700ba7ef92,1538,intervals,170,0.1115485564304462
4ab7434e-1cd8-487a-aa10-fc700ba7ef92,1538,other,80,0.05249343832020997
4ab7434e-1cd8-487a-aa10-fc700ba7ef92,1538,processing/behavior,266,0.17454068241469817
4ab7434e-1cd8-487a-aa10-fc700ba7ef92,1538,specifications,384,0.25196850393700787
4adc907d-558a-48b3-ad2d-19094498f523,1848,general,192,4.779417795719071e-06
4adc907d-558a-48b3-ad2d-19094498f523,1848,general/extracellular_ephys,4608,0.00011470602709725769
4adc907d-558a-48b3-ad2d-19094498f523,1848,general/optogenetics,40,9.957120407748063e-07
4adc907d-558a-48b3-ad2d-19094498f523,1848,general/subject,80,1.9914240815496127e-06
4adc907d-558a-48b3-ad2d-19094498f523,1848,intervals,66297,0.0016503180291811835
4adc907d-558a-48b3-ad2d-19094498f523,1848,other,80,1.9914240815496127e-06
4adc907d-558a-48b3-ad2d-19094498f523,1848,specifications,272,6.770841877268683e-06
4adc907d-558a-48b3-ad2d-19094498f523,1848,units,40100688,0.9982184471238447
4aef3e83-a933-453d-af1c-1090883aa72d,1205,acquisition,514358893,0.9999988335006778
4aef3e83-a933-453d-af1c-1090883aa72d,1205,general,32,6.221329718901484e-08
4aef3e83-a933-453d-af1c-1090883aa72d,1205,general/optophysiology,88,1.710865672697908e-07
4aef3e83-a933-453d-af1c-1090883aa72d,1205,general/subject,80,1.555332429725371e-07
4aef3e83-a933-453d-af1c-1090883aa72d,1205,other,80,1.555332429725371e-07
4aef3e83-a933-453d-af1c-1090883aa72d,1205,specifications,320,6.221329718901484e-07
4b0b9f8f-7896-4670-a608-2ead2cc233c6,1349,general,144,1.3002750442906186e-05
4b0b9f8f-7896-4670-a608-2ead2cc233c6,1349,general/optophysiology,108,9.75206283217964e-06
4b0b9f8f-7896-4670-a608-2ead2cc233c6,1349,general/subject,112,1.0113250344482589e-05
4b0b9f8f-7896-4670-a608-2ead2cc233c6,1349,other,80,7.223750246058993e-06
4b0b9f8f-7896-4670-a608-2ead2cc233c6,1349,processing/ophys,11073816,0.9999310131851501
4b0b9f8f-7896-4670-a608-2ead2cc233c6,1349,specifications,320,2.889500098423597e-05
4b154b39-d45d-4244-9c69-dfd4931bba87,1414,acquisition,120295719,0.9999847045940475
4b154b39-d45d-4244-9c69-dfd4931bba87,1414,general,80,6.650176501087607e-07
4b154b39-d45d-4244-9c69-dfd4931bba87,1414,general/optophysiology,88,7.315194151196368e-07
4b154b39-d45d-4244-9c69-dfd4931bba87,1414,general/subject,96,7.980211801305128e-07
4b154b39-d45d-4244-9c69-dfd4931bba87,1414,other,80,6.650176501087607e-07
4b154b39-d45d-4244-9c69-dfd4931bba87,1414,processing/ophys,1176,9.775759456598782e-06
4b154b39-d45d-4244-9c69-dfd4931bba87,1414,specifications,320,2.6600706004350427e-06
4b177387-07f4-49e2-89fd-c6098cfeaf6c,1169,acquisition,432103,0.7703400632883184
4b177387-07f4-49e2-89fd-c6098cfeaf6c,1169,general,192,0.0003422917502339885
4b177387-07f4-49e2-89fd-c6098cfeaf6c,1169,general/subject,64,0.00011409725007799617
4b177387-07f4-49e2-89fd-c6098cfeaf6c,1169,general/task,1005,0.0017916833801310335
4b177387-07f4-49e2-89fd-c6098cfeaf6c,1169,intervals,127129,0.2266417078932121
4b177387-07f4-49e2-89fd-c6098cfeaf6c,1169,other,80,0.0001426215625974952
4b177387-07f4-49e2-89fd-c6098cfeaf6c,1169,specifications,352,0.0006275348754289789
4b2774b0-2a3d-4077-83a9-f2f982c983b5,1689,acquisition,220984,0.9977605201372585
4b2774b0-2a3d-4077-83a9-f2f982c983b5,1689,general,16,7.224128589488893e-05
4b2774b0-2a3d-4077-83a9-f2f982c983b5,1689,general/subject,80,0.00036120642947444465
4b2774b0-2a3d-4077-83a9-f2f982c983b5,1689,other,80,0.00036120642947444465
4b2774b0-2a3d-4077-83a9-f2f982c983b5,1689,specifications,320,0.0014448257178977786
4b428459-75d9-4963-bfff-83900bea7625,1865,acquisition,2680063,0.3252203285594619
4b428459-75d9-4963-bfff-83900bea7625,1865,general,160,1.9415682605040966e-05
4b428459-75d9-4963-bfff-83900bea7625,1865,general/optophysiology,128,1.5532546084032773e-05
4b428459-75d9-4963-bfff-83900bea7625,1865,general/subject,128,1.5532546084032773e-05
4b428459-75d9-4963-bfff-83900bea7625,1865,other,80,9.707841302520483e-06
4b428459-75d9-4963-bfff-83900bea7625,1865,processing/brightness_binned_fluorescence,2464000,0.2990015121176309
4b428459-75d9-4963-bfff-83900bea7625,1865,processing/ophys,1285482,0.15599069066558294
4b428459-75d9-4963-bfff-83900bea7625,1865,processing/predicted_fluorescence,1810400,0.21968844867603854
4b428459-75d9-4963-bfff-83900bea7625,1865,specifications,320,3.883136521008193e-05
4b467216-2aeb-4af7-bbac-f536682d2736,1515,acquisition,25343495,0.9999779040883552
4b467216-2aeb-4af7-bbac-f536682d2736,1515,general,64,2.525247045115709e-06
4b467216-2aeb-4af7-bbac-f536682d2736,1515,general/subject,96,3.787870567673563e-06
4b467216-2aeb-4af7-bbac-f536682d2736,1515,other,80,3.156558806394636e-06
4b467216-2aeb-4af7-bbac-f536682d2736,1515,specifications,320,1.2626235225578544e-05
4b4a7583-f4e2-466f-99af-19257dfff749,871,acquisition,39357355384,0.9088672501720247
4b4a7583-f4e2-466f-99af-19257dfff749,871,general,128,2.955864460072767e-09
4b4a7583-f4e2-466f-99af-19257dfff749,871,general/optophysiology,176,4.064313632600055e-09
4b4a7583-f4e2-466f-99af-19257dfff749,871,general/subject,96,2.2168983450545753e-09
4b4a7583-f4e2-466f-99af-19257dfff749,871,intervals,10775046,0.0002488248088050721
4b4a7583-f4e2-466f-99af-19257dfff749,871,other,80,1.8474152875454794e-09
4b4a7583-f4e2-466f-99af-19257dfff749,871,processing/ophys,1724800,3.983027359948053e-05
4b4a7583-f4e2-466f-99af-19257dfff749,871,processing/running,10394208,0.000240030234514094
4b4a7583-f4e2-466f-99af-19257dfff749,871,processing/stimulus,3779712,8.728372164148874e-05
4b4a7583-f4e2-466f-99af-19257dfff749,871,processing/stimulus_ophys,886512,2.0471947767406475e-05
4b4a7583-f4e2-466f-99af-19257dfff749,871,specifications,768,1.7735186760436603e-08
4b4a7583-f4e2-466f-99af-19257dfff749,871,stimulus,3918827808,0.09049628002196926
4b4b2bad-cb3f-46a1-86d2-cc85d76f4f3c,336,acquisition,19719292886,0.9983196210115896
4b4b2bad-cb3f-46a1-86d2-cc85d76f4f3c,336,general,128,6.480197450700995e-09
4b4b2bad-cb3f-46a1-86d2-cc85d76f4f3c,336,general/optophysiology,88,4.455135747356934e-09
4b4b2bad-cb3f-46a1-86d2-cc85d76f4f3c,336,general/subject,96,4.860148088025746e-09
4b4b2bad-cb3f-46a1-86d2-cc85d76f4f3c,336,intervals,10775046,0.0005455033251592652
4b4b2bad-cb3f-46a1-86d2-cc85d76f4f3c,336,other,80,4.050123406688122e-09
4b4b2bad-cb3f-46a1-86d2-cc85d76f4f3c,336,processing/ophys,7355342,0.0003723755349799528
4b4b2bad-cb3f-46a1-86d2-cc85d76f4f3c,336,processing/running,10394208,0.0005262228139348116
4b4b2bad-cb3f-46a1-86d2-cc85d76f4f3c,336,processing/stimulus,3779712,0.00019135375052174968
4b4b2bad-cb3f-46a1-86d2-cc85d76f4f3c,336,processing/stimulus_ophys,886512,4.4881037518873756e-05
4b4b2bad-cb3f-46a1-86d2-cc85d76f4f3c,336,specifications,448,2.2680691077453484e-08
4b4eec9e-973e-44f2-8200-e38cc91d614e,959,acquisition,16917824,0.9875160054205958
4b4eec9e-973e-44f2-8200-e38cc91d614e,959,general,32,1.8678827828838428e-06
4b4eec9e-973e-44f2-8200-e38cc91d614e,959,general/subject,80,4.669706957209607e-06
4b4eec9e-973e-44f2-8200-e38cc91d614e,959,intervals,213360,0.012454108454878023
4b4eec9e-973e-44f2-8200-e38cc91d614e,959,other,80,4.669706957209607e-06
4b4eec9e-973e-44f2-8200-e38cc91d614e,959,scratch,48,2.8018241743257645e-06
4b4eec9e-973e-44f2-8200-e38cc91d614e,959,specifications,272,1.5877003654512664e-05
4b595690-ae18-463c-8eda-b5bb06a8181f,1848,general,192,1.8584146474434967e-06
4b595690-ae18-463c-8eda-b5bb06a8181f,1848,general/extracellular_ephys,14544,0.00014077490954384487
4b595690-ae18-463c-8eda-b5bb06a8181f,1848,general/optogenetics,40,3.871697182173951e-07
4b595690-ae18-463c-8eda-b5bb06a8181f,1848,general/subject,80,7.743394364347902e-07
4b595690-ae18-463c-8eda-b5bb06a8181f,1848,intervals,72457,0.000701328906821945
4b595690-ae18-463c-8eda-b5bb06a8181f,1848,other,80,7.743394364347902e-07
4b595690-ae18-463c-8eda-b5bb06a8181f,1848,specifications,272,2.6327540838782868e-06
4b595690-ae18-463c-8eda-b5bb06a8181f,1848,units,103226200,0.9991514691663118
4b5cf6fd-34aa-4a48-8714-7b4b7ba72f14,1274,acquisition,176475634,0.9999968267674676
4b5cf6fd-34aa-4a48-8714-7b4b7ba72f14,1274,general,64,3.6265514656328095e-07
4b5cf6fd-34aa-4a48-8714-7b4b7ba72f14,1274,general/subject,96,5.439827198449214e-07
4b5cf6fd-34aa-4a48-8714-7b4b7ba72f14,1274,other,80,4.533189332041012e-07
4b5cf6fd-34aa-4a48-8714-7b4b7ba72f14,1274,specifications,320,1.8132757328164048e-06
4b5e4aca-aea3-4afb-b74b-ab29fed397f5,1841,acquisition,764965,0.9989565975940368
4b5e4aca-aea3-4afb-b74b-ab29fed397f5,1841,general,64,8.357666330618832e-05
4b5e4aca-aea3-4afb-b74b-ab29fed397f5,1841,general/intracellular_ephys,255,0.00033300076786059414
4b5e4aca-aea3-4afb-b74b-ab29fed397f5,1841,general/subject,80,0.00010447082913273542
4b5e4aca-aea3-4afb-b74b-ab29fed397f5,1841,other,80,0.00010447082913273542
4b5e4aca-aea3-4afb-b74b-ab29fed397f5,1841,specifications,320,0.00041788331653094167
4b617b5d-2d30-48fc-9911-6c18fb1be458,1564,general,64,4.443126008511502e-06
4b617b5d-2d30-48fc-9911-6c18fb1be458,1564,general/subject,64,4.443126008511502e-06
4b617b5d-2d30-48fc-9911-6c18fb1be458,1564,intervals,3737,0.0002594369045907419
4b617b5d-2d30-48fc-9911-6c18fb1be458,1564,other,80,5.5539075106393775e-06
4b617b5d-2d30-48fc-9911-6c18fb1be458,1564,processing/behavior,14400008,0.999703907305839
4b617b5d-2d30-48fc-9911-6c18fb1be458,1564,specifications,320,2.221563004255751e-05
4b7518e4-1003-4978-a2c9-78050de4aaf4,1414,acquisition,646245491,0.999998972527736
4b7518e4-1003-4978-a2c9-78050de4aaf4,1414,general,80,1.2379183904003266e-07
4b7518e4-1003-4978-a2c9-78050de4aaf4,1414,general/optophysiology,88,1.3617102294403594e-07
4b7518e4-1003-4978-a2c9-78050de4aaf4,1414,general/subject,96,1.485502068480392e-07
4b7518e4-1003-4978-a2c9-78050de4aaf4,1414,other,80,1.2379183904003266e-07
4b7518e4-1003-4978-a2c9-78050de4aaf4,1414,specifications,320,4.951673561601306e-07
4b85a391-3a4d-4c5c-be61-52fd746042e4,1038,acquisition,7743133,0.7663361241160144
4b85a391-3a4d-4c5c-be61-52fd746042e4,1038,analysis,907,8.976558514146987e-05
4b85a391-3a4d-4c5c-be61-52fd746042e4,1038,general,208,2.0585713020315032e-05
4b85a391-3a4d-4c5c-be61-52fd746042e4,1038,general/FiberPhotometry,278,2.7513597209844127e-05
4b85a391-3a4d-4c5c-be61-52fd746042e4,1038,general/subject,96,9.501098317068475e-06
4b85a391-3a4d-4c5c-be61-52fd746042e4,1038,other,80,7.917581930890396e-06
4b85a391-3a4d-4c5c-be61-52fd746042e4,1038,processing/behavior,1158842,0.1146903309994611
4b85a391-3a4d-4c5c-be61-52fd746042e4,1038,processing/ophys,1200167,0.11878025691563668
4b85a391-3a4d-4c5c-be61-52fd746042e4,1038,specifications,384,3.80043932682739e-05
4bccf9b1-3097-4e82-bd6a-d7b12c88eb11,1455,acquisition,4113438,0.7080226274601941
4bccf9b1-3097-4e82-bd6a-d7b12c88eb11,1455,general,241,4.1481955779546645e-05
4bccf9b1-3097-4e82-bd6a-d7b12c88eb11,1455,general/intracellular_ephys,715,0.0001230688729559164
4bccf9b1-3097-4e82-bd6a-d7b12c88eb11,1455,general/labnotebook,478593,0.0823774840763509
4bccf9b1-3097-4e82-bd6a-d7b12c88eb11,1455,general/stimsets,602991,0.10378940247910626
4bccf9b1-3097-4e82-bd6a-d7b12c88eb11,1455,general/subject,112,1.927792135812956e-05
4bccf9b1-3097-4e82-bd6a-d7b12c88eb11,1455,general/testpulse,427200,0.07353150003743704
4bccf9b1-3097-4e82-bd6a-d7b12c88eb11,1455,general/user_comment,34,5.8522261265750445e-06
4bccf9b1-3097-4e82-bd6a-d7b12c88eb11,1455,other,101,1.738455408188469e-05
4bccf9b1-3097-4e82-bd6a-d7b12c88eb11,1455,processing/spikes,960,0.0001652393259268248
4bccf9b1-3097-4e82-bd6a-d7b12c88eb11,1455,specifications,288,4.957179777804744e-05
4bccf9b1-3097-4e82-bd6a-d7b12c88eb11,1455,stimulus,185082,0.03185710929290478
4bdb7fa2-e024-4677-945d-002b420ee54a,1452,acquisition,3280656,0.9998537092031541
4bdb7fa2-e024-4677-945d-002b420ee54a,1452,general/intracellular_ephys,16,4.87635989486568e-06
4bdb7fa2-e024-4677-945d-002b420ee54a,1452,general/subject,64,1.950543957946272e-05
4bdb7fa2-e024-4677-945d-002b420ee54a,1452,other,80,2.4381799474328403e-05
4bdb7fa2-e024-4677-945d-002b420ee54a,1452,specifications,320,9.752719789731361e-05
4bef87ce-9978-4ca8-aa8d-6434ed707cfd,363,acquisition,114184620,0.98222289777063
4bef87ce-9978-4ca8-aa8d-6434ed707cfd,363,general,96,8.257977141403149e-07
4bef87ce-9978-4ca8-aa8d-6434ed707cfd,363,general/extracellular_ephys,202752,0.001744084772264345
4bef87ce-9978-4ca8-aa8d-6434ed707cfd,363,general/optogenetics,120,1.0322471426753935e-06
4bef87ce-9978-4ca8-aa8d-6434ed707cfd,363,general/subject,80,6.881647617835958e-07
4bef87ce-9978-4ca8-aa8d-6434ed707cfd,363,intervals,95000,0.00081719565461802
4bef87ce-9978-4ca8-aa8d-6434ed707cfd,363,other,80,6.881647617835958e-07
4bef87ce-9978-4ca8-aa8d-6434ed707cfd,363,specifications,320,2.752659047134383e-06
4bef87ce-9978-4ca8-aa8d-6434ed707cfd,363,units,1768162,0.015209834769060078
4c0209bb-6570-4eab-9773-11165f5a9f81,405,acquisition,2404472,0.999773806078629
4c0209bb-6570-4eab-9773-11165f5a9f81,405,general,64,2.6611049573058972e-05
4c0209bb-6570-4eab-9773-11165f5a9f81,405,general/subject,80,3.3263811966323716e-05
4c0209bb-6570-4eab-9773-11165f5a9f81,405,other,80,3.3263811966323716e-05
4c0209bb-6570-4eab-9773-11165f5a9f81,405,specifications,320,0.00013305524786529486
4c149784-0b88-46e8-9ca4-89ac5a1f10e8,1274,acquisition,119252079,0.999995304087149
4c149784-0b88-46e8-9ca4-89ac5a1f10e8,1274,general,64,5.366757544040597e-07
4c149784-0b88-46e8-9ca4-89ac5a1f10e8,1274,general/subject,96,8.050136316060897e-07
4c149784-0b88-46e8-9ca4-89ac5a1f10e8,1274,other,80,6.708446930050747e-07
4c149784-0b88-46e8-9ca4-89ac5a1f10e8,1274,specifications,320,2.683378772020299e-06
4c1717ea-15bf-4102-bfba-fadb4959b657,932,acquisition,717775836,0.9998109850671684
4c1717ea-15bf-4102-bfba-fadb4959b657,932,general/extracellular_ephys,135168,0.00018827946616687026
4c1717ea-15bf-4102-bfba-fadb4959b657,932,general/subject,128,1.7829494902165744e-07
4c1717ea-15bf-4102-bfba-fadb4959b657,932,other,80,1.1143434313853591e-07
4c1717ea-15bf-4102-bfba-fadb4959b657,932,specifications,320,4.4573737255414363e-07
4c29806a-64f6-4b9b-ac8d-305b9c0f47b5,637,general,16,3.482203329334603e-06
4c29806a-64f6-4b9b-ac8d-305b9c0f47b5,637,general/extracellular_ephys,3072,0.0006685830392322438
4c29806a-64f6-4b9b-ac8d-305b9c0f47b5,637,general/subject,80,1.7411016646673016e-05
4c29806a-64f6-4b9b-ac8d-305b9c0f47b5,637,intervals,12000,0.0026116524970009524
4c29806a-64f6-4b9b-ac8d-305b9c0f47b5,637,other,80,1.7411016646673016e-05
4c29806a-64f6-4b9b-ac8d-305b9c0f47b5,637,specifications,320,6.964406658669206e-05
4c29806a-64f6-4b9b-ac8d-305b9c0f47b5,637,units,4579224,0.9966118161605574
4c3e1a7e-b6d1-41eb-a72a-c797ee0134d1,1510,acquisition,85909153,0.9999849145241925
4c3e1a7e-b6d1-41eb-a72a-c797ee0134d1,1510,general,64,7.449617682710517e-07
4c3e1a7e-b6d1-41eb-a72a-c797ee0134d1,1510,general/optophysiology,440,5.12161215686348e-06
4c3e1a7e-b6d1-41eb-a72a-c797ee0134d1,1510,general/subject,80,9.312022103388145e-07
4c3e1a7e-b6d1-41eb-a72a-c797ee0134d1,1510,other,80,9.312022103388145e-07
4c3e1a7e-b6d1-41eb-a72a-c797ee0134d1,1510,processing/ophys,312,3.6316886203213767e-06
4c3e1a7e-b6d1-41eb-a72a-c797ee0134d1,1510,specifications,320,3.724808841355258e-06
4c4f97c8-db43-4ff2-97ac-e98a19fb1d10,1683,acquisition,681181704,0.9999781208540603
4c4f97c8-db43-4ff2-97ac-e98a19fb1d10,1683,general,112,1.6441655563851544e-07
4c4f97c8-db43-4ff2-97ac-e98a19fb1d10,1683,general/extracellular_ephys,5632,8.267803940679635e-06
4c4f97c8-db43-4ff2-97ac-e98a19fb1d10,1683,general/subject,80,1.174403968846539e-07
4c4f97c8-db43-4ff2-97ac-e98a19fb1d10,1683,intervals,8680,1.2742283061984948e-05
4c4f97c8-db43-4ff2-97ac-e98a19fb1d10,1683,other,80,1.174403968846539e-07
4c4f97c8-db43-4ff2-97ac-e98a19fb1d10,1683,specifications,320,4.697615875386156e-07
4c5306f3-b04d-4a55-bf01-cec3f3b9e317,1205,acquisition,465603904,0.9999987113526719
4c5306f3-b04d-4a55-bf01-cec3f3b9e317,1205,general,32,6.872785749512423e-08
4c5306f3-b04d-4a55-bf01-cec3f3b9e317,1205,general/optophysiology,88,1.8900160811159164e-07
4c5306f3-b04d-4a55-bf01-cec3f3b9e317,1205,general/subject,80,1.7181964373781058e-07
4c5306f3-b04d-4a55-bf01-cec3f3b9e317,1205,other,80,1.7181964373781058e-07
4c5306f3-b04d-4a55-bf01-cec3f3b9e317,1205,specifications,320,6.872785749512423e-07
4c9d67d5-1f7a-43f2-acf9-395b48b5d94c,959,acquisition,16883576,0.987213844636097
4c9d67d5-1f7a-43f2-acf9-395b48b5d94c,959,general,32,1.871099050838229e-06
4c9d67d5-1f7a-43f2-acf9-395b48b5d94c,959,general/subject,80,4.677747627095573e-06
4c9d67d5-1f7a-43f2-acf9-395b48b5d94c,959,intervals,218160,0.012756217779089626
4c9d67d5-1f7a-43f2-acf9-395b48b5d94c,959,other,80,4.677747627095573e-06
4c9d67d5-1f7a-43f2-acf9-395b48b5d94c,959,scratch,48,2.8066485762573434e-06
4c9d67d5-1f7a-43f2-acf9-395b48b5d94c,959,specifications,272,1.5904341932124947e-05
4cb68ca4-7ed5-4c1c-b43f-cd1bffa44b94,1200,general,64,0.0009101251422070534
4cb68ca4-7ed5-4c1c-b43f-cd1bffa44b94,1200,general/extracellular_ephys,2816,0.040045506257110355
4cb68ca4-7ed5-4c1c-b43f-cd1bffa44b94,1200,general/optogenetics,40,0.0005688282138794084
4cb68ca4-7ed5-4c1c-b43f-cd1bffa44b94,1200,general/subject,80,0.0011376564277588168
4cb68ca4-7ed5-4c1c-b43f-cd1bffa44b94,1200,intervals,7272,0.10341296928327645
4cb68ca4-7ed5-4c1c-b43f-cd1bffa44b94,1200,other,80,0.0011376564277588168
4cb68ca4-7ed5-4c1c-b43f-cd1bffa44b94,1200,specifications,320,0.004550625711035267
4cb68ca4-7ed5-4c1c-b43f-cd1bffa44b94,1200,units,59648,0.8482366325369738
4cc52e9e-1158-46d0-91a6-31e2a09ec674,22,acquisition,2384823867,0.998863362000041
4cc52e9e-1158-46d0-91a6-31e2a09ec674,22,general,48,2.0104395146093178e-08
4cc52e9e-1158-46d0-91a6-31e2a09ec674,22,general/extracellular_ephys,12126,5.078872823781789e-06
4cc52e9e-1158-46d0-91a6-31e2a09ec674,22,general/subject,80,3.350732524348863e-08
4cc52e9e-1158-46d0-91a6-31e2a09ec674,22,other,80,3.350732524348863e-08
4cc52e9e-1158-46d0-91a6-31e2a09ec674,22,processing/current_source_density,2701144,0.0011313513817187233
4cc52e9e-1158-46d0-91a6-31e2a09ec674,22,specifications,288,1.206263708765591e-07
4ce3adf4-da4c-4fd4-b290-5e6450a3b0ca,1333,general,160,0.00025776849811184573
4ce3adf4-da4c-4fd4-b290-5e6450a3b0ca,1333,general/extracellular_ephys,768,0.0012372887909368596
4ce3adf4-da4c-4fd4-b290-5e6450a3b0ca,1333,general/subject,80,0.00012888424905592287
4ce3adf4-da4c-4fd4-b290-5e6450a3b0ca,1333,other,80,0.00012888424905592287
4ce3adf4-da4c-4fd4-b290-5e6450a3b0ca,1333,processing/ecephys,619304,0.9977316372166157
4ce3adf4-da4c-4fd4-b290-5e6450a3b0ca,1333,specifications,320,0.0005155369962236915
4d394aea-b38b-468b-88c3-336c27d16c08,1425,acquisition,16299837564,0.9957550908267793
4d394aea-b38b-468b-88c3-336c27d16c08,1425,analysis,32,1.954876101147933e-09
4d394aea-b38b-468b-88c3-336c27d16c08,1425,general,80,4.887190252869832e-09
4d394aea-b38b-468b-88c3-336c27d16c08,1425,general/optophysiology,216,1.3195413682748546e-08
4d394aea-b38b-468b-88c3-336c27d16c08,1425,general/subject,144,8.796942455165697e-09
4d394aea-b38b-468b-88c3-336c27d16c08,1425,intervals,6016,3.6751670701581137e-07
4d394aea-b38b-468b-88c3-336c27d16c08,1425,other,80,4.887190252869832e-09
4d394aea-b38b-468b-88c3-336c27d16c08,1425,processing/downsampled,6134320,0.00037474486139980586
4d394aea-b38b-468b-88c3-336c27d16c08,1425,processing/ophys,63345053,0.003869741569864036
4d394aea-b38b-468b-88c3-336c27d16c08,1425,specifications,352,2.150363711262726e-08
4d441675-ecb5-45f3-80ae-45d52721449c,1032,acquisition,384441,0.9985454583234848
4d441675-ecb5-45f3-80ae-45d52721449c,1032,general,64,0.00016623333445887155
4d441675-ecb5-45f3-80ae-45d52721449c,1032,general/subject,96,0.0002493500016883073
4d441675-ecb5-45f3-80ae-45d52721449c,1032,other,80,0.00020779166807358943
4d441675-ecb5-45f3-80ae-45d52721449c,1032,specifications,320,0.0008311666722943577
4d60fd1c-5c5c-4f2a-afaf-5cfa88735020,1640,acquisition,8002665017,0.9999998421775999
4d60fd1c-5c5c-4f2a-afaf-5cfa88735020,1640,general,16,1.9993336520837655e-09
4d60fd1c-5c5c-4f2a-afaf-5cfa88735020,1640,general/extracellular_ephys,783,9.784239059884926e-08
4d60fd1c-5c5c-4f2a-afaf-5cfa88735020,1640,general/subject,64,7.997334608335062e-09
4d60fd1c-5c5c-4f2a-afaf-5cfa88735020,1640,other,80,9.996668260418826e-09
4d60fd1c-5c5c-4f2a-afaf-5cfa88735020,1640,specifications,320,3.99866730416753e-08
4d78a799-3982-4d7b-9eb6-488d1d268322,1634,general,80,0.0033572537664190694
4d78a799-3982-4d7b-9eb6-488d1d268322,1634,general/extracellular_ephys,22656,0.9507742666498804
4d78a799-3982-4d7b-9eb6-488d1d268322,1634,general/subject,128,0.005371606026270511
4d78a799-3982-4d7b-9eb6-488d1d268322,1634,intervals,533,0.02236770321876705
4d78a799-3982-4d7b-9eb6-488d1d268322,1634,other,80,0.0033572537664190694
4d78a799-3982-4d7b-9eb6-488d1d268322,1634,specifications,352,0.014771916572243905
4d8aea12-5a06-412c-9666-b91934c60049,678,acquisition,9513504,0.9957209190164771
4d8aea12-5a06-412c-9666-b91934c60049,678,general,32,3.3492464404836816e-06
4d8aea12-5a06-412c-9666-b91934c60049,678,general/subject,64,6.698492880967363e-06
4d8aea12-5a06-412c-9666-b91934c60049,678,intervals,40404,0.004228842286915708
4d8aea12-5a06-412c-9666-b91934c60049,678,other,80,8.373116101209204e-06
4d8aea12-5a06-412c-9666-b91934c60049,678,specifications,304,3.181784118459497e-05
4d8c3949-10d9-49f8-ab59-6813053bb3d9,951,general,16,0.030303030303030304
4d8c3949-10d9-49f8-ab59-6813053bb3d9,951,general/subject,80,0.15151515151515152
4d8c3949-10d9-49f8-ab59-6813053bb3d9,951,other,80,0.15151515151515152
4d8c3949-10d9-49f8-ab59-6813053bb3d9,951,specifications,352,0.6666666666666666
4d8f847f-6fb9-4253-8181-58f8c7919dc2,678,acquisition,21614868,0.995430249548496
4d8f847f-6fb9-4253-8181-58f8c7919dc2,678,general,32,1.473697085985067e-06
4d8f847f-6fb9-4253-8181-58f8c7919dc2,678,general/subject,64,2.947394171970134e-06
4d8f847f-6fb9-4253-8181-58f8c7919dc2,678,intervals,98748,0.004547644995214169
4d8f847f-6fb9-4253-8181-58f8c7919dc2,678,other,80,3.6842427149626677e-06
4d8f847f-6fb9-4253-8181-58f8c7919dc2,678,specifications,304,1.4000122316858136e-05
4d987ca7-f87e-4477-8204-5248b357eb62,1789,acquisition,4800096,0.49996416995108783
4d987ca7-f87e-4477-8204-5248b357eb62,1789,general,176,1.8331652931814584e-05
4d987ca7-f87e-4477-8204-5248b357eb62,1789,general/intracellular_ephys,32,3.33302780578447e-06
4d987ca7-f87e-4477-8204-5248b357eb62,1789,general/subject,80,8.332569514461174e-06
4d987ca7-f87e-4477-8204-5248b357eb62,1789,other,80,8.332569514461174e-06
4d987ca7-f87e-4477-8204-5248b357eb62,1789,specifications,320,3.3330278057844695e-05
4d987ca7-f87e-4477-8204-5248b357eb62,1789,stimulus,4800096,0.49996416995108783
4d9c9f54-19bd-4f2d-ab4e-daee7324b605,637,general,16,1.6427509507421128e-05
4d9c9f54-19bd-4f2d-ab4e-daee7324b605,637,general/extracellular_ephys,3072,0.0031540818254248565
4d9c9f54-19bd-4f2d-ab4e-daee7324b605,637,general/subject,80,8.213754753710564e-05
4d9c9f54-19bd-4f2d-ab4e-daee7324b605,637,intervals,5520,0.005667490780060289
4d9c9f54-19bd-4f2d-ab4e-daee7324b605,637,other,80,8.213754753710564e-05
4d9c9f54-19bd-4f2d-ab4e-daee7324b605,637,specifications,320,0.00032855019014842255
4d9c9f54-19bd-4f2d-ab4e-daee7324b605,637,units,964888,0.9906691745997848
4d9cf704-a371-4426-9131-4c56c46bac78,165,general,128,1.2896986369255712e-06
4d9cf704-a371-4426-9131-4c56c46bac78,165,general/extracellular_ephys,4736,4.7718849566246135e-05
4d9cf704-a371-4426-9131-4c56c46bac78,165,general/subject,96,9.672739776941784e-07
4d9cf704-a371-4426-9131-4c56c46bac78,165,other,80,8.06061648078482e-07
4d9cf704-a371-4426-9131-4c56c46bac78,165,processing/behavior,1096720,0.01105029913350791
4d9cf704-a371-4426-9131-4c56c46bac78,165,processing/ecephys,97480840,0.9821945818309352
4d9cf704-a371-4426-9131-4c56c46bac78,165,specifications,272,2.740609603466839e-06
4d9cf704-a371-4426-9131-4c56c46bac78,165,units,665120,0.0067015965421245
4db9b140-5759-4a8e-8616-154662ff8702,1837,acquisition,1708,0.7286689419795221
4db9b140-5759-4a8e-8616-154662ff8702,1837,general,48,0.020477815699658702
4db9b140-5759-4a8e-8616-154662ff8702,1837,general/extracellular_ephys,108,0.04607508532423208
4db9b140-5759-4a8e-8616-154662ff8702,1837,general/subject,80,0.034129692832764506
4db9b140-5759-4a8e-8616-154662ff8702,1837,other,80,0.034129692832764506
4db9b140-5759-4a8e-8616-154662ff8702,1837,specifications,320,0.13651877133105803
4dc76af5-0dcc-4993-8028-1d577f2f2045,1465,acquisition,14943476,0.6553205350732446
4dc76af5-0dcc-4993-8028-1d577f2f2045,1465,general,330,1.447158456132768e-05
4dc76af5-0dcc-4993-8028-1d577f2f2045,1465,general/intracellular_ephys,1444,6.332414577744597e-05
4dc76af5-0dcc-4993-8028-1d577f2f2045,1465,general/labnotebook,2467525,0.10820908089300026
4dc76af5-0dcc-4993-8028-1d577f2f2045,1465,general/results,145103,0.00636324343818888
4dc76af5-0dcc-4993-8028-1d577f2f2045,1465,general/stimsets,455232,0.01996341934249189
4dc76af5-0dcc-4993-8028-1d577f2f2045,1465,general/subject,80,3.5082629239582257e-06
4dc76af5-0dcc-4993-8028-1d577f2f2045,1465,general/testpulse,3110197,0.13639236026632628
4dc76af5-0dcc-4993-8028-1d577f2f2045,1465,general/user_comment,14,6.139460116926895e-07
4dc76af5-0dcc-4993-8028-1d577f2f2045,1465,intervals,344127,0.015091099940412155
4dc76af5-0dcc-4993-8028-1d577f2f2045,1465,other,108,4.736154947343605e-06
4dc76af5-0dcc-4993-8028-1d577f2f2045,1465,processing/spikes,3764,0.0001650637705722345
4dc76af5-0dcc-4993-8028-1d577f2f2045,1465,specifications,288,1.2629746526249613e-05
4dc76af5-0dcc-4993-8028-1d577f2f2045,1465,stimulus,1331620,0.058395913435015656
4dd8018d-f4c4-40bb-bec5-10de281849ff,1349,general,144,5.996174440706829e-06
4dd8018d-f4c4-40bb-bec5-10de281849ff,1349,general/optophysiology,108,4.497130830530121e-06
4dd8018d-f4c4-40bb-bec5-10de281849ff,1349,general/subject,112,4.663691231660867e-06
4dd8018d-f4c4-40bb-bec5-10de281849ff,1349,other,80,3.331208022614905e-06
4dd8018d-f4c4-40bb-bec5-10de281849ff,1349,processing/ophys,24014548,0.9999681869633841
4dd8018d-f4c4-40bb-bec5-10de281849ff,1349,specifications,320,1.332483209045962e-05
4dda623c-810f-4efb-8823-3c70ae8f62a3,1510,acquisition,77449182,0.9999832667269013
4dda623c-810f-4efb-8823-3c70ae8f62a3,1510,general,64,8.263344740106059e-07
4dda623c-810f-4efb-8823-3c70ae8f62a3,1510,general/optophysiology,440,5.681049508822915e-06
4dda623c-810f-4efb-8823-3c70ae8f62a3,1510,general/subject,80,1.0329180925132574e-06
4dda623c-810f-4efb-8823-3c70ae8f62a3,1510,other,80,1.0329180925132574e-06
4dda623c-810f-4efb-8823-3c70ae8f62a3,1510,processing/ophys,312,4.028380560801703e-06
4dda623c-810f-4efb-8823-3c70ae8f62a3,1510,specifications,320,4.1316723700530295e-06
4e19f194-985a-42ff-ae2f-3aab6547e39e,467,acquisition,83886088,0.9999896050589985
4e19f194-985a-42ff-ae2f-3aab6547e39e,467,general,240,2.8609929362084404e-06
4e19f194-985a-42ff-ae2f-3aab6547e39e,467,general/optophysiology,136,1.6212293305181162e-06
4e19f194-985a-42ff-ae2f-3aab6547e39e,467,general/subject,96,1.1443971744833762e-06
4e19f194-985a-42ff-ae2f-3aab6547e39e,467,other,80,9.536643120694802e-07
4e19f194-985a-42ff-ae2f-3aab6547e39e,467,specifications,320,3.814657248277921e-06
4e203a6d-d5a1-42ca-bdd0-89421854fab2,8,acquisition,7964751,0.9925278324595533
4e203a6d-d5a1-42ca-bdd0-89421854fab2,8,general,80,9.969203883054759e-06
4e203a6d-d5a1-42ca-bdd0-89421854fab2,8,general/DandiIcephysMetadata,192,2.392608931933142e-05
4e203a6d-d5a1-42ca-bdd0-89421854fab2,8,general/intracellular_ephys,3355,0.00041808348784560894
4e203a6d-d5a1-42ca-bdd0-89421854fab2,8,general/subject,112,1.3956885436276662e-05
4e203a6d-d5a1-42ca-bdd0-89421854fab2,8,other,80,9.969203883054759e-06
4e203a6d-d5a1-42ca-bdd0-89421854fab2,8,specifications,320,3.9876815532219036e-05
4e203a6d-d5a1-42ca-bdd0-89421854fab2,8,stimulus,55823,0.006956385854547073
4e2df3b5-64f1-4c1b-90b9-5b2eaf6aceb4,570,acquisition,6713647,0.839524264577341
4e2df3b5-64f1-4c1b-90b9-5b2eaf6aceb4,570,general,242,3.026147666502521e-05
4e2df3b5-64f1-4c1b-90b9-5b2eaf6aceb4,570,general/intracellular_ephys,906,0.00011329296635749108
4e2df3b5-64f1-4c1b-90b9-5b2eaf6aceb4,570,general/labnotebook,157575,0.01970434787393119
4e2df3b5-64f1-4c1b-90b9-5b2eaf6aceb4,570,general/stimsets,546704,0.06836392701932208
4e2df3b5-64f1-4c1b-90b9-5b2eaf6aceb4,570,general/subject,96,1.2004552726621571e-05
4e2df3b5-64f1-4c1b-90b9-5b2eaf6aceb4,570,general/testpulse,216256,0.02704225577550286
4e2df3b5-64f1-4c1b-90b9-5b2eaf6aceb4,570,general/user_comment,31,3.876470151304883e-06
4e2df3b5-64f1-4c1b-90b9-5b2eaf6aceb4,570,other,101,1.2629789847799779e-05
4e2df3b5-64f1-4c1b-90b9-5b2eaf6aceb4,570,processing/spikes,6532,0.0008168097751072094
4e2df3b5-64f1-4c1b-90b9-5b2eaf6aceb4,570,specifications,288,3.601365817986471e-05
4e2df3b5-64f1-4c1b-90b9-5b2eaf6aceb4,570,stimulus,354588,0.0443403160648676
4e2e4d7c-72ed-4580-908c-4139ebef011e,1746,acquisition,12000960,0.49998800124787024
4e2e4d7c-72ed-4580-908c-4139ebef011e,1746,general,112,4.666181383802751e-06
4e2e4d7c-72ed-4580-908c-4139ebef011e,1746,general/intracellular_ephys,32,1.3331946810865004e-06
4e2e4d7c-72ed-4580-908c-4139ebef011e,1746,general/subject,80,3.332986702716251e-06
4e2e4d7c-72ed-4580-908c-4139ebef011e,1746,other,80,3.332986702716251e-06
4e2e4d7c-72ed-4580-908c-4139ebef011e,1746,specifications,272,1.1332154789235253e-05
4e2e4d7c-72ed-4580-908c-4139ebef011e,1746,stimulus,12000960,0.49998800124787024
4e54a25b-fd0e-4a1d-992d-fc096136d0d4,1475,acquisition,1600320,0.49967277977329383
4e54a25b-fd0e-4a1d-992d-fc096136d0d4,1475,general,80,2.497864326001269e-05
4e54a25b-fd0e-4a1d-992d-fc096136d0d4,1475,general/intracellular_ephys,1520,0.0004745942219402411
4e54a25b-fd0e-4a1d-992d-fc096136d0d4,1475,general/subject,96,2.9974371912015227e-05
4e54a25b-fd0e-4a1d-992d-fc096136d0d4,1475,other,80,2.497864326001269e-05
4e54a25b-fd0e-4a1d-992d-fc096136d0d4,1475,specifications,320,9.991457304005076e-05
4e54a25b-fd0e-4a1d-992d-fc096136d0d4,1475,stimulus,1600320,0.49967277977329383
4e7446b6-2d3f-4788-9a49-9e6d49aa308f,1515,acquisition,25416954,0.9999779679476128
4e7446b6-2d3f-4788-9a49-9e6d49aa308f,1515,general,64,2.5179488442496776e-06
4e7446b6-2d3f-4788-9a49-9e6d49aa308f,1515,general/subject,96,3.7769232663745166e-06
4e7446b6-2d3f-4788-9a49-9e6d49aa308f,1515,other,80,3.147436055312097e-06
4e7446b6-2d3f-4788-9a49-9e6d49aa308f,1515,specifications,320,1.2589744221248388e-05
4e7d9a94-bd37-4126-977f-3bef5474d59e,1445,acquisition,1148,0.6434977578475336
4e7d9a94-bd37-4126-977f-3bef5474d59e,1445,general,48,0.026905829596412557
4e7d9a94-bd37-4126-977f-3bef5474d59e,1445,general/extracellular_ephys,108,0.06053811659192825
4e7d9a94-bd37-4126-977f-3bef5474d59e,1445,general/subject,80,0.04484304932735426
4e7d9a94-bd37-4126-977f-3bef5474d59e,1445,other,80,0.04484304932735426
4e7d9a94-bd37-4126-977f-3bef5474d59e,1445,specifications,320,0.17937219730941703
4e8d50b6-5297-4b55-9c9d-302de5b97e86,1184,acquisition,56,1.8138975335502374e-07
4e8d50b6-5297-4b55-9c9d-302de5b97e86,1184,general,224,7.25559013420095e-07
4e8d50b6-5297-4b55-9c9d-302de5b97e86,1184,general/optophysiology,104,3.3686668480218696e-07
4e8d50b6-5297-4b55-9c9d-302de5b97e86,1184,general/subject,96,3.1095386289432644e-07
4e8d50b6-5297-4b55-9c9d-302de5b97e86,1184,intervals,224,7.25559013420095e-07
4e8d50b6-5297-4b55-9c9d-302de5b97e86,1184,other,80,2.5912821907860536e-07
4e8d50b6-5297-4b55-9c9d-302de5b97e86,1184,processing/behavior,3775724,0.012229957948154352
4e8d50b6-5297-4b55-9c9d-302de5b97e86,1184,processing/ophys,304950644,0.9877664660824224
4e8d50b6-5297-4b55-9c9d-302de5b97e86,1184,specifications,320,1.0365128763144214e-06
4ea42592-ecd2-4d32-9cf6-d74679a07933,547,acquisition,282455215,0.9999977058362566
4ea42592-ecd2-4d32-9cf6-d74679a07933,547,general,80,2.832300917754361e-07
4ea42592-ecd2-4d32-9cf6-d74679a07933,547,general/optophysiology,88,3.115531009529797e-07
4ea42592-ecd2-4d32-9cf6-d74679a07933,547,general/subject,80,2.832300917754361e-07
4ea42592-ecd2-4d32-9cf6-d74679a07933,547,other,80,2.832300917754361e-07
4ea42592-ecd2-4d32-9cf6-d74679a07933,547,specifications,320,1.1329203671017444e-06
4ecd6fa6-0f1a-4d3f-8c6a-5ce864e309b9,623,acquisition,19232,2.0763345907519314e-05
4ecd6fa6-0f1a-4d3f-8c6a-5ce864e309b9,623,general,192,2.0728797911000978e-07
4ecd6fa6-0f1a-4d3f-8c6a-5ce864e309b9,623,general/extracellular_ephys,21120,2.2801677702101076e-05
4ecd6fa6-0f1a-4d3f-8c6a-5ce864e309b9,623,general/subject,80,8.63699912958374e-08
4ecd6fa6-0f1a-4d3f-8c6a-5ce864e309b9,623,intervals,3608,3.895286607442267e-06
4ecd6fa6-0f1a-4d3f-8c6a-5ce864e309b9,623,other,80,8.63699912958374e-08
4ecd6fa6-0f1a-4d3f-8c6a-5ce864e309b9,623,processing/behavior,9158888,0.00988816346049437
4ecd6fa6-0f1a-4d3f-8c6a-5ce864e309b9,623,processing/ecephys,915406714,0.988295874004139
4ecd6fa6-0f1a-4d3f-8c6a-5ce864e309b9,623,specifications,320,3.454799651833496e-07
4ecd6fa6-0f1a-4d3f-8c6a-5ce864e309b9,623,stimulus,287304,0.0003101805497407409
4ecd6fa6-0f1a-4d3f-8c6a-5ce864e309b9,623,units,1350095,0.00145759616748192
4ed34ff6-d4b7-419f-a4c6-1ba0823b5ac6,1038,acquisition,24877842,0.8402719312603342
4ed34ff6-d4b7-419f-a4c6-1ba0823b5ac6,1038,analysis,56927,0.0019227616378806908
4ed34ff6-d4b7-419f-a4c6-1ba0823b5ac6,1038,general,208,7.025390775540319e-06
4ed34ff6-d4b7-419f-a4c6-1ba0823b5ac6,1038,general/FiberPhotometry,504,1.7023062263809234e-05
4ed34ff6-d4b7-419f-a4c6-1ba0823b5ac6,1038,general/subject,112,3.782902725290941e-06
4ed34ff6-d4b7-419f-a4c6-1ba0823b5ac6,1038,other,80,2.702073375207815e-06
4ed34ff6-d4b7-419f-a4c6-1ba0823b5ac6,1038,processing/behavior,1560749,0.05271572897852777
4ed34ff6-d4b7-419f-a4c6-1ba0823b5ac6,1038,processing/ophys,3110088,0.10504607474191653
4ed34ff6-d4b7-419f-a4c6-1ba0823b5ac6,1038,specifications,384,1.2969952200997511e-05
4f039105-19a1-47dd-9157-017531ffaef2,1526,acquisition,33612259,0.9999833396895392
4f039105-19a1-47dd-9157-017531ffaef2,1526,general,64,1.9040354812251837e-06
4f039105-19a1-47dd-9157-017531ffaef2,1526,general/subject,96,2.856053221837776e-06
4f039105-19a1-47dd-9157-017531ffaef2,1526,other,80,2.38004435153148e-06
4f039105-19a1-47dd-9157-017531ffaef2,1526,specifications,320,9.52017740612592e-06
4f03932b-b2ba-4de3-8936-40ececb5714e,1777,acquisition,9600128,0.3333262039512517
4f03932b-b2ba-4de3-8936-40ececb5714e,1777,general,80,2.7776813305093573e-06
4f03932b-b2ba-4de3-8936-40ececb5714e,1777,general/intracellular_ephys,64,2.222145064407486e-06
4f03932b-b2ba-4de3-8936-40ececb5714e,1777,general/subject,80,2.7776813305093573e-06
4f03932b-b2ba-4de3-8936-40ececb5714e,1777,intervals,120,4.166521995764036e-06
4f03932b-b2ba-4de3-8936-40ececb5714e,1777,other,80,2.7776813305093573e-06
4f03932b-b2ba-4de3-8936-40ececb5714e,1777,specifications,320,1.1110725322037429e-05
4f03932b-b2ba-4de3-8936-40ececb5714e,1777,stimulus,19200128,0.6666479636123746
4f0d457e-d4c3-4251-9d6b-6b9558923578,1634,general,96,0.003984890623054253
4f0d457e-d4c3-4251-9d6b-6b9558923578,1634,general/extracellular_ephys,22656,0.9404341870408036
4f0d457e-d4c3-4251-9d6b-6b9558923578,1634,general/subject,128,0.00531318749740567
4f0d457e-d4c3-4251-9d6b-6b9558923578,1634,intervals,779,0.03233572703499232
4f0d457e-d4c3-4251-9d6b-6b9558923578,1634,other,80,0.0033207421858785437
4f0d457e-d4c3-4251-9d6b-6b9558923578,1634,specifications,352,0.014611265617865594
4f53e263-d505-4488-8892-cbe715b69d55,1065,acquisition,9540203,0.8762361187496946
4f53e263-d505-4488-8892-cbe715b69d55,1065,general,297,2.7278468526158123e-05
4f53e263-d505-4488-8892-cbe715b69d55,1065,general/intracellular_ephys,654,6.006773877477243e-05
4f53e263-d505-4488-8892-cbe715b69d55,1065,general/labnotebook,111034,0.01019810597418667
4f53e263-d505-4488-8892-cbe715b69d55,1065,general/results,3764,0.0003457109613887514
4f53e263-d505-4488-8892-cbe715b69d55,1065,general/stimsets,104552,0.009602755694770653
4f53e263-d505-4488-8892-cbe715b69d55,1065,general/subject,80,7.347735629941582e-06
4f53e263-d505-4488-8892-cbe715b69d55,1065,general/testpulse,153066,0.014058606274157977
4f53e263-d505-4488-8892-cbe715b69d55,1065,general/user_comment,14,1.2858537352397769e-06
4f53e263-d505-4488-8892-cbe715b69d55,1065,other,108,9.919443100421136e-06
4f53e263-d505-4488-8892-cbe715b69d55,1065,specifications,288,2.6451848267789694e-05
4f53e263-d505-4488-8892-cbe715b69d55,1065,stimulus,973648,0.08942635125776702
4f67e3c0-47e7-404d-815f-7159715fb391,1607,general,96,9.175495691818039e-05
4f67e3c0-47e7-404d-815f-7159715fb391,1607,general/extracellular_ephys,22656,0.02165416983269057
4f67e3c0-47e7-404d-815f-7159715fb391,1607,general/subject,128,0.00012233994255757386
4f67e3c0-47e7-404d-815f-7159715fb391,1607,intervals,697,0.0006661792184580388
4f67e3c0-47e7-404d-815f-7159715fb391,1607,other,80,7.646246409848366e-05
4f67e3c0-47e7-404d-815f-7159715fb391,1607,scratch,1022224,0.9770220737576044
4f67e3c0-47e7-404d-815f-7159715fb391,1607,specifications,384,0.00036701982767272154
4fb24670-daaa-4f99-b008-97f005dd891d,1832,acquisition,8800704,0.999766436890248
4fb24670-daaa-4f99-b008-97f005dd891d,1832,general,192,2.181134098850815e-05
4fb24670-daaa-4f99-b008-97f005dd891d,1832,general/intracellular_ephys,80,9.088058745211729e-06
4fb24670-daaa-4f99-b008-97f005dd891d,1832,general/subject,96,1.0905670494254075e-05
4fb24670-daaa-4f99-b008-97f005dd891d,1832,other,80,9.088058745211729e-06
4fb24670-daaa-4f99-b008-97f005dd891d,1832,processing/icephys,1288,0.00014631774579790884
4fb24670-daaa-4f99-b008-97f005dd891d,1832,specifications,320,3.6352234980846914e-05
4fc0591e-b55d-4494-acd0-007537b7e604,1550,acquisition,444322,0.6031329324410539
4fc0591e-b55d-4494-acd0-007537b7e604,1550,general,176,0.00023890645997638084
4fc0591e-b55d-4494-acd0-007537b7e604,1550,general/subject,96,0.00013031261453257136
4fc0591e-b55d-4494-acd0-007537b7e604,1550,general/task,4304,0.005842348884876949
4fc0591e-b55d-4494-acd0-007537b7e604,1550,intervals,287264,0.3899387802196311
4fc0591e-b55d-4494-acd0-007537b7e604,1550,other,80,0.00010859384544380947
4fc0591e-b55d-4494-acd0-007537b7e604,1550,specifications,448,0.000608125534485333
502a3b08-4c1f-468c-97be-14024812f349,1038,acquisition,12203973,0.782113992661673
502a3b08-4c1f-468c-97be-14024812f349,1038,general,208,1.3330061486831214e-05
502a3b08-4c1f-468c-97be-14024812f349,1038,general/FiberPhotometry,434,2.7813685986945897e-05
502a3b08-4c1f-468c-97be-14024812f349,1038,general/subject,96,6.1523360708451755e-06
502a3b08-4c1f-468c-97be-14024812f349,1038,other,80,5.126946725704313e-06
502a3b08-4c1f-468c-97be-14024812f349,1038,processing/behavior,668884,0.04286665792095004
502a3b08-4c1f-468c-97be-14024812f349,1038,processing/ophys,2729770,0.17494231704282326
502a3b08-4c1f-468c-97be-14024812f349,1038,specifications,384,2.4609344283380702e-05
5039ee09-d757-4a62-b05e-e0fae50c296f,1748,acquisition,14335028,0.6357973006764941
5039ee09-d757-4a62-b05e-e0fae50c296f,1748,general,329,1.4592040693786337e-05
5039ee09-d757-4a62-b05e-e0fae50c296f,1748,general/intracellular_ephys,756,3.3530646700615414e-05
5039ee09-d757-4a62-b05e-e0fae50c296f,1748,general/labnotebook,2454912,0.1088819933242079
5039ee09-d757-4a62-b05e-e0fae50c296f,1748,general/results,103955,0.004610685684870999
5039ee09-d757-4a62-b05e-e0fae50c296f,1748,general/stimsets,321680,0.01426737887652641
5039ee09-d757-4a62-b05e-e0fae50c296f,1748,general/subject,96,4.257859898490846e-06
5039ee09-d757-4a62-b05e-e0fae50c296f,1748,general/testpulse,4820994,0.2138241356610935
5039ee09-d757-4a62-b05e-e0fae50c296f,1748,general/user_comment,14,6.209379018632483e-07
5039ee09-d757-4a62-b05e-e0fae50c296f,1748,intervals,30828,0.001367305259902873
5039ee09-d757-4a62-b05e-e0fae50c296f,1748,other,107,4.745739678526255e-06
5039ee09-d757-4a62-b05e-e0fae50c296f,1748,processing/spikes,1016,4.5062350592361454e-05
5039ee09-d757-4a62-b05e-e0fae50c296f,1748,specifications,288,1.2773579695472537e-05
5039ee09-d757-4a62-b05e-e0fae50c296f,1748,stimulus,476535,0.021135617361743075
503a572d-5f4a-459e-ac38-d596f9c1aa4e,1084,acquisition,8456455022,0.5036989320215559
503a572d-5f4a-459e-ac38-d596f9c1aa4e,1084,general,224,1.3342300110306025e-08
503a572d-5f4a-459e-ac38-d596f9c1aa4e,1084,general/FiberPhotometry,5418,3.2271688391802695e-07
503a572d-5f4a-459e-ac38-d596f9c1aa4e,1084,general/optophysiology,80,4.765107182252152e-09
503a572d-5f4a-459e-ac38-d596f9c1aa4e,1084,general/subject,96,5.718128618702582e-09
503a572d-5f4a-459e-ac38-d596f9c1aa4e,1084,other,80,4.765107182252152e-09
503a572d-5f4a-459e-ac38-d596f9c1aa4e,1084,processing/behavior,1133690,6.752692951809302e-05
503a572d-5f4a-459e-ac38-d596f9c1aa4e,1084,processing/ophys,8331114492,0.49623316877492735
503a572d-5f4a-459e-ac38-d596f9c1aa4e,1084,specifications,352,2.0966471601909466e-08
503c8b6f-ccdd-481d-ac32-7c398fd691c3,1374,acquisition,5426189914,0.9999959277300712
503c8b6f-ccdd-481d-ac32-7c398fd691c3,1374,general,112,2.0640549940355068e-08
503c8b6f-ccdd-481d-ac32-7c398fd691c3,1374,general/extracellular_ephys,21505,3.963169879172641e-06
503c8b6f-ccdd-481d-ac32-7c398fd691c3,1374,general/subject,80,1.4743249957396476e-08
503c8b6f-ccdd-481d-ac32-7c398fd691c3,1374,other,80,1.4743249957396476e-08
503c8b6f-ccdd-481d-ac32-7c398fd691c3,1374,specifications,320,5.8972999829585906e-08
503f52e1-49b5-433b-9258-d979d6d5dfc8,37,general,32,1.3952025437332777e-08
503f52e1-49b5-433b-9258-d979d6d5dfc8,37,general/optophysiology,104,4.5344082671331525e-08
503f52e1-49b5-433b-9258-d979d6d5dfc8,37,general/subject,80,3.4880063593331944e-08
503f52e1-49b5-433b-9258-d979d6d5dfc8,37,intervals,108104448,0.04713362526202558
503f52e1-49b5-433b-9258-d979d6d5dfc8,37,other,96,4.185607631199833e-08
503f52e1-49b5-433b-9258-d979d6d5dfc8,37,processing/behavior,7081792,0.0030876669414343677
503f52e1-49b5-433b-9258-d979d6d5dfc8,37,processing/ophys,705218706,0.3074759164060908
503f52e1-49b5-433b-9258-d979d6d5dfc8,37,specifications,320,1.3952025437332778e-07
503f52e1-49b5-433b-9258-d979d6d5dfc8,37,stimulus,1473168222,0.6423025158379468
506fd442-b290-4e3c-a29e-bbcc8f9db253,1064,acquisition,648312,0.9994573461761405
506fd442-b290-4e3c-a29e-bbcc8f9db253,1064,general,160,0.00024666082902704634
506fd442-b290-4e3c-a29e-bbcc8f9db253,1064,general/subject,96,0.00014799649741622782
506fd442-b290-4e3c-a29e-bbcc8f9db253,1064,other,96,0.00014799649741622782
50788101-0028-4afa-b575-56b648bb2f2b,1710,acquisition,24,3.212491812964615e-08
50788101-0028-4afa-b575-56b648bb2f2b,1710,general,160,2.1416612086430765e-07
50788101-0028-4afa-b575-56b648bb2f2b,1710,general/optophysiology,128,1.713328966914461e-07
50788101-0028-4afa-b575-56b648bb2f2b,1710,general/subject,80,1.0708306043215383e-07
50788101-0028-4afa-b575-56b648bb2f2b,1710,other,80,1.0708306043215383e-07
50788101-0028-4afa-b575-56b648bb2f2b,1710,processing/behavior,28628192,0.03831993017499128
50788101-0028-4afa-b575-56b648bb2f2b,1710,processing/ophys,718454632,0.9616790097027105
50788101-0028-4afa-b575-56b648bb2f2b,1710,specifications,320,4.283322417286153e-07
50869c35-7e4a-4ff0-829e-5504235d5f6d,1045,acquisition,615566709,0.9999991422545447
50869c35-7e4a-4ff0-829e-5504235d5f6d,1045,general,80,1.2996143262900784e-07
50869c35-7e4a-4ff0-829e-5504235d5f6d,1045,general/subject,96,1.5595371915480941e-07
50869c35-7e4a-4ff0-829e-5504235d5f6d,1045,other,80,1.2996143262900784e-07
50869c35-7e4a-4ff0-829e-5504235d5f6d,1045,specifications,272,4.4186887093862665e-07
509df3c7-6f0c-4601-94e7-03a4a364b18b,22,acquisition,2193971215,0.9987652536546818
509df3c7-6f0c-4601-94e7-03a4a364b18b,22,general,48,2.1851121768443404e-08
509df3c7-6f0c-4601-94e7-03a4a364b18b,22,general/extracellular_ephys,10707,4.8741658494734075e-06
509df3c7-6f0c-4601-94e7-03a4a364b18b,22,general/subject,80,3.641853628073901e-08
509df3c7-6f0c-4601-94e7-03a4a364b18b,22,other,80,3.641853628073901e-08
509df3c7-6f0c-4601-94e7-03a4a364b18b,22,processing/current_source_density,2701144,0.0012296463845437563
509df3c7-6f0c-4601-94e7-03a4a364b18b,22,specifications,288,1.3110673061066045e-07
50b4844a-fef4-47c4-b111-0cae8e0877eb,1065,acquisition,34182286,0.813385875149668
50b4844a-fef4-47c4-b111-0cae8e0877eb,1065,general,298,7.091070234290388e-06
50b4844a-fef4-47c4-b111-0cae8e0877eb,1065,general/intracellular_ephys,2112,5.02561756202057e-05
50b4844a-fef4-47c4-b111-0cae8e0877eb,1065,general/labnotebook,376189,0.008951619531434453
50b4844a-fef4-47c4-b111-0cae8e0877eb,1065,general/results,3766,8.961399497428726e-05
50b4844a-fef4-47c4-b111-0cae8e0877eb,1065,general/stimsets,209470,0.004984451281801368
50b4844a-fef4-47c4-b111-0cae8e0877eb,1065,general/subject,83,1.975029629013766e-06
50b4844a-fef4-47c4-b111-0cae8e0877eb,1065,general/testpulse,293546,0.006985084909379216
50b4844a-fef4-47c4-b111-0cae8e0877eb,1065,general/user_comment,14,3.331375277854545e-07
50b4844a-fef4-47c4-b111-0cae8e0877eb,1065,other,109,2.593713609186753e-06
50b4844a-fef4-47c4-b111-0cae8e0877eb,1065,specifications,288,6.853114857300778e-06
50b4844a-fef4-47c4-b111-0cae8e0877eb,1065,stimulus,6956525,0.16553425289126492
50b7eb41-09b9-48bc-b8c2-99afd17e1db6,1611,general,48,3.847087258030233e-06
50b7eb41-09b9-48bc-b8c2-99afd17e1db6,1611,general/extracellular_ephys,94752,0.007594150247351681
50b7eb41-09b9-48bc-b8c2-99afd17e1db6,1611,general/subject,96,7.694174516060467e-06
50b7eb41-09b9-48bc-b8c2-99afd17e1db6,1611,intervals,75776,0.006073268418010395
50b7eb41-09b9-48bc-b8c2-99afd17e1db6,1611,other,80,6.411812096717056e-06
50b7eb41-09b9-48bc-b8c2-99afd17e1db6,1611,specifications,320,2.5647248386868223e-05
50b7eb41-09b9-48bc-b8c2-99afd17e1db6,1611,units,12305900,0.9862889810123803
50c8861f-dde3-4611-8ca1-db10fc842a55,1847,general,336,0.001718318502608162
50c8861f-dde3-4611-8ca1-db10fc842a55,1847,general/subject,144,0.000736422215403498
50c8861f-dde3-4611-8ca1-db10fc842a55,1847,intervals,183900,0.9404725375882173
50c8861f-dde3-4611-8ca1-db10fc842a55,1847,other,80,0.00040912345300194336
50c8861f-dde3-4611-8ca1-db10fc842a55,1847,processing/behavior,10552,0.053963383450956325
50c8861f-dde3-4611-8ca1-db10fc842a55,1847,specifications,528,0.002700214789812826
50cb5585-4af4-473e-95e9-754190c2155f,165,general,128,1.2848513932848205e-06
50cb5585-4af4-473e-95e9-754190c2155f,165,general/extracellular_ephys,4736,4.753950155153836e-05
50cb5585-4af4-473e-95e9-754190c2155f,165,general/subject,96,9.636385449636154e-07
50cb5585-4af4-473e-95e9-754190c2155f,165,other,80,8.030321208030129e-07
50cb5585-4af4-473e-95e9-754190c2155f,165,processing/behavior,1083952,0.010880603417608343
50cb5585-4af4-473e-95e9-754190c2155f,165,processing/ecephys,96347656,0.9671282816509891
50cb5585-4af4-473e-95e9-754190c2155f,165,specifications,272,2.7303092107302437e-06
50cb5585-4af4-473e-95e9-754190c2155f,165,units,2185496,0.02193779359858127
50e2e962-abd6-4ba4-8ead-4462d7653bd8,1461,acquisition,7126387,0.006580480334073897
50e2e962-abd6-4ba4-8ead-4462d7653bd8,1461,general,32,2.9548685847451826e-08
50e2e962-abd6-4ba4-8ead-4462d7653bd8,1461,general/optophysiology,856,7.904273464193363e-07
50e2e962-abd6-4ba4-8ead-4462d7653bd8,1461,general/subject,96,8.864605754235548e-08
50e2e962-abd6-4ba4-8ead-4462d7653bd8,1461,intervals,1134452,0.0010475489299066694
50e2e962-abd6-4ba4-8ead-4462d7653bd8,1461,other,80,7.387171461862957e-08
50e2e962-abd6-4ba4-8ead-4462d7653bd8,1461,processing/VISal_6,271949060,0.2511167918890571
50e2e962-abd6-4ba4-8ead-4462d7653bd8,1461,processing/VISal_7,148238384,0.13688279497968528
50e2e962-abd6-4ba4-8ead-4462d7653bd8,1461,processing/VISl_2,68841980,0.06356843875426756
50e2e962-abd6-4ba4-8ead-4462d7653bd8,1461,processing/VISl_3,44838416,0.041403633383792424
50e2e962-abd6-4ba4-8ead-4462d7653bd8,1461,processing/VISp_0,283027628,0.2613467020600456
50e2e962-abd6-4ba4-8ead-4462d7653bd8,1461,processing/VISp_1,122388392,0.11301300458071208
50e2e962-abd6-4ba4-8ead-4462d7653bd8,1461,processing/VISrl_4,41145560,0.03799366332679625
50e2e962-abd6-4ba4-8ead-4462d7653bd8,1461,processing/VISrl_5,89152688,0.0823232740677465
50e2e962-abd6-4ba4-8ead-4462d7653bd8,1461,processing/running,5037000,0.004651147831675464
50e2e962-abd6-4ba4-8ead-4462d7653bd8,1461,processing/stimulus,76912,7.102026643435046e-05
50e2e962-abd6-4ba4-8ead-4462d7653bd8,1461,specifications,560,5.17102002330407e-07
51146a09-7c67-4403-9d61-1e36961a5494,1683,acquisition,626000392,0.999977278485779
51146a09-7c67-4403-9d61-1e36961a5494,1683,general,112,1.7890956079530258e-07
51146a09-7c67-4403-9d61-1e36961a5494,1683,general/extracellular_ephys,5632,8.996595057135216e-06
51146a09-7c67-4403-9d61-1e36961a5494,1683,general/subject,80,1.2779254342521612e-07
51146a09-7c67-4403-9d61-1e36961a5494,1683,intervals,8000,1.2779254342521613e-05
51146a09-7c67-4403-9d61-1e36961a5494,1683,other,80,1.2779254342521612e-07
51146a09-7c67-4403-9d61-1e36961a5494,1683,specifications,320,5.111701737008645e-07
5114f990-627e-43d5-b709-e4b6145f673d,1274,acquisition,116369213,0.999995187753782
5114f990-627e-43d5-b709-e4b6145f673d,1274,general,64,5.499709963342456e-07
5114f990-627e-43d5-b709-e4b6145f673d,1274,general/subject,96,8.249564945013685e-07
5114f990-627e-43d5-b709-e4b6145f673d,1274,other,80,6.874637454178071e-07
5114f990-627e-43d5-b709-e4b6145f673d,1274,specifications,320,2.7498549816712285e-06
512b8fe4-ef2c-47ad-bf22-99c026392aae,1538,acquisition,411569,0.9890822663129157
512b8fe4-ef2c-47ad-bf22-99c026392aae,1538,general,560,0.0013457915176683201
512b8fe4-ef2c-47ad-bf22-99c026392aae,1538,general/intracellular_ephys,1335,0.003208270850155727
512b8fe4-ef2c-47ad-bf22-99c026392aae,1538,general/optogenetic_experiment_metadata,24,5.767677932864229e-05
512b8fe4-ef2c-47ad-bf22-99c026392aae,1538,general/optogenetics,40,9.612796554773715e-05
512b8fe4-ef2c-47ad-bf22-99c026392aae,1538,general/subject,112,0.000269158303533664
512b8fe4-ef2c-47ad-bf22-99c026392aae,1538,intervals,1558,0.003744184258084362
512b8fe4-ef2c-47ad-bf22-99c026392aae,1538,other,80,0.0001922559310954743
512b8fe4-ef2c-47ad-bf22-99c026392aae,1538,specifications,384,0.0009228284692582767
512b8fe4-ef2c-47ad-bf22-99c026392aae,1538,stimulus,450,0.001081439612412043
5137a1c6-266b-4fe5-9416-df29fea8ba00,1702,general,272,0.3541666666666667
5137a1c6-266b-4fe5-9416-df29fea8ba00,1702,general/subject,96,0.125
5137a1c6-266b-4fe5-9416-df29fea8ba00,1702,other,80,0.10416666666666667
5137a1c6-266b-4fe5-9416-df29fea8ba00,1702,specifications,320,0.4166666666666667
513c407e-16df-47bd-ba01-bde8567b9f02,1097,general,128,4.9934616861047567e-05
513c407e-16df-47bd-ba01-bde8567b9f02,1097,general/optophysiology,88,3.43300490919702e-05
513c407e-16df-47bd-ba01-bde8567b9f02,1097,general/subject,64,2.4967308430523783e-05
513c407e-16df-47bd-ba01-bde8567b9f02,1097,intervals,7800,0.003042890714970086
513c407e-16df-47bd-ba01-bde8567b9f02,1097,other,80,3.120913553815473e-05
513c407e-16df-47bd-ba01-bde8567b9f02,1097,processing/ophys,2554872,0.9966918316329556
513c407e-16df-47bd-ba01-bde8567b9f02,1097,specifications,320,0.0001248365421526189
5157e04e-d924-44da-99cd-ea5c41ba5b35,1169,acquisition,243078,0.7867493081740651
5157e04e-d924-44da-99cd-ea5c41ba5b35,1169,general,192,0.0006214296117683232
5157e04e-d924-44da-99cd-ea5c41ba5b35,1169,general/subject,80,0.000258929004903468
5157e04e-d924-44da-99cd-ea5c41ba5b35,1169,general/task,1026,0.0033207644878869777
5157e04e-d924-44da-99cd-ea5c41ba5b35,1169,intervals,64157,0.2076513520948975
5157e04e-d924-44da-99cd-ea5c41ba5b35,1169,other,80,0.000258929004903468
5157e04e-d924-44da-99cd-ea5c41ba5b35,1169,specifications,352,0.0011392876215752593
5191efc0-4e25-4352-b959-56fa98e1a311,336,acquisition,50195232,0.6442661349126455
5191efc0-4e25-4352-b959-56fa98e1a311,336,general,128,1.6429063475355313e-06
5191efc0-4e25-4352-b959-56fa98e1a311,336,general/optophysiology,176,2.2589962278613557e-06
5191efc0-4e25-4352-b959-56fa98e1a311,336,general/subject,96,1.2321797606516486e-06
5191efc0-4e25-4352-b959-56fa98e1a311,336,intervals,10775046,0.13829993334677607
5191efc0-4e25-4352-b959-56fa98e1a311,336,other,80,1.0268164672097071e-06
5191efc0-4e25-4352-b959-56fa98e1a311,336,processing/ophys,1879072,0.024118275908408485
5191efc0-4e25-4352-b959-56fa98e1a311,336,processing/running,10394208,0.13341179922503593
5191efc0-4e25-4352-b959-56fa98e1a311,336,processing/stimulus,3779712,0.04851338153637671
5191efc0-4e25-4352-b959-56fa98e1a311,336,processing/stimulus_ophys,886512,0.011378563999737648
5191efc0-4e25-4352-b959-56fa98e1a311,336,specifications,448,5.75017221637436e-06
519fc5a8-6d43-4ea1-b31a-2d0c693777a0,351,acquisition,13505552,0.7235704268574936
519fc5a8-6d43-4ea1-b31a-2d0c693777a0,351,general,48,2.5716372414218753e-06
519fc5a8-6d43-4ea1-b31a-2d0c693777a0,351,general/subject,96,5.143274482843751e-06
519fc5a8-6d43-4ea1-b31a-2d0c693777a0,351,other,80,4.286062069036459e-06
519fc5a8-6d43-4ea1-b31a-2d0c693777a0,351,processing/photometry,5158992,0.27639699907078175
519fc5a8-6d43-4ea1-b31a-2d0c693777a0,351,specifications,384,2.0573097931375002e-05
52506155-f5fd-4778-9d45-3e47bf96bccf,1746,acquisition,6000480,0.49997600307160683
52506155-f5fd-4778-9d45-3e47bf96bccf,1746,general,112,9.332138819564428e-06
52506155-f5fd-4778-9d45-3e47bf96bccf,1746,general/intracellular_ephys,32,2.6663253770184084e-06
52506155-f5fd-4778-9d45-3e47bf96bccf,1746,general/subject,80,6.665813442546021e-06
52506155-f5fd-4778-9d45-3e47bf96bccf,1746,other,80,6.665813442546021e-06
52506155-f5fd-4778-9d45-3e47bf96bccf,1746,specifications,272,2.266376570465647e-05
52506155-f5fd-4778-9d45-3e47bf96bccf,1746,stimulus,6000480,0.49997600307160683
5258f6e9-e21e-4932-bd54-453e3089b74f,1748,acquisition,17847547,0.6366334490952659
5258f6e9-e21e-4932-bd54-453e3089b74f,1748,general,330,1.1771311665487573e-05
5258f6e9-e21e-4932-bd54-453e3089b74f,1748,general/intracellular_ephys,1483,5.289956121187294e-05
5258f6e9-e21e-4932-bd54-453e3089b74f,1748,general/labnotebook,4847756,0.17292256592193145
5258f6e9-e21e-4932-bd54-453e3089b74f,1748,general/results,142789,0.005093375216373652
5258f6e9-e21e-4932-bd54-453e3089b74f,1748,general/stimsets,368126,0.013131290539906904
5258f6e9-e21e-4932-bd54-453e3089b74f,1748,general/subject,96,3.4243815754145667e-06
5258f6e9-e21e-4932-bd54-453e3089b74f,1748,general/testpulse,3702155,0.13205824345134287
5258f6e9-e21e-4932-bd54-453e3089b74f,1748,general/user_comment,14,4.993889797479577e-07
5258f6e9-e21e-4932-bd54-453e3089b74f,1748,intervals,90894,0.003242247280372205
5258f6e9-e21e-4932-bd54-453e3089b74f,1748,other,108,3.852429272341387e-06
5258f6e9-e21e-4932-bd54-453e3089b74f,1748,processing/spikes,6418,0.000228934176573028
5258f6e9-e21e-4932-bd54-453e3089b74f,1748,specifications,288,1.0273144726243701e-05
5258f6e9-e21e-4932-bd54-453e3089b74f,1748,stimulus,1026255,0.03660717410080288
52714790-af2d-441d-9c66-e045a8e30b8f,336,acquisition,49887960,0.539786394251478
52714790-af2d-441d-9c66-e045a8e30b8f,336,general,112,1.2118370074896938e-06
52714790-af2d-441d-9c66-e045a8e30b8f,336,general/optophysiology,88,9.521576487419021e-07
52714790-af2d-441d-9c66-e045a8e30b8f,336,general/subject,96,1.038717434991166e-06
52714790-af2d-441d-9c66-e045a8e30b8f,336,intervals,10775046,0.11658570982324816
52714790-af2d-441d-9c66-e045a8e30b8f,336,other,80,8.655978624926384e-07
52714790-af2d-441d-9c66-e045a8e30b8f,336,processing/ophys,16697408,0.1806655084245935
52714790-af2d-441d-9c66-e045a8e30b8f,336,processing/running,10394208,0.11246505283879853
52714790-af2d-441d-9c66-e045a8e30b8f,336,processing/stimulus,3779712,0.04089638285047219
52714790-af2d-441d-9c66-e045a8e30b8f,336,processing/stimulus_ophys,886512,0.009592036153425923
52714790-af2d-441d-9c66-e045a8e30b8f,336,specifications,448,4.847348029958775e-06
52838fe8-3006-4b37-95fa-30059c5b0566,1348,acquisition,19454892,0.6410666300773921
52838fe8-3006-4b37-95fa-30059c5b0566,1348,general,330,1.0873973904637424e-05
52838fe8-3006-4b37-95fa-30059c5b0566,1348,general/intracellular_ephys,2693,8.87382173490563e-05
52838fe8-3006-4b37-95fa-30059c5b0566,1348,general/labnotebook,4379948,0.1443255765323299
52838fe8-3006-4b37-95fa-30059c5b0566,1348,general/results,218895,0.007212904599562451
52838fe8-3006-4b37-95fa-30059c5b0566,1348,general/stimsets,604179,0.019908565696151317
52838fe8-3006-4b37-95fa-30059c5b0566,1348,general/subject,80,2.6361148859727087e-06
52838fe8-3006-4b37-95fa-30059c5b0566,1348,general/testpulse,4752402,0.15659847070408092
52838fe8-3006-4b37-95fa-30059c5b0566,1348,general/user_comment,14,4.6132010504522406e-07
52838fe8-3006-4b37-95fa-30059c5b0566,1348,intervals,90560,0.002984082050921106
52838fe8-3006-4b37-95fa-30059c5b0566,1348,other,106,3.492852223913839e-06
52838fe8-3006-4b37-95fa-30059c5b0566,1348,processing/spikes,1952,6.43212032177341e-05
52838fe8-3006-4b37-95fa-30059c5b0566,1348,specifications,288,9.49001358950175e-06
52838fe8-3006-4b37-95fa-30059c5b0566,1348,stimulus,841352,0.02772375664428638
528cc828-77be-44e9-ab6c-07031b0829ea,1359,acquisition,14151594,0.64176488229113
528cc828-77be-44e9-ab6c-07031b0829ea,1359,general,329,1.4919919711785245e-05
528cc828-77be-44e9-ab6c-07031b0829ea,1359,general/intracellular_ephys,1423,6.453205395097387e-05
528cc828-77be-44e9-ab6c-07031b0829ea,1359,general/labnotebook,2443295,0.11080171803102228
528cc828-77be-44e9-ab6c-07031b0829ea,1359,general/results,120153,0.00544885444720405
528cc828-77be-44e9-ab6c-07031b0829ea,1359,general/stimsets,321664,0.014587237246722458
528cc828-77be-44e9-ab6c-07031b0829ea,1359,general/subject,80,3.627944002865713e-06
528cc828-77be-44e9-ab6c-07031b0829ea,1359,general/testpulse,4322992,0.19604466126045567
528cc828-77be-44e9-ab6c-07031b0829ea,1359,general/user_comment,14,6.348902005014998e-07
528cc828-77be-44e9-ab6c-07031b0829ea,1359,intervals,44885,0.002035503332107844
528cc828-77be-44e9-ab6c-07031b0829ea,1359,other,105,4.7616765037612485e-06
528cc828-77be-44e9-ab6c-07031b0829ea,1359,processing/spikes,514,2.3309540218412206e-05
528cc828-77be-44e9-ab6c-07031b0829ea,1359,specifications,288,1.3060598410316567e-05
528cc828-77be-44e9-ab6c-07031b0829ea,1359,stimulus,643721,0.029192296768358994
52a79e53-e3ce-4392-8ae6-404be567bd6f,1475,acquisition,2400240,0.49981925011286454
52a79e53-e3ce-4392-8ae6-404be567bd6f,1475,general,80,1.6658975772851532e-05
52a79e53-e3ce-4392-8ae6-404be567bd6f,1475,general/intracellular_ephys,1160,0.00024155514870634724
52a79e53-e3ce-4392-8ae6-404be567bd6f,1475,general/subject,96,1.999077092742184e-05
52a79e53-e3ce-4392-8ae6-404be567bd6f,1475,other,80,1.6658975772851532e-05
52a79e53-e3ce-4392-8ae6-404be567bd6f,1475,specifications,320,6.663590309140613e-05
52a79e53-e3ce-4392-8ae6-404be567bd6f,1475,stimulus,2400240,0.49981925011286454
52afea77-96fb-47ea-8793-23a26a964f41,1564,general,64,1.3325168891310553e-05
52afea77-96fb-47ea-8793-23a26a964f41,1564,general/subject,64,1.3325168891310553e-05
52afea77-96fb-47ea-8793-23a26a964f41,1564,intervals,2405,0.0005007348622437794
52afea77-96fb-47ea-8793-23a26a964f41,1564,other,80,1.665646111413819e-05
52afea77-96fb-47ea-8793-23a26a964f41,1564,processing/behavior,4800008,0.9993893324944029
52afea77-96fb-47ea-8793-23a26a964f41,1564,specifications,320,6.662584445655276e-05
52b7a75e-dab8-4539-ac08-968c0406ded2,35,acquisition,8279915,0.9927364040775988
52b7a75e-dab8-4539-ac08-968c0406ded2,35,general,96,1.1510105452948428e-05
52b7a75e-dab8-4539-ac08-968c0406ded2,35,general/DandiIcephysMetadata,192,2.3020210905896856e-05
52b7a75e-dab8-4539-ac08-968c0406ded2,35,general/intracellular_ephys,4007,0.00048042700572879527
52b7a75e-dab8-4539-ac08-968c0406ded2,35,general/subject,112,1.3428456361773166e-05
52b7a75e-dab8-4539-ac08-968c0406ded2,35,other,80,9.59175454412369e-06
52b7a75e-dab8-4539-ac08-968c0406ded2,35,specifications,272,3.2611965450020544e-05
52b7a75e-dab8-4539-ac08-968c0406ded2,35,stimulus,55823,0.006693006423957709
52c4aad5-eefe-401b-8cf7-de53f07eed2d,1205,acquisition,283474488,0.9999978834118927
52c4aad5-eefe-401b-8cf7-de53f07eed2d,1205,general,32,1.1288469906039856e-07
52c4aad5-eefe-401b-8cf7-de53f07eed2d,1205,general/optophysiology,88,3.1043292241609606e-07
52c4aad5-eefe-401b-8cf7-de53f07eed2d,1205,general/subject,80,2.822117476509964e-07
52c4aad5-eefe-401b-8cf7-de53f07eed2d,1205,other,80,2.822117476509964e-07
52c4aad5-eefe-401b-8cf7-de53f07eed2d,1205,specifications,320,1.1288469906039856e-06
52c9de5f-3230-43f4-9387-719525c2242b,1339,acquisition,56950009,0.905645350132058
52c9de5f-3230-43f4-9387-719525c2242b,1339,general/optophysiology,104,1.6538560408960433e-06
52c9de5f-3230-43f4-9387-719525c2242b,1339,general/subject,80,1.2721969545354178e-06
52c9de5f-3230-43f4-9387-719525c2242b,1339,other,80,1.2721969545354178e-06
52c9de5f-3230-43f4-9387-719525c2242b,1339,processing/ophys,5758200,0.09156955629507305
52c9de5f-3230-43f4-9387-719525c2242b,1339,specifications,320,5.088787818141671e-06
52c9de5f-3230-43f4-9387-719525c2242b,1339,stimulus,174552,0.0027758065351008283
52e10fcd-f3a5-4843-96c7-5c5a0075cfe7,946,general,64,1.4275797704808624e-05
52e10fcd-f3a5-4843-96c7-5c5a0075cfe7,946,general/extracellular_ephys,3072,0.000685238289830814
52e10fcd-f3a5-4843-96c7-5c5a0075cfe7,946,general/subject,80,1.784474713101078e-05
52e10fcd-f3a5-4843-96c7-5c5a0075cfe7,946,intervals,12000,0.002676712069651617
52e10fcd-f3a5-4843-96c7-5c5a0075cfe7,946,other,80,1.784474713101078e-05
52e10fcd-f3a5-4843-96c7-5c5a0075cfe7,946,specifications,320,7.137898852404312e-05
52e10fcd-f3a5-4843-96c7-5c5a0075cfe7,946,units,4467496,0.9965167053600267
5301d037-aea2-460a-bb55-b23034801ffb,1521,acquisition,29602179,0.9999810828315583
5301d037-aea2-460a-bb55-b23034801ffb,1521,general,64,2.1619621076279463e-06
5301d037-aea2-460a-bb55-b23034801ffb,1521,general/subject,96,3.242943161441919e-06
5301d037-aea2-460a-bb55-b23034801ffb,1521,other,80,2.7024526345349325e-06
5301d037-aea2-460a-bb55-b23034801ffb,1521,specifications,320,1.080981053813973e-05
5312e9ac-9f81-4d69-a5a9-3545db543d54,293,acquisition,1218572,0.5462892853380316
5312e9ac-9f81-4d69-a5a9-3545db543d54,293,general,64,2.869138160209985e-05
5312e9ac-9f81-4d69-a5a9-3545db543d54,293,general/intracellular_ephys,688,0.0003084323522225734
5312e9ac-9f81-4d69-a5a9-3545db543d54,293,general/subject,80,3.5864227002624815e-05
5312e9ac-9f81-4d69-a5a9-3545db543d54,293,other,80,3.5864227002624815e-05
5312e9ac-9f81-4d69-a5a9-3545db543d54,293,specifications,352,0.00015780259881154917
5312e9ac-9f81-4d69-a5a9-3545db543d54,293,stimulus,1010799,0.45314405987532697
53351ce9-7ae9-4aaf-8c89-6068470243a6,351,acquisition,145104,0.9958273855276161
53351ce9-7ae9-4aaf-8c89-6068470243a6,351,general,48,0.00032941693203030636
53351ce9-7ae9-4aaf-8c89-6068470243a6,351,general/subject,96,0.0006588338640606127
53351ce9-7ae9-4aaf-8c89-6068470243a6,351,other,80,0.0005490282200505106
53351ce9-7ae9-4aaf-8c89-6068470243a6,351,specifications,384,0.002635335456242451
5360bb05-bafb-48f1-9b68-37ae0345375c,1271,acquisition,531011,0.9989465189034015
5360bb05-bafb-48f1-9b68-37ae0345375c,1271,general,64,0.00012039783961126547
5360bb05-bafb-48f1-9b68-37ae0345375c,1271,general/subject,96,0.00018059675941689823
5360bb05-bafb-48f1-9b68-37ae0345375c,1271,other,80,0.00015049729951408184
5360bb05-bafb-48f1-9b68-37ae0345375c,1271,specifications,320,0.0006019891980563273
53677fb3-85a6-49f3-b524-2fbf3c785f21,1747,acquisition,10665732359,0.9999976604567993
53677fb3-85a6-49f3-b524-2fbf3c785f21,1747,general,64,6.000511555611139e-09
53677fb3-85a6-49f3-b524-2fbf3c785f21,1747,general/extracellular_ephys,24425,2.2900389804031572e-06
53677fb3-85a6-49f3-b524-2fbf3c785f21,1747,general/subject,64,6.000511555611139e-09
53677fb3-85a6-49f3-b524-2fbf3c785f21,1747,other,80,7.500639444513924e-09
53677fb3-85a6-49f3-b524-2fbf3c785f21,1747,specifications,320,3.0002557778055694e-08
53700d07-edf8-46e0-926f-d329d348b60c,1692,acquisition,23224596350,0.996271510062132
53700d07-edf8-46e0-926f-d329d348b60c,1692,general,240,1.0295342007737916e-08
53700d07-edf8-46e0-926f-d329d348b60c,1692,general/FiberPhotometry,8600,3.68916421943942e-07
53700d07-edf8-46e0-926f-d329d348b60c,1692,general/optophysiology,160,6.863561338491944e-09
53700d07-edf8-46e0-926f-d329d348b60c,1692,general/subject,96,4.1181368030951666e-09
53700d07-edf8-46e0-926f-d329d348b60c,1692,other,80,3.431780669245972e-09
53700d07-edf8-46e0-926f-d329d348b60c,1692,processing/behavior,991456,4.253074419009918e-05
53700d07-edf8-46e0-926f-d329d348b60c,1692,processing/ophys,85915758,0.0036855504686001874
53700d07-edf8-46e0-926f-d329d348b60c,1692,specifications,352,1.5099834944682277e-08
5388a6cc-1922-402c-936f-30173e8b8183,1767,acquisition,882368,0.18065803759846313
5388a6cc-1922-402c-936f-30173e8b8183,1767,general,96,1.9655259040958487e-05
5388a6cc-1922-402c-936f-30173e8b8183,1767,general/subject,64,1.310350602730566e-05
5388a6cc-1922-402c-936f-30173e8b8183,1767,intervals,30525,0.006249758148179769
5388a6cc-1922-402c-936f-30173e8b8183,1767,other,96,1.9655259040958487e-05
5388a6cc-1922-402c-936f-30173e8b8183,1767,processing/behavior,2206032,0.45166802513170556
5388a6cc-1922-402c-936f-30173e8b8183,1767,processing/ophys,1764736,0.36131607519692627
5388a6cc-1922-402c-936f-30173e8b8183,1767,specifications,272,5.568990061604905e-05
53a6c0b5-c5cc-4bff-9fec-139313caa062,362,acquisition,7915541273,0.9978024680934054
53a6c0b5-c5cc-4bff-9fec-139313caa062,362,analysis,43560,5.491004848702624e-06
53a6c0b5-c5cc-4bff-9fec-139313caa062,362,general,288,3.630416428894297e-08
53a6c0b5-c5cc-4bff-9fec-139313caa062,362,general/intracellular_ephys,232,2.9245021232759613e-08
53a6c0b5-c5cc-4bff-9fec-139313caa062,362,general/optophysiology,576,7.260832857788593e-08
53a6c0b5-c5cc-4bff-9fec-139313caa062,362,general/subject,80,1.0084490080261936e-08
53a6c0b5-c5cc-4bff-9fec-139313caa062,362,intervals,7972,1.0049194364981018e-06
53a6c0b5-c5cc-4bff-9fec-139313caa062,362,other,80,1.0084490080261936e-08
53a6c0b5-c5cc-4bff-9fec-139313caa062,362,processing/ophys of movie 0,3598947,0.00045366931651110565
53a6c0b5-c5cc-4bff-9fec-139313caa062,362,processing/ophys of movie 1,4344964,0.0005477093294636902
53a6c0b5-c5cc-4bff-9fec-139313caa062,362,processing/ophys of movie 2,6583015,0.0008298293683214441
53a6c0b5-c5cc-4bff-9fec-139313caa062,362,processing/ophys of movie 3,2852930,0.0003596293035585211
53a6c0b5-c5cc-4bff-9fec-139313caa062,362,specifications,320,4.033796032104774e-08
53b605b6-788d-40d2-9efc-d668c14ba020,1636,acquisition,14597291,0.7289392709364368
53b605b6-788d-40d2-9efc-d668c14ba020,1636,general,320,1.5979716147308414e-05
53b605b6-788d-40d2-9efc-d668c14ba020,1636,general/extracellular_ephys,211,1.0536625334631486e-05
53b605b6-788d-40d2-9efc-d668c14ba020,1636,general/localization,694,3.465600939447512e-05
53b605b6-788d-40d2-9efc-d668c14ba020,1636,general/subject,96,4.793914844192524e-06
53b605b6-788d-40d2-9efc-d668c14ba020,1636,intervals,5200,0.00025967038739376175
53b605b6-788d-40d2-9efc-d668c14ba020,1636,other,80,3.9949290368271035e-06
53b605b6-788d-40d2-9efc-d668c14ba020,1636,processing/antidromic_identification,21031,0.0010502169071688852
53b605b6-788d-40d2-9efc-d668c14ba020,1636,processing/behavior,2883158,0.14397514514950446
53b605b6-788d-40d2-9efc-d668c14ba020,1636,processing/ecephys,2506832,0.125182699340592
53b605b6-788d-40d2-9efc-d668c14ba020,1636,specifications,416,2.0773630991500938e-05
53b605b6-788d-40d2-9efc-d668c14ba020,1636,units,10058,0.0005022624531550876
53c91869-ea73-44ad-916a-2eecb5a658e6,766,acquisition,1600,0.7518796992481203
53c91869-ea73-44ad-916a-2eecb5a658e6,766,general,64,0.03007518796992481
53c91869-ea73-44ad-916a-2eecb5a658e6,766,general/subject,64,0.03007518796992481
53c91869-ea73-44ad-916a-2eecb5a658e6,766,other,80,0.03759398496240601
53c91869-ea73-44ad-916a-2eecb5a658e6,766,specifications,320,0.15037593984962405
53cd51cb-5676-4169-a9e4-0007fc1effa1,1636,acquisition,10525705,0.8548725119190891
53cd51cb-5676-4169-a9e4-0007fc1effa1,1636,general,320,2.5989632410760944e-05
53cd51cb-5676-4169-a9e4-0007fc1effa1,1636,general/extracellular_ephys,208,1.6893261066994614e-05
53cd51cb-5676-4169-a9e4-0007fc1effa1,1636,general/localization,668,5.4253357657463464e-05
53cd51cb-5676-4169-a9e4-0007fc1effa1,1636,general/subject,96,7.796889723228282e-06
53cd51cb-5676-4169-a9e4-0007fc1effa1,1636,intervals,6729,0.0005465132390375325
53cd51cb-5676-4169-a9e4-0007fc1effa1,1636,other,80,6.497408102690236e-06
53cd51cb-5676-4169-a9e4-0007fc1effa1,1636,processing/antidromic_identification,63915,0.0051910229860430805
53cd51cb-5676-4169-a9e4-0007fc1effa1,1636,processing/behavior,1710698,0.13893878808069976
53cd51cb-5676-4169-a9e4-0007fc1effa1,1636,specifications,416,3.378652213398923e-05
53cd51cb-5676-4169-a9e4-0007fc1effa1,1636,units,3767,0.00030594670403542645
53e24dca-5e07-4a21-8e4d-633648cfd491,20,acquisition,9046033,0.2843076544575214
53e24dca-5e07-4a21-8e4d-633648cfd491,20,general,242,7.605814878048773e-06
53e24dca-5e07-4a21-8e4d-633648cfd491,20,general/intracellular_ephys,1183,3.718049173856074e-05
53e24dca-5e07-4a21-8e4d-633648cfd491,20,general/labnotebook,169400,0.005324070414634141
53e24dca-5e07-4a21-8e4d-633648cfd491,20,general/stimsets,20978884,0.6593450745952866
53e24dca-5e07-4a21-8e4d-633648cfd491,20,general/subject,112,3.5200465551300104e-06
53e24dca-5e07-4a21-8e4d-633648cfd491,20,general/testpulse,134160,0.004216512909252163
53e24dca-5e07-4a21-8e4d-633648cfd491,20,general/user_comment,34,1.0685855613787532e-06
53e24dca-5e07-4a21-8e4d-633648cfd491,20,other,101,3.1743276970368847e-06
53e24dca-5e07-4a21-8e4d-633648cfd491,20,processing/spikes,4058,0.00012753882964926412
53e24dca-5e07-4a21-8e4d-633648cfd491,20,specifications,704,2.2126006917960065e-05
53e24dca-5e07-4a21-8e4d-633648cfd491,20,stimulus,1482850,0.04660447352030836
53e40c92-b36e-4bdc-942e-e8c44dc4f0a7,1856,acquisition,18198238,0.6198124803969581
53e40c92-b36e-4bdc-942e-e8c44dc4f0a7,1856,general,330,1.123944628765687e-05
53e40c92-b36e-4bdc-942e-e8c44dc4f0a7,1856,general/intracellular_ephys,2260,7.697317760637736e-05
53e40c92-b36e-4bdc-942e-e8c44dc4f0a7,1856,general/labnotebook,5603500,0.19084920385722812
53e40c92-b36e-4bdc-942e-e8c44dc4f0a7,1856,general/results,246375,0.008391268421580186
53e40c92-b36e-4bdc-942e-e8c44dc4f0a7,1856,general/stimsets,559392,0.019052291932560462
53e40c92-b36e-4bdc-942e-e8c44dc4f0a7,1856,general/subject,80,2.7247142515531808e-06
53e40c92-b36e-4bdc-942e-e8c44dc4f0a7,1856,general/testpulse,2918021,0.0993846675628933
53e40c92-b36e-4bdc-942e-e8c44dc4f0a7,1856,general/user_comment,14,4.768249940218066e-07
53e40c92-b36e-4bdc-942e-e8c44dc4f0a7,1856,intervals,225292,0.00767320403951149
53e40c92-b36e-4bdc-942e-e8c44dc4f0a7,1856,other,108,3.678364239596794e-06
53e40c92-b36e-4bdc-942e-e8c44dc4f0a7,1856,processing/spikes,2404,8.187766325917308e-05
53e40c92-b36e-4bdc-942e-e8c44dc4f0a7,1856,specifications,288,9.80897130559145e-06
53e40c92-b36e-4bdc-942e-e8c44dc4f0a7,1856,stimulus,1604575,0.054650104627324315
5404bccf-87f4-4bcf-9a8b-c76b8339ddf7,766,acquisition,2384,0.8186813186813187
5404bccf-87f4-4bcf-9a8b-c76b8339ddf7,766,general,64,0.02197802197802198
5404bccf-87f4-4bcf-9a8b-c76b8339ddf7,766,general/subject,64,0.02197802197802198
5404bccf-87f4-4bcf-9a8b-c76b8339ddf7,766,other,80,0.027472527472527472
5404bccf-87f4-4bcf-9a8b-c76b8339ddf7,766,specifications,320,0.10989010989010989
5434ab71-231c-4af5-bae8-1e68f2c23f5b,1751,acquisition,28168000,0.994975107254417
5434ab71-231c-4af5-bae8-1e68f2c23f5b,1751,general,112,3.956163448327702e-06
5434ab71-231c-4af5-bae8-1e68f2c23f5b,1751,general/intracellular_ephys,896,3.1649307586621613e-05
5434ab71-231c-4af5-bae8-1e68f2c23f5b,1751,general/subject,80,2.8258310345197867e-06
5434ab71-231c-4af5-bae8-1e68f2c23f5b,1751,other,80,2.8258310345197867e-06
5434ab71-231c-4af5-bae8-1e68f2c23f5b,1751,specifications,272,9.607825517367275e-06
5434ab71-231c-4af5-bae8-1e68f2c23f5b,1751,stimulus,140816,0.004974027786961728
543f83fd-5a59-4403-9b78-ba1bcdaac717,1751,acquisition,33801600,0.9958090795577261
543f83fd-5a59-4403-9b78-ba1bcdaac717,1751,general,112,3.299566201317847e-06
543f83fd-5a59-4403-9b78-ba1bcdaac717,1751,general/intracellular_ephys,896,2.6396529610542775e-05
543f83fd-5a59-4403-9b78-ba1bcdaac717,1751,general/subject,80,2.356833000941319e-06
543f83fd-5a59-4403-9b78-ba1bcdaac717,1751,other,80,2.356833000941319e-06
543f83fd-5a59-4403-9b78-ba1bcdaac717,1751,specifications,272,8.013232203200486e-06
543f83fd-5a59-4403-9b78-ba1bcdaac717,1751,stimulus,140816,0.00414849744825691
5455a546-aaad-49e1-b440-4a8c37ea98c1,690,acquisition,2063829879,0.9999937049471244
5455a546-aaad-49e1-b440-4a8c37ea98c1,690,general,48,2.325758451598712e-08
5455a546-aaad-49e1-b440-4a8c37ea98c1,690,general/extracellular_ephys,12384,6.000456805124677e-06
5455a546-aaad-49e1-b440-4a8c37ea98c1,690,general/subject,96,4.651516903197424e-08
5455a546-aaad-49e1-b440-4a8c37ea98c1,690,other,80,3.876264085997853e-08
5455a546-aaad-49e1-b440-4a8c37ea98c1,690,specifications,384,1.8606067612789695e-07
5477b875-462a-41ad-a0bf-32803a8cf174,289,acquisition,109330157,0.9635231442412698
5477b875-462a-41ad-a0bf-32803a8cf174,289,general,32,2.8201496697494576e-07
5477b875-462a-41ad-a0bf-32803a8cf174,289,general/optophysiology,88,7.755411591811008e-07
5477b875-462a-41ad-a0bf-32803a8cf174,289,general/subject,96,8.460449009248372e-07
5477b875-462a-41ad-a0bf-32803a8cf174,289,other,80,7.050374174373643e-07
5477b875-462a-41ad-a0bf-32803a8cf174,289,processing/behavior,4432,3.905907292602999e-05
5477b875-462a-41ad-a0bf-32803a8cf174,289,processing/ophys,4133950,0.0364323678976899
5477b875-462a-41ad-a0bf-32803a8cf174,289,specifications,320,2.8201496697494573e-06
54839311-8587-471d-91ff-9ac2dbab97f5,1827,acquisition,17315183,0.9999220398217126
54839311-8587-471d-91ff-9ac2dbab97f5,1827,general,144,8.315752350658184e-06
54839311-8587-471d-91ff-9ac2dbab97f5,1827,general/extracellular_ephys,694,4.007730646775541e-05
54839311-8587-471d-91ff-9ac2dbab97f5,1827,general/subject,80,4.6198624170323236e-06
54839311-8587-471d-91ff-9ac2dbab97f5,1827,other,80,4.6198624170323236e-06
54839311-8587-471d-91ff-9ac2dbab97f5,1827,specifications,352,2.0327394634942224e-05
54a5c34b-b2ba-4d93-b594-8475b3bfb626,1526,acquisition,33476232,0.999983271993326
54a5c34b-b2ba-4d93-b594-8475b3bfb626,1526,general,64,1.911772191313911e-06
54a5c34b-b2ba-4d93-b594-8475b3bfb626,1526,general/subject,96,2.8676582869708664e-06
54a5c34b-b2ba-4d93-b594-8475b3bfb626,1526,other,80,2.3897152391423884e-06
54a5c34b-b2ba-4d93-b594-8475b3bfb626,1526,specifications,320,9.558860956569554e-06
54a7f937-087e-443c-b8b5-ecc77033cbe5,10,acquisition,13631488,0.17340400184961038
54a7f937-087e-443c-b8b5-ecc77033cbe5,10,general,160,2.035334682166588e-06
54a7f937-087e-443c-b8b5-ecc77033cbe5,10,general/optophysiology,88,1.1194340751916235e-06
54a7f937-087e-443c-b8b5-ecc77033cbe5,10,general/subject,80,1.017667341083294e-06
54a7f937-087e-443c-b8b5-ecc77033cbe5,10,intervals,5994,7.624872553066581e-05
54a7f937-087e-443c-b8b5-ecc77033cbe5,10,other,80,1.017667341083294e-06
54a7f937-087e-443c-b8b5-ecc77033cbe5,10,processing/behavior,3552,4.518442994409826e-05
54a7f937-087e-443c-b8b5-ecc77033cbe5,10,processing/ophys,64969468,0.826466321889452
54a7f937-087e-443c-b8b5-ecc77033cbe5,10,specifications,240,3.0530020232498824e-06
54bcd0c0-040b-4896-81df-de1abdd4c884,1181,acquisition,517434,0.9448467783462798
54bcd0c0-040b-4896-81df-de1abdd4c884,1181,general,144,0.0002629474214718482
54bcd0c0-040b-4896-81df-de1abdd4c884,1181,general/subject,80,0.00014608190081769344
54bcd0c0-040b-4896-81df-de1abdd4c884,1181,intervals,20860,0.038090855638213565
54bcd0c0-040b-4896-81df-de1abdd4c884,1181,other,80,0.00014608190081769344
54bcd0c0-040b-4896-81df-de1abdd4c884,1181,specifications,320,0.0005843276032707738
54bcd0c0-040b-4896-81df-de1abdd4c884,1181,stimulus,8720,0.015922927189128584
54cdaee8-590d-48cf-8e31-5556e3e7adf0,1710,acquisition,24,3.8865107509534855e-08
54cdaee8-590d-48cf-8e31-5556e3e7adf0,1710,general,160,2.591007167302324e-07
54cdaee8-590d-48cf-8e31-5556e3e7adf0,1710,general/optophysiology,128,2.072805733841859e-07
54cdaee8-590d-48cf-8e31-5556e3e7adf0,1710,general/subject,80,1.295503583651162e-07
54cdaee8-590d-48cf-8e31-5556e3e7adf0,1710,other,80,1.295503583651162e-07
54cdaee8-590d-48cf-8e31-5556e3e7adf0,1710,processing/behavior,28421168,0.04602465624443966
54cdaee8-590d-48cf-8e31-5556e3e7adf0,1710,processing/ophys,589098524,0.9539740612070126
54cdaee8-590d-48cf-8e31-5556e3e7adf0,1710,specifications,320,5.182014334604648e-07
54f13dfd-b5e4-4a73-b32d-94ff80ba929c,1465,acquisition,13523676,0.6615246130325819
54f13dfd-b5e4-4a73-b32d-94ff80ba929c,1465,general,329,1.609337562418084e-05
54f13dfd-b5e4-4a73-b32d-94ff80ba929c,1465,general/intracellular_ephys,1005,4.916061550851594e-05
54f13dfd-b5e4-4a73-b32d-94ff80ba929c,1465,general/labnotebook,2027988,0.09920113266058131
54f13dfd-b5e4-4a73-b32d-94ff80ba929c,1465,general/results,87341,0.004272375441919692
54f13dfd-b5e4-4a73-b32d-94ff80ba929c,1465,general/stimsets,368433,0.018022281645421943
54f13dfd-b5e4-4a73-b32d-94ff80ba929c,1465,general/subject,80,3.913282826548532e-06
54f13dfd-b5e4-4a73-b32d-94ff80ba929c,1465,general/testpulse,3620164,0.17708407013111552
54f13dfd-b5e4-4a73-b32d-94ff80ba929c,1465,general/user_comment,14,6.848244946459932e-07
54f13dfd-b5e4-4a73-b32d-94ff80ba929c,1465,intervals,37006,0.0018101868034906875
54f13dfd-b5e4-4a73-b32d-94ff80ba929c,1465,other,104,5.0872676745130926e-06
54f13dfd-b5e4-4a73-b32d-94ff80ba929c,1465,processing/spikes,410,2.0055574486061228e-05
54f13dfd-b5e4-4a73-b32d-94ff80ba929c,1465,specifications,288,1.4087818175574717e-05
54f13dfd-b5e4-4a73-b32d-94ff80ba929c,1465,stimulus,776356,0.03797625752609891
5534938a-7e7c-4ada-86a8-d8e043e7a9fa,1195,acquisition,21296905,0.09554180488744832
5534938a-7e7c-4ada-86a8-d8e043e7a9fa,1195,general,48,2.1533676534677313e-07
5534938a-7e7c-4ada-86a8-d8e043e7a9fa,1195,general/DandiIcephysMetadata,64,2.871156871290308e-07
5534938a-7e7c-4ada-86a8-d8e043e7a9fa,1195,general/intracellular_ephys,7743,3.473651196000134e-05
5534938a-7e7c-4ada-86a8-d8e043e7a9fa,1195,general/subject,128,5.742313742580616e-07
5534938a-7e7c-4ada-86a8-d8e043e7a9fa,1195,other,80,3.5889460891128854e-07
5534938a-7e7c-4ada-86a8-d8e043e7a9fa,1195,specifications,352,1.5791362792096695e-06
5534938a-7e7c-4ada-86a8-d8e043e7a9fa,1195,stimulus,201601344,0.9044204438858768
55619bbc-3d45-4402-ab0f-b26f148dad5a,339,general,16,1.1348748804132688e-08
55619bbc-3d45-4402-ab0f-b26f148dad5a,339,general/extracellular_ephys,3072,2.1789597703934762e-06
55619bbc-3d45-4402-ab0f-b26f148dad5a,339,general/subject,80,5.674374402066344e-08
55619bbc-3d45-4402-ab0f-b26f148dad5a,339,other,96,6.809249282479613e-08
55619bbc-3d45-4402-ab0f-b26f148dad5a,339,processing/ecephys,1409843464,0.9999974578802678
55619bbc-3d45-4402-ab0f-b26f148dad5a,339,specifications,320,2.2697497608265376e-07
556d4c0e-2ecd-4770-a315-e561a05c4fab,1603,acquisition,4767587332,0.9999964739102711
556d4c0e-2ecd-4770-a315-e561a05c4fab,1603,general,144,3.0203849917243434e-08
556d4c0e-2ecd-4770-a315-e561a05c4fab,1603,general/extracellular_ephys,16187,3.395206379239024e-06
556d4c0e-2ecd-4770-a315-e561a05c4fab,1603,general/subject,80,1.6779916620690797e-08
556d4c0e-2ecd-4770-a315-e561a05c4fab,1603,other,80,1.6779916620690797e-08
556d4c0e-2ecd-4770-a315-e561a05c4fab,1603,specifications,320,6.711966648276319e-08
556f529d-9ada-48cb-b130-51ec4361244d,1031,acquisition,247898,0.9977460979320448
556f529d-9ada-48cb-b130-51ec4361244d,1031,general,64,0.0002575888077663026
556f529d-9ada-48cb-b130-51ec4361244d,1031,general/subject,96,0.00038638321164945384
556f529d-9ada-48cb-b130-51ec4361244d,1031,other,80,0.0003219860097078782
556f529d-9ada-48cb-b130-51ec4361244d,1031,specifications,320,0.0012879440388315127
559b1652-844f-4567-8936-66f3621eafb9,1363,general,128,4.4530165012092724e-05
559b1652-844f-4567-8936-66f3621eafb9,1363,general/subject,80,2.7831353132557953e-05
559b1652-844f-4567-8936-66f3621eafb9,1363,other,80,2.7831353132557953e-05
559b1652-844f-4567-8936-66f3621eafb9,1363,specifications,320,0.00011132541253023181
559b1652-844f-4567-8936-66f3621eafb9,1363,units,2873848,0.9997884817161926
55a1ac80-5bfe-48b8-a583-46cfc63be448,1701,general,80,2.9718083855220034e-06
55a1ac80-5bfe-48b8-a583-46cfc63be448,1701,general/extracellular_ephys,46080,0.001711761630060674
55a1ac80-5bfe-48b8-a583-46cfc63be448,1701,general/subject,96,3.566170062626404e-06
55a1ac80-5bfe-48b8-a583-46cfc63be448,1701,other,80,2.9718083855220034e-06
55a1ac80-5bfe-48b8-a583-46cfc63be448,1701,processing/behavior,1849776,0.06871474785171687
55a1ac80-5bfe-48b8-a583-46cfc63be448,1701,processing/probe_0_channel_163,6459288,0.23994707803627063
55a1ac80-5bfe-48b8-a583-46cfc63be448,1701,specifications,320,1.1887233542088014e-05
55a1ac80-5bfe-48b8-a583-46cfc63be448,1701,units,18563916,0.689605015461576
55abcdb2-73e7-43c5-8fa8-706c9465e9a3,1181,general,144,0.008930786405358472
55abcdb2-73e7-43c5-8fa8-706c9465e9a3,1181,general/subject,80,0.004961548002976929
55abcdb2-73e7-43c5-8fa8-706c9465e9a3,1181,intervals,15500,0.9612999255767799
55abcdb2-73e7-43c5-8fa8-706c9465e9a3,1181,other,80,0.004961548002976929
55abcdb2-73e7-43c5-8fa8-706c9465e9a3,1181,specifications,320,0.019846192011907716
55bde233-8163-41de-8228-5d2570cb453b,620,general,80,2.0051979643972188e-07
55bde233-8163-41de-8228-5d2570cb453b,620,general/subject,64,1.6041583715177752e-07
55bde233-8163-41de-8228-5d2570cb453b,620,intervals,24964502,0.06257346074073787
55bde233-8163-41de-8228-5d2570cb453b,620,other,80,2.0051979643972188e-07
55bde233-8163-41de-8228-5d2570cb453b,620,processing/behavior,373998024,0.9374250955167278
55bde233-8163-41de-8228-5d2570cb453b,620,specifications,352,8.822871043347764e-07
55dc310a-25a0-4802-af97-9a57a0ed431f,1625,acquisition,16737857,0.43837371025937344
55dc310a-25a0-4802-af97-9a57a0ed431f,1625,general,330,8.642882083745442e-06
55dc310a-25a0-4802-af97-9a57a0ed431f,1625,general/intracellular_ephys,1433,3.7531060684870354e-05
55dc310a-25a0-4802-af97-9a57a0ed431f,1625,general/labnotebook,5003683,0.13104921864679286
55dc310a-25a0-4802-af97-9a57a0ed431f,1625,general/results,165381,0.004331419642096682
55dc310a-25a0-4802-af97-9a57a0ed431f,1625,general/stimsets,427426,0.011194522780384785
55dc310a-25a0-4802-af97-9a57a0ed431f,1625,general/subject,80,2.0952441415140463e-06
55dc310a-25a0-4802-af97-9a57a0ed431f,1625,general/testpulse,14642830,0.3835037971585766
55dc310a-25a0-4802-af97-9a57a0ed431f,1625,general/user_comment,14,3.6666772476495814e-07
55dc310a-25a0-4802-af97-9a57a0ed431f,1625,intervals,115496,0.0030249039671038287
55dc310a-25a0-4802-af97-9a57a0ed431f,1625,other,108,2.828579591043963e-06
55dc310a-25a0-4802-af97-9a57a0ed431f,1625,processing/spikes,8520,0.00022314350107124594
55dc310a-25a0-4802-af97-9a57a0ed431f,1625,specifications,288,7.542878909450567e-06
55dc310a-25a0-4802-af97-9a57a0ed431f,1625,stimulus,1078262,0.028240276731465234
55e98e3a-491e-4175-923c-d3e8b8e084b7,1363,acquisition,3981967624,0.9999960562366272
55e98e3a-491e-4175-923c-d3e8b8e084b7,1363,general,16,4.0180981892850355e-09
55e98e3a-491e-4175-923c-d3e8b8e084b7,1363,general/extracellular_ephys,3072,7.714748523427269e-07
55e98e3a-491e-4175-923c-d3e8b8e084b7,1363,general/subject,80,2.0090490946425177e-08
55e98e3a-491e-4175-923c-d3e8b8e084b7,1363,intervals,12120,3.0437093783834147e-06
55e98e3a-491e-4175-923c-d3e8b8e084b7,1363,other,96,2.4108589135710215e-08
55e98e3a-491e-4175-923c-d3e8b8e084b7,1363,specifications,320,8.036196378570071e-08
55fd0c01-1c35-4f89-baa7-e8119eceaf06,1445,acquisition,1148,0.6434977578475336
55fd0c01-1c35-4f89-baa7-e8119eceaf06,1445,general,48,0.026905829596412557
55fd0c01-1c35-4f89-baa7-e8119eceaf06,1445,general/extracellular_ephys,108,0.06053811659192825
55fd0c01-1c35-4f89-baa7-e8119eceaf06,1445,general/subject,80,0.04484304932735426
55fd0c01-1c35-4f89-baa7-e8119eceaf06,1445,other,80,0.04484304932735426
55fd0c01-1c35-4f89-baa7-e8119eceaf06,1445,specifications,320,0.17937219730941703
55fdc99e-8976-4ee5-a974-670898e35852,1847,general,336,1.4107686838083338e-08
55fdc99e-8976-4ee5-a974-670898e35852,1847,general/optophysiology,88,3.6948703623551603e-09
55fdc99e-8976-4ee5-a974-670898e35852,1847,general/subject,144,6.046151502035717e-09
55fdc99e-8976-4ee5-a974-670898e35852,1847,intervals,174900,7.34355484518088e-06
55fdc99e-8976-4ee5-a974-670898e35852,1847,other,80,3.3589730566865093e-09
55fdc99e-8976-4ee5-a974-670898e35852,1847,processing/behavior,1291883025,0.0542425034170708
55fdc99e-8976-4ee5-a974-670898e35852,1847,processing/ophys,22524744026,0.9457501036511801
55fdc99e-8976-4ee5-a974-670898e35852,1847,specifications,528,2.216922217413096e-08
5607437e-7549-4b1b-a5c7-129cb4b94028,1603,general,208,7.459619430300257e-06
5607437e-7549-4b1b-a5c7-129cb4b94028,1603,general/subject,80,2.8690843962693297e-06
5607437e-7549-4b1b-a5c7-129cb4b94028,1603,other,80,2.8690843962693297e-06
5607437e-7549-4b1b-a5c7-129cb4b94028,1603,processing/curated_binning,27130328,0.9729900091308611
5607437e-7549-4b1b-a5c7-129cb4b94028,1603,specifications,320,1.1476337585077319e-05
5607437e-7549-4b1b-a5c7-129cb4b94028,1603,units,752444,0.026985316743330993
560a44b2-c769-46dc-960c-b611439efb5f,1676,acquisition,6408712,0.062539932111507
560a44b2-c769-46dc-960c-b611439efb5f,1676,general,128,1.2490983071595193e-06
560a44b2-c769-46dc-960c-b611439efb5f,1676,general/optophysiology,128,1.2490983071595193e-06
560a44b2-c769-46dc-960c-b611439efb5f,1676,general/subject,96,9.368237303696394e-07
560a44b2-c769-46dc-960c-b611439efb5f,1676,other,80,7.806864419746995e-07
560a44b2-c769-46dc-960c-b611439efb5f,1676,processing/ophys,96004432,0.9368669803985248
560a44b2-c769-46dc-960c-b611439efb5f,1676,scratch,60024,0.000585749037413617
560a44b2-c769-46dc-960c-b611439efb5f,1676,specifications,320,3.122745767898798e-06
561a9fa7-945d-4b22-bca4-2bd6ac323c79,1281,acquisition,6216840,0.49996324769429545
561a9fa7-945d-4b22-bca4-2bd6ac323c79,1281,general,208,1.6727526447586466e-05
561a9fa7-945d-4b22-bca4-2bd6ac323c79,1281,general/intracellular_ephys,730,5.87071841670102e-05
561a9fa7-945d-4b22-bca4-2bd6ac323c79,1281,general/subject,80,6.433664018302488e-06
561a9fa7-945d-4b22-bca4-2bd6ac323c79,1281,other,80,6.433664018302488e-06
561a9fa7-945d-4b22-bca4-2bd6ac323c79,1281,specifications,320,2.573465607320995e-05
561a9fa7-945d-4b22-bca4-2bd6ac323c79,1281,stimulus,6216336,0.4999227156109801
561c1618-520d-4d3b-a2df-94ac8a1dbc2c,226,general,80,7.218025206228229e-07
561c1618-520d-4d3b-a2df-94ac8a1dbc2c,226,general/subject,96,8.661630247473873e-07
561c1618-520d-4d3b-a2df-94ac8a1dbc2c,226,intervals,21280,0.00019199947048567087
561c1618-520d-4d3b-a2df-94ac8a1dbc2c,226,other,80,7.218025206228229e-07
561c1618-520d-4d3b-a2df-94ac8a1dbc2c,226,processing/behavior,110580403,0.9977151702110945
561c1618-520d-4d3b-a2df-94ac8a1dbc2c,226,specifications,320,2.8872100824912914e-06
561c1618-520d-4d3b-a2df-94ac8a1dbc2c,226,units,231380,0.0020876333402713595
5649d72f-ca9a-491c-9c6b-4e1ae95a146e,1538,general,512,0.32425585813806207
5649d72f-ca9a-491c-9c6b-4e1ae95a146e,1538,general/subject,112,0.07093096896770108
5649d72f-ca9a-491c-9c6b-4e1ae95a146e,1538,intervals,191,0.12096263457884737
5649d72f-ca9a-491c-9c6b-4e1ae95a146e,1538,other,80,0.0506649778340722
5649d72f-ca9a-491c-9c6b-4e1ae95a146e,1538,processing/behavior,300,0.18999366687777075
5649d72f-ca9a-491c-9c6b-4e1ae95a146e,1538,specifications,384,0.24319189360354654
565bcfcf-10cc-423b-b973-7dd621281b99,1273,acquisition,58782383,0.9999904734269599
565bcfcf-10cc-423b-b973-7dd621281b99,1273,general,64,1.0887512045798727e-06
565bcfcf-10cc-423b-b973-7dd621281b99,1273,general/subject,96,1.6331268068698092e-06
565bcfcf-10cc-423b-b973-7dd621281b99,1273,other,80,1.360939005724841e-06
565bcfcf-10cc-423b-b973-7dd621281b99,1273,specifications,320,5.443756022899364e-06
566e0aee-0c5b-474e-80ed-d3de56dcd6eb,1348,acquisition,13383499,0.6927484165934157
566e0aee-0c5b-474e-80ed-d3de56dcd6eb,1348,general,329,1.7029494981785688e-05
566e0aee-0c5b-474e-80ed-d3de56dcd6eb,1348,general/intracellular_ephys,1362,7.049900354161735e-05
566e0aee-0c5b-474e-80ed-d3de56dcd6eb,1348,general/labnotebook,3043361,0.1575285740950221
566e0aee-0c5b-474e-80ed-d3de56dcd6eb,1348,general/results,135828,0.007030645119714244
566e0aee-0c5b-474e-80ed-d3de56dcd6eb,1348,general/stimsets,374920,0.019406377685626412
566e0aee-0c5b-474e-80ed-d3de56dcd6eb,1348,general/subject,80,4.14091063386886e-06
566e0aee-0c5b-474e-80ed-d3de56dcd6eb,1348,general/testpulse,1621304,0.08392093717917648
566e0aee-0c5b-474e-80ed-d3de56dcd6eb,1348,general/user_comment,14,7.246593609270505e-07
566e0aee-0c5b-474e-80ed-d3de56dcd6eb,1348,intervals,50129,0.0025947463645651513
566e0aee-0c5b-474e-80ed-d3de56dcd6eb,1348,other,105,5.434945206952879e-06
566e0aee-0c5b-474e-80ed-d3de56dcd6eb,1348,processing/spikes,4510,0.000233443836984357
566e0aee-0c5b-474e-80ed-d3de56dcd6eb,1348,specifications,288,1.4907278281927897e-05
566e0aee-0c5b-474e-80ed-d3de56dcd6eb,1348,stimulus,703693,0.0364241228334885
56a280f6-e2a7-4139-bc75-b39eebce2c67,1417,acquisition,10763399,0.0006005930362232136
56a280f6-e2a7-4139-bc75-b39eebce2c67,1417,general,32,1.7855862408466725e-09
56a280f6-e2a7-4139-bc75-b39eebce2c67,1417,general/extracellular_ephys,322560,1.7998709307734458e-05
56a280f6-e2a7-4139-bc75-b39eebce2c67,1417,general/subject,96,5.356758722540018e-09
56a280f6-e2a7-4139-bc75-b39eebce2c67,1417,intervals,1826466,0.00010191601746794558
56a280f6-e2a7-4139-bc75-b39eebce2c67,1417,other,80,4.463965602116682e-09
56a280f6-e2a7-4139-bc75-b39eebce2c67,1417,processing/ecephys,10969612008,0.6120996334034763
56a280f6-e2a7-4139-bc75-b39eebce2c67,1417,processing/eye_tracking,119717052,0.006680160026435176
56a280f6-e2a7-4139-bc75-b39eebce2c67,1417,processing/running,7648180,0.0004267651554849595
56a280f6-e2a7-4139-bc75-b39eebce2c67,1417,processing/stimulus,225360,1.2574991101162691e-05
56a280f6-e2a7-4139-bc75-b39eebce2c67,1417,specifications,736,4.106848353947347e-08
56a280f6-e2a7-4139-bc75-b39eebce2c67,1417,units,6811169079,0.38006030598570945
56c0d6c2-f58f-4120-bbca-e01b435adcf8,1445,acquisition,1148,0.6434977578475336
56c0d6c2-f58f-4120-bbca-e01b435adcf8,1445,general,48,0.026905829596412557
56c0d6c2-f58f-4120-bbca-e01b435adcf8,1445,general/extracellular_ephys,108,0.06053811659192825
56c0d6c2-f58f-4120-bbca-e01b435adcf8,1445,general/subject,80,0.04484304932735426
56c0d6c2-f58f-4120-bbca-e01b435adcf8,1445,other,80,0.04484304932735426
56c0d6c2-f58f-4120-bbca-e01b435adcf8,1445,specifications,320,0.17937219730941703
56c7ca35-31ed-4e34-9abc-390fa7a802b9,1063,acquisition,648312,0.9994573461761405
56c7ca35-31ed-4e34-9abc-390fa7a802b9,1063,general,160,0.00024666082902704634
56c7ca35-31ed-4e34-9abc-390fa7a802b9,1063,general/subject,96,0.00014799649741622782
56c7ca35-31ed-4e34-9abc-390fa7a802b9,1063,other,96,0.00014799649741622782
56d91c5e-bab5-4990-a16d-1260117eaf28,1435,acquisition,36927016,0.9998176193959389
56d91c5e-bab5-4990-a16d-1260117eaf28,1435,general,64,1.732832342622542e-06
56d91c5e-bab5-4990-a16d-1260117eaf28,1435,general/extracellular_ephys,6144,0.00016635190489176405
56d91c5e-bab5-4990-a16d-1260117eaf28,1435,general/subject,64,1.732832342622542e-06
56d91c5e-bab5-4990-a16d-1260117eaf28,1435,other,80,2.1660404282781777e-06
56d91c5e-bab5-4990-a16d-1260117eaf28,1435,specifications,384,1.0396994055735253e-05
56df68a9-32cc-4682-9735-7cc81526a015,246,acquisition,4194312,0.33307434771836425
56df68a9-32cc-4682-9735-7cc81526a015,246,general,48,3.8117261401825816e-06
56df68a9-32cc-4682-9735-7cc81526a015,246,general/optophysiology,88,6.988164590334733e-06
56df68a9-32cc-4682-9735-7cc81526a015,246,general/subject,80,6.352876900304303e-06
56df68a9-32cc-4682-9735-7cc81526a015,246,other,80,6.352876900304303e-06
56df68a9-32cc-4682-9735-7cc81526a015,246,processing/ophys,8397792,0.6668767351295034
56df68a9-32cc-4682-9735-7cc81526a015,246,specifications,320,2.541150760121721e-05
56e3f9d3-7d99-4df8-b3cd-387e8d801c10,946,general,32,2.1543250768824763e-05
56e3f9d3-7d99-4df8-b3cd-387e8d801c10,946,general/extracellular_ephys,3072,0.002068152073807177
56e3f9d3-7d99-4df8-b3cd-387e8d801c10,946,general/subject,80,5.38581269220619e-05
56e3f9d3-7d99-4df8-b3cd-387e8d801c10,946,intervals,12000,0.008078719038309286
56e3f9d3-7d99-4df8-b3cd-387e8d801c10,946,other,80,5.38581269220619e-05
56e3f9d3-7d99-4df8-b3cd-387e8d801c10,946,specifications,320,0.0002154325076882476
56e3f9d3-7d99-4df8-b3cd-387e8d801c10,946,units,1469800,0.9895084368755823
56ff05eb-a5c9-4244-aadb-9856e5f95596,768,acquisition,14201966,0.7316224872504096
56ff05eb-a5c9-4244-aadb-9856e5f95596,768,general,330,1.70001407405591e-05
56ff05eb-a5c9-4244-aadb-9856e5f95596,768,general/intracellular_ephys,1196,6.161263129002632e-05
56ff05eb-a5c9-4244-aadb-9856e5f95596,768,general/labnotebook,2263136,0.1165867591364423
56ff05eb-a5c9-4244-aadb-9856e5f95596,768,general/results,94203,0.0048529219944936025
56ff05eb-a5c9-4244-aadb-9856e5f95596,768,general/stimsets,374937,0.019315096269221236
56ff05eb-a5c9-4244-aadb-9856e5f95596,768,general/subject,80,4.121246240135539e-06
56ff05eb-a5c9-4244-aadb-9856e5f95596,768,general/testpulse,1413809,0.07283318781899734
56ff05eb-a5c9-4244-aadb-9856e5f95596,768,general/user_comment,14,7.212180920237194e-07
56ff05eb-a5c9-4244-aadb-9856e5f95596,768,intervals,237682,0.012244325610598692
56ff05eb-a5c9-4244-aadb-9856e5f95596,768,other,106,5.4606512681795895e-06
56ff05eb-a5c9-4244-aadb-9856e5f95596,768,processing/spikes,2404,0.00012384344951607296
56ff05eb-a5c9-4244-aadb-9856e5f95596,768,specifications,288,1.4836486464487943e-05
56ff05eb-a5c9-4244-aadb-9856e5f95596,768,stimulus,821453,0.04231762609622574
57048114-c762-4e52-ab66-be61bd268146,1363,general,128,3.355986240456414e-05
57048114-c762-4e52-ab66-be61bd268146,1363,general/subject,80,2.097491400285259e-05
57048114-c762-4e52-ab66-be61bd268146,1363,other,80,2.097491400285259e-05
57048114-c762-4e52-ab66-be61bd268146,1363,specifications,320,8.389965601141036e-05
57048114-c762-4e52-ab66-be61bd268146,1363,units,3813472,0.9998405906535783
57406805-935d-46b4-8a26-6879c4beeecb,1517,acquisition,36351598,0.9999845951373781
57406805-935d-46b4-8a26-6879c4beeecb,1517,general,64,1.7605557282183908e-06
57406805-935d-46b4-8a26-6879c4beeecb,1517,general/subject,96,2.6408335923275863e-06
57406805-935d-46b4-8a26-6879c4beeecb,1517,other,80,2.2006946602729886e-06
57406805-935d-46b4-8a26-6879c4beeecb,1517,specifications,320,8.802778641091954e-06
57470351-de93-427f-9c72-4f3dc582cbb8,1029,acquisition,194730984,0.9999972064102532
57470351-de93-427f-9c72-4f3dc582cbb8,1029,general,64,3.2865761727089206e-07
57470351-de93-427f-9c72-4f3dc582cbb8,1029,general/subject,80,4.1082202158861505e-07
57470351-de93-427f-9c72-4f3dc582cbb8,1029,other,80,4.1082202158861505e-07
57470351-de93-427f-9c72-4f3dc582cbb8,1029,specifications,320,1.6432880863544602e-06
575390db-887b-4c4b-b7a2-46eb6c824278,579,acquisition,150884986,0.14253362828506486
575390db-887b-4c4b-b7a2-46eb6c824278,579,general,256,2.4183061422013586e-07
575390db-887b-4c4b-b7a2-46eb6c824278,579,general/optophysiology,456,4.30760781579617e-07
575390db-887b-4c4b-b7a2-46eb6c824278,579,general/subject,112,1.0580089372130944e-07
575390db-887b-4c4b-b7a2-46eb6c824278,579,intervals,157964,0.0001492208247838654
575390db-887b-4c4b-b7a2-46eb6c824278,579,other,80,7.557206694379246e-08
575390db-887b-4c4b-b7a2-46eb6c824278,579,processing/behavior,18080900,0.017080137315050214
575390db-887b-4c4b-b7a2-46eb6c824278,579,processing/ophys,889467086,0.8402358270936501
575390db-887b-4c4b-b7a2-46eb6c824278,579,specifications,352,3.3251709455268684e-07
5763c36b-7e31-450b-981c-205e24e2d45e,1634,general,96,0.002247296221733227
5763c36b-7e31-450b-981c-205e24e2d45e,1634,general/extracellular_ephys,22656,0.5303619083290416
5763c36b-7e31-450b-981c-205e24e2d45e,1634,general/subject,128,0.0029963949623109695
5763c36b-7e31-450b-981c-205e24e2d45e,1634,intervals,779,0.018235872465939416
5763c36b-7e31-450b-981c-205e24e2d45e,1634,other,80,0.001872746851444356
5763c36b-7e31-450b-981c-205e24e2d45e,1634,specifications,352,0.008240086146355166
5763c36b-7e31-450b-981c-205e24e2d45e,1634,units,18627,0.43604569502317525
5765eaa1-f855-4454-9b93-aafcee6b4f22,1347,acquisition,5184008,0.999895072901188
5765eaa1-f855-4454-9b93-aafcee6b4f22,1347,general,64,1.234436456611873e-05
5765eaa1-f855-4454-9b93-aafcee6b4f22,1347,general/subject,80,1.5430455707648415e-05
5765eaa1-f855-4454-9b93-aafcee6b4f22,1347,other,80,1.5430455707648415e-05
5765eaa1-f855-4454-9b93-aafcee6b4f22,1347,specifications,320,6.172182283059366e-05
5777465f-99f3-4fb0-93f0-c312a44f5ec5,628,acquisition,78141672,0.9999916178590381
5777465f-99f3-4fb0-93f0-c312a44f5ec5,628,general,143,1.8299941336530714e-06
5777465f-99f3-4fb0-93f0-c312a44f5ec5,628,general/devices,32,4.0950917676152645e-07
5777465f-99f3-4fb0-93f0-c312a44f5ec5,628,general/subject,80,1.0237729419038162e-06
5777465f-99f3-4fb0-93f0-c312a44f5ec5,628,other,80,1.0237729419038162e-06
5777465f-99f3-4fb0-93f0-c312a44f5ec5,628,specifications,320,4.095091767615265e-06
57ddc300-efe1-4a15-b98c-c6714593a43a,1710,acquisition,24,4.254104225043021e-08
57ddc300-efe1-4a15-b98c-c6714593a43a,1710,general,160,2.836069483362014e-07
57ddc300-efe1-4a15-b98c-c6714593a43a,1710,general/optophysiology,128,2.2688555866896113e-07
57ddc300-efe1-4a15-b98c-c6714593a43a,1710,general/subject,80,1.418034741681007e-07
57ddc300-efe1-4a15-b98c-c6714593a43a,1710,other,80,1.418034741681007e-07
57ddc300-efe1-4a15-b98c-c6714593a43a,1710,processing/behavior,37051424,0.06567525807594184
57ddc300-efe1-4a15-b98c-c6714593a43a,1710,processing/ophys,527108856,0.934323338069664
57ddc300-efe1-4a15-b98c-c6714593a43a,1710,specifications,320,5.672138966724028e-07
57e3247f-d64c-420d-8695-75c6ae818340,1475,acquisition,2400240,0.49981925011286454
57e3247f-d64c-420d-8695-75c6ae818340,1475,general,80,1.6658975772851532e-05
57e3247f-d64c-420d-8695-75c6ae818340,1475,general/intracellular_ephys,1160,0.00024155514870634724
57e3247f-d64c-420d-8695-75c6ae818340,1475,general/subject,96,1.999077092742184e-05
57e3247f-d64c-420d-8695-75c6ae818340,1475,other,80,1.6658975772851532e-05
57e3247f-d64c-420d-8695-75c6ae818340,1475,specifications,320,6.663590309140613e-05
57e3247f-d64c-420d-8695-75c6ae818340,1475,stimulus,2400240,0.49981925011286454
57fdf4f4-d3c5-4d07-af2e-e1e27dea2586,1414,acquisition,668811502,0.9999990071950934
57fdf4f4-d3c5-4d07-af2e-e1e27dea2586,1414,general,80,1.1961504898820874e-07
57fdf4f4-d3c5-4d07-af2e-e1e27dea2586,1414,general/optophysiology,88,1.315765538870296e-07
57fdf4f4-d3c5-4d07-af2e-e1e27dea2586,1414,general/subject,96,1.4353805878585048e-07
57fdf4f4-d3c5-4d07-af2e-e1e27dea2586,1414,other,80,1.1961504898820874e-07
57fdf4f4-d3c5-4d07-af2e-e1e27dea2586,1414,specifications,320,4.78460195952835e-07
58008d83-8e27-4971-ab6e-e6f65fe2278b,1632,acquisition,419944,0.5039662633598871
58008d83-8e27-4971-ab6e-e6f65fe2278b,1632,general,48,5.7603824893972956e-05
58008d83-8e27-4971-ab6e-e6f65fe2278b,1632,general/subject,96,0.00011520764978794591
58008d83-8e27-4971-ab6e-e6f65fe2278b,1632,intervals,960,0.0011520764978794592
58008d83-8e27-4971-ab6e-e6f65fe2278b,1632,other,80,9.600637482328827e-05
58008d83-8e27-4971-ab6e-e6f65fe2278b,1632,processing/behavior,120,0.0001440095622349324
58008d83-8e27-4971-ab6e-e6f65fe2278b,1632,processing/photometry,411646,0.4940080021313415
58008d83-8e27-4971-ab6e-e6f65fe2278b,1632,specifications,384,0.00046083059915178365
580fbb6d-8bd5-4fc8-b292-e95fc1870644,1474,acquisition,11003096,0.9999432919049194
580fbb6d-8bd5-4fc8-b292-e95fc1870644,1474,general,160,1.4540537200146859e-05
580fbb6d-8bd5-4fc8-b292-e95fc1870644,1474,general/subject,64,5.8162148800587435e-06
580fbb6d-8bd5-4fc8-b292-e95fc1870644,1474,other,80,7.270268600073429e-06
580fbb6d-8bd5-4fc8-b292-e95fc1870644,1474,specifications,320,2.9081074400293718e-05
582a9cea-4551-41e4-9ee0-d2fff6d882cf,483,acquisition,6993809448,0.9979876980415319
582a9cea-4551-41e4-9ee0-d2fff6d882cf,483,general,176,2.511447247187133e-08
582a9cea-4551-41e4-9ee0-d2fff6d882cf,483,general/optophysiology,104,1.4840370097014875e-08
582a9cea-4551-41e4-9ee0-d2fff6d882cf,483,general/subject,80,1.1415669305396058e-08
582a9cea-4551-41e4-9ee0-d2fff6d882cf,483,other,80,1.1415669305396058e-08
582a9cea-4551-41e4-9ee0-d2fff6d882cf,483,processing/neurotar-data,181248,2.586334037830531e-05
582a9cea-4551-41e4-9ee0-d2fff6d882cf,483,processing/ophys,13920026,0.0019863301692314385
582a9cea-4551-41e4-9ee0-d2fff6d882cf,483,specifications,320,4.566267722158423e-08
582d55b0-c068-4f21-9b8f-d90873944bd8,628,general,143,3.121528527387265e-05
582d55b0-c068-4f21-9b8f-d90873944bd8,628,general/subject,80,1.7463096656711974e-05
582d55b0-c068-4f21-9b8f-d90873944bd8,628,other,80,1.7463096656711974e-05
582d55b0-c068-4f21-9b8f-d90873944bd8,628,processing/ecephys,4580466,0.9998640061347859
582d55b0-c068-4f21-9b8f-d90873944bd8,628,specifications,320,6.98523866268479e-05
58310416-4ac3-42fb-a78a-87f0b6ce14b7,399,acquisition,731392,0.9990711296156662
58310416-4ac3-42fb-a78a-87f0b6ce14b7,399,general,112,0.00015299041624321105
58310416-4ac3-42fb-a78a-87f0b6ce14b7,399,general/extracellular_ephys,72,9.835098187063568e-05
58310416-4ac3-42fb-a78a-87f0b6ce14b7,399,general/subject,96,0.0001311346424941809
58310416-4ac3-42fb-a78a-87f0b6ce14b7,399,other,80,0.00010927886874515075
58310416-4ac3-42fb-a78a-87f0b6ce14b7,399,specifications,320,0.000437115474980603
5832422d-2488-45f6-8d5a-7b17f8392518,688,general,224,2.8596874683311956e-06
5832422d-2488-45f6-8d5a-7b17f8392518,688,general/extracellular_ephys,9984,0.00012746035573133328
5832422d-2488-45f6-8d5a-7b17f8392518,688,general/subject,80,1.021316952975427e-06
5832422d-2488-45f6-8d5a-7b17f8392518,688,intervals,23608,0.0003013906328230485
5832422d-2488-45f6-8d5a-7b17f8392518,688,other,80,1.021316952975427e-06
5832422d-2488-45f6-8d5a-7b17f8392518,688,processing/behavior,6502912,0.08301917836634175
5832422d-2488-45f6-8d5a-7b17f8392518,688,specifications,320,4.085267811901708e-06
5832422d-2488-45f6-8d5a-7b17f8392518,688,units,71793030,0.9165429830559176
584ceab1-0c0d-4c6f-bd17-bb7bef71e2da,1359,acquisition,12632240,0.6983644308391033
584ceab1-0c0d-4c6f-bd17-bb7bef71e2da,1359,general,330,1.8243815995967785e-05
584ceab1-0c0d-4c6f-bd17-bb7bef71e2da,1359,general/intracellular_ephys,1083,5.987288704131246e-05
584ceab1-0c0d-4c6f-bd17-bb7bef71e2da,1359,general/labnotebook,1524012,0.0842539227383238
584ceab1-0c0d-4c6f-bd17-bb7bef71e2da,1359,general/results,89582,0.004952477347123594
584ceab1-0c0d-4c6f-bd17-bb7bef71e2da,1359,general/stimsets,401961,0.022222128853197597
584ceab1-0c0d-4c6f-bd17-bb7bef71e2da,1359,general/subject,80,4.4227432717497664e-06
584ceab1-0c0d-4c6f-bd17-bb7bef71e2da,1359,general/testpulse,2408467,0.1331503902435168
584ceab1-0c0d-4c6f-bd17-bb7bef71e2da,1359,general/user_comment,14,7.739800725562091e-07
584ceab1-0c0d-4c6f-bd17-bb7bef71e2da,1359,intervals,131602,0.007275523250610159
584ceab1-0c0d-4c6f-bd17-bb7bef71e2da,1359,other,106,5.86013483506844e-06
584ceab1-0c0d-4c6f-bd17-bb7bef71e2da,1359,processing/spikes,1586,8.768088536243911e-05
584ceab1-0c0d-4c6f-bd17-bb7bef71e2da,1359,specifications,288,1.5921875778299157e-05
584ceab1-0c0d-4c6f-bd17-bb7bef71e2da,1359,stimulus,896970,0.04958835040576735
5858b2f1-a18c-441b-9a52-e4edac785aab,1357,general,64,4.5583785847374086e-05
5858b2f1-a18c-441b-9a52-e4edac785aab,1357,general/extracellular_ephys,24576,0.01750417376539165
5858b2f1-a18c-441b-9a52-e4edac785aab,1357,general/subject,80,5.697973230921761e-05
5858b2f1-a18c-441b-9a52-e4edac785aab,1357,intervals,218400,0.15555466920416408
5858b2f1-a18c-441b-9a52-e4edac785aab,1357,other,80,5.697973230921761e-05
5858b2f1-a18c-441b-9a52-e4edac785aab,1357,specifications,320,0.00022791892923687044
5858b2f1-a18c-441b-9a52-e4edac785aab,1357,units,1160488,0.8265536948507416
5858ed0d-4dcf-48cc-9d07-2d30a18c7523,1337,acquisition,51155623,0.46961173547408436
5858ed0d-4dcf-48cc-9d07-2d30a18c7523,1337,general/optophysiology,104,9.547263355448682e-07
5858ed0d-4dcf-48cc-9d07-2d30a18c7523,1337,general/subject,80,7.344048734960525e-07
5858ed0d-4dcf-48cc-9d07-2d30a18c7523,1337,other,80,7.344048734960525e-07
5858ed0d-4dcf-48cc-9d07-2d30a18c7523,1337,processing/ophys,57600980,0.5287805053768581
5858ed0d-4dcf-48cc-9d07-2d30a18c7523,1337,specifications,320,2.93761949398421e-06
5858ed0d-4dcf-48cc-9d07-2d30a18c7523,1337,stimulus,174552,0.0016023979934810368
587ad15b-4fcb-4a58-8ff0-299646390cc7,1607,general,80,3.56465096051748e-05
587ad15b-4fcb-4a58-8ff0-299646390cc7,1607,general/extracellular_ephys,22656,0.010095091520185505
587ad15b-4fcb-4a58-8ff0-299646390cc7,1607,general/subject,128,5.7034415368279685e-05
587ad15b-4fcb-4a58-8ff0-299646390cc7,1607,intervals,779,0.00034710788728038966
587ad15b-4fcb-4a58-8ff0-299646390cc7,1607,other,80,3.56465096051748e-05
587ad15b-4fcb-4a58-8ff0-299646390cc7,1607,scratch,2220184,0.9892726285156928
587ad15b-4fcb-4a58-8ff0-299646390cc7,1607,specifications,352,0.00015684464226276915
587ccf86-9a82-4b81-a2b2-544cf0bb520e,1201,analysis,45271392,0.9982441410030407
587ccf86-9a82-4b81-a2b2-544cf0bb520e,1201,general,112,2.4696246095622717e-06
587ccf86-9a82-4b81-a2b2-544cf0bb520e,1201,general/extracellular_ephys,12288,0.0002709531000205464
587ccf86-9a82-4b81-a2b2-544cf0bb520e,1201,general/subject,80,1.7640175782587656e-06
587ccf86-9a82-4b81-a2b2-544cf0bb520e,1201,intervals,66750,0.0014718521668596574
587ccf86-9a82-4b81-a2b2-544cf0bb520e,1201,other,80,1.7640175782587656e-06
587ccf86-9a82-4b81-a2b2-544cf0bb520e,1201,specifications,320,7.056070313035062e-06
588d72d0-394a-4203-a5a5-f9de149dae2e,1702,general,208,0.29545454545454547
588d72d0-394a-4203-a5a5-f9de149dae2e,1702,general/subject,96,0.13636363636363635
588d72d0-394a-4203-a5a5-f9de149dae2e,1702,other,80,0.11363636363636363
588d72d0-394a-4203-a5a5-f9de149dae2e,1702,specifications,320,0.45454545454545453
588f57da-b20c-43bf-8258-1624c2f6c8eb,1361,acquisition,48,1.2980039306371361e-07
588f57da-b20c-43bf-8258-1624c2f6c8eb,1361,general,32,8.653359537580908e-08
588f57da-b20c-43bf-8258-1624c2f6c8eb,1361,general/optophysiology,104,2.812341849713795e-07
588f57da-b20c-43bf-8258-1624c2f6c8eb,1361,general/subject,64,1.7306719075161815e-07
588f57da-b20c-43bf-8258-1624c2f6c8eb,1361,other,80,2.163339884395227e-07
588f57da-b20c-43bf-8258-1624c2f6c8eb,1361,processing/behavior,2436768,0.006589446754272485
588f57da-b20c-43bf-8258-1624c2f6c8eb,1361,processing/ophys,367361156,0.9934088009404212
588f57da-b20c-43bf-8258-1624c2f6c8eb,1361,specifications,320,8.653359537580908e-07
589728fd-2709-4a3d-8ffd-f2d7f145e63b,20,acquisition,16885723,0.4137687371199013
589728fd-2709-4a3d-8ffd-f2d7f145e63b,20,general,242,5.9299820554332275e-06
589728fd-2709-4a3d-8ffd-f2d7f145e63b,20,general/intracellular_ephys,1403,3.4379193486664533e-05
589728fd-2709-4a3d-8ffd-f2d7f145e63b,20,general/labnotebook,609313,0.014930641141083414
589728fd-2709-4a3d-8ffd-f2d7f145e63b,20,general/stimsets,21095807,0.516932879978854
589728fd-2709-4a3d-8ffd-f2d7f145e63b,20,general/subject,112,2.74445450499389e-06
589728fd-2709-4a3d-8ffd-f2d7f145e63b,20,general/testpulse,524062,0.012841645685679536
589728fd-2709-4a3d-8ffd-f2d7f145e63b,20,general/user_comment,31,7.596258004893804e-07
589728fd-2709-4a3d-8ffd-f2d7f145e63b,20,other,101,2.4749098661105617e-06
589728fd-2709-4a3d-8ffd-f2d7f145e63b,20,processing/spikes,3474,8.512709777097121e-05
589728fd-2709-4a3d-8ffd-f2d7f145e63b,20,specifications,704,1.7250856888533026e-05
589728fd-2709-4a3d-8ffd-f2d7f145e63b,20,stimulus,1688595,0.041377429954108556
58da58b3-3a6b-42c4-abca-d9d44b9d0a48,1281,acquisition,14199240,0.49998214756924897
58da58b3-3a6b-42c4-abca-d9d44b9d0a48,1281,general,208,7.324074154278946e-06
58da58b3-3a6b-42c4-abca-d9d44b9d0a48,1281,general/intracellular_ephys,1070,3.767672762056958e-05
58da58b3-3a6b-42c4-abca-d9d44b9d0a48,1281,general/subject,80,2.8169515977995944e-06
58da58b3-3a6b-42c4-abca-d9d44b9d0a48,1281,other,80,2.8169515977995944e-06
58da58b3-3a6b-42c4-abca-d9d44b9d0a48,1281,specifications,320,1.1267806391198378e-05
58da58b3-3a6b-42c4-abca-d9d44b9d0a48,1281,stimulus,14198496,0.4999559499193894
58dbb8bf-53ee-4313-b41e-89c5a1833877,1205,acquisition,292429163,0.9999979482252632
58dbb8bf-53ee-4313-b41e-89c5a1833877,1205,general,32,1.0942798596051251e-07
58dbb8bf-53ee-4313-b41e-89c5a1833877,1205,general/optophysiology,88,3.009269613914094e-07
58dbb8bf-53ee-4313-b41e-89c5a1833877,1205,general/subject,80,2.735699649012813e-07
58dbb8bf-53ee-4313-b41e-89c5a1833877,1205,other,80,2.735699649012813e-07
58dbb8bf-53ee-4313-b41e-89c5a1833877,1205,specifications,320,1.0942798596051251e-06
58f13683-6266-4da8-b241-8b9a8cc1ef4a,1636,acquisition,8823834,0.7195472051499151
58f13683-6266-4da8-b241-8b9a8cc1ef4a,1636,general,320,2.6094677851824145e-05
58f13683-6266-4da8-b241-8b9a8cc1ef4a,1636,general/extracellular_ephys,210,1.7124632340259596e-05
58f13683-6266-4da8-b241-8b9a8cc1ef4a,1636,general/localization,677,5.520655283026546e-05
58f13683-6266-4da8-b241-8b9a8cc1ef4a,1636,general/subject,96,7.828403355547244e-06
58f13683-6266-4da8-b241-8b9a8cc1ef4a,1636,intervals,4975,0.00040569069472757847
58f13683-6266-4da8-b241-8b9a8cc1ef4a,1636,other,80,6.523669462956036e-06
58f13683-6266-4da8-b241-8b9a8cc1ef4a,1636,processing/antidromic_identification,37258,0.0030382359606352
58f13683-6266-4da8-b241-8b9a8cc1ef4a,1636,processing/behavior,1600049,0.13047738500666678
58f13683-6266-4da8-b241-8b9a8cc1ef4a,1636,processing/ecephys,1793592,0.14626001699252802
58f13683-6266-4da8-b241-8b9a8cc1ef4a,1636,specifications,416,3.392308120737139e-05
58f13683-6266-4da8-b241-8b9a8cc1ef4a,1636,units,1530,0.0001247651784790342
58f17fbb-3bc6-4ce1-95d5-b3db30fba2b1,1836,general,96,2.0553884803054926e-06
58f17fbb-3bc6-4ce1-95d5-b3db30fba2b1,1836,general/extracellular_ephys,43264,0.0009262950751243419
58f17fbb-3bc6-4ce1-95d5-b3db30fba2b1,1836,general/subject,112,2.3979532270230745e-06
58f17fbb-3bc6-4ce1-95d5-b3db30fba2b1,1836,intervals,451,9.656043798101844e-06
58f17fbb-3bc6-4ce1-95d5-b3db30fba2b1,1836,other,80,1.7128237335879103e-06
58f17fbb-3bc6-4ce1-95d5-b3db30fba2b1,1836,scratch,46662080,0.999048976032222
58f17fbb-3bc6-4ce1-95d5-b3db30fba2b1,1836,specifications,416,8.906683414657133e-06
58f5b00e-3f8f-4981-8085-8e89f5f6c1aa,728,acquisition,46188250613,0.9999999847580288
58f5b00e-3f8f-4981-8085-8e89f5f6c1aa,728,general,96,2.078450628951747e-09
58f5b00e-3f8f-4981-8085-8e89f5f6c1aa,728,general/optophysiology,96,2.078450628951747e-09
58f5b00e-3f8f-4981-8085-8e89f5f6c1aa,728,general/subject,112,2.4248590671103715e-09
58f5b00e-3f8f-4981-8085-8e89f5f6c1aa,728,other,80,1.7320421907931225e-09
58f5b00e-3f8f-4981-8085-8e89f5f6c1aa,728,specifications,320,6.92816876317249e-09
58f5cc94-4d75-4c9f-9f7a-be643376e978,939,acquisition,21660722363,0.9388849741978127
58f5cc94-4d75-4c9f-9f7a-be643376e978,939,general,192,8.322248539314794e-09
58f5cc94-4d75-4c9f-9f7a-be643376e978,939,general/extracellular_ephys,8256,3.5785668719053615e-07
58f5cc94-4d75-4c9f-9f7a-be643376e978,939,general/optogenetics,40,1.7338017790239153e-09
58f5cc94-4d75-4c9f-9f7a-be643376e978,939,general/subject,80,3.4676035580478306e-09
58f5cc94-4d75-4c9f-9f7a-be643376e978,939,intervals,2320,1.0056050318338709e-07
58f5cc94-4d75-4c9f-9f7a-be643376e978,939,other,80,3.4676035580478306e-09
58f5cc94-4d75-4c9f-9f7a-be643376e978,939,processing/behavior,17294492,0.0007496305249228718
58f5cc94-4d75-4c9f-9f7a-be643376e978,939,processing/ecephys,1356550817,0.05879975549627364
58f5cc94-4d75-4c9f-9f7a-be643376e978,939,processing/ogen,1953699,8.468317004693111e-05
58f5cc94-4d75-4c9f-9f7a-be643376e978,939,specifications,320,1.3870414232191323e-08
58f5cc94-4d75-4c9f-9f7a-be643376e978,939,units,34155400,0.0014804673320818358
59057530-165c-485b-ae14-1609c09d4041,617,acquisition,20966476824,0.9932519803273824
59057530-165c-485b-ae14-1609c09d4041,617,general,128,6.063787185092254e-09
59057530-165c-485b-ae14-1609c09d4041,617,general/optophysiology,88,4.168853689750925e-09
59057530-165c-485b-ae14-1609c09d4041,617,general/subject,96,4.547840388819191e-09
59057530-165c-485b-ae14-1609c09d4041,617,intervals,43344000,0.0020533499355518646
59057530-165c-485b-ae14-1609c09d4041,617,other,80,3.789866990682659e-09
59057530-165c-485b-ae14-1609c09d4041,617,processing/ophys,79946569,0.0037873357858929195
59057530-165c-485b-ae14-1609c09d4041,617,processing/running,11088000,0.0005252755649086165
59057530-165c-485b-ae14-1609c09d4041,617,processing/stimulus,4032000,0.000191009296330406
59057530-165c-485b-ae14-1609c09d4041,617,processing/stimulus_ophys,4032000,0.000191009296330406
59057530-165c-485b-ae14-1609c09d4041,617,specifications,448,2.122325514782289e-08
59072cde-40e8-4f72-961c-4404989194b7,1612,general,144,1.1534117981864868e-07
59072cde-40e8-4f72-961c-4404989194b7,1612,general/optophysiology,440,3.524313827792043e-07
59072cde-40e8-4f72-961c-4404989194b7,1612,general/subject,96,7.689411987909912e-08
59072cde-40e8-4f72-961c-4404989194b7,1612,other,80,6.40784332325826e-08
59072cde-40e8-4f72-961c-4404989194b7,1612,processing/ophys,1248468896,0.9999991349411513
59072cde-40e8-4f72-961c-4404989194b7,1612,specifications,320,2.563137329303304e-07
59348d27-9a2a-435a-9525-ed9c7caaf0b0,1767,acquisition,883552,0.18076625240521582
59348d27-9a2a-435a-9525-ed9c7caaf0b0,1767,general,96,1.9640677889813753e-05
59348d27-9a2a-435a-9525-ed9c7caaf0b0,1767,general/subject,64,1.3093785259875834e-05
59348d27-9a2a-435a-9525-ed9c7caaf0b0,1767,intervals,27639,0.0056546739187141905
59348d27-9a2a-435a-9525-ed9c7caaf0b0,1767,other,96,1.9640677889813753e-05
59348d27-9a2a-435a-9525-ed9c7caaf0b0,1767,processing/behavior,2208992,0.45193854513724435
59348d27-9a2a-435a-9525-ed9c7caaf0b0,1767,processing/ophys,1767104,0.36153250481043164
59348d27-9a2a-435a-9525-ed9c7caaf0b0,1767,specifications,272,5.5648587354472296e-05
59589ddc-3f18-4285-8e1d-86eaede3afee,932,acquisition,602843955,0.9997749575797874
59589ddc-3f18-4285-8e1d-86eaede3afee,932,general/extracellular_ephys,135168,0.00022416676877210238
59589ddc-3f18-4285-8e1d-86eaede3afee,932,general/subject,128,2.1227913709479393e-07
59589ddc-3f18-4285-8e1d-86eaede3afee,932,other,80,1.326744606842462e-07
59589ddc-3f18-4285-8e1d-86eaede3afee,932,specifications,320,5.306978427369848e-07
595fb712-9a2b-4113-ac11-f16fd496f44a,1552,acquisition,633722,0.9991423156845866
595fb712-9a2b-4113-ac11-f16fd496f44a,1552,general,48,7.567802783059474e-05
595fb712-9a2b-4113-ac11-f16fd496f44a,1552,general/subject,96,0.00015135605566118948
595fb712-9a2b-4113-ac11-f16fd496f44a,1552,other,80,0.00012613004638432456
595fb712-9a2b-4113-ac11-f16fd496f44a,1552,specifications,320,0.0005045201855372983
5980f27d-bbe7-49a0-9f8a-2a1d81aff38c,1033,acquisition,504323,0.9988908321333854
5980f27d-bbe7-49a0-9f8a-2a1d81aff38c,1033,general,64,0.00012676204189881617
5980f27d-bbe7-49a0-9f8a-2a1d81aff38c,1033,general/subject,96,0.00019014306284822425
5980f27d-bbe7-49a0-9f8a-2a1d81aff38c,1033,other,80,0.0001584525523735202
5980f27d-bbe7-49a0-9f8a-2a1d81aff38c,1033,specifications,320,0.0006338102094940808
598e3c64-c452-48a2-a64e-2d8796d5e702,408,acquisition,1820,0.7362459546925566
598e3c64-c452-48a2-a64e-2d8796d5e702,408,general,64,0.025889967637540454
598e3c64-c452-48a2-a64e-2d8796d5e702,408,general/extracellular_ephys,108,0.043689320388349516
598e3c64-c452-48a2-a64e-2d8796d5e702,408,general/subject,80,0.032362459546925564
598e3c64-c452-48a2-a64e-2d8796d5e702,408,other,80,0.032362459546925564
598e3c64-c452-48a2-a64e-2d8796d5e702,408,specifications,320,0.12944983818770225
5990b098-acc2-407e-a107-331506c62bc4,1552,acquisition,590719,0.9990799356631482
5990b098-acc2-407e-a107-331506c62bc4,1552,general,48,8.11821473692756e-05
5990b098-acc2-407e-a107-331506c62bc4,1552,general/subject,96,0.0001623642947385512
5990b098-acc2-407e-a107-331506c62bc4,1552,other,80,0.00013530357894879266
5990b098-acc2-407e-a107-331506c62bc4,1552,specifications,320,0.0005412143157951707
59934d72-ce8f-4d78-b6ce-a1d6225bd79d,1515,acquisition,25350387,0.9999779100954296
59934d72-ce8f-4d78-b6ce-a1d6225bd79d,1515,general,64,2.5245605223347276e-06
59934d72-ce8f-4d78-b6ce-a1d6225bd79d,1515,general/subject,96,3.7868407835020916e-06
59934d72-ce8f-4d78-b6ce-a1d6225bd79d,1515,other,80,3.15570065291841e-06
59934d72-ce8f-4d78-b6ce-a1d6225bd79d,1515,specifications,320,1.262280261167364e-05
59a50231-f725-4176-9376-942c85c81fb2,1538,acquisition,6895197,0.9436242044257243
59a50231-f725-4176-9376-942c85c81fb2,1538,general,432,5.912023344828478e-05
59a50231-f725-4176-9376-942c85c81fb2,1538,general/intracellular_ephys,7313,0.0010008015444613579
59a50231-f725-4176-9376-942c85c81fb2,1538,general/optophysiology,80,1.0948191379311996e-05
59a50231-f725-4176-9376-942c85c81fb2,1538,general/subject,96,1.3137829655174395e-05
59a50231-f725-4176-9376-942c85c81fb2,1538,other,80,1.0948191379311996e-05
59a50231-f725-4176-9376-942c85c81fb2,1538,processing/ophys,391706,0.05360590315530981
59a50231-f725-4176-9376-942c85c81fb2,1538,processing/recordings_index,5630,0.0007704789683190817
59a50231-f725-4176-9376-942c85c81fb2,1538,specifications,384,5.255131862069758e-05
59a50231-f725-4176-9376-942c85c81fb2,1538,stimulus,6225,0.0008519061417027147
59c54833-1393-46b7-a62c-e947b9d304ab,1777,acquisition,40801360,0.9999847066260308
59c54833-1393-46b7-a62c-e947b9d304ab,1777,general,80,1.960688970418693e-06
59c54833-1393-46b7-a62c-e947b9d304ab,1777,general/intracellular_ephys,64,1.5685511763349548e-06
59c54833-1393-46b7-a62c-e947b9d304ab,1777,general/subject,80,1.960688970418693e-06
59c54833-1393-46b7-a62c-e947b9d304ab,1777,other,80,1.960688970418693e-06
59c54833-1393-46b7-a62c-e947b9d304ab,1777,specifications,320,7.842755881674773e-06
59c5edc8-4515-41ac-bdc1-993f32209b29,232,general,64,1.8604402166664025e-07
59c5edc8-4515-41ac-bdc1-993f32209b29,232,general/extracellular_ephys,7168,2.0836930426663708e-05
59c5edc8-4515-41ac-bdc1-993f32209b29,232,general/subject,96,2.790660324999604e-07
59c5edc8-4515-41ac-bdc1-993f32209b29,232,intervals,57616,0.0001674861305053929
59c5edc8-4515-41ac-bdc1-993f32209b29,232,other,80,2.3255502708330032e-07
59c5edc8-4515-41ac-bdc1-993f32209b29,232,processing/behavior,15570725,0.04526312967602027
59c5edc8-4515-41ac-bdc1-993f32209b29,232,processing/ecephys,326640181,0.9495227017368639
59c5edc8-4515-41ac-bdc1-993f32209b29,232,specifications,320,9.302201083332013e-07
59c5edc8-4515-41ac-bdc1-993f32209b29,232,units,1728354,0.00502421764099413
59cf93f8-f3e1-4a28-8755-0fef133c1caf,483,acquisition,6555719701,0.9996286230033405
59cf93f8-f3e1-4a28-8755-0fef133c1caf,483,general,176,2.6836815128284256e-08
59cf93f8-f3e1-4a28-8755-0fef133c1caf,483,general/optophysiology,104,1.5858118030349786e-08
59cf93f8-f3e1-4a28-8755-0fef133c1caf,483,general/subject,80,1.2198552331038298e-08
59cf93f8-f3e1-4a28-8755-0fef133c1caf,483,other,80,1.2198552331038298e-08
59cf93f8-f3e1-4a28-8755-0fef133c1caf,483,processing/neurotar-data,181248,2.7637040161200367e-05
59cf93f8-f3e1-4a28-8755-0fef133c1caf,483,processing/ophys,2253540,0.00034362407025110057
59cf93f8-f3e1-4a28-8755-0fef133c1caf,483,specifications,320,4.879420932415319e-08
59d5d9d6-4769-4af9-8b19-04528bc15a6b,1281,acquisition,17601760,0.49998375215283974
59d5d9d6-4769-4af9-8b19-04528bc15a6b,1281,general,208,5.908308058273188e-06
59d5d9d6-4769-4af9-8b19-04528bc15a6b,1281,general/intracellular_ephys,1512,4.294885473129356e-05
59d5d9d6-4769-4af9-8b19-04528bc15a6b,1281,general/subject,80,2.2724261762589186e-06
59d5d9d6-4769-4af9-8b19-04528bc15a6b,1281,other,80,2.2724261762589186e-06
59d5d9d6-4769-4af9-8b19-04528bc15a6b,1281,specifications,320,9.089704705035674e-06
59d5d9d6-4769-4af9-8b19-04528bc15a6b,1281,stimulus,17600704,0.49995375612731313
59e78f9e-e415-4009-86fe-86509e32b47b,1455,acquisition,5803187,0.735537017245715
59e78f9e-e415-4009-86fe-86509e32b47b,1455,general,242,3.067279378959579e-05
59e78f9e-e415-4009-86fe-86509e32b47b,1455,general/intracellular_ephys,933,0.00011825502729625153
59e78f9e-e415-4009-86fe-86509e32b47b,1455,general/labnotebook,550046,0.06971672534211572
59e78f9e-e415-4009-86fe-86509e32b47b,1455,general/stimsets,605492,0.07674434403822286
59e78f9e-e415-4009-86fe-86509e32b47b,1455,general/subject,112,1.4195673158821191e-05
59e78f9e-e415-4009-86fe-86509e32b47b,1455,general/testpulse,660358,0.0836984494269004
59e78f9e-e415-4009-86fe-86509e32b47b,1455,general/user_comment,31,3.929159535030866e-06
59e78f9e-e415-4009-86fe-86509e32b47b,1455,other,101,1.280145525929411e-05
59e78f9e-e415-4009-86fe-86509e32b47b,1455,processing/spikes,3540,0.0004486846694841698
59e78f9e-e415-4009-86fe-86509e32b47b,1455,specifications,288,3.650315955125449e-05
59e78f9e-e415-4009-86fe-86509e32b47b,1455,stimulus,265398,0.033638422008971665
5a208e28-4455-443e-86f2-6d4e4c7dd23e,1634,general,80,0.0033572537664190694
5a208e28-4455-443e-86f2-6d4e4c7dd23e,1634,general/extracellular_ephys,22656,0.9507742666498804
5a208e28-4455-443e-86f2-6d4e4c7dd23e,1634,general/subject,128,0.005371606026270511
5a208e28-4455-443e-86f2-6d4e4c7dd23e,1634,intervals,533,0.02236770321876705
5a208e28-4455-443e-86f2-6d4e4c7dd23e,1634,other,80,0.0033572537664190694
5a208e28-4455-443e-86f2-6d4e4c7dd23e,1634,specifications,352,0.014771916572243905
5a49341c-049b-4dbd-842f-0c2a6c60b875,1065,acquisition,25036520,0.853104117191364
5a49341c-049b-4dbd-842f-0c2a6c60b875,1065,general,298,1.0154167868498756e-05
5a49341c-049b-4dbd-842f-0c2a6c60b875,1065,general/intracellular_ephys,3357,0.00011438772327030309
5a49341c-049b-4dbd-842f-0c2a6c60b875,1065,general/labnotebook,711869,0.02425650109523604
5a49341c-049b-4dbd-842f-0c2a6c60b875,1065,general/results,3765,0.00012829007390905307
5a49341c-049b-4dbd-842f-0c2a6c60b875,1065,general/stimsets,557325,0.018990508749366003
5a49341c-049b-4dbd-842f-0c2a6c60b875,1065,general/subject,83,2.828174272098647e-06
5a49341c-049b-4dbd-842f-0c2a6c60b875,1065,general/testpulse,1744749,0.05945125582011858
5a49341c-049b-4dbd-842f-0c2a6c60b875,1065,general/user_comment,14,4.770414434865187e-07
5a49341c-049b-4dbd-842f-0c2a6c60b875,1065,intervals,85704,0.0029203114194691856
5a49341c-049b-4dbd-842f-0c2a6c60b875,1065,other,108,3.6800339926102872e-06
5a49341c-049b-4dbd-842f-0c2a6c60b875,1065,specifications,288,9.8134239802941e-06
5a49341c-049b-4dbd-842f-0c2a6c60b875,1065,stimulus,1203475,0.04100767508570986
5a50d343-d93e-46fc-acf2-ab309397d59e,488,general,48,3.005257013449059e-08
5a50d343-d93e-46fc-acf2-ab309397d59e,488,general/optophysiology,104,6.511390195806293e-08
5a50d343-d93e-46fc-acf2-ab309397d59e,488,general/subject,80,5.0087616890817644e-08
5a50d343-d93e-46fc-acf2-ab309397d59e,488,intervals,1749440,0.0010953160061684003
5a50d343-d93e-46fc-acf2-ab309397d59e,488,other,80,5.0087616890817644e-08
5a50d343-d93e-46fc-acf2-ab309397d59e,488,processing/behavior,2757588,0.0017265126410839506
5a50d343-d93e-46fc-acf2-ab309397d59e,488,processing/ophys,433447328,0.2713792963401572
5a50d343-d93e-46fc-acf2-ab309397d59e,488,specifications,320,2.0035046756327057e-07
5a50d343-d93e-46fc-acf2-ab309397d59e,488,stimulus,1159246176,0.7257984793204171
5a5ae765-6b06-4434-ab9f-54a6bdf731c9,1200,general,64,0.000369890882189754
5a5ae765-6b06-4434-ab9f-54a6bdf731c9,1200,general/extracellular_ephys,2816,0.016275198816349177
5a5ae765-6b06-4434-ab9f-54a6bdf731c9,1200,general/optogenetics,40,0.00023118180136859627
5a5ae765-6b06-4434-ab9f-54a6bdf731c9,1200,general/subject,80,0.00046236360273719255
5a5ae765-6b06-4434-ab9f-54a6bdf731c9,1200,intervals,7224,0.041751433327168484
5a5ae765-6b06-4434-ab9f-54a6bdf731c9,1200,other,80,0.00046236360273719255
5a5ae765-6b06-4434-ab9f-54a6bdf731c9,1200,specifications,320,0.0018494544109487702
5a5ae765-6b06-4434-ab9f-54a6bdf731c9,1200,units,162400,0.9385981135565008
5a6f1998-0739-4b00-95f7-9ffa38b8c630,1837,acquisition,1708,0.7286689419795221
5a6f1998-0739-4b00-95f7-9ffa38b8c630,1837,general,48,0.020477815699658702
5a6f1998-0739-4b00-95f7-9ffa38b8c630,1837,general/extracellular_ephys,108,0.04607508532423208
5a6f1998-0739-4b00-95f7-9ffa38b8c630,1837,general/subject,80,0.034129692832764506
5a6f1998-0739-4b00-95f7-9ffa38b8c630,1837,other,80,0.034129692832764506
5a6f1998-0739-4b00-95f7-9ffa38b8c630,1837,specifications,320,0.13651877133105803
5a818637-af27-4277-bde4-cbb976d19d0c,1510,acquisition,125343773,0.9999878734975712
5a818637-af27-4277-bde4-cbb976d19d0c,1510,general,64,5.105895759484163e-07
5a818637-af27-4277-bde4-cbb976d19d0c,1510,general/optophysiology,352,2.80824266771629e-06
5a818637-af27-4277-bde4-cbb976d19d0c,1510,general/subject,80,6.382369699355204e-07
5a818637-af27-4277-bde4-cbb976d19d0c,1510,other,80,6.382369699355204e-07
5a818637-af27-4277-bde4-cbb976d19d0c,1510,processing/ophys,624,4.978248365497059e-06
5a818637-af27-4277-bde4-cbb976d19d0c,1510,specifications,320,2.5529478797420816e-06
5a90700b-860e-4623-a384-4aceaa19b0a8,1266,acquisition,1713612387,0.9999996732050834
5a90700b-860e-4623-a384-4aceaa19b0a8,1266,general,80,4.6684988077415596e-08
5a90700b-860e-4623-a384-4aceaa19b0a8,1266,general/subject,80,4.6684988077415596e-08
5a90700b-860e-4623-a384-4aceaa19b0a8,1266,other,80,4.6684988077415596e-08
5a90700b-860e-4623-a384-4aceaa19b0a8,1266,specifications,320,1.8673995230966238e-07
5a9af71d-6e19-43d1-87cf-7014ea0432df,1517,acquisition,36438569,0.9999846319048954
5a9af71d-6e19-43d1-87cf-7014ea0432df,1517,general,64,1.7563537262375289e-06
5a9af71d-6e19-43d1-87cf-7014ea0432df,1517,general/subject,96,2.6345305893562932e-06
5a9af71d-6e19-43d1-87cf-7014ea0432df,1517,other,80,2.195442157796911e-06
5a9af71d-6e19-43d1-87cf-7014ea0432df,1517,specifications,320,8.781768631187645e-06
5ae053dc-3d34-41c4-ad3d-9b81af2e9940,952,acquisition,507505172,0.9999990857244391
5ae053dc-3d34-41c4-ad3d-9b81af2e9940,952,general/subject,64,1.2610697391348772e-07
5ae053dc-3d34-41c4-ad3d-9b81af2e9940,952,other,80,1.5763371739185968e-07
5ae053dc-3d34-41c4-ad3d-9b81af2e9940,952,specifications,320,6.305348695674387e-07
5ae6f47f-9afd-4992-b101-c223c2eaffb3,341,acquisition,1857975168,0.6511417693625
5ae6f47f-9afd-4992-b101-c223c2eaffb3,341,general,176,6.168056138832099e-08
5ae6f47f-9afd-4992-b101-c223c2eaffb3,341,general/intracellular_ephys,44924,1.5743963294368932e-05
5ae6f47f-9afd-4992-b101-c223c2eaffb3,341,general/subject,80,2.803661881287318e-08
5ae6f47f-9afd-4992-b101-c223c2eaffb3,341,other,80,2.803661881287318e-08
5ae6f47f-9afd-4992-b101-c223c2eaffb3,341,specifications,320,1.1214647525149272e-07
5ae6f47f-9afd-4992-b101-c223c2eaffb3,341,stimulus,995390376,0.3488422567739313
5ae8e084-ab50-46c1-bbe8-dde837121584,951,general,16,0.030303030303030304
5ae8e084-ab50-46c1-bbe8-dde837121584,951,general/subject,80,0.15151515151515152
5ae8e084-ab50-46c1-bbe8-dde837121584,951,other,80,0.15151515151515152
5ae8e084-ab50-46c1-bbe8-dde837121584,951,specifications,352,0.6666666666666666
5af727a3-4de8-49b2-ae20-8f2919e0a3c6,1872,acquisition,793764600,0.9999916764428569
5af727a3-4de8-49b2-ae20-8f2919e0a3c6,1872,general,64,8.062776708906248e-08
5af727a3-4de8-49b2-ae20-8f2919e0a3c6,1872,general/extracellular_ephys,6031,7.597907239283372e-06
5af727a3-4de8-49b2-ae20-8f2919e0a3c6,1872,general/subject,80,1.007847088613281e-07
5af727a3-4de8-49b2-ae20-8f2919e0a3c6,1872,other,80,1.007847088613281e-07
5af727a3-4de8-49b2-ae20-8f2919e0a3c6,1872,specifications,352,4.4345271898984363e-07
5afc8bb0-bb15-4980-bfee-8484d71a5b12,54,acquisition,24,3.0905160858992876e-08
5afc8bb0-bb15-4980-bfee-8484d71a5b12,54,general,160,2.0603440572661916e-07
5afc8bb0-bb15-4980-bfee-8484d71a5b12,54,general/optophysiology,104,1.3392236372230247e-07
5afc8bb0-bb15-4980-bfee-8484d71a5b12,54,general/subject,96,1.236206434359715e-07
5afc8bb0-bb15-4980-bfee-8484d71a5b12,54,other,80,1.0301720286330958e-07
5afc8bb0-bb15-4980-bfee-8484d71a5b12,54,processing/behavior,6438608,0.0082910923311666
5afc8bb0-bb15-4980-bfee-8484d71a5b12,54,processing/ophys,770129936,0.9917078981002453
5afc8bb0-bb15-4980-bfee-8484d71a5b12,54,specifications,320,4.120688114532383e-07
5b15d9aa-4ac1-4acb-9140-a038cd34b099,871,acquisition,50083191,0.01253185047556282
5b15d9aa-4ac1-4acb-9140-a038cd34b099,871,general,128,3.2028247977890243e-08
5b15d9aa-4ac1-4acb-9140-a038cd34b099,871,general/optophysiology,88,2.2019420484799544e-08
5b15d9aa-4ac1-4acb-9140-a038cd34b099,871,general/subject,96,2.4021185983417686e-08
5b15d9aa-4ac1-4acb-9140-a038cd34b099,871,intervals,10775046,0.002696139416102925
5b15d9aa-4ac1-4acb-9140-a038cd34b099,871,other,80,2.0017654986181402e-08
5b15d9aa-4ac1-4acb-9140-a038cd34b099,871,processing/ophys,1724800,0.00043158064150207107
5b15d9aa-4ac1-4acb-9140-a038cd34b099,871,processing/running,10394208,0.002600845869982583
5b15d9aa-4ac1-4acb-9140-a038cd34b099,871,processing/stimulus,3779712,0.0009457621345391211
5b15d9aa-4ac1-4acb-9140-a038cd34b099,871,processing/stimulus_ophys,886512,0.0002218236419638706
5b15d9aa-4ac1-4acb-9140-a038cd34b099,871,specifications,448,1.1209886792261587e-07
5b15d9aa-4ac1-4acb-9140-a038cd34b099,871,stimulus,3918827808,0.9805717876349692
5b193abb-78d4-4635-8729-17f9c647d9d7,467,acquisition,83886088,0.9999896050589985
5b193abb-78d4-4635-8729-17f9c647d9d7,467,general,240,2.8609929362084404e-06
5b193abb-78d4-4635-8729-17f9c647d9d7,467,general/optophysiology,136,1.6212293305181162e-06
5b193abb-78d4-4635-8729-17f9c647d9d7,467,general/subject,96,1.1443971744833762e-06
5b193abb-78d4-4635-8729-17f9c647d9d7,467,other,80,9.536643120694802e-07
5b193abb-78d4-4635-8729-17f9c647d9d7,467,specifications,320,3.814657248277921e-06
5b23b0c9-8820-4d80-ba86-bda05f587da9,620,general,80,5.505880128565605e-07
5b23b0c9-8820-4d80-ba86-bda05f587da9,620,general/subject,64,4.404704102852484e-07
5b23b0c9-8820-4d80-ba86-bda05f587da9,620,intervals,16751364,0.11528875271746154
5b23b0c9-8820-4d80-ba86-bda05f587da9,620,other,80,5.505880128565605e-07
5b23b0c9-8820-4d80-ba86-bda05f587da9,620,processing/behavior,128547264,0.8847072830488459
5b23b0c9-8820-4d80-ba86-bda05f587da9,620,specifications,352,2.422587256568866e-06
5b430c78-6958-4189-addd-291a88ff92cb,1626,acquisition,17913966,0.553245092519253
5b430c78-6958-4189-addd-291a88ff92cb,1626,general,330,1.0191538854732307e-05
5b430c78-6958-4189-addd-291a88ff92cb,1626,general/intracellular_ephys,1904,5.880209084669791e-05
5b430c78-6958-4189-addd-291a88ff92cb,1626,general/labnotebook,10086049,0.3114920008310119
5b430c78-6958-4189-addd-291a88ff92cb,1626,general/results,175821,0.005429959251448149
5b430c78-6958-4189-addd-291a88ff92cb,1626,general/stimsets,401181,0.012389853785698065
5b430c78-6958-4189-addd-291a88ff92cb,1626,general/subject,80,2.470676085995711e-06
5b430c78-6958-4189-addd-291a88ff92cb,1626,general/testpulse,2699030,0.08335536095481254
5b430c78-6958-4189-addd-291a88ff92cb,1626,general/user_comment,14,4.323683150492494e-07
5b430c78-6958-4189-addd-291a88ff92cb,1626,intervals,92567,0.002858788415654562
5b430c78-6958-4189-addd-291a88ff92cb,1626,other,108,3.3354127160942094e-06
5b430c78-6958-4189-addd-291a88ff92cb,1626,processing/spikes,13070,0.00040364670554954925
5b430c78-6958-4189-addd-291a88ff92cb,1626,specifications,288,8.894433909584558e-06
5b430c78-6958-4189-addd-291a88ff92cb,1626,stimulus,995393,0.030741171015844105
5b6c1547-5d34-4af3-aa01-aaaadcde9de5,617,acquisition,8064000,0.015637942171541432
5b6c1547-5d34-4af3-aa01-aaaadcde9de5,617,general,128,2.4822130431018145e-07
5b6c1547-5d34-4af3-aa01-aaaadcde9de5,617,general/optophysiology,88,1.7065214671324974e-07
5b6c1547-5d34-4af3-aa01-aaaadcde9de5,617,general/subject,96,1.861659782326361e-07
5b6c1547-5d34-4af3-aa01-aaaadcde9de5,617,intervals,44280000,0.08586905745980339
5b6c1547-5d34-4af3-aa01-aaaadcde9de5,617,other,80,1.551383151938634e-07
5b6c1547-5d34-4af3-aa01-aaaadcde9de5,617,processing/ophys,1803616,0.003497624343708689
5b6c1547-5d34-4af3-aa01-aaaadcde9de5,617,processing/running,11088000,0.021502170485869467
5b6c1547-5d34-4af3-aa01-aaaadcde9de5,617,processing/stimulus,4032000,0.007818971085770716
5b6c1547-5d34-4af3-aa01-aaaadcde9de5,617,processing/stimulus_ophys,4032000,0.007818971085770716
5b6c1547-5d34-4af3-aa01-aaaadcde9de5,617,specifications,768,1.4893278258610887e-06
5b6c1547-5d34-4af3-aa01-aaaadcde9de5,617,stimulus,442368096,0.8578530138619653
5b9ce762-3aa9-4782-9680-e32d79bc3f11,1678,acquisition,4139805059,0.9999997768011342
5b9ce762-3aa9-4782-9680-e32d79bc3f11,1678,general,16,3.864915424950725e-09
5b9ce762-3aa9-4782-9680-e32d79bc3f11,1678,general/extracellular_ephys,444,1.0725140304238262e-07
5b9ce762-3aa9-4782-9680-e32d79bc3f11,1678,general/subject,64,1.54596616998029e-08
5b9ce762-3aa9-4782-9680-e32d79bc3f11,1678,other,80,1.9324577124753627e-08
5b9ce762-3aa9-4782-9680-e32d79bc3f11,1678,specifications,320,7.72983084990145e-08
5ba906fd-408e-424f-93f3-ccc176bb272e,932,acquisition,604196599,0.9997754612799569
5ba906fd-408e-424f-93f3-ccc176bb272e,932,general/extracellular_ephys,135168,0.00022366502852540752
5ba906fd-408e-424f-93f3-ccc176bb272e,932,general/subject,128,2.118040042854238e-07
5ba906fd-408e-424f-93f3-ccc176bb272e,932,other,80,1.3237750267838987e-07
5ba906fd-408e-424f-93f3-ccc176bb272e,932,specifications,320,5.295100107135595e-07
5bc42aed-432b-4f10-ba9f-1c7376d344de,1336,acquisition,3688824976,0.9999970093547189
5bc42aed-432b-4f10-ba9f-1c7376d344de,1336,general,80,2.1687057875845804e-08
5bc42aed-432b-4f10-ba9f-1c7376d344de,1336,general/extracellular_ephys,1024,2.775943408108263e-07
5bc42aed-432b-4f10-ba9f-1c7376d344de,1336,general/subject,80,2.1687057875845804e-08
5bc42aed-432b-4f10-ba9f-1c7376d344de,1336,other,80,2.1687057875845804e-08
5bc42aed-432b-4f10-ba9f-1c7376d344de,1336,processing/sorted_spike_metrics,32,8.674823150338322e-09
5bc42aed-432b-4f10-ba9f-1c7376d344de,1336,processing/sorted_spikes,5088,1.3792968809037932e-06
5bc42aed-432b-4f10-ba9f-1c7376d344de,1336,processing/spike_waveforms,4328,1.173269831083258e-06
5bc42aed-432b-4f10-ba9f-1c7376d344de,1336,specifications,320,8.674823150338322e-08
